2026-05-15 23:32:24.236 [info] To enable debug logging, run "GitLens: Enable Debug Logging" or "Developer: Set Log Level..." from the Command Palette
2026-05-15 23:32:24.237 [info]    [            1] GitLens v17.12.2  activating in Code - OSS (1.119.0) on the desktop; mode=production,language='en', logLevel='info', defaultDateLocale='null' (code-oss|someValue.machineId|someValue.sessionId)
2026-05-15 23:32:24.237 [info]    [            1] GitLens v17.12.2 activated [196ms]
2026-05-15 23:32:24.237 [info]    [   6e →    6f] GlCliGitProvider.findGit Git (2.54.0) found in /usr/bin/git [196ms]
2026-05-15 23:32:24.237 [info]    [   6e →    95] GlCliGitProvider.repositorySearch(/home/amar/Code) searching (depth=1)...
2026-05-15 23:32:24.237 [error]   [GIT          ] [/home/amar/Code] git rev-parse --show-toplevel --git-dir --git-common-dir --show-superproject-working-tree · not a git repository (or any of the parent directories): .git [160ms]
2026-05-15 23:32:24.256 [info]    [IPC          ] Server started on http://127.0.0.1:35265
2026-05-15 23:32:24.276 [info]    [GIT      30ms] [/home/amar/Code/batcheck] git rev-parse --show-toplevel --git-dir --git-common-dir --show-superproject-working-tree [30ms]
2026-05-15 23:32:24.374 [info]    [   6e →    95] GlCliGitProvider.repositorySearch(/home/amar/Code) found repository in '/home/amar/Code/batcheck'
2026-05-15 23:32:24.450 [info]    [GIT      65ms] [/home/amar/Code/first-contributions] git rev-parse --show-toplevel --git-dir --git-common-dir --show-superproject-working-tree [65ms]
2026-05-15 23:32:24.514 [info]    [   6e →    95] GlCliGitProvider.repositorySearch(/home/amar/Code) found repository in '/home/amar/Code/first-contributions'
2026-05-15 23:32:24.553 [info]    [GIT      37ms] [/home/amar/Code/helotui] git rev-parse --show-toplevel --git-dir --git-common-dir --show-superproject-working-tree [37ms]
2026-05-15 23:32:24.686 [info]    [   6e →    95] GlCliGitProvider.repositorySearch(/home/amar/Code) found repository in '/home/amar/Code/helotui'
2026-05-15 23:32:24.788 [error]   [GIT          ] [/home/amar/Code/apitry] git rev-parse --show-toplevel --git-dir --git-common-dir --show-superproject-working-tree · not a git repository (or any of the parent directories): .git [24ms]
2026-05-15 23:32:24.888 [info]    [GIT      93ms] [/home/amar/Code/batcheck] git remote -v [93ms]
2026-05-15 23:32:24.967 [info]    [GIT      46ms] [/home/amar/Code/batcheck] git config --get -f /home/amar/Code/batcheck/.git/gk/config gk.defaultRemote [46ms]
2026-05-15 23:32:25.057 [info]    [GIT      61ms] [/home/amar/Code/first-contributions] git remote -v [61ms]
2026-05-15 23:32:25.105 [info]    [GIT      36ms] [/home/amar/Code/first-contributions] git config --get -f /home/amar/Code/first-contributions/.git/gk/config gk.defaultRemote [36ms]
2026-05-15 23:32:25.202 [info]    [GIT      77ms] [/home/amar/Code/helotui] git remote -v [77ms]
2026-05-15 23:32:25.268 [info]    [GIT       9ms] [/home/amar/Code/helotui] git config --get-regex ^branch\..*\.gk- [9ms]
2026-05-15 23:32:25.276 [info]    [GIT       7ms] [/home/amar/Code/helotui] git config --get -f /home/amar/Code/helotui/.git/gk/config gk.defaultRemote [7ms]
2026-05-15 23:32:25.397 [warning] [    c →     d] ServerConnection.fetch(url=https://configs.gitkraken.dev/gitlens/product.json, options=undefined) completed [*1717ms] (slow)
2026-05-15 23:32:25.397 [warning] [    b →     c] ServerConnection.fetchGkConfig(path=product.json, options=undefined) completed [*1718ms] (slow)
2026-05-15 23:32:49.828 [error]   [GIT          ] [/home/amar/Code/CAN] git rev-parse --show-toplevel --git-dir --git-common-dir --show-superproject-working-tree · not a git repository (or any of the parent directories): .git [11ms]
2026-05-15 23:32:59.723 [info]    [GIT      23ms] [/home/amar/Code/batcheck] git rev-list --max-parents=0 HEAD -- [23ms]
2026-05-15 23:32:59.725 [info]    [GIT      25ms] [/home/amar/Code/helotui] git rev-list --max-parents=0 HEAD -- [25ms]
2026-05-15 23:32:59.760 [info]    [GIT      60ms] [/home/amar/Code/first-contributions] git rev-list --max-parents=0 HEAD -- [60ms]
2026-05-15 23:32:59.769 [info]    [GIT      19ms] [/home/amar/Code/batcheck] git remote -v [19ms]
2026-05-15 23:32:59.782 [info]    [  1bc →   1bd] LocalSharedGkStorageLocationProvider.load Using shared GK path: /home/amar/.local/share/gk
2026-05-15 23:34:54.709 [info]    [GIT      16ms] [/home/amar/Code/helotui] git for-each-ref --format=%1E%(HEAD)%1D%(refname)%1D%(upstream)%1D%(upstream:track)%1D%(objectname)%1D%(committerdate:iso8601)%1D%(worktreepath)%1D refs/heads/ refs/remotes/ [16ms]
2026-05-15 23:34:54.711 [info]    [GIT       8ms] [/home/amar/Code/helotui] git config --get-regex -f /home/amar/Code/helotui/.git/gk/config ^branch\..*\.gk-(last-(accessed|modified)|disposition)$ [8ms]
2026-05-15 23:34:54.722 [error]   [GIT          ] [/home/amar/Code/helotui] git rev-parse --abbrev-ref --symbolic-full-name @ @{u} -- · bad revision '@' [8ms]
2026-05-15 23:34:54.732 [info]    [GIT       9ms] [/home/amar/Code/helotui] git symbolic-ref --short HEAD [9ms]
2026-05-15 23:34:54.742 [info]    [GIT       8ms] [/home/amar/Code/helotui] git log -n1 --format=%ct -- [8ms]
2026-05-15 23:34:54.752 [info]    [GIT       8ms] [/home/amar/Code/helotui] git config --get -f /home/amar/Code/helotui/.git/gk/config branch.master.gk-last-accessed [8ms]
2026-05-15 23:34:54.764 [info]    [GIT       9ms] [/home/amar/Code/helotui] git config -f /home/amar/Code/helotui/.git/gk/config branch.master.gk-last-accessed 2026-05-15T18:04:54.744Z [9ms]
2026-05-15 23:47:07.327 [error]   [GIT          ] [/home/amar/Code/CAN] git rev-parse --show-toplevel --git-dir --git-common-dir --show-superproject-working-tree · not a git repository (or any of the parent directories): .git [14ms]
2026-05-15 23:50:21.108 [error]   [GIT          ] [/home/amar/Code/CAN] git rev-parse --show-toplevel --git-dir --git-common-dir --show-superproject-working-tree · not a git repository (or any of the parent directories): .git [12ms]
2026-05-16 00:08:12.826 [info]    [ 2375 →  2376] GlCliGitProvider.repositorySearch(/home/amar/Code) searching (depth=1)...
2026-05-16 00:08:12.837 [error]   [GIT          ] [/home/amar/Code] git rev-parse --show-toplevel --git-dir --git-common-dir --show-superproject-working-tree · not a git repository (or any of the parent directories): .git [12ms]
2026-05-16 00:08:12.858 [info]    [GIT      13ms] [/home/amar/Code/CAN] git rev-parse --show-toplevel --git-dir --git-common-dir --show-superproject-working-tree [13ms]
2026-05-16 00:08:12.861 [info]    [ 2375 →  2376] GlCliGitProvider.repositorySearch(/home/amar/Code) found repository in '/home/amar/Code/CAN'
2026-05-16 00:08:12.878 [info]    [GIT      14ms] [/home/amar/Code/batcheck] git rev-parse --show-toplevel --git-dir --git-common-dir --show-superproject-working-tree [14ms]
2026-05-16 00:08:12.880 [info]    [ 2375 →  2376] GlCliGitProvider.repositorySearch(/home/amar/Code) found repository in '/home/amar/Code/batcheck'; skipping - already open
2026-05-16 00:08:12.894 [info]    [GIT      14ms] [/home/amar/Code/first-contributions] git rev-parse --show-toplevel --git-dir --git-common-dir --show-superproject-working-tree [14ms]
2026-05-16 00:08:12.896 [info]    [ 2375 →  2376] GlCliGitProvider.repositorySearch(/home/amar/Code) found repository in '/home/amar/Code/first-contributions'; skipping - already open
2026-05-16 00:08:12.933 [info]    [GIT      36ms] [/home/amar/Code/helotui] git rev-parse --show-toplevel --git-dir --git-common-dir --show-superproject-working-tree [36ms]
2026-05-16 00:08:12.945 [info]    [ 2375 →  2376] GlCliGitProvider.repositorySearch(/home/amar/Code) found repository in '/home/amar/Code/helotui'; skipping - already open
2026-05-16 00:08:13.016 [info]    [GIT      17ms] [/home/amar/Code/CAN] git remote -v [17ms]
2026-05-16 00:08:13.048 [info]    [GIT      10ms] [/home/amar/Code/CAN] git config --get-regex ^branch\..*\.gk- [10ms]
2026-05-16 00:08:13.059 [info]    [GIT      10ms] [/home/amar/Code/CAN] git config --get -f /home/amar/Code/CAN/.git/gk/config gk.defaultRemote [10ms]
2026-05-16 00:08:47.960 [info]    [GIT      10ms] [/home/amar/Code/CAN] git rev-list --max-parents=0 HEAD -- [10ms]
2026-05-16 00:10:42.958 [info]    [GIT      15ms] [/home/amar/Code/CAN] git for-each-ref --format=%1E%(HEAD)%1D%(refname)%1D%(upstream)%1D%(upstream:track)%1D%(objectname)%1D%(committerdate:iso8601)%1D%(worktreepath)%1D refs/heads/ refs/remotes/ [15ms]
2026-05-16 00:10:42.959 [info]    [GIT       7ms] [/home/amar/Code/CAN] git config --get-regex -f /home/amar/Code/CAN/.git/gk/config ^branch\..*\.gk-(last-(accessed|modified)|disposition)$ [7ms]
2026-05-16 00:10:42.969 [error]   [GIT          ] [/home/amar/Code/CAN] git rev-parse --abbrev-ref --symbolic-full-name @ @{u} -- · bad revision '@' [9ms]
2026-05-16 00:10:42.979 [info]    [GIT       9ms] [/home/amar/Code/CAN] git symbolic-ref --short HEAD [9ms]
2026-05-16 00:10:42.987 [info]    [GIT       7ms] [/home/amar/Code/CAN] git log -n1 --format=%ct -- [7ms]
2026-05-16 00:10:42.995 [info]    [GIT       7ms] [/home/amar/Code/CAN] git config --get -f /home/amar/Code/CAN/.git/gk/config branch.master.gk-last-accessed [7ms]
2026-05-16 00:10:43.006 [info]    [GIT       9ms] [/home/amar/Code/CAN] git config -f /home/amar/Code/CAN/.git/gk/config branch.master.gk-last-accessed 2026-05-15T18:40:42.987Z [9ms]
2026-05-16 00:11:19.729 [info]    [GIT       9ms] [/home/amar/Code/CAN] git ls-files -- .gitignore [9ms]
2026-05-16 00:13:02.801 [info]    [GIT       8ms] [/home/amar/Code/CAN] git ls-files -- main.c [8ms]
2026-05-16 00:13:02.816 [info]    [GIT:→1       ] (spawn) [/home/amar/Code/CAN] git blame --root --incremental --encoding=utf-8 -- main.c · starting...
2026-05-16 00:13:02.821 [info]    [GIT:←1   13ms] (spawn) [/home/amar/Code/CAN] git blame --root --incremental --encoding=utf-8 -- main.c [13ms]
2026-05-16 00:13:02.837 [error] Error: Base path '' must be an absolute path   [ 24f9 →  24fa] StatusBarController.updateBlame — failed [6ms]
2026-05-16 00:13:02.840 [error] Error: Base path '' must be an absolute path   [ 2502 →  2503] StatusBarController.updateBlame — failed [1ms]
2026-05-16 00:13:02.847 [info]    [GIT:→2       ] (spawn) [/home/amar/Code/CAN] git blame --root --incremental --encoding=utf-8 HEAD -- main.c · starting...
2026-05-16 00:13:02.848 [info]    [GIT      25ms] [/home/amar/Code/CAN] git show --textconv HEAD:./main.c -- [25ms]
2026-05-16 00:13:02.850 [error] Error: Base path '' must be an absolute path   [ 250d →  250e] StatusBarController.updateBlame — failed [1ms]
2026-05-16 00:13:02.852 [info]    [GIT:←2   11ms] (spawn) [/home/amar/Code/CAN] git blame --root --incremental --encoding=utf-8 HEAD -- main.c [11ms]
2026-05-16 00:13:02.928 [error] Error: Base path '' must be an absolute path   [ 2514 →  2515] StatusBarController.updateBlame — failed [2ms]
2026-05-16 00:13:02.987 [error] Error: Base path '' must be an absolute path   [ 2520 →  2521] StatusBarController.updateBlame — failed [2ms]
2026-05-16 00:13:02.990 [error] Error: Base path '' must be an absolute path   [ 2529 →  252a] StatusBarController.updateBlame — failed [2ms]
2026-05-16 00:13:03.601 [error] Error: Base path '' must be an absolute path   [ 2532 →  2533] StatusBarController.updateBlame — failed [2ms]
2026-05-16 00:13:03.652 [error] Error: Base path '' must be an absolute path   [ 253d →  253e] StatusBarController.updateBlame — failed [2ms]
2026-05-16 00:13:03.832 [error] Error: Base path '' must be an absolute path   [ 2542 →  2543] StatusBarController.updateBlame — failed [1ms]
2026-05-16 00:13:03.884 [error] Error: Base path '' must be an absolute path   [ 254d →  254e] StatusBarController.updateBlame — failed [2ms]
2026-05-16 00:13:03.953 [error] Error: Base path '' must be an absolute path   [ 2552 →  2553] StatusBarController.updateBlame — failed [2ms]
2026-05-16 00:13:04.003 [error] Error: Base path '' must be an absolute path   [ 255d →  255e] StatusBarController.updateBlame — failed [1ms]
2026-05-16 00:13:04.096 [error] Error: Base path '' must be an absolute path   [ 2562 →  2563] StatusBarController.updateBlame — failed [2ms]
2026-05-16 00:13:04.147 [error] Error: Base path '' must be an absolute path   [ 256d →  256e] StatusBarController.updateBlame — failed [2ms]
2026-05-16 00:13:04.313 [error] Error: Base path '' must be an absolute path   [ 2572 →  2573] StatusBarController.updateBlame — failed [2ms]
2026-05-16 00:13:04.362 [error] Error: Base path '' must be an absolute path   [ 257d →  257e] StatusBarController.updateBlame — failed [1ms]
2026-05-16 00:13:04.456 [error] Error: Base path '' must be an absolute path   [ 2582 →  2583] StatusBarController.updateBlame — failed [1ms]
2026-05-16 00:13:04.508 [error] Error: Base path '' must be an absolute path   [ 258d →  258e] StatusBarController.updateBlame — failed [1ms]
2026-05-16 00:13:05.476 [error] Error: Base path '' must be an absolute path   [ 25a1 →  25a2] StatusBarController.updateBlame — failed [0ms]
2026-05-16 00:13:05.527 [error] Error: Base path '' must be an absolute path   [ 25ac →  25ad] StatusBarController.updateBlame — failed [1ms]
2026-05-16 00:13:05.692 [error] Error: Base path '' must be an absolute path   [ 25b1 →  25b2] StatusBarController.updateBlame — failed [2ms]
2026-05-16 00:13:05.748 [error] Error: Base path '' must be an absolute path   [ 25bd →  25be] StatusBarController.updateBlame — failed [1ms]
2026-05-16 00:13:05.750 [error] Error: Base path '' must be an absolute path   [ 25c6 →  25c7] StatusBarController.updateBlame — failed [1ms]
2026-05-16 00:13:05.979 [error] Error: Base path '' must be an absolute path   [ 25cf →  25d0] StatusBarController.updateBlame — failed [2ms]
2026-05-16 00:13:05.995 [error] Error: Base path '' must be an absolute path   [ 25db →  25dc] StatusBarController.updateBlame — failed [10ms]
2026-05-16 00:13:06.033 [error] Error: Base path '' must be an absolute path   [ 25e8 →  25e9] StatusBarController.updateBlame — failed [5ms]
2026-05-16 00:13:06.999 [error] Error: Base path '' must be an absolute path   [ 25fe →  25ff] StatusBarController.updateBlame — failed [2ms]
2026-05-16 00:13:07.048 [error] Error: Base path '' must be an absolute path   [ 260b →  260c] StatusBarController.updateBlame — failed [3ms]
2026-05-16 00:13:09.453 [error] Error: Base path '' must be an absolute path   [ 2610 →  2611] StatusBarController.updateBlame — failed [2ms]
2026-05-16 00:13:09.507 [error] Error: Base path '' must be an absolute path   [ 261c →  261d] StatusBarController.updateBlame — failed [1ms]
2026-05-16 00:13:09.509 [error] Error: Base path '' must be an absolute path   [ 2625 →  2626] StatusBarController.updateBlame — failed [1ms]
2026-05-16 00:13:09.644 [error] Error: Base path '' must be an absolute path   [ 262a →  262b] StatusBarController.updateBlame — failed [2ms]
2026-05-16 00:13:09.694 [error] Error: Base path '' must be an absolute path   [ 2635 →  2636] StatusBarController.updateBlame — failed [1ms]
2026-05-16 00:13:09.773 [error] Error: Base path '' must be an absolute path   [ 263a →  263b] StatusBarController.updateBlame — failed [1ms]
2026-05-16 00:13:09.823 [error] Error: Base path '' must be an absolute path   [ 2645 →  2646] StatusBarController.updateBlame — failed [1ms]
2026-05-16 00:13:09.874 [error] Error: Base path '' must be an absolute path   [ 264a →  264b] StatusBarController.updateBlame — failed [1ms]
2026-05-16 00:13:09.925 [error] Error: Base path '' must be an absolute path   [ 2655 →  2656] StatusBarController.updateBlame — failed [0ms]
2026-05-16 00:13:10.088 [error] Error: Base path '' must be an absolute path   [ 265a →  265b] StatusBarController.updateBlame — failed [1ms]
2026-05-16 00:13:10.139 [error] Error: Base path '' must be an absolute path   [ 2665 →  2666] StatusBarController.updateBlame — failed [2ms]
2026-05-16 00:13:10.379 [error] Error: Base path '' must be an absolute path   [ 266e →  266f] StatusBarController.updateBlame — failed [2ms]
2026-05-16 00:13:10.429 [error] Error: Base path '' must be an absolute path   [ 2679 →  267a] StatusBarController.updateBlame — failed [1ms]
2026-05-16 00:13:11.406 [error] Error: Base path '' must be an absolute path   [ 268d →  268e] StatusBarController.updateBlame — failed [0ms]
2026-05-16 00:13:11.456 [error] Error: Base path '' must be an absolute path   [ 2698 →  2699] StatusBarController.updateBlame — failed [1ms]
2026-05-16 00:13:11.573 [error] Error: Base path '' must be an absolute path   [ 269d →  269e] StatusBarController.updateBlame — failed [2ms]
2026-05-16 00:13:11.630 [error] Error: Base path '' must be an absolute path   [ 26a9 →  26aa] StatusBarController.updateBlame — failed [1ms]
2026-05-16 00:13:11.632 [error] Error: Base path '' must be an absolute path   [ 26b2 →  26b3] StatusBarController.updateBlame — failed [1ms]
2026-05-16 00:13:12.423 [error] Error: Base path '' must be an absolute path   [ 26bb →  26bc] StatusBarController.updateBlame — failed [2ms]
2026-05-16 00:13:12.474 [error] Error: Base path '' must be an absolute path   [ 26c6 →  26c7] StatusBarController.updateBlame — failed [1ms]
2026-05-16 00:13:13.425 [error] Error: Base path '' must be an absolute path   [ 26cf →  26d0] StatusBarController.updateBlame — failed [2ms]
2026-05-16 00:13:13.476 [error] Error: Base path '' must be an absolute path   [ 26da →  26db] StatusBarController.updateBlame — failed [1ms]
2026-05-16 00:13:14.204 [error] Error: Base path '' must be an absolute path   [ 26e3 →  26e4] StatusBarController.updateBlame — failed [1ms]
2026-05-16 00:13:14.256 [error] Error: Base path '' must be an absolute path   [ 26ee →  26ef] StatusBarController.updateBlame — failed [1ms]
2026-05-16 00:13:14.899 [error] Error: Base path '' must be an absolute path   [ 26fd →  26fe] StatusBarController.updateBlame — failed [3ms]
2026-05-16 00:13:15.225 [error] Error: Base path '' must be an absolute path   [ 270f →  2710] StatusBarController.updateBlame — failed [2ms]
2026-05-16 00:13:15.274 [error] Error: Base path '' must be an absolute path   [ 271c →  271d] StatusBarController.updateBlame — failed [2ms]
2026-05-16 00:13:16.619 [error] Error: Base path '' must be an absolute path   [ 2721 →  2722] StatusBarController.updateBlame — failed [2ms]
2026-05-16 00:13:16.677 [error] Error: Base path '' must be an absolute path   [ 272d →  272e] StatusBarController.updateBlame — failed [1ms]
2026-05-16 00:13:16.678 [error] Error: Base path '' must be an absolute path   [ 2736 →  2737] StatusBarController.updateBlame — failed [1ms]
2026-05-16 00:13:17.644 [error] Error: Base path '' must be an absolute path   [ 274a →  274b] StatusBarController.updateBlame — failed [0ms]
2026-05-16 00:13:17.695 [error] Error: Base path '' must be an absolute path   [ 2755 →  2756] StatusBarController.updateBlame — failed [1ms]
2026-05-16 00:13:21.321 [error] Error: Base path '' must be an absolute path   [ 275a →  275b] StatusBarController.updateBlame — failed [1ms]
2026-05-16 00:13:21.375 [error] Error: Base path '' must be an absolute path   [ 2766 →  2767] StatusBarController.updateBlame — failed [2ms]
2026-05-16 00:13:21.377 [error] Error: Base path '' must be an absolute path   [ 276f →  2770] StatusBarController.updateBlame — failed [1ms]
2026-05-16 00:13:21.535 [error] Error: Base path '' must be an absolute path   [ 2774 →  2775] StatusBarController.updateBlame — failed [1ms]
2026-05-16 00:13:21.589 [error] Error: Base path '' must be an absolute path   [ 277f →  2780] StatusBarController.updateBlame — failed [2ms]
2026-05-16 00:13:21.827 [error] Error: Base path '' must be an absolute path   [ 2788 →  2789] StatusBarController.updateBlame — failed [1ms]
2026-05-16 00:13:21.878 [error] Error: Base path '' must be an absolute path   [ 2793 →  2794] StatusBarController.updateBlame — failed [1ms]
2026-05-16 00:13:22.541 [error] Error: Base path '' must be an absolute path   [ 279c →  279d] StatusBarController.updateBlame — failed [1ms]
2026-05-16 00:13:22.592 [error] Error: Base path '' must be an absolute path   [ 27a7 →  27a8] StatusBarController.updateBlame — failed [1ms]
2026-05-16 00:13:22.729 [error] Error: Base path '' must be an absolute path   [ 27ac →  27ad] StatusBarController.updateBlame — failed [2ms]
2026-05-16 00:13:22.778 [error] Error: Base path '' must be an absolute path   [ 27b7 →  27b8] StatusBarController.updateBlame — failed [1ms]
2026-05-16 00:13:22.984 [error] Error: Base path '' must be an absolute path   [ 27c0 →  27c1] StatusBarController.updateBlame — failed [1ms]
2026-05-16 00:13:23.036 [error] Error: Base path '' must be an absolute path   [ 27cb →  27cc] StatusBarController.updateBlame — failed [1ms]
2026-05-16 00:13:24.009 [error] Error: Base path '' must be an absolute path   [ 27df →  27e0] StatusBarController.updateBlame — failed [2ms]
2026-05-16 00:13:24.058 [error] Error: Base path '' must be an absolute path   [ 27ea →  27eb] StatusBarController.updateBlame — failed [2ms]
2026-05-16 00:13:24.296 [error] Error: Base path '' must be an absolute path   [ 27ef →  27f0] StatusBarController.updateBlame — failed [2ms]
2026-05-16 00:13:24.351 [error] Error: Base path '' must be an absolute path   [ 27fb →  27fc] StatusBarController.updateBlame — failed [1ms]
2026-05-16 00:13:24.353 [error] Error: Base path '' must be an absolute path   [ 2804 →  2805] StatusBarController.updateBlame — failed [1ms]
2026-05-16 00:13:25.314 [error] Error: Base path '' must be an absolute path   [ 2818 →  2819] StatusBarController.updateBlame — failed [0ms]
2026-05-16 00:13:25.366 [error] Error: Base path '' must be an absolute path   [ 2823 →  2824] StatusBarController.updateBlame — failed [1ms]
2026-05-16 00:13:26.920 [error] Error: Base path '' must be an absolute path   [ 282e →  282f] StatusBarController.updateBlame — failed [2ms]
2026-05-16 00:13:27.125 [error] Error: Base path '' must be an absolute path   [ 2839 →  283a] StatusBarController.updateBlame — failed [2ms]
2026-05-16 00:13:28.830 [error] Error: Base path '' must be an absolute path   [ 283e →  283f] StatusBarController.updateBlame — failed [2ms]
2026-05-16 00:13:28.885 [error] Error: Base path '' must be an absolute path   [ 284a →  284b] StatusBarController.updateBlame — failed [2ms]
2026-05-16 00:13:28.887 [error] Error: Base path '' must be an absolute path   [ 2853 →  2854] StatusBarController.updateBlame — failed [1ms]
2026-05-16 00:13:28.970 [error] Error: Base path '' must be an absolute path   [ 2858 →  2859] StatusBarController.updateBlame — failed [2ms]
2026-05-16 00:13:29.021 [error] Error: Base path '' must be an absolute path   [ 2863 →  2864] StatusBarController.updateBlame — failed [1ms]
2026-05-16 00:13:29.991 [error] Error: Base path '' must be an absolute path   [ 2877 →  2878] StatusBarController.updateBlame — failed [1ms]
2026-05-16 00:13:30.040 [error] Error: Base path '' must be an absolute path   [ 2882 →  2883] StatusBarController.updateBlame — failed [1ms]
2026-05-16 00:14:15.329 [info]    [GIT       9ms] [/home/amar/Code/CAN] git config --get -f /home/amar/Code/CAN/.git/gk/config branch.master.gk-last-accessed [9ms]
2026-05-16 00:14:15.339 [info]    [GIT       9ms] [/home/amar/Code/CAN] git config --get -f /home/amar/Code/CAN/.git/gk/config branch.master.gk-last-modified [9ms]
2026-05-16 00:14:15.349 [info]    [GIT       8ms] [/home/amar/Code/CAN] git config -f /home/amar/Code/CAN/.git/gk/config branch.master.gk-last-modified 2026-05-15T18:44:15.319Z [8ms]
2026-05-16 00:15:40.253 [error] Error: Base path '' must be an absolute path   [ 28d2 →  28d3] StatusBarController.updateBlame — failed [3ms]
2026-05-16 00:15:41.781 [error] Error: Base path '' must be an absolute path   [ 28d7 →  28d8] StatusBarController.updateBlame — failed [2ms]
2026-05-16 00:15:41.838 [error] Error: Base path '' must be an absolute path   [ 28e3 →  28e4] StatusBarController.updateBlame — failed [2ms]
2026-05-16 00:15:41.841 [error] Error: Base path '' must be an absolute path   [ 28ec →  28ed] StatusBarController.updateBlame — failed [1ms]
2026-05-16 00:15:41.969 [error] Error: Base path '' must be an absolute path   [ 28f1 →  28f2] StatusBarController.updateBlame — failed [2ms]
2026-05-16 00:15:42.019 [error] Error: Base path '' must be an absolute path   [ 28fc →  28fd] StatusBarController.updateBlame — failed [1ms]
2026-05-16 00:15:42.200 [error] Error: Base path '' must be an absolute path   [ 2901 →  2902] StatusBarController.updateBlame — failed [2ms]
2026-05-16 00:15:42.249 [error] Error: Base path '' must be an absolute path   [ 290c →  290d] StatusBarController.updateBlame — failed [0ms]
2026-05-16 00:15:42.466 [info]    [GIT      17ms] [/home/amar/Code/CAN] git ls-files -- main.c [17ms]
2026-05-16 00:15:42.911 [error] Error: Base path '' must be an absolute path   [ 2916 →  2917] StatusBarController.updateBlame — failed [1ms]
2026-05-16 00:15:42.962 [error] Error: Base path '' must be an absolute path   [ 2921 →  2922] StatusBarController.updateBlame — failed [1ms]
2026-05-16 00:15:43.068 [error] Error: Base path '' must be an absolute path   [ 2926 →  2927] StatusBarController.updateBlame — failed [1ms]
2026-05-16 00:15:43.120 [error] Error: Base path '' must be an absolute path   [ 2931 →  2932] StatusBarController.updateBlame — failed [1ms]
2026-05-16 00:15:43.196 [error] Error: Base path '' must be an absolute path   [ 2936 →  2937] StatusBarController.updateBlame — failed [2ms]
2026-05-16 00:15:43.247 [error] Error: Base path '' must be an absolute path   [ 2941 →  2942] StatusBarController.updateBlame — failed [1ms]
2026-05-16 00:15:43.347 [error] Error: Base path '' must be an absolute path   [ 2946 →  2947] StatusBarController.updateBlame — failed [2ms]
2026-05-16 00:15:43.398 [error] Error: Base path '' must be an absolute path   [ 2951 →  2952] StatusBarController.updateBlame — failed [1ms]
2026-05-16 00:15:44.365 [error] Error: Base path '' must be an absolute path   [ 2965 →  2966] StatusBarController.updateBlame — failed [0ms]
2026-05-16 00:15:44.416 [error] Error: Base path '' must be an absolute path   [ 2970 →  2971] StatusBarController.updateBlame — failed [1ms]
2026-05-16 00:15:44.793 [error] Error: Base path '' must be an absolute path   [ 2975 →  2976] StatusBarController.updateBlame — failed [2ms]
2026-05-16 00:15:44.801 [error] Error: Base path '' must be an absolute path   [ 2980 →  2981] StatusBarController.updateBlame — failed [2ms]
2026-05-16 00:15:44.849 [error] Error: Base path '' must be an absolute path   [ 298e →  298f] StatusBarController.updateBlame — failed [1ms]
2026-05-16 00:15:44.851 [error] Error: Base path '' must be an absolute path   [ 2999 →  299a] StatusBarController.updateBlame — failed [2ms]
2026-05-16 00:15:45.814 [error] Error: Base path '' must be an absolute path   [ 29af →  29b0] StatusBarController.updateBlame — failed [1ms]
2026-05-16 00:15:45.865 [error] Error: Base path '' must be an absolute path   [ 29bc →  29bd] StatusBarController.updateBlame — failed [1ms]
2026-05-16 00:15:47.989 [error] Error: Base path '' must be an absolute path   [ 29c1 →  29c2] StatusBarController.updateBlame — failed [2ms]
2026-05-16 00:15:48.047 [error] Error: Base path '' must be an absolute path   [ 29cd →  29ce] StatusBarController.updateBlame — failed [1ms]
2026-05-16 00:15:48.187 [error] Error: Base path '' must be an absolute path   [ 29e4 →  29e5] StatusBarController.updateBlame — failed [1ms]
2026-05-16 00:15:48.235 [error] Error: Base path '' must be an absolute path   [ 29ef →  29f0] StatusBarController.updateBlame — failed [0ms]
2026-05-16 00:15:49.202 [error] Error: Base path '' must be an absolute path   [ 2a03 →  2a04] StatusBarController.updateBlame — failed [1ms]
2026-05-16 00:15:49.253 [error] Error: Base path '' must be an absolute path   [ 2a0e →  2a0f] StatusBarController.updateBlame — failed [2ms]
2026-05-16 00:15:50.969 [error] Error: Base path '' must be an absolute path   [ 2a13 →  2a14] StatusBarController.updateBlame — failed [1ms]
2026-05-16 00:15:51.023 [error] Error: Base path '' must be an absolute path   [ 2a1f →  2a20] StatusBarController.updateBlame — failed [1ms]
2026-05-16 00:15:51.026 [error] Error: Base path '' must be an absolute path   [ 2a28 →  2a29] StatusBarController.updateBlame — failed [1ms]
2026-05-16 00:15:51.989 [error] Error: Base path '' must be an absolute path   [ 2a3c →  2a3d] StatusBarController.updateBlame — failed [0ms]
2026-05-16 00:15:52.040 [error] Error: Base path '' must be an absolute path   [ 2a47 →  2a48] StatusBarController.updateBlame — failed [2ms]
2026-05-16 00:15:53.958 [error] Error: Base path '' must be an absolute path   [ 2a4c →  2a4d] StatusBarController.updateBlame — failed [2ms]
2026-05-16 00:15:54.014 [error] Error: Base path '' must be an absolute path   [ 2a58 →  2a59] StatusBarController.updateBlame — failed [2ms]
2026-05-16 00:15:54.015 [error] Error: Base path '' must be an absolute path   [ 2a61 →  2a62] StatusBarController.updateBlame — failed [0ms]
2026-05-16 00:15:54.117 [error] Error: Base path '' must be an absolute path   [ 2a66 →  2a67] StatusBarController.updateBlame — failed [1ms]
2026-05-16 00:15:54.169 [error] Error: Base path '' must be an absolute path   [ 2a71 →  2a72] StatusBarController.updateBlame — failed [1ms]
2026-05-16 00:15:54.265 [error] Error: Base path '' must be an absolute path   [ 2a76 →  2a77] StatusBarController.updateBlame — failed [2ms]
2026-05-16 00:15:54.315 [error] Error: Base path '' must be an absolute path   [ 2a81 →  2a82] StatusBarController.updateBlame — failed [1ms]
2026-05-16 00:15:54.404 [error] Error: Base path '' must be an absolute path   [ 2a86 →  2a87] StatusBarController.updateBlame — failed [2ms]
2026-05-16 00:15:54.455 [error] Error: Base path '' must be an absolute path   [ 2a91 →  2a92] StatusBarController.updateBlame — failed [1ms]
2026-05-16 00:15:54.558 [error] Error: Base path '' must be an absolute path   [ 2a96 →  2a97] StatusBarController.updateBlame — failed [2ms]
2026-05-16 00:15:54.609 [error] Error: Base path '' must be an absolute path   [ 2aa1 →  2aa2] StatusBarController.updateBlame — failed [1ms]
2026-05-16 00:15:54.703 [error] Error: Base path '' must be an absolute path   [ 2aa6 →  2aa7] StatusBarController.updateBlame — failed [2ms]
2026-05-16 00:15:54.754 [error] Error: Base path '' must be an absolute path   [ 2ab1 →  2ab2] StatusBarController.updateBlame — failed [1ms]
2026-05-16 00:15:54.849 [error] Error: Base path '' must be an absolute path   [ 2ab6 →  2ab7] StatusBarController.updateBlame — failed [2ms]
2026-05-16 00:15:54.900 [error] Error: Base path '' must be an absolute path   [ 2ac1 →  2ac2] StatusBarController.updateBlame — failed [1ms]
2026-05-16 00:15:54.985 [error] Error: Base path '' must be an absolute path   [ 2ac6 →  2ac7] StatusBarController.updateBlame — failed [2ms]
2026-05-16 00:15:55.036 [error] Error: Base path '' must be an absolute path   [ 2ad1 →  2ad2] StatusBarController.updateBlame — failed [1ms]
2026-05-16 00:15:55.314 [error] Error: Base path '' must be an absolute path   [ 2ada →  2adb] StatusBarController.updateBlame — failed [1ms]
2026-05-16 00:15:55.365 [error] Error: Base path '' must be an absolute path   [ 2ae5 →  2ae6] StatusBarController.updateBlame — failed [1ms]
2026-05-16 00:15:56.346 [error] Error: Base path '' must be an absolute path   [ 2af9 →  2afa] StatusBarController.updateBlame — failed [0ms]
2026-05-16 00:15:56.397 [error] Error: Base path '' must be an absolute path   [ 2b04 →  2b05] StatusBarController.updateBlame — failed [1ms]
2026-05-16 00:16:12.462 [error] Error: Base path '' must be an absolute path   [ 2b1b →  2b1c] StatusBarController.updateBlame — failed [1ms]
2026-05-16 00:16:12.523 [error] Error: Base path '' must be an absolute path   [ 2b27 →  2b28] StatusBarController.updateBlame — failed [2ms]
2026-05-16 00:16:12.527 [error] Error: Base path '' must be an absolute path   [ 2b30 →  2b31] StatusBarController.updateBlame — failed [2ms]
2026-05-16 00:16:12.614 [error] Error: Base path '' must be an absolute path   [ 2b35 →  2b36] StatusBarController.updateBlame — failed [2ms]
2026-05-16 00:16:12.664 [error] Error: Base path '' must be an absolute path   [ 2b40 →  2b41] StatusBarController.updateBlame — failed [1ms]
2026-05-16 00:16:12.738 [error] Error: Base path '' must be an absolute path   [ 2b45 →  2b46] StatusBarController.updateBlame — failed [2ms]
2026-05-16 00:16:12.788 [error] Error: Base path '' must be an absolute path   [ 2b50 →  2b51] StatusBarController.updateBlame — failed [1ms]
2026-05-16 00:16:12.939 [error] Error: Base path '' must be an absolute path   [ 2b55 →  2b56] StatusBarController.updateBlame — failed [2ms]
2026-05-16 00:16:12.989 [error] Error: Base path '' must be an absolute path   [ 2b60 →  2b61] StatusBarController.updateBlame — failed [1ms]
2026-05-16 00:16:13.965 [error] Error: Base path '' must be an absolute path   [ 2b74 →  2b75] StatusBarController.updateBlame — failed [1ms]
2026-05-16 00:16:14.015 [error] Error: Base path '' must be an absolute path   [ 2b7f →  2b80] StatusBarController.updateBlame — failed [1ms]
2026-05-16 00:16:14.738 [error] Error: Base path '' must be an absolute path   [ 2b84 →  2b85] StatusBarController.updateBlame — failed [2ms]
2026-05-16 00:16:14.795 [error] Error: Base path '' must be an absolute path   [ 2b90 →  2b91] StatusBarController.updateBlame — failed [1ms]
2026-05-16 00:16:14.796 [error] Error: Base path '' must be an absolute path   [ 2b99 →  2b9a] StatusBarController.updateBlame — failed [1ms]
2026-05-16 00:16:14.993 [error] Error: Base path '' must be an absolute path   [ 2ba2 →  2ba3] StatusBarController.updateBlame — failed [1ms]
2026-05-16 00:16:15.045 [error] Error: Base path '' must be an absolute path   [ 2bad →  2bae] StatusBarController.updateBlame — failed [1ms]
2026-05-16 00:16:16.011 [error] Error: Base path '' must be an absolute path   [ 2bc1 →  2bc2] StatusBarController.updateBlame — failed [0ms]
2026-05-16 00:16:16.063 [error] Error: Base path '' must be an absolute path   [ 2bcc →  2bcd] StatusBarController.updateBlame — failed [1ms]
2026-05-16 00:16:17.081 [error] Error: Base path '' must be an absolute path   [ 2bd1 →  2bd2] StatusBarController.updateBlame — failed [1ms]
2026-05-16 00:16:17.138 [error] Error: Base path '' must be an absolute path   [ 2bdd →  2bde] StatusBarController.updateBlame — failed [2ms]
2026-05-16 00:16:17.140 [error] Error: Base path '' must be an absolute path   [ 2be6 →  2be7] StatusBarController.updateBlame — failed [1ms]
2026-05-16 00:16:17.322 [error] Error: Base path '' must be an absolute path   [ 2beb →  2bec] StatusBarController.updateBlame — failed [1ms]
2026-05-16 00:16:17.374 [error] Error: Base path '' must be an absolute path   [ 2bf6 →  2bf7] StatusBarController.updateBlame — failed [1ms]
2026-05-16 00:16:18.346 [error] Error: Base path '' must be an absolute path   [ 2c0a →  2c0b] StatusBarController.updateBlame — failed [1ms]
2026-05-16 00:16:18.396 [error] Error: Base path '' must be an absolute path   [ 2c15 →  2c16] StatusBarController.updateBlame — failed [1ms]
2026-05-16 00:16:18.892 [error] Error: Base path '' must be an absolute path   [ 2c1a →  2c1b] StatusBarController.updateBlame — failed [2ms]
2026-05-16 00:16:18.948 [error] Error: Base path '' must be an absolute path   [ 2c26 →  2c27] StatusBarController.updateBlame — failed [2ms]
2026-05-16 00:16:18.950 [error] Error: Base path '' must be an absolute path   [ 2c2f →  2c30] StatusBarController.updateBlame — failed [1ms]
2026-05-16 00:16:19.566 [error] Error: Base path '' must be an absolute path   [ 2c38 →  2c39] StatusBarController.updateBlame — failed [2ms]
2026-05-16 00:16:19.618 [error] Error: Base path '' must be an absolute path   [ 2c43 →  2c44] StatusBarController.updateBlame — failed [2ms]
2026-05-16 00:16:19.838 [error] Error: Base path '' must be an absolute path   [ 2c4c →  2c4d] StatusBarController.updateBlame — failed [2ms]
2026-05-16 00:16:19.890 [error] Error: Base path '' must be an absolute path   [ 2c57 →  2c58] StatusBarController.updateBlame — failed [1ms]
2026-05-16 00:16:20.004 [error] Error: Base path '' must be an absolute path   [ 2c5c →  2c5d] StatusBarController.updateBlame — failed [1ms]
2026-05-16 00:16:20.057 [error] Error: Base path '' must be an absolute path   [ 2c67 →  2c68] StatusBarController.updateBlame — failed [1ms]
2026-05-16 00:16:21.023 [error] Error: Base path '' must be an absolute path   [ 2c7b →  2c7c] StatusBarController.updateBlame — failed [0ms]
2026-05-16 00:16:21.074 [error] Error: Base path '' must be an absolute path   [ 2c86 →  2c87] StatusBarController.updateBlame — failed [1ms]
2026-05-16 00:16:23.955 [error] Error: Base path '' must be an absolute path   [ 2c8b →  2c8c] StatusBarController.updateBlame — failed [2ms]
2026-05-16 00:16:24.010 [error] Error: Base path '' must be an absolute path   [ 2c97 →  2c98] StatusBarController.updateBlame — failed [1ms]
2026-05-16 00:16:24.013 [error] Error: Base path '' must be an absolute path   [ 2ca0 →  2ca1] StatusBarController.updateBlame — failed [1ms]
2026-05-16 00:16:24.112 [error] Error: Base path '' must be an absolute path   [ 2ca5 →  2ca6] StatusBarController.updateBlame — failed [1ms]
2026-05-16 00:16:24.164 [error] Error: Base path '' must be an absolute path   [ 2cb0 →  2cb1] StatusBarController.updateBlame — failed [1ms]
2026-05-16 00:16:24.458 [error] Error: Base path '' must be an absolute path   [ 2cb9 →  2cba] StatusBarController.updateBlame — failed [2ms]
2026-05-16 00:16:24.508 [error] Error: Base path '' must be an absolute path   [ 2cc4 →  2cc5] StatusBarController.updateBlame — failed [1ms]
2026-05-16 00:16:25.172 [error] Error: Base path '' must be an absolute path   [ 2ccd →  2cce] StatusBarController.updateBlame — failed [2ms]
2026-05-16 00:16:25.222 [error] Error: Base path '' must be an absolute path   [ 2cd8 →  2cd9] StatusBarController.updateBlame — failed [1ms]
2026-05-16 00:16:25.324 [error] Error: Base path '' must be an absolute path   [ 2cdd →  2cde] StatusBarController.updateBlame — failed [1ms]
2026-05-16 00:16:25.377 [error] Error: Base path '' must be an absolute path   [ 2ce8 →  2ce9] StatusBarController.updateBlame — failed [1ms]
2026-05-16 00:16:25.458 [error] Error: Base path '' must be an absolute path   [ 2ced →  2cee] StatusBarController.updateBlame — failed [2ms]
2026-05-16 00:16:25.509 [error] Error: Base path '' must be an absolute path   [ 2cf8 →  2cf9] StatusBarController.updateBlame — failed [1ms]
2026-05-16 00:16:25.590 [error] Error: Base path '' must be an absolute path   [ 2cfd →  2cfe] StatusBarController.updateBlame — failed [2ms]
2026-05-16 00:16:25.641 [error] Error: Base path '' must be an absolute path   [ 2d08 →  2d09] StatusBarController.updateBlame — failed [1ms]
2026-05-16 00:16:26.611 [error] Error: Base path '' must be an absolute path   [ 2d1c →  2d1d] StatusBarController.updateBlame — failed [1ms]
2026-05-16 00:16:26.660 [error] Error: Base path '' must be an absolute path   [ 2d27 →  2d28] StatusBarController.updateBlame — failed [1ms]
2026-05-16 00:17:18.162 [error] Error: Base path '' must be an absolute path   [ 2d3e →  2d3f] StatusBarController.updateBlame — failed [2ms]
2026-05-16 00:17:18.218 [error] Error: Base path '' must be an absolute path   [ 2d4a →  2d4b] StatusBarController.updateBlame — failed [1ms]
2026-05-16 00:17:18.220 [error] Error: Base path '' must be an absolute path   [ 2d53 →  2d54] StatusBarController.updateBlame — failed [0ms]
2026-05-16 00:17:18.423 [info]    [GIT      12ms] [/home/amar/Code/CAN] git ls-files -- main.c [12ms]
2026-05-16 00:17:18.762 [error] Error: Base path '' must be an absolute path   [ 2d5d →  2d5e] StatusBarController.updateBlame — failed [2ms]
2026-05-16 00:17:18.804 [error] Error: Base path '' must be an absolute path   [ 2d62 →  2d63] StatusBarController.updateBlame — failed [2ms]
2026-05-16 00:17:18.845 [error] Error: Base path '' must be an absolute path   [ 2d67 →  2d68] StatusBarController.updateBlame — failed [2ms]
2026-05-16 00:17:18.887 [error] Error: Base path '' must be an absolute path   [ 2d6c →  2d6d] StatusBarController.updateBlame — failed [2ms]
2026-05-16 00:17:18.927 [error] Error: Base path '' must be an absolute path   [ 2d71 →  2d72] StatusBarController.updateBlame — failed [2ms]
2026-05-16 00:17:18.978 [error] Error: Base path '' must be an absolute path   [ 2d7c →  2d7d] StatusBarController.updateBlame — failed [1ms]
2026-05-16 00:17:19.087 [error] Error: Base path '' must be an absolute path   [ 2d81 →  2d82] StatusBarController.updateBlame — failed [2ms]
2026-05-16 00:17:19.137 [error] Error: Base path '' must be an absolute path   [ 2d8c →  2d8d] StatusBarController.updateBlame — failed [1ms]
2026-05-16 00:17:19.238 [error] Error: Base path '' must be an absolute path   [ 2d91 →  2d92] StatusBarController.updateBlame — failed [2ms]
2026-05-16 00:17:19.289 [error] Error: Base path '' must be an absolute path   [ 2d9c →  2d9d] StatusBarController.updateBlame — failed [1ms]
2026-05-16 00:17:19.392 [error] Error: Base path '' must be an absolute path   [ 2da1 →  2da2] StatusBarController.updateBlame — failed [1ms]
2026-05-16 00:17:19.443 [error] Error: Base path '' must be an absolute path   [ 2dac →  2dad] StatusBarController.updateBlame — failed [1ms]
2026-05-16 00:17:19.543 [error] Error: Base path '' must be an absolute path   [ 2db1 →  2db2] StatusBarController.updateBlame — failed [1ms]
2026-05-16 00:17:19.596 [error] Error: Base path '' must be an absolute path   [ 2dbc →  2dbd] StatusBarController.updateBlame — failed [1ms]
2026-05-16 00:17:19.695 [error] Error: Base path '' must be an absolute path   [ 2dc1 →  2dc2] StatusBarController.updateBlame — failed [2ms]
2026-05-16 00:17:19.745 [error] Error: Base path '' must be an absolute path   [ 2dcc →  2dcd] StatusBarController.updateBlame — failed [1ms]
2026-05-16 00:17:20.083 [error] Error: Base path '' must be an absolute path   [ 2dd5 →  2dd6] StatusBarController.updateBlame — failed [2ms]
2026-05-16 00:17:20.134 [error] Error: Base path '' must be an absolute path   [ 2de0 →  2de1] StatusBarController.updateBlame — failed [1ms]
2026-05-16 00:17:21.106 [error] Error: Base path '' must be an absolute path   [ 2df4 →  2df5] StatusBarController.updateBlame — failed [1ms]
2026-05-16 00:17:21.155 [error] Error: Base path '' must be an absolute path   [ 2dff →  2e00] StatusBarController.updateBlame — failed [1ms]
2026-05-16 00:17:22.020 [error] Error: Base path '' must be an absolute path   [ 2e04 →  2e05] StatusBarController.updateBlame — failed [1ms]
2026-05-16 00:17:22.076 [error] Error: Base path '' must be an absolute path   [ 2e10 →  2e11] StatusBarController.updateBlame — failed [2ms]
2026-05-16 00:17:22.078 [error] Error: Base path '' must be an absolute path   [ 2e19 →  2e1a] StatusBarController.updateBlame — failed [1ms]
2026-05-16 00:17:22.192 [error] Error: Base path '' must be an absolute path   [ 2e1e →  2e1f] StatusBarController.updateBlame — failed [1ms]
2026-05-16 00:17:22.253 [error] Error: Base path '' must be an absolute path   [ 2e29 →  2e2a] StatusBarController.updateBlame — failed [1ms]
2026-05-16 00:17:22.340 [error] Error: Base path '' must be an absolute path   [ 2e2e →  2e2f] StatusBarController.updateBlame — failed [2ms]
2026-05-16 00:17:22.389 [error] Error: Base path '' must be an absolute path   [ 2e39 →  2e3a] StatusBarController.updateBlame — failed [1ms]
2026-05-16 00:17:22.437 [error] Error: Base path '' must be an absolute path   [ 2e3e →  2e3f] StatusBarController.updateBlame — failed [1ms]
2026-05-16 00:17:22.489 [error] Error: Base path '' must be an absolute path   [ 2e49 →  2e4a] StatusBarController.updateBlame — failed [1ms]
2026-05-16 00:17:23.460 [error] Error: Base path '' must be an absolute path   [ 2e5d →  2e5e] StatusBarController.updateBlame — failed [1ms]
2026-05-16 00:17:23.510 [error] Error: Base path '' must be an absolute path   [ 2e68 →  2e69] StatusBarController.updateBlame — failed [1ms]
2026-05-16 00:17:24.258 [error] Error: Base path '' must be an absolute path   [ 2e6d →  2e6e] StatusBarController.updateBlame — failed [2ms]
2026-05-16 00:17:24.315 [error] Error: Base path '' must be an absolute path   [ 2e79 →  2e7a] StatusBarController.updateBlame — failed [2ms]
2026-05-16 00:17:24.317 [error] Error: Base path '' must be an absolute path   [ 2e82 →  2e83] StatusBarController.updateBlame — failed [1ms]
2026-05-16 00:17:24.479 [error] Error: Base path '' must be an absolute path   [ 2e87 →  2e88] StatusBarController.updateBlame — failed [1ms]
2026-05-16 00:17:24.530 [error] Error: Base path '' must be an absolute path   [ 2e92 →  2e93] StatusBarController.updateBlame — failed [1ms]
2026-05-16 00:17:24.696 [error] Error: Base path '' must be an absolute path   [ 2e97 →  2e98] StatusBarController.updateBlame — failed [1ms]
2026-05-16 00:17:24.747 [error] Error: Base path '' must be an absolute path   [ 2ea2 →  2ea3] StatusBarController.updateBlame — failed [1ms]
2026-05-16 00:17:25.097 [error] Error: Base path '' must be an absolute path   [ 2eab →  2eac] StatusBarController.updateBlame — failed [2ms]
2026-05-16 00:17:25.148 [error] Error: Base path '' must be an absolute path   [ 2eb6 →  2eb7] StatusBarController.updateBlame — failed [1ms]
2026-05-16 00:17:25.273 [error] Error: Base path '' must be an absolute path   [ 2ebb →  2ebc] StatusBarController.updateBlame — failed [2ms]
2026-05-16 00:17:25.323 [error] Error: Base path '' must be an absolute path   [ 2ec6 →  2ec7] StatusBarController.updateBlame — failed [1ms]
2026-05-16 00:17:26.290 [error] Error: Base path '' must be an absolute path   [ 2eda →  2edb] StatusBarController.updateBlame — failed [0ms]
2026-05-16 00:17:26.341 [error] Error: Base path '' must be an absolute path   [ 2ee5 →  2ee6] StatusBarController.updateBlame — failed [1ms]
2026-05-16 00:17:26.904 [error] Error: Base path '' must be an absolute path   [ 2eea →  2eeb] StatusBarController.updateBlame — failed [2ms]
2026-05-16 00:17:26.960 [error] Error: Base path '' must be an absolute path   [ 2ef6 →  2ef7] StatusBarController.updateBlame — failed [1ms]
2026-05-16 00:17:26.962 [error] Error: Base path '' must be an absolute path   [ 2eff →  2f00] StatusBarController.updateBlame — failed [1ms]
2026-05-16 00:17:27.195 [error] Error: Base path '' must be an absolute path   [ 2f08 →  2f09] StatusBarController.updateBlame — failed [1ms]
2026-05-16 00:17:27.245 [error] Error: Base path '' must be an absolute path   [ 2f13 →  2f14] StatusBarController.updateBlame — failed [1ms]
2026-05-16 00:17:27.942 [error] Error: Base path '' must be an absolute path   [ 2f1c →  2f1d] StatusBarController.updateBlame — failed [2ms]
2026-05-16 00:17:27.994 [error] Error: Base path '' must be an absolute path   [ 2f27 →  2f28] StatusBarController.updateBlame — failed [1ms]
2026-05-16 00:17:28.573 [error] Error: Base path '' must be an absolute path   [ 2f30 →  2f31] StatusBarController.updateBlame — failed [1ms]
2026-05-16 00:17:28.625 [error] Error: Base path '' must be an absolute path   [ 2f3b →  2f3c] StatusBarController.updateBlame — failed [1ms]
2026-05-16 00:17:28.778 [error] Error: Base path '' must be an absolute path   [ 2f40 →  2f41] StatusBarController.updateBlame — failed [2ms]
2026-05-16 00:17:28.829 [error] Error: Base path '' must be an absolute path   [ 2f4b →  2f4c] StatusBarController.updateBlame — failed [2ms]
2026-05-16 00:17:28.968 [error] Error: Base path '' must be an absolute path   [ 2f50 →  2f51] StatusBarController.updateBlame — failed [1ms]
2026-05-16 00:17:29.020 [error] Error: Base path '' must be an absolute path   [ 2f5b →  2f5c] StatusBarController.updateBlame — failed [1ms]
2026-05-16 00:17:29.196 [error] Error: Base path '' must be an absolute path   [ 2f60 →  2f61] StatusBarController.updateBlame — failed [2ms]
2026-05-16 00:17:29.246 [error] Error: Base path '' must be an absolute path   [ 2f6b →  2f6c] StatusBarController.updateBlame — failed [1ms]
2026-05-16 00:17:29.906 [error] Error: Base path '' must be an absolute path   [ 2f74 →  2f75] StatusBarController.updateBlame — failed [2ms]
2026-05-16 00:17:29.957 [error] Error: Base path '' must be an absolute path   [ 2f7f →  2f80] StatusBarController.updateBlame — failed [1ms]
2026-05-16 00:17:30.927 [error] Error: Base path '' must be an absolute path   [ 2f93 →  2f94] StatusBarController.updateBlame — failed [1ms]
2026-05-16 00:17:30.977 [error] Error: Base path '' must be an absolute path   [ 2f9e →  2f9f] StatusBarController.updateBlame — failed [1ms]
2026-05-16 00:17:32.700 [error] Error: Base path '' must be an absolute path   [ 2fa3 →  2fa4] StatusBarController.updateBlame — failed [1ms]
2026-05-16 00:17:32.705 [error] Error: Base path '' must be an absolute path   [ 2fae →  2faf] StatusBarController.updateBlame — failed [1ms]
2026-05-16 00:17:32.756 [error] Error: Base path '' must be an absolute path   [ 2fbc →  2fbd] StatusBarController.updateBlame — failed [2ms]
2026-05-16 00:17:32.759 [error] Error: Base path '' must be an absolute path   [ 2fc7 →  2fc8] StatusBarController.updateBlame — failed [2ms]
2026-05-16 00:17:33.725 [error] Error: Base path '' must be an absolute path   [ 2fdd →  2fde] StatusBarController.updateBlame — failed [2ms]
2026-05-16 00:17:33.774 [error] Error: Base path '' must be an absolute path   [ 2fea →  2feb] StatusBarController.updateBlame — failed [1ms]
2026-05-16 00:17:48.597 [error] Error: Base path '' must be an absolute path   [ 3007 →  3008] StatusBarController.updateBlame — failed [1ms]
2026-05-16 00:18:10.628 [error] Error: Base path '' must be an absolute path   [ 3032 →  3033] StatusBarController.updateBlame — failed [2ms]
2026-05-16 00:18:10.685 [error] Error: Base path '' must be an absolute path   [ 303e →  303f] StatusBarController.updateBlame — failed [2ms]
2026-05-16 00:18:10.688 [error] Error: Base path '' must be an absolute path   [ 3047 →  3048] StatusBarController.updateBlame — failed [1ms]
2026-05-16 00:18:10.830 [error] Error: Base path '' must be an absolute path   [ 304c →  304d] StatusBarController.updateBlame — failed [2ms]
2026-05-16 00:18:10.880 [error] Error: Base path '' must be an absolute path   [ 3057 →  3058] StatusBarController.updateBlame — failed [1ms]
2026-05-16 00:18:11.090 [info]    [GIT      10ms] [/home/amar/Code/CAN] git ls-files -- main.c [10ms]
2026-05-16 00:18:11.540 [error] Error: Base path '' must be an absolute path   [ 3061 →  3062] StatusBarController.updateBlame — failed [1ms]
2026-05-16 00:18:11.594 [error] Error: Base path '' must be an absolute path   [ 306c →  306d] StatusBarController.updateBlame — failed [1ms]
2026-05-16 00:18:11.781 [error] Error: Base path '' must be an absolute path   [ 3071 →  3072] StatusBarController.updateBlame — failed [2ms]
2026-05-16 00:18:11.830 [error] Error: Base path '' must be an absolute path   [ 307c →  307d] StatusBarController.updateBlame — failed [1ms]
2026-05-16 00:18:12.513 [error] Error: Base path '' must be an absolute path   [ 3085 →  3086] StatusBarController.updateBlame — failed [2ms]
2026-05-16 00:18:12.564 [error] Error: Base path '' must be an absolute path   [ 3090 →  3091] StatusBarController.updateBlame — failed [1ms]
2026-05-16 00:18:12.857 [error] Error: Base path '' must be an absolute path   [ 3099 →  309a] StatusBarController.updateBlame — failed [2ms]
2026-05-16 00:18:12.906 [error] Error: Base path '' must be an absolute path   [ 30a4 →  30a5] StatusBarController.updateBlame — failed [0ms]
2026-05-16 00:18:13.893 [error] Error: Base path '' must be an absolute path   [ 30c0 →  30c1] StatusBarController.updateBlame — failed [2ms]
2026-05-16 00:18:13.895 [info]    [GIT      13ms] [/home/amar/Code/CAN] git show --textconv HEAD:./main.c -- [13ms]
2026-05-16 00:18:17.642 [error] Error: Base path '' must be an absolute path   [ 3110 →  3111] StatusBarController.updateBlame — failed [1ms]
2026-05-16 00:18:17.646 [error] Error: Base path '' must be an absolute path   [ 3119 →  311a] StatusBarController.updateBlame — failed [3ms]
2026-05-16 00:18:18.420 [error] Error: Base path '' must be an absolute path   [ 3122 →  3123] StatusBarController.updateBlame — failed [2ms]
2026-05-16 00:18:18.470 [error] Error: Base path '' must be an absolute path   [ 312d →  312e] StatusBarController.updateBlame — failed [1ms]
2026-05-16 00:18:18.587 [error] Error: Base path '' must be an absolute path   [ 3132 →  3133] StatusBarController.updateBlame — failed [2ms]
2026-05-16 00:18:18.638 [error] Error: Base path '' must be an absolute path   [ 313d →  313e] StatusBarController.updateBlame — failed [1ms]
2026-05-16 00:18:18.720 [error] Error: Base path '' must be an absolute path   [ 3142 →  3143] StatusBarController.updateBlame — failed [1ms]
2026-05-16 00:18:18.772 [error] Error: Base path '' must be an absolute path   [ 314d →  314e] StatusBarController.updateBlame — failed [1ms]
2026-05-16 00:18:18.859 [error] Error: Base path '' must be an absolute path   [ 3152 →  3153] StatusBarController.updateBlame — failed [2ms]
2026-05-16 00:18:18.911 [error] Error: Base path '' must be an absolute path   [ 315d →  315e] StatusBarController.updateBlame — failed [1ms]
2026-05-16 00:18:18.997 [error] Error: Base path '' must be an absolute path   [ 3162 →  3163] StatusBarController.updateBlame — failed [4ms]
2026-05-16 00:18:19.049 [error] Error: Base path '' must be an absolute path   [ 316d →  316e] StatusBarController.updateBlame — failed [5ms]
2026-05-16 00:18:19.318 [error] Error: Base path '' must be an absolute path   [ 3176 →  3177] StatusBarController.updateBlame — failed [1ms]
2026-05-16 00:18:19.371 [error] Error: Base path '' must be an absolute path   [ 3181 →  3182] StatusBarController.updateBlame — failed [1ms]
2026-05-16 00:18:20.342 [error] Error: Base path '' must be an absolute path   [ 3195 →  3196] StatusBarController.updateBlame — failed [1ms]
2026-05-16 00:18:20.392 [error] Error: Base path '' must be an absolute path   [ 31a0 →  31a1] StatusBarController.updateBlame — failed [1ms]
2026-05-16 00:18:22.088 [error] Error: Base path '' must be an absolute path   [ 31a5 →  31a6] StatusBarController.updateBlame — failed [2ms]
2026-05-16 00:18:22.146 [error] Error: Base path '' must be an absolute path   [ 31b1 →  31b2] StatusBarController.updateBlame — failed [1ms]
2026-05-16 00:18:22.148 [error] Error: Base path '' must be an absolute path   [ 31ba →  31bb] StatusBarController.updateBlame — failed [1ms]
2026-05-16 00:18:22.288 [error] Error: Base path '' must be an absolute path   [ 31bf →  31c0] StatusBarController.updateBlame — failed [1ms]
2026-05-16 00:18:22.340 [error] Error: Base path '' must be an absolute path   [ 31ca →  31cb] StatusBarController.updateBlame — failed [1ms]
2026-05-16 00:18:22.440 [error] Error: Base path '' must be an absolute path   [ 31cf →  31d0] StatusBarController.updateBlame — failed [2ms]
2026-05-16 00:18:22.492 [error] Error: Base path '' must be an absolute path   [ 31da →  31db] StatusBarController.updateBlame — failed [1ms]
2026-05-16 00:18:22.578 [error] Error: Base path '' must be an absolute path   [ 31df →  31e0] StatusBarController.updateBlame — failed [2ms]
2026-05-16 00:18:22.628 [error] Error: Base path '' must be an absolute path   [ 31ea →  31eb] StatusBarController.updateBlame — failed [1ms]
2026-05-16 00:18:23.394 [error] Error: Base path '' must be an absolute path   [ 31f3 →  31f4] StatusBarController.updateBlame — failed [2ms]
2026-05-16 00:18:23.444 [error] Error: Base path '' must be an absolute path   [ 31fe →  31ff] StatusBarController.updateBlame — failed [1ms]
2026-05-16 00:18:24.123 [error] Error: Base path '' must be an absolute path   [ 3207 →  3208] StatusBarController.updateBlame — failed [1ms]
2026-05-16 00:18:24.173 [error] Error: Base path '' must be an absolute path   [ 3212 →  3213] StatusBarController.updateBlame — failed [0ms]
2026-05-16 00:18:24.587 [error] Error: Base path '' must be an absolute path   [ 321b →  321c] StatusBarController.updateBlame — failed [1ms]
2026-05-16 00:18:24.640 [error] Error: Base path '' must be an absolute path   [ 3226 →  3227] StatusBarController.updateBlame — failed [1ms]
2026-05-16 00:18:25.614 [error] Error: Base path '' must be an absolute path   [ 323f →  3240] StatusBarController.updateBlame — failed [1ms]
2026-05-16 00:18:25.663 [error] Error: Base path '' must be an absolute path   [ 324a →  324b] StatusBarController.updateBlame — failed [1ms]
2026-05-16 00:19:04.407 [error] Error: Base path '' must be an absolute path   [ 325c →  325d] StatusBarController.updateBlame — failed [2ms]
2026-05-16 00:19:04.464 [error] Error: Base path '' must be an absolute path   [ 3268 →  3269] StatusBarController.updateBlame — failed [1ms]
2026-05-16 00:19:04.467 [error] Error: Base path '' must be an absolute path   [ 3271 →  3272] StatusBarController.updateBlame — failed [1ms]
2026-05-16 00:19:04.573 [error] Error: Base path '' must be an absolute path   [ 3276 →  3277] StatusBarController.updateBlame — failed [2ms]
2026-05-16 00:19:04.626 [error] Error: Base path '' must be an absolute path   [ 3281 →  3282] StatusBarController.updateBlame — failed [4ms]
2026-05-16 00:19:04.733 [error] Error: Base path '' must be an absolute path   [ 3286 →  3287] StatusBarController.updateBlame — failed [2ms]
2026-05-16 00:19:04.783 [error] Error: Base path '' must be an absolute path   [ 3291 →  3292] StatusBarController.updateBlame — failed [1ms]
2026-05-16 00:19:04.875 [error] Error: Base path '' must be an absolute path   [ 3296 →  3297] StatusBarController.updateBlame — failed [2ms]
2026-05-16 00:19:04.925 [error] Error: Base path '' must be an absolute path   [ 32a1 →  32a2] StatusBarController.updateBlame — failed [1ms]
2026-05-16 00:19:05.049 [error] Error: Base path '' must be an absolute path   [ 32a6 →  32a7] StatusBarController.updateBlame — failed [2ms]
2026-05-16 00:19:05.099 [error] Error: Base path '' must be an absolute path   [ 32b1 →  32b2] StatusBarController.updateBlame — failed [1ms]
2026-05-16 00:19:05.309 [info]    [GIT      10ms] [/home/amar/Code/CAN] git ls-files -- main.c [10ms]
2026-05-16 00:19:05.868 [error] Error: Base path '' must be an absolute path   [ 32bb →  32bc] StatusBarController.updateBlame — failed [2ms]
2026-05-16 00:19:05.873 [error] Error: Base path '' must be an absolute path   [ 32c6 →  32c7] StatusBarController.updateBlame — failed [2ms]
2026-05-16 00:19:05.921 [error] Error: Base path '' must be an absolute path   [ 32d3 →  32d4] StatusBarController.updateBlame — failed [3ms]
2026-05-16 00:19:06.885 [error] Error: Base path '' must be an absolute path   [ 32e9 →  32ea] StatusBarController.updateBlame — failed [1ms]
2026-05-16 00:19:06.938 [error] Error: Base path '' must be an absolute path   [ 32f6 →  32f7] StatusBarController.updateBlame — failed [3ms]
2026-05-16 00:19:17.262 [error] Error: Base path '' must be an absolute path   [ 330d →  330e] StatusBarController.updateBlame — failed [1ms]
2026-05-16 00:19:17.317 [error] Error: Base path '' must be an absolute path   [ 3319 →  331a] StatusBarController.updateBlame — failed [1ms]
2026-05-16 00:19:17.318 [error] Error: Base path '' must be an absolute path   [ 3322 →  3323] StatusBarController.updateBlame — failed [0ms]
2026-05-16 00:19:17.488 [error] Error: Base path '' must be an absolute path   [ 3327 →  3328] StatusBarController.updateBlame — failed [2ms]
2026-05-16 00:19:17.539 [error] Error: Base path '' must be an absolute path   [ 3332 →  3333] StatusBarController.updateBlame — failed [1ms]
2026-05-16 00:19:17.712 [error] Error: Base path '' must be an absolute path   [ 3337 →  3338] StatusBarController.updateBlame — failed [1ms]
2026-05-16 00:19:17.764 [error] Error: Base path '' must be an absolute path   [ 3342 →  3343] StatusBarController.updateBlame — failed [1ms]
2026-05-16 00:19:18.736 [error] Error: Base path '' must be an absolute path   [ 3356 →  3357] StatusBarController.updateBlame — failed [1ms]
2026-05-16 00:19:18.786 [error] Error: Base path '' must be an absolute path   [ 3361 →  3362] StatusBarController.updateBlame — failed [1ms]
2026-05-16 00:19:19.178 [error] Error: Base path '' must be an absolute path   [ 3366 →  3367] StatusBarController.updateBlame — failed [1ms]
2026-05-16 00:19:19.231 [error] Error: Base path '' must be an absolute path   [ 3372 →  3373] StatusBarController.updateBlame — failed [1ms]
2026-05-16 00:19:19.232 [error] Error: Base path '' must be an absolute path   [ 337b →  337c] StatusBarController.updateBlame — failed [0ms]
2026-05-16 00:19:19.345 [error] Error: Base path '' must be an absolute path   [ 3380 →  3381] StatusBarController.updateBlame — failed [1ms]
2026-05-16 00:19:19.396 [error] Error: Base path '' must be an absolute path   [ 338b →  338c] StatusBarController.updateBlame — failed [1ms]
2026-05-16 00:19:19.541 [error] Error: Base path '' must be an absolute path   [ 3390 →  3391] StatusBarController.updateBlame — failed [2ms]
2026-05-16 00:19:19.592 [error] Error: Base path '' must be an absolute path   [ 339b →  339c] StatusBarController.updateBlame — failed [1ms]
2026-05-16 00:19:19.871 [error] Error: Base path '' must be an absolute path   [ 33a4 →  33a5] StatusBarController.updateBlame — failed [1ms]
2026-05-16 00:19:19.922 [error] Error: Base path '' must be an absolute path   [ 33af →  33b0] StatusBarController.updateBlame — failed [1ms]
2026-05-16 00:19:20.458 [error] Error: Base path '' must be an absolute path   [ 33b8 →  33b9] StatusBarController.updateBlame — failed [1ms]
2026-05-16 00:19:20.508 [error] Error: Base path '' must be an absolute path   [ 33c3 →  33c4] StatusBarController.updateBlame — failed [1ms]
2026-05-16 00:19:21.477 [error] Error: Base path '' must be an absolute path   [ 33d7 →  33d8] StatusBarController.updateBlame — failed [0ms]
2026-05-16 00:19:21.528 [error] Error: Base path '' must be an absolute path   [ 33e2 →  33e3] StatusBarController.updateBlame — failed [1ms]
2026-05-16 00:19:22.530 [error] Error: Base path '' must be an absolute path   [ 33e7 →  33e8] StatusBarController.updateBlame — failed [1ms]
2026-05-16 00:19:22.584 [error] Error: Base path '' must be an absolute path   [ 33f3 →  33f4] StatusBarController.updateBlame — failed [1ms]
2026-05-16 00:19:22.585 [error] Error: Base path '' must be an absolute path   [ 33fc →  33fd] StatusBarController.updateBlame — failed [0ms]
2026-05-16 00:19:22.743 [error] Error: Base path '' must be an absolute path   [ 3401 →  3402] StatusBarController.updateBlame — failed [1ms]
2026-05-16 00:19:22.795 [error] Error: Base path '' must be an absolute path   [ 340c →  340d] StatusBarController.updateBlame — failed [1ms]
2026-05-16 00:19:22.960 [error] Error: Base path '' must be an absolute path   [ 3411 →  3412] StatusBarController.updateBlame — failed [2ms]
2026-05-16 00:19:23.010 [error] Error: Base path '' must be an absolute path   [ 341c →  341d] StatusBarController.updateBlame — failed [1ms]
2026-05-16 00:19:23.169 [error] Error: Base path '' must be an absolute path   [ 3421 →  3422] StatusBarController.updateBlame — failed [1ms]
2026-05-16 00:19:23.221 [error] Error: Base path '' must be an absolute path   [ 342c →  342d] StatusBarController.updateBlame — failed [1ms]
2026-05-16 00:19:24.184 [error] Error: Base path '' must be an absolute path   [ 3440 →  3441] StatusBarController.updateBlame — failed [1ms]
2026-05-16 00:19:24.234 [error] Error: Base path '' must be an absolute path   [ 344b →  344c] StatusBarController.updateBlame — failed [1ms]
2026-05-16 00:19:24.780 [error] Error: Base path '' must be an absolute path   [ 3450 →  3451] StatusBarController.updateBlame — failed [2ms]
2026-05-16 00:19:24.836 [error] Error: Base path '' must be an absolute path   [ 345c →  345d] StatusBarController.updateBlame — failed [1ms]
2026-05-16 00:19:24.838 [error] Error: Base path '' must be an absolute path   [ 3465 →  3466] StatusBarController.updateBlame — failed [1ms]
2026-05-16 00:19:24.894 [error] Error: Base path '' must be an absolute path   [ 346a →  346b] StatusBarController.updateBlame — failed [2ms]
2026-05-16 00:19:24.946 [error] Error: Base path '' must be an absolute path   [ 3475 →  3476] StatusBarController.updateBlame — failed [1ms]
2026-05-16 00:19:25.819 [error] Error: Base path '' must be an absolute path   [ 347e →  347f] StatusBarController.updateBlame — failed [2ms]
2026-05-16 00:19:25.869 [error] Error: Base path '' must be an absolute path   [ 3489 →  348a] StatusBarController.updateBlame — failed [1ms]
2026-05-16 00:19:26.297 [error] Error: Base path '' must be an absolute path   [ 3492 →  3493] StatusBarController.updateBlame — failed [2ms]
2026-05-16 00:19:26.348 [error] Error: Base path '' must be an absolute path   [ 349d →  349e] StatusBarController.updateBlame — failed [1ms]
2026-05-16 00:19:26.667 [error] Error: Base path '' must be an absolute path   [ 34a6 →  34a7] StatusBarController.updateBlame — failed [2ms]
2026-05-16 00:19:26.718 [error] Error: Base path '' must be an absolute path   [ 34b1 →  34b2] StatusBarController.updateBlame — failed [1ms]
2026-05-16 00:19:26.867 [error] Error: Base path '' must be an absolute path   [ 34b6 →  34b7] StatusBarController.updateBlame — failed [2ms]
2026-05-16 00:19:26.917 [error] Error: Base path '' must be an absolute path   [ 34c1 →  34c2] StatusBarController.updateBlame — failed [1ms]
2026-05-16 00:19:27.306 [error] Error: Base path '' must be an absolute path   [ 34ca →  34cb] StatusBarController.updateBlame — failed [2ms]
2026-05-16 00:19:27.357 [error] Error: Base path '' must be an absolute path   [ 34d5 →  34d6] StatusBarController.updateBlame — failed [1ms]
2026-05-16 00:19:27.471 [error] Error: Base path '' must be an absolute path   [ 34da →  34db] StatusBarController.updateBlame — failed [2ms]
2026-05-16 00:19:27.521 [error] Error: Base path '' must be an absolute path   [ 34e5 →  34e6] StatusBarController.updateBlame — failed [1ms]
2026-05-16 00:19:28.125 [error] Error: Base path '' must be an absolute path   [ 34ee →  34ef] StatusBarController.updateBlame — failed [2ms]
2026-05-16 00:19:28.176 [error] Error: Base path '' must be an absolute path   [ 34f9 →  34fa] StatusBarController.updateBlame — failed [1ms]
2026-05-16 00:19:28.663 [error] Error: Base path '' must be an absolute path   [ 3502 →  3503] StatusBarController.updateBlame — failed [1ms]
2026-05-16 00:19:28.665 [error] Error: Base path '' must be an absolute path   [ 350d →  350e] StatusBarController.updateBlame — failed [1ms]
2026-05-16 00:19:28.716 [error] Error: Base path '' must be an absolute path   [ 351a →  351b] StatusBarController.updateBlame — failed [2ms]
2026-05-16 00:19:29.698 [error] Error: Base path '' must be an absolute path   [ 3530 →  3531] StatusBarController.updateBlame — failed [2ms]
2026-05-16 00:19:29.746 [error] Error: Base path '' must be an absolute path   [ 353d →  353e] StatusBarController.updateBlame — failed [1ms]
2026-05-16 00:19:47.591 [error] Error: Base path '' must be an absolute path   [ 3542 →  3543] StatusBarController.updateBlame — failed [2ms]
2026-05-16 00:19:47.647 [error] Error: Base path '' must be an absolute path   [ 354e →  354f] StatusBarController.updateBlame — failed [2ms]
2026-05-16 00:19:47.649 [error] Error: Base path '' must be an absolute path   [ 3557 →  3558] StatusBarController.updateBlame — failed [1ms]
2026-05-16 00:19:47.778 [error] Error: Base path '' must be an absolute path   [ 355c →  355d] StatusBarController.updateBlame — failed [2ms]
2026-05-16 00:19:47.833 [error] Error: Base path '' must be an absolute path   [ 3567 →  3568] StatusBarController.updateBlame — failed [5ms]
2026-05-16 00:19:48.543 [error] Error: Base path '' must be an absolute path   [ 3570 →  3571] StatusBarController.updateBlame — failed [2ms]
2026-05-16 00:19:48.595 [error] Error: Base path '' must be an absolute path   [ 357b →  357c] StatusBarController.updateBlame — failed [1ms]
2026-05-16 00:19:49.075 [error] Error: Base path '' must be an absolute path   [ 3584 →  3585] StatusBarController.updateBlame — failed [2ms]
2026-05-16 00:19:49.125 [error] Error: Base path '' must be an absolute path   [ 358f →  3590] StatusBarController.updateBlame — failed [2ms]
2026-05-16 00:19:49.346 [error] Error: Base path '' must be an absolute path   [ 3598 →  3599] StatusBarController.updateBlame — failed [2ms]
2026-05-16 00:19:49.395 [error] Error: Base path '' must be an absolute path   [ 35a3 →  35a4] StatusBarController.updateBlame — failed [0ms]
2026-05-16 00:19:49.566 [error] Error: Base path '' must be an absolute path   [ 35a8 →  35a9] StatusBarController.updateBlame — failed [2ms]
2026-05-16 00:19:49.617 [error] Error: Base path '' must be an absolute path   [ 35b3 →  35b4] StatusBarController.updateBlame — failed [1ms]
2026-05-16 00:19:49.712 [error] Error: Base path '' must be an absolute path   [ 35b8 →  35b9] StatusBarController.updateBlame — failed [2ms]
2026-05-16 00:19:49.762 [error] Error: Base path '' must be an absolute path   [ 35c3 →  35c4] StatusBarController.updateBlame — failed [1ms]
2026-05-16 00:19:49.868 [error] Error: Base path '' must be an absolute path   [ 35c8 →  35c9] StatusBarController.updateBlame — failed [2ms]
2026-05-16 00:19:49.918 [error] Error: Base path '' must be an absolute path   [ 35d3 →  35d4] StatusBarController.updateBlame — failed [1ms]
2026-05-16 00:19:50.886 [error] Error: Base path '' must be an absolute path   [ 35e7 →  35e8] StatusBarController.updateBlame — failed [1ms]
2026-05-16 00:19:50.934 [error] Error: Base path '' must be an absolute path   [ 35f2 →  35f3] StatusBarController.updateBlame — failed [1ms]
2026-05-16 00:19:51.245 [error] Error: Base path '' must be an absolute path   [ 35f7 →  35f8] StatusBarController.updateBlame — failed [3ms]
2026-05-16 00:19:51.300 [error] Error: Base path '' must be an absolute path   [ 3603 →  3604] StatusBarController.updateBlame — failed [1ms]
2026-05-16 00:19:51.302 [error] Error: Base path '' must be an absolute path   [ 360c →  360d] StatusBarController.updateBlame — failed [1ms]
2026-05-16 00:19:51.488 [error] Error: Base path '' must be an absolute path   [ 3611 →  3612] StatusBarController.updateBlame — failed [1ms]
2026-05-16 00:19:51.538 [error] Error: Base path '' must be an absolute path   [ 361c →  361d] StatusBarController.updateBlame — failed [0ms]
2026-05-16 00:19:52.400 [error] Error: Base path '' must be an absolute path   [ 3625 →  3626] StatusBarController.updateBlame — failed [2ms]
2026-05-16 00:19:52.450 [error] Error: Base path '' must be an absolute path   [ 3630 →  3631] StatusBarController.updateBlame — failed [1ms]
2026-05-16 00:19:52.574 [error] Error: Base path '' must be an absolute path   [ 3635 →  3636] StatusBarController.updateBlame — failed [2ms]
2026-05-16 00:19:52.580 [error] Error: Base path '' must be an absolute path   [ 3640 →  3641] StatusBarController.updateBlame — failed [2ms]
2026-05-16 00:19:52.626 [error] Error: Base path '' must be an absolute path   [ 364d →  364e] StatusBarController.updateBlame — failed [2ms]
2026-05-16 00:19:53.600 [error] Error: Base path '' must be an absolute path   [ 3663 →  3664] StatusBarController.updateBlame — failed [1ms]
2026-05-16 00:19:53.652 [error] Error: Base path '' must be an absolute path   [ 3670 →  3671] StatusBarController.updateBlame — failed [2ms]
2026-05-16 00:19:53.690 [error] Error: Base path '' must be an absolute path   [ 3675 →  3676] StatusBarController.updateBlame — failed [1ms]
2026-05-16 00:19:53.749 [error] Error: Base path '' must be an absolute path   [ 3681 →  3682] StatusBarController.updateBlame — failed [2ms]
2026-05-16 00:19:53.751 [error] Error: Base path '' must be an absolute path   [ 368a →  368b] StatusBarController.updateBlame — failed [1ms]
2026-05-16 00:19:53.871 [error] Error: Base path '' must be an absolute path   [ 368f →  3690] StatusBarController.updateBlame — failed [1ms]
2026-05-16 00:19:53.922 [error] Error: Base path '' must be an absolute path   [ 369a →  369b] StatusBarController.updateBlame — failed [1ms]
2026-05-16 00:19:54.100 [error] Error: Base path '' must be an absolute path   [ 369f →  36a0] StatusBarController.updateBlame — failed [2ms]
2026-05-16 00:19:54.150 [error] Error: Base path '' must be an absolute path   [ 36a4 →  36a5] StatusBarController.updateBlame — failed [1ms]
2026-05-16 00:19:54.201 [error] Error: Base path '' must be an absolute path   [ 36af →  36b0] StatusBarController.updateBlame — failed [1ms]
2026-05-16 00:19:54.701 [error] Error: Base path '' must be an absolute path   [ 36b8 →  36b9] StatusBarController.updateBlame — failed [2ms]
2026-05-16 00:19:54.750 [error] Error: Base path '' must be an absolute path   [ 36c3 →  36c4] StatusBarController.updateBlame — failed [0ms]
2026-05-16 00:19:55.124 [error] Error: Base path '' must be an absolute path   [ 36cc →  36cd] StatusBarController.updateBlame — failed [1ms]
2026-05-16 00:19:55.175 [error] Error: Base path '' must be an absolute path   [ 36d7 →  36d8] StatusBarController.updateBlame — failed [1ms]
2026-05-16 00:19:55.452 [error] Error: Base path '' must be an absolute path   [ 36e0 →  36e1] StatusBarController.updateBlame — failed [2ms]
2026-05-16 00:19:55.503 [error] Error: Base path '' must be an absolute path   [ 36eb →  36ec] StatusBarController.updateBlame — failed [1ms]
2026-05-16 00:19:55.609 [error] Error: Base path '' must be an absolute path   [ 36f0 →  36f1] StatusBarController.updateBlame — failed [2ms]
2026-05-16 00:19:55.660 [error] Error: Base path '' must be an absolute path   [ 36fb →  36fc] StatusBarController.updateBlame — failed [1ms]
2026-05-16 00:19:55.762 [error] Error: Base path '' must be an absolute path   [ 3700 →  3701] StatusBarController.updateBlame — failed [2ms]
2026-05-16 00:19:55.813 [error] Error: Base path '' must be an absolute path   [ 370b →  370c] StatusBarController.updateBlame — failed [1ms]
2026-05-16 00:19:55.850 [error] Error: Base path '' must be an absolute path   [ 3710 →  3711] StatusBarController.updateBlame — failed [2ms]
2026-05-16 00:19:55.900 [error] Error: Base path '' must be an absolute path   [ 371b →  371c] StatusBarController.updateBlame — failed [1ms]
2026-05-16 00:19:56.872 [error] Error: Base path '' must be an absolute path   [ 372f →  3730] StatusBarController.updateBlame — failed [1ms]
2026-05-16 00:19:56.920 [error] Error: Base path '' must be an absolute path   [ 373a →  373b] StatusBarController.updateBlame — failed [1ms]
2026-05-16 00:20:47.186 [error] Error: Base path '' must be an absolute path   [ 3769 →  376a] StatusBarController.updateBlame — failed [1ms]
2026-05-16 00:20:48.272 [error] Error: Base path '' must be an absolute path   [ 3774 →  3775] StatusBarController.updateBlame — failed [2ms]
2026-05-16 00:20:51.759 [error] Error: Base path '' must be an absolute path   [ 3779 →  377a] StatusBarController.updateBlame — failed [2ms]
2026-05-16 00:20:51.816 [error] Error: Base path '' must be an absolute path   [ 3785 →  3786] StatusBarController.updateBlame — failed [2ms]
2026-05-16 00:20:51.818 [error] Error: Base path '' must be an absolute path   [ 378e →  378f] StatusBarController.updateBlame — failed [1ms]
2026-05-16 00:20:52.025 [info]    [GIT      13ms] [/home/amar/Code/CAN] git ls-files -- main.c [13ms]
2026-05-16 00:20:52.359 [error] Error: Base path '' must be an absolute path   [ 3798 →  3799] StatusBarController.updateBlame — failed [2ms]
2026-05-16 00:20:52.400 [error] Error: Base path '' must be an absolute path   [ 379d →  379e] StatusBarController.updateBlame — failed [2ms]
2026-05-16 00:20:52.443 [error] Error: Base path '' must be an absolute path   [ 37a2 →  37a3] StatusBarController.updateBlame — failed [2ms]
2026-05-16 00:20:52.485 [error] Error: Base path '' must be an absolute path   [ 37a7 →  37a8] StatusBarController.updateBlame — failed [2ms]
2026-05-16 00:20:52.525 [error] Error: Base path '' must be an absolute path   [ 37ac →  37ad] StatusBarController.updateBlame — failed [1ms]
2026-05-16 00:20:52.573 [error] Error: Base path '' must be an absolute path   [ 37b1 →  37b2] StatusBarController.updateBlame — failed [1ms]
2026-05-16 00:20:52.609 [error] Error: Base path '' must be an absolute path   [ 37b6 →  37b7] StatusBarController.updateBlame — failed [2ms]
2026-05-16 00:20:52.655 [error] Error: Base path '' must be an absolute path   [ 37bb →  37bc] StatusBarController.updateBlame — failed [2ms]
2026-05-16 00:20:52.706 [error] Error: Base path '' must be an absolute path   [ 37c6 →  37c7] StatusBarController.updateBlame — failed [1ms]
2026-05-16 00:20:52.819 [error] Error: Base path '' must be an absolute path   [ 37cb →  37cc] StatusBarController.updateBlame — failed [1ms]
2026-05-16 00:20:52.871 [error] Error: Base path '' must be an absolute path   [ 37d6 →  37d7] StatusBarController.updateBlame — failed [2ms]
2026-05-16 00:20:52.993 [error] Error: Base path '' must be an absolute path   [ 37db →  37dc] StatusBarController.updateBlame — failed [2ms]
2026-05-16 00:20:53.045 [error] Error: Base path '' must be an absolute path   [ 37e6 →  37e7] StatusBarController.updateBlame — failed [1ms]
2026-05-16 00:20:53.148 [error] Error: Base path '' must be an absolute path   [ 37eb →  37ec] StatusBarController.updateBlame — failed [2ms]
2026-05-16 00:20:53.199 [error] Error: Base path '' must be an absolute path   [ 37f6 →  37f7] StatusBarController.updateBlame — failed [1ms]
2026-05-16 00:20:53.294 [error] Error: Base path '' must be an absolute path   [ 37fb →  37fc] StatusBarController.updateBlame — failed [2ms]
2026-05-16 00:20:53.343 [error] Error: Base path '' must be an absolute path   [ 3806 →  3807] StatusBarController.updateBlame — failed [1ms]
2026-05-16 00:20:53.442 [error] Error: Base path '' must be an absolute path   [ 380b →  380c] StatusBarController.updateBlame — failed [1ms]
2026-05-16 00:20:53.494 [error] Error: Base path '' must be an absolute path   [ 3816 →  3817] StatusBarController.updateBlame — failed [1ms]
2026-05-16 00:20:53.762 [error] Error: Base path '' must be an absolute path   [ 3829 →  382a] StatusBarController.updateBlame — failed [2ms]
2026-05-16 00:20:53.808 [error] Error: Base path '' must be an absolute path   [ 3834 →  3835] StatusBarController.updateBlame — failed [1ms]
2026-05-16 00:20:54.705 [error] Error: Base path '' must be an absolute path   [ 3843 →  3844] StatusBarController.updateBlame — failed [2ms]
2026-05-16 00:20:55.086 [error] Error: Base path '' must be an absolute path   [ 386f →  3870] StatusBarController.updateBlame — failed [2ms]
2026-05-16 00:20:55.136 [error] Error: Base path '' must be an absolute path   [ 387b →  387c] StatusBarController.updateBlame — failed [2ms]
2026-05-16 00:20:55.138 [error] Error: Base path '' must be an absolute path   [ 3884 →  3885] StatusBarController.updateBlame — failed [1ms]
2026-05-16 00:20:56.101 [error] Error: Base path '' must be an absolute path   [ 3898 →  3899] StatusBarController.updateBlame — failed [0ms]
2026-05-16 00:20:56.151 [error] Error: Base path '' must be an absolute path   [ 38a3 →  38a4] StatusBarController.updateBlame — failed [1ms]
2026-05-16 00:20:58.572 [error] Error: Base path '' must be an absolute path   [ 38ae →  38af] StatusBarController.updateBlame — failed [2ms]
2026-05-16 00:21:00.632 [error] Error: Base path '' must be an absolute path   [ 38b3 →  38b4] StatusBarController.updateBlame — failed [1ms]
2026-05-16 00:21:00.636 [error] Error: Base path '' must be an absolute path   [ 38be →  38bf] StatusBarController.updateBlame — failed [1ms]
2026-05-16 00:21:00.688 [error] Error: Base path '' must be an absolute path   [ 38cc →  38cd] StatusBarController.updateBlame — failed [2ms]
2026-05-16 00:21:00.692 [error] Error: Base path '' must be an absolute path   [ 38d7 →  38d8] StatusBarController.updateBlame — failed [3ms]
2026-05-16 00:21:01.589 [error] Error: Base path '' must be an absolute path   [ 38e0 →  38e1] StatusBarController.updateBlame — failed [1ms]
2026-05-16 00:21:01.639 [error] Error: Base path '' must be an absolute path   [ 38eb →  38ec] StatusBarController.updateBlame — failed [0ms]
2026-05-16 00:21:01.825 [error] Error: Base path '' must be an absolute path   [ 38f0 →  38f1] StatusBarController.updateBlame — failed [2ms]
2026-05-16 00:21:01.877 [error] Error: Base path '' must be an absolute path   [ 38fb →  38fc] StatusBarController.updateBlame — failed [1ms]
2026-05-16 00:21:01.946 [error] Error: Base path '' must be an absolute path   [ 3900 →  3901] StatusBarController.updateBlame — failed [1ms]
2026-05-16 00:21:01.997 [error] Error: Base path '' must be an absolute path   [ 390b →  390c] StatusBarController.updateBlame — failed [1ms]
2026-05-16 00:21:02.037 [error] Error: Base path '' must be an absolute path   [ 3910 →  3911] StatusBarController.updateBlame — failed [2ms]
2026-05-16 00:21:02.087 [error] Error: Base path '' must be an absolute path   [ 391b →  391c] StatusBarController.updateBlame — failed [1ms]
2026-05-16 00:21:02.402 [error] Error: Base path '' must be an absolute path   [ 3924 →  3925] StatusBarController.updateBlame — failed [1ms]
2026-05-16 00:21:02.454 [error] Error: Base path '' must be an absolute path   [ 392f →  3930] StatusBarController.updateBlame — failed [1ms]
2026-05-16 00:21:02.551 [error] Error: Base path '' must be an absolute path   [ 3934 →  3935] StatusBarController.updateBlame — failed [1ms]
2026-05-16 00:21:02.603 [error] Error: Base path '' must be an absolute path   [ 393f →  3940] StatusBarController.updateBlame — failed [2ms]
2026-05-16 00:21:02.695 [error] Error: Base path '' must be an absolute path   [ 3944 →  3945] StatusBarController.updateBlame — failed [2ms]
2026-05-16 00:21:02.745 [error] Error: Base path '' must be an absolute path   [ 394f →  3950] StatusBarController.updateBlame — failed [1ms]
2026-05-16 00:21:02.868 [error] Error: Base path '' must be an absolute path   [ 3954 →  3955] StatusBarController.updateBlame — failed [1ms]
2026-05-16 00:21:02.920 [error] Error: Base path '' must be an absolute path   [ 395f →  3960] StatusBarController.updateBlame — failed [1ms]
2026-05-16 00:21:03.802 [error] Error: Base path '' must be an absolute path   [ 3968 →  3969] StatusBarController.updateBlame — failed [2ms]
2026-05-16 00:21:03.853 [error] Error: Base path '' must be an absolute path   [ 3973 →  3974] StatusBarController.updateBlame — failed [1ms]
2026-05-16 00:21:04.287 [error] Error: Base path '' must be an absolute path   [ 397c →  397d] StatusBarController.updateBlame — failed [1ms]
2026-05-16 00:21:04.339 [error] Error: Base path '' must be an absolute path   [ 3987 →  3988] StatusBarController.updateBlame — failed [1ms]
2026-05-16 00:21:04.518 [error] Error: Base path '' must be an absolute path   [ 398c →  398d] StatusBarController.updateBlame — failed [2ms]
2026-05-16 00:21:04.568 [error] Error: Base path '' must be an absolute path   [ 3997 →  3998] StatusBarController.updateBlame — failed [1ms]
2026-05-16 00:21:04.646 [error] Error: Base path '' must be an absolute path   [ 399c →  399d] StatusBarController.updateBlame — failed [2ms]
2026-05-16 00:21:04.695 [error] Error: Base path '' must be an absolute path   [ 39a7 →  39a8] StatusBarController.updateBlame — failed [0ms]
2026-05-16 00:21:04.762 [error] Error: Base path '' must be an absolute path   [ 39ac →  39ad] StatusBarController.updateBlame — failed [2ms]
2026-05-16 00:21:04.814 [error] Error: Base path '' must be an absolute path   [ 39b7 →  39b8] StatusBarController.updateBlame — failed [1ms]
2026-05-16 00:21:04.914 [error] Error: Base path '' must be an absolute path   [ 39bc →  39bd] StatusBarController.updateBlame — failed [2ms]
2026-05-16 00:21:04.965 [error] Error: Base path '' must be an absolute path   [ 39c7 →  39c8] StatusBarController.updateBlame — failed [1ms]
2026-05-16 00:21:05.937 [error] Error: Base path '' must be an absolute path   [ 39db →  39dc] StatusBarController.updateBlame — failed [1ms]
2026-05-16 00:21:05.987 [error] Error: Base path '' must be an absolute path   [ 39e6 →  39e7] StatusBarController.updateBlame — failed [2ms]
2026-05-16 00:21:09.218 [error] Error: Base path '' must be an absolute path   [ 39eb →  39ec] StatusBarController.updateBlame — failed [1ms]
2026-05-16 00:21:09.271 [error] Error: Base path '' must be an absolute path   [ 39f7 →  39f8] StatusBarController.updateBlame — failed [1ms]
2026-05-16 00:21:09.272 [error] Error: Base path '' must be an absolute path   [ 3a00 →  3a01] StatusBarController.updateBlame — failed [0ms]
2026-05-16 00:21:09.521 [error] Error: Base path '' must be an absolute path   [ 3a09 →  3a0a] StatusBarController.updateBlame — failed [1ms]
2026-05-16 00:21:09.571 [error] Error: Base path '' must be an absolute path   [ 3a14 →  3a15] StatusBarController.updateBlame — failed [0ms]
2026-05-16 00:21:10.095 [error] Error: Base path '' must be an absolute path   [ 3a1d →  3a1e] StatusBarController.updateBlame — failed [1ms]
2026-05-16 00:21:10.146 [error] Error: Base path '' must be an absolute path   [ 3a28 →  3a29] StatusBarController.updateBlame — failed [0ms]
2026-05-16 00:21:10.247 [error] Error: Base path '' must be an absolute path   [ 3a2d →  3a2e] StatusBarController.updateBlame — failed [1ms]
2026-05-16 00:21:10.297 [error] Error: Base path '' must be an absolute path   [ 3a38 →  3a39] StatusBarController.updateBlame — failed [1ms]
2026-05-16 00:21:10.795 [error] Error: Base path '' must be an absolute path   [ 3a4c →  3a4d] StatusBarController.updateBlame — failed [0ms]
2026-05-16 00:21:10.845 [error] Error: Base path '' must be an absolute path   [ 3a57 →  3a58] StatusBarController.updateBlame — failed [1ms]
2026-05-16 00:21:11.659 [error] Error: Base path '' must be an absolute path   [ 3a5c →  3a5d] StatusBarController.updateBlame — failed [2ms]
2026-05-16 00:21:11.714 [error] Error: Base path '' must be an absolute path   [ 3a68 →  3a69] StatusBarController.updateBlame — failed [1ms]
2026-05-16 00:21:11.716 [error] Error: Base path '' must be an absolute path   [ 3a71 →  3a72] StatusBarController.updateBlame — failed [1ms]
2026-05-16 00:21:11.842 [error] Error: Base path '' must be an absolute path   [ 3a76 →  3a77] StatusBarController.updateBlame — failed [2ms]
2026-05-16 00:21:11.893 [error] Error: Base path '' must be an absolute path   [ 3a81 →  3a82] StatusBarController.updateBlame — failed [1ms]
2026-05-16 00:21:11.993 [error] Error: Base path '' must be an absolute path   [ 3a86 →  3a87] StatusBarController.updateBlame — failed [1ms]
2026-05-16 00:21:12.046 [error] Error: Base path '' must be an absolute path   [ 3a91 →  3a92] StatusBarController.updateBlame — failed [1ms]
2026-05-16 00:21:12.146 [error] Error: Base path '' must be an absolute path   [ 3a96 →  3a97] StatusBarController.updateBlame — failed [2ms]
2026-05-16 00:21:12.198 [error] Error: Base path '' must be an absolute path   [ 3aa1 →  3aa2] StatusBarController.updateBlame — failed [1ms]
2026-05-16 00:21:13.170 [error] Error: Base path '' must be an absolute path   [ 3ab5 →  3ab6] StatusBarController.updateBlame — failed [1ms]
2026-05-16 00:21:13.219 [error] Error: Base path '' must be an absolute path   [ 3ac0 →  3ac1] StatusBarController.updateBlame — failed [1ms]
2026-05-16 00:21:13.842 [error] Error: Base path '' must be an absolute path   [ 3ac5 →  3ac6] StatusBarController.updateBlame — failed [1ms]
2026-05-16 00:21:13.897 [error] Error: Base path '' must be an absolute path   [ 3ad1 →  3ad2] StatusBarController.updateBlame — failed [1ms]
2026-05-16 00:21:13.898 [error] Error: Base path '' must be an absolute path   [ 3ada →  3adb] StatusBarController.updateBlame — failed [0ms]
2026-05-16 00:21:14.032 [error] Error: Base path '' must be an absolute path   [ 3adf →  3ae0] StatusBarController.updateBlame — failed [1ms]
2026-05-16 00:21:14.083 [error] Error: Base path '' must be an absolute path   [ 3aea →  3aeb] StatusBarController.updateBlame — failed [0ms]
2026-05-16 00:21:14.456 [error] Error: Base path '' must be an absolute path   [ 3af3 →  3af4] StatusBarController.updateBlame — failed [2ms]
2026-05-16 00:21:14.506 [error] Error: Base path '' must be an absolute path   [ 3afe →  3aff] StatusBarController.updateBlame — failed [1ms]
2026-05-16 00:21:14.625 [error] Error: Base path '' must be an absolute path   [ 3b03 →  3b04] StatusBarController.updateBlame — failed [2ms]
2026-05-16 00:21:14.674 [error] Error: Base path '' must be an absolute path   [ 3b0e →  3b0f] StatusBarController.updateBlame — failed [1ms]
2026-05-16 00:21:15.643 [error] Error: Base path '' must be an absolute path   [ 3b22 →  3b23] StatusBarController.updateBlame — failed [0ms]
2026-05-16 00:21:15.695 [error] Error: Base path '' must be an absolute path   [ 3b2d →  3b2e] StatusBarController.updateBlame — failed [1ms]
2026-05-16 00:21:15.811 [error] Error: Base path '' must be an absolute path   [ 3b32 →  3b33] StatusBarController.updateBlame — failed [1ms]
2026-05-16 00:21:15.866 [error] Error: Base path '' must be an absolute path   [ 3b3e →  3b3f] StatusBarController.updateBlame — failed [1ms]
2026-05-16 00:21:15.867 [error] Error: Base path '' must be an absolute path   [ 3b47 →  3b48] StatusBarController.updateBlame — failed [0ms]
2026-05-16 00:21:15.979 [error] Error: Base path '' must be an absolute path   [ 3b4c →  3b4d] StatusBarController.updateBlame — failed [2ms]
2026-05-16 00:21:16.029 [error] Error: Base path '' must be an absolute path   [ 3b57 →  3b58] StatusBarController.updateBlame — failed [1ms]
2026-05-16 00:21:16.345 [error] Error: Base path '' must be an absolute path   [ 3b60 →  3b61] StatusBarController.updateBlame — failed [1ms]
2026-05-16 00:21:16.396 [error] Error: Base path '' must be an absolute path   [ 3b6b →  3b6c] StatusBarController.updateBlame — failed [1ms]
2026-05-16 00:21:16.775 [error] Error: Base path '' must be an absolute path   [ 3b74 →  3b75] StatusBarController.updateBlame — failed [2ms]
2026-05-16 00:21:16.825 [error] Error: Base path '' must be an absolute path   [ 3b7f →  3b80] StatusBarController.updateBlame — failed [1ms]
2026-05-16 00:21:16.937 [error] Error: Base path '' must be an absolute path   [ 3b84 →  3b85] StatusBarController.updateBlame — failed [1ms]
2026-05-16 00:21:16.989 [error] Error: Base path '' must be an absolute path   [ 3b8f →  3b90] StatusBarController.updateBlame — failed [1ms]
2026-05-16 00:21:17.291 [error] Error: Base path '' must be an absolute path   [ 3b98 →  3b99] StatusBarController.updateBlame — failed [1ms]
2026-05-16 00:21:17.341 [error] Error: Base path '' must be an absolute path   [ 3ba3 →  3ba4] StatusBarController.updateBlame — failed [1ms]
2026-05-16 00:21:17.438 [error] Error: Base path '' must be an absolute path   [ 3ba8 →  3ba9] StatusBarController.updateBlame — failed [2ms]
2026-05-16 00:21:17.489 [error] Error: Base path '' must be an absolute path   [ 3bb3 →  3bb4] StatusBarController.updateBlame — failed [1ms]
2026-05-16 00:21:17.547 [error] Error: Base path '' must be an absolute path   [ 3bb8 →  3bb9] StatusBarController.updateBlame — failed [1ms]
2026-05-16 00:21:17.598 [error] Error: Base path '' must be an absolute path   [ 3bc3 →  3bc4] StatusBarController.updateBlame — failed [1ms]
2026-05-16 00:21:18.082 [error] Error: Base path '' must be an absolute path   [ 3bcc →  3bcd] StatusBarController.updateBlame — failed [2ms]
2026-05-16 00:21:18.132 [error] Error: Base path '' must be an absolute path   [ 3bd7 →  3bd8] StatusBarController.updateBlame — failed [1ms]
2026-05-16 00:21:18.255 [error] Error: Base path '' must be an absolute path   [ 3bdc →  3bdd] StatusBarController.updateBlame — failed [1ms]
2026-05-16 00:21:18.308 [error] Error: Base path '' must be an absolute path   [ 3be7 →  3be8] StatusBarController.updateBlame — failed [1ms]
2026-05-16 00:21:18.494 [error] Error: Base path '' must be an absolute path   [ 3bec →  3bed] StatusBarController.updateBlame — failed [2ms]
2026-05-16 00:21:18.545 [error] Error: Base path '' must be an absolute path   [ 3bf7 →  3bf8] StatusBarController.updateBlame — failed [2ms]
2026-05-16 00:21:18.708 [error] Error: Base path '' must be an absolute path   [ 3bfc →  3bfd] StatusBarController.updateBlame — failed [2ms]
2026-05-16 00:21:18.759 [error] Error: Base path '' must be an absolute path   [ 3c07 →  3c08] StatusBarController.updateBlame — failed [1ms]
2026-05-16 00:21:18.844 [error] Error: Base path '' must be an absolute path   [ 3c0c →  3c0d] StatusBarController.updateBlame — failed [2ms]
2026-05-16 00:21:18.893 [error] Error: Base path '' must be an absolute path   [ 3c17 →  3c18] StatusBarController.updateBlame — failed [0ms]
2026-05-16 00:21:19.870 [error] Error: Base path '' must be an absolute path   [ 3c2b →  3c2c] StatusBarController.updateBlame — failed [1ms]
2026-05-16 00:21:19.919 [error] Error: Base path '' must be an absolute path   [ 3c36 →  3c37] StatusBarController.updateBlame — failed [1ms]
2026-05-16 00:21:20.158 [error] Error: Base path '' must be an absolute path   [ 3c3b →  3c3c] StatusBarController.updateBlame — failed [2ms]
2026-05-16 00:21:20.215 [error] Error: Base path '' must be an absolute path   [ 3c47 →  3c48] StatusBarController.updateBlame — failed [1ms]
2026-05-16 00:21:20.215 [error] Error: Base path '' must be an absolute path   [ 3c50 →  3c51] StatusBarController.updateBlame — failed [0ms]
2026-05-16 00:21:21.181 [error] Error: Base path '' must be an absolute path   [ 3c64 →  3c65] StatusBarController.updateBlame — failed [1ms]
2026-05-16 00:21:21.231 [error] Error: Base path '' must be an absolute path   [ 3c6f →  3c70] StatusBarController.updateBlame — failed [1ms]
2026-05-16 00:21:23.126 [error] Error: Base path '' must be an absolute path   [ 3c7a →  3c7b] StatusBarController.updateBlame — failed [3ms]
2026-05-16 00:21:23.784 [error] Error: Base path '' must be an absolute path   [ 3c85 →  3c86] StatusBarController.updateBlame — failed [1ms]
2026-05-16 00:21:28.760 [error] Error: Base path '' must be an absolute path   [ 3c90 →  3c91] StatusBarController.updateBlame — failed [1ms]
2026-05-16 00:21:42.174 [error] Error: Base path '' must be an absolute path   [ 3ca1 →  3ca2] StatusBarController.updateBlame — failed [1ms]
2026-05-16 00:21:42.731 [error] Error: Base path '' must be an absolute path   [ 3ca6 →  3ca7] StatusBarController.updateBlame — failed [1ms]
2026-05-16 00:21:42.734 [error] Error: Base path '' must be an absolute path   [ 3cb1 →  3cb2] StatusBarController.updateBlame — failed [1ms]
2026-05-16 00:21:44.255 [error] Error: Base path '' must be an absolute path   [ 3cf5 →  3cf6] StatusBarController.updateBlame — failed [2ms]
2026-05-16 00:21:44.440 [error] Error: Base path '' must be an absolute path   [ 3d07 →  3d08] StatusBarController.updateBlame — failed [3ms]
2026-05-16 00:21:44.489 [error] Error: Base path '' must be an absolute path   [ 3d14 →  3d15] StatusBarController.updateBlame — failed [2ms]
2026-05-16 00:21:44.705 [error] Error: Base path '' must be an absolute path   [ 3d19 →  3d1a] StatusBarController.updateBlame — failed [2ms]
2026-05-16 00:21:44.708 [error] Error: Base path '' must be an absolute path   [ 3d24 →  3d25] StatusBarController.updateBlame — failed [1ms]
2026-05-16 00:21:44.758 [error] Error: Base path '' must be an absolute path   [ 3d32 →  3d33] StatusBarController.updateBlame — failed [1ms]
2026-05-16 00:21:44.759 [error] Error: Base path '' must be an absolute path   [ 3d3d →  3d3e] StatusBarController.updateBlame — failed [1ms]
2026-05-16 00:21:45.686 [error] Error: Base path '' must be an absolute path   [ 3d46 →  3d47] StatusBarController.updateBlame — failed [1ms]
2026-05-16 00:21:45.735 [error] Error: Base path '' must be an absolute path   [ 3d51 →  3d52] StatusBarController.updateBlame — failed [0ms]
2026-05-16 00:21:45.807 [error] Error: Base path '' must be an absolute path   [ 3d56 →  3d57] StatusBarController.updateBlame — failed [1ms]
2026-05-16 00:21:45.859 [error] Error: Base path '' must be an absolute path   [ 3d61 →  3d62] StatusBarController.updateBlame — failed [1ms]
2026-05-16 00:21:46.090 [error] Error: Base path '' must be an absolute path   [ 3d6a →  3d6b] StatusBarController.updateBlame — failed [1ms]
2026-05-16 00:21:46.140 [error] Error: Base path '' must be an absolute path   [ 3d75 →  3d76] StatusBarController.updateBlame — failed [0ms]
2026-05-16 00:21:46.296 [error] Error: Base path '' must be an absolute path   [ 3d7a →  3d7b] StatusBarController.updateBlame — failed [2ms]
2026-05-16 00:21:46.346 [error] Error: Base path '' must be an absolute path   [ 3d85 →  3d86] StatusBarController.updateBlame — failed [1ms]
2026-05-16 00:21:46.761 [error] Error: Base path '' must be an absolute path   [ 3d8e →  3d8f] StatusBarController.updateBlame — failed [2ms]
2026-05-16 00:21:46.811 [error] Error: Base path '' must be an absolute path   [ 3d99 →  3d9a] StatusBarController.updateBlame — failed [2ms]
2026-05-16 00:21:46.893 [error] Error: Base path '' must be an absolute path   [ 3d9e →  3d9f] StatusBarController.updateBlame — failed [1ms]
2026-05-16 00:21:46.945 [error] Error: Base path '' must be an absolute path   [ 3da9 →  3daa] StatusBarController.updateBlame — failed [1ms]
2026-05-16 00:21:47.035 [error] Error: Base path '' must be an absolute path   [ 3dae →  3daf] StatusBarController.updateBlame — failed [2ms]
2026-05-16 00:21:47.083 [error] Error: Base path '' must be an absolute path   [ 3db9 →  3dba] StatusBarController.updateBlame — failed [0ms]
2026-05-16 00:21:47.766 [error] Error: Base path '' must be an absolute path   [ 3dc2 →  3dc3] StatusBarController.updateBlame — failed [2ms]
2026-05-16 00:21:47.818 [error] Error: Base path '' must be an absolute path   [ 3dcd →  3dce] StatusBarController.updateBlame — failed [1ms]
2026-05-16 00:21:48.700 [error] Error: Base path '' must be an absolute path   [ 3dd6 →  3dd7] StatusBarController.updateBlame — failed [2ms]
2026-05-16 00:21:48.751 [error] Error: Base path '' must be an absolute path   [ 3de1 →  3de2] StatusBarController.updateBlame — failed [1ms]
2026-05-16 00:21:49.730 [error] Error: Base path '' must be an absolute path   [ 3df5 →  3df6] StatusBarController.updateBlame — failed [0ms]
2026-05-16 00:21:49.780 [error] Error: Base path '' must be an absolute path   [ 3e00 →  3e01] StatusBarController.updateBlame — failed [1ms]
2026-05-16 00:21:50.031 [error] Error: Base path '' must be an absolute path   [ 3e05 →  3e06] StatusBarController.updateBlame — failed [1ms]
2026-05-16 00:21:50.086 [error] Error: Base path '' must be an absolute path   [ 3e11 →  3e12] StatusBarController.updateBlame — failed [1ms]
2026-05-16 00:21:50.088 [error] Error: Base path '' must be an absolute path   [ 3e1a →  3e1b] StatusBarController.updateBlame — failed [1ms]
2026-05-16 00:21:50.349 [error] Error: Base path '' must be an absolute path   [ 3e23 →  3e24] StatusBarController.updateBlame — failed [2ms]
2026-05-16 00:21:50.398 [error] Error: Base path '' must be an absolute path   [ 3e2e →  3e2f] StatusBarController.updateBlame — failed [0ms]
2026-05-16 00:21:50.524 [error] Error: Base path '' must be an absolute path   [ 3e33 →  3e34] StatusBarController.updateBlame — failed [1ms]
2026-05-16 00:21:50.574 [error] Error: Base path '' must be an absolute path   [ 3e3e →  3e3f] StatusBarController.updateBlame — failed [1ms]
2026-05-16 00:21:50.690 [error] Error: Base path '' must be an absolute path   [ 3e43 →  3e44] StatusBarController.updateBlame — failed [2ms]
2026-05-16 00:21:50.741 [error] Error: Base path '' must be an absolute path   [ 3e4e →  3e4f] StatusBarController.updateBlame — failed [1ms]
2026-05-16 00:21:50.911 [error] Error: Base path '' must be an absolute path   [ 3e53 →  3e54] StatusBarController.updateBlame — failed [2ms]
2026-05-16 00:21:50.961 [error] Error: Base path '' must be an absolute path   [ 3e5e →  3e5f] StatusBarController.updateBlame — failed [1ms]
2026-05-16 00:21:51.142 [error] Error: Base path '' must be an absolute path   [ 3e63 →  3e64] StatusBarController.updateBlame — failed [1ms]
2026-05-16 00:21:51.192 [error] Error: Base path '' must be an absolute path   [ 3e6e →  3e6f] StatusBarController.updateBlame — failed [1ms]
2026-05-16 00:21:51.765 [error] Error: Base path '' must be an absolute path   [ 3e77 →  3e78] StatusBarController.updateBlame — failed [1ms]
2026-05-16 00:21:51.816 [error] Error: Base path '' must be an absolute path   [ 3e82 →  3e83] StatusBarController.updateBlame — failed [0ms]
2026-05-16 00:21:51.902 [error] Error: Base path '' must be an absolute path   [ 3e87 →  3e88] StatusBarController.updateBlame — failed [1ms]
2026-05-16 00:21:51.953 [error] Error: Base path '' must be an absolute path   [ 3e92 →  3e93] StatusBarController.updateBlame — failed [1ms]
2026-05-16 00:21:52.164 [info]    [GIT      10ms] [/home/amar/Code/CAN] git ls-files -- main.c [10ms]
2026-05-16 00:21:52.880 [error] Error: Base path '' must be an absolute path   [ 3e9c →  3e9d] StatusBarController.updateBlame — failed [1ms]
2026-05-16 00:21:52.930 [error] Error: Base path '' must be an absolute path   [ 3ea7 →  3ea8] StatusBarController.updateBlame — failed [0ms]
2026-05-16 00:21:53.196 [error] Error: Base path '' must be an absolute path   [ 3eb0 →  3eb1] StatusBarController.updateBlame — failed [2ms]
2026-05-16 00:21:53.246 [error] Error: Base path '' must be an absolute path   [ 3ebb →  3ebc] StatusBarController.updateBlame — failed [2ms]
2026-05-16 00:21:54.220 [error] Error: Base path '' must be an absolute path   [ 3ecf →  3ed0] StatusBarController.updateBlame — failed [0ms]
2026-05-16 00:21:54.270 [error] Error: Base path '' must be an absolute path   [ 3eda →  3edb] StatusBarController.updateBlame — failed [0ms]
2026-05-16 00:21:55.063 [error] Error: Base path '' must be an absolute path   [ 3edf →  3ee0] StatusBarController.updateBlame — failed [2ms]
2026-05-16 00:21:55.120 [error] Error: Base path '' must be an absolute path   [ 3eeb →  3eec] StatusBarController.updateBlame — failed [1ms]
2026-05-16 00:21:55.122 [error] Error: Base path '' must be an absolute path   [ 3ef4 →  3ef5] StatusBarController.updateBlame — failed [1ms]
2026-05-16 00:21:55.256 [error] Error: Base path '' must be an absolute path   [ 3ef9 →  3efa] StatusBarController.updateBlame — failed [2ms]
2026-05-16 00:21:55.308 [error] Error: Base path '' must be an absolute path   [ 3f04 →  3f05] StatusBarController.updateBlame — failed [1ms]
2026-05-16 00:21:55.994 [error] Error: Base path '' must be an absolute path   [ 3f0d →  3f0e] StatusBarController.updateBlame — failed [2ms]
2026-05-16 00:21:56.044 [error] Error: Base path '' must be an absolute path   [ 3f18 →  3f19] StatusBarController.updateBlame — failed [1ms]
2026-05-16 00:21:56.234 [error] Error: Base path '' must be an absolute path   [ 3f1d →  3f1e] StatusBarController.updateBlame — failed [2ms]
2026-05-16 00:21:56.239 [error] Error: Base path '' must be an absolute path   [ 3f28 →  3f29] StatusBarController.updateBlame — failed [1ms]
2026-05-16 00:21:56.285 [error] Error: Base path '' must be an absolute path   [ 3f35 →  3f36] StatusBarController.updateBlame — failed [2ms]
2026-05-16 00:21:57.261 [error] Error: Base path '' must be an absolute path   [ 3f4b →  3f4c] StatusBarController.updateBlame — failed [2ms]
2026-05-16 00:21:57.309 [error] Error: Base path '' must be an absolute path   [ 3f58 →  3f59] StatusBarController.updateBlame — failed [1ms]
2026-05-16 00:21:58.557 [error] Error: Base path '' must be an absolute path   [ 3f63 →  3f64] StatusBarController.updateBlame — failed [1ms]
2026-05-16 00:21:59.651 [error] Error: Base path '' must be an absolute path   [ 3f68 →  3f69] StatusBarController.updateBlame — failed [2ms]
2026-05-16 00:21:59.707 [error] Error: Base path '' must be an absolute path   [ 3f74 →  3f75] StatusBarController.updateBlame — failed [1ms]
2026-05-16 00:21:59.708 [error] Error: Base path '' must be an absolute path   [ 3f7d →  3f7e] StatusBarController.updateBlame — failed [1ms]
2026-05-16 00:22:00.082 [error] Error: Base path '' must be an absolute path   [ 3f86 →  3f87] StatusBarController.updateBlame — failed [2ms]
2026-05-16 00:22:00.134 [error] Error: Base path '' must be an absolute path   [ 3f91 →  3f92] StatusBarController.updateBlame — failed [1ms]
2026-05-16 00:22:00.282 [error] Error: Base path '' must be an absolute path   [ 3f96 →  3f97] StatusBarController.updateBlame — failed [1ms]
2026-05-16 00:22:00.333 [error] Error: Base path '' must be an absolute path   [ 3fa1 →  3fa2] StatusBarController.updateBlame — failed [1ms]
2026-05-16 00:22:00.547 [error] Error: Base path '' must be an absolute path   [ 3faa →  3fab] StatusBarController.updateBlame — failed [2ms]
2026-05-16 00:22:00.598 [error] Error: Base path '' must be an absolute path   [ 3fb5 →  3fb6] StatusBarController.updateBlame — failed [1ms]
2026-05-16 00:22:00.659 [error] Error: Base path '' must be an absolute path   [ 3fba →  3fbb] StatusBarController.updateBlame — failed [2ms]
2026-05-16 00:22:00.710 [error] Error: Base path '' must be an absolute path   [ 3fc5 →  3fc6] StatusBarController.updateBlame — failed [1ms]
2026-05-16 00:22:00.790 [error] Error: Base path '' must be an absolute path   [ 3fca →  3fcb] StatusBarController.updateBlame — failed [2ms]
2026-05-16 00:22:00.840 [error] Error: Base path '' must be an absolute path   [ 3fd5 →  3fd6] StatusBarController.updateBlame — failed [0ms]
2026-05-16 00:22:00.975 [error] Error: Base path '' must be an absolute path   [ 3fda →  3fdb] StatusBarController.updateBlame — failed [1ms]
2026-05-16 00:22:01.027 [error] Error: Base path '' must be an absolute path   [ 3fe5 →  3fe6] StatusBarController.updateBlame — failed [1ms]
2026-05-16 00:22:01.649 [error] Error: Base path '' must be an absolute path   [ 3fee →  3fef] StatusBarController.updateBlame — failed [1ms]
2026-05-16 00:22:01.699 [error] Error: Base path '' must be an absolute path   [ 3ff9 →  3ffa] StatusBarController.updateBlame — failed [0ms]
2026-05-16 00:22:01.983 [error] Error: Base path '' must be an absolute path   [ 4002 →  4003] StatusBarController.updateBlame — failed [2ms]
2026-05-16 00:22:02.032 [error] Error: Base path '' must be an absolute path   [ 400d →  400e] StatusBarController.updateBlame — failed [0ms]
2026-05-16 00:22:02.615 [error] Error: Base path '' must be an absolute path   [ 4016 →  4017] StatusBarController.updateBlame — failed [1ms]
2026-05-16 00:22:02.666 [error] Error: Base path '' must be an absolute path   [ 4021 →  4022] StatusBarController.updateBlame — failed [0ms]
2026-05-16 00:22:03.222 [error] Error: Base path '' must be an absolute path   [ 4030 →  4031] StatusBarController.updateBlame — failed [2ms]
2026-05-16 00:22:03.639 [error] Error: Base path '' must be an absolute path   [ 4042 →  4043] StatusBarController.updateBlame — failed [2ms]
2026-05-16 00:22:03.689 [error] Error: Base path '' must be an absolute path   [ 404f →  4050] StatusBarController.updateBlame — failed [2ms]
2026-05-16 00:22:03.902 [error] Error: Base path '' must be an absolute path   [ 4054 →  4055] StatusBarController.updateBlame — failed [2ms]
2026-05-16 00:22:03.909 [error] Error: Base path '' must be an absolute path   [ 405f →  4060] StatusBarController.updateBlame — failed [2ms]
2026-05-16 00:22:03.959 [error] Error: Base path '' must be an absolute path   [ 406b →  406c] StatusBarController.updateBlame — failed [1ms]
2026-05-16 00:22:03.960 [error] Error: Base path '' must be an absolute path   [ 4074 →  4075] StatusBarController.updateBlame — failed [1ms]
2026-05-16 00:22:04.227 [error] Error: Base path '' must be an absolute path   [ 407d →  407e] StatusBarController.updateBlame — failed [1ms]
2026-05-16 00:22:04.230 [error] Error: Base path '' must be an absolute path   [ 4088 →  4089] StatusBarController.updateBlame — failed [1ms]
2026-05-16 00:22:04.279 [error] Error: Base path '' must be an absolute path   [ 4095 →  4096] StatusBarController.updateBlame — failed [1ms]
2026-05-16 00:22:05.250 [error] Error: Base path '' must be an absolute path   [ 40ab →  40ac] StatusBarController.updateBlame — failed [2ms]
2026-05-16 00:22:05.300 [error] Error: Base path '' must be an absolute path   [ 40b8 →  40b9] StatusBarController.updateBlame — failed [2ms]
2026-05-16 00:22:13.038 [warning] [] Git not a git repository (or any of the parent directories): .git [11ms]
2026-05-16 00:22:13.038 [info]    [GIT      11ms] [] git status --porcelain=v2 --branch -u --find-renames -- [11ms]
2026-05-16 00:22:13.062 [warning] [] Git not a git repository (or any of the parent directories): .git [22ms]
2026-05-16 00:22:13.063 [info]    [GIT      22ms] [] git log --format=%x1E%H%x1D -n2 -L1,1:/main.c [22ms]
2026-05-16 00:22:13.068 [warning] [] Git warning: Not a git repository. Use --no-index to compare two paths outside a working tree · usage: git diff --no-index [<options>] <path> <path> [<pathspec>...] ·  · Diff output format options ·     -p, --patch           generate patch ·     -s, --no-patch        suppress diff output ·     -u                    generate patch ·     -U, --unified[=<n>]   generate diffs with <n> lines context ·     -W, --[no-]function-context ·                           generate diffs with <n> lines context ·     --raw                 generate the diff in raw format ·     --patch-with-raw      synonym for '-p --raw' ·     --patch-with-stat     synonym for '-p --stat' ·     --numstat             machine friendly --stat ·     --shortstat           output only the last line of --stat ·     -X, --dirstat[=<param1>,<param2>...] ·                           output the distribution of relative amount of changes for each sub-directory ·     --cumulative          synonym for --dirstat=cumulative ·     --dirstat-by-file[=<param1>,<param2>...] ·                           synonym for --dirstat=files,<param1>,<param2>... ·     --check               warn if changes introduce conflict markers or whitespace errors ·     --summary             condensed summary such as creations, renames and mode changes ·     --name-only           show only names of changed files ·     --name-status         show only names and status of changed files ·     --stat[=<width>[,<name-width>[,<count>]]] ·                           generate diffstat ·     --stat-width <width>  generate diffstat with a given width ·     --stat-name-width <width> ·                           generate diffstat with a given name width ·     --stat-graph-width <width> ·                           generate diffstat with a given graph width ·     --stat-count <count>  generate diffstat with limited lines ·     --[no-]compact-summary ·                           generate compact summary in diffstat ·     --binary              output a binary diff that can be applied ·     --[no-]full-index     show full pre- and post-image object names on the "index" lines ·     --[no-]color[=<when>] show colored diff ·     --ws-error-highlight <kind> ·                           highlight whitespace errors in the 'context', 'old' or 'new' lines in the diff ·     -z                    do not munge pathnames and use NULs as output field terminators in --raw or --numstat ·     --[no-]abbrev[=<n>]   use <n> digits to display object names ·     --src-prefix <prefix> show the given source prefix instead of "a/" ·     --dst-prefix <prefix> show the given destination prefix instead of "b/" ·     --line-prefix <prefix> ·                           prepend an additional prefix to every line of output ·     --no-prefix           do not show any source or destination prefix ·     --default-prefix      use default prefixes a/ and b/ ·     --inter-hunk-context <n> ·                           show context between diff hunks up to the specified number of lines ·     --output-indicator-new <char> ·                           specify the character to indicate a new line instead of '+' ·     --output-indicator-old <char> ·                           specify the character to indicate an old line instead of '-' ·     --output-indicator-context <char> ·                           specify the character to indicate a context instead of ' ' ·  · Diff rename options ·     -B, --break-rewrites[=<n>[/<m>]] ·                           break complete rewrite changes into pairs of delete and create ·     -M, --find-renames[=<n>] ·                           detect renames ·     -D, --irreversible-delete ·                           omit the preimage for deletes ·     -C, --find-copies[=<n>] ·                           detect copies ·     --[no-]find-copies-harder ·                           use unmodified files as source to find copies ·     --no-renames          disable rename detection ·     --[no-]rename-empty   use empty blobs as rename source ·     --[no-]follow         continue listing the history of a file beyond renames ·     -l <n>                prevent rename/copy detection if the number of rename/copy targets exceeds given limit ·  · Diff algorithm options ·     --minimal             produce the smallest possible diff ·     -w, --ignore-all-space ·                           ignore whitespace when comparing lines ·     -b, --ignore-space-change ·                           ignore changes in amount of whitespace ·     --ignore-space-at-eol ignore changes in whitespace at EOL ·     --ignore-cr-at-eol    ignore carrier-return at the end of line ·     --ignore-blank-lines  ignore changes whose lines are all blank ·     -I, --[no-]ignore-matching-lines <regex> ·                           ignore changes whose all lines match <regex> ·     --[no-]indent-heuristic ·                           heuristic to shift diff hunk boundaries for easy reading ·     --patience            generate diff using the "patience diff" algorithm ·     --histogram           generate diff using the "histogram diff" algorithm ·     --diff-algorithm <algorithm> ·                           choose a diff algorithm ·     --anchored <text>     generate diff using the "anchored diff" algorithm ·     --word-diff[=<mode>]  show word diff, using <mode> to delimit changed words ·     --word-diff-regex <regex> ·                           use <regex> to decide what a word is ·     --color-words[=<regex>] ·                           equivalent to --word-diff=color --word-diff-regex=<regex> ·     --[no-]color-moved[=<mode>] ·                           moved lines of code are colored differently ·     --[no-]color-moved-ws <mode> ·                           how white spaces are ignored in --color-moved ·  · Other diff options ·     --[no-]relative[=<prefix>] ·                           when run from subdir, exclude changes outside and show relative paths ·     -a, --[no-]text       treat all files as text ·     -R                    swap two inputs, reverse the diff ·     --[no-]exit-code      exit with 1 if there were differences, 0 otherwise ·     --[no-]quiet          disable all output of the program ·     --[no-]ext-diff       allow an external diff helper to be executed ·     --[no-]textconv       run external text conversion filters when comparing binary files ·     --ignore-submodules[=<when>] ·                           ignore changes to submodules in the diff generation ·     --submodule[=<format>] ·                           specify how differences in submodules are shown ·     --ita-invisible-in-index ·                           hide 'git add -N' entries from the index ·     --ita-visible-in-index ·                           treat 'git add -N' entries as real in the index ·     -S <string>           look for differences that change the number of occurrences of the specified string ·     -G <regex>            look for differences that change the number of occurrences of the specified regex ·     --pickaxe-all         show all changes in the changeset with -S or -G ·     --pickaxe-regex       treat <string> in -S as extended POSIX regular expression ·     -O <file>             control the order in which files appear in the output ·     --rotate-to <path>    show the change in the specified path first ·     --skip-to <path>      skip the output to the specified path ·     --find-object <object-id> ·                           look for differences that change the number of occurrences of the specified object ·     --diff-filter [(A|C|D|M|R|T|U|X|B)...[*]] ·                           select files by diff type ·     --max-depth <depth>   maximum tree depth to recurse ·     --output <file>       output to a specific file [16ms]
2026-05-16 00:22:13.068 [info]    [GIT      16ms] [] git diff --no-ext-diff --minimal -U0 -M --diff-filter=M -- /home/amar/Code/CAN/main.c [16ms]
2026-05-16 00:22:13.095 [error]   [GIT          ] [] git diff --no-ext-diff --minimal -U0 -M --diff-filter=M --staged -- /home/amar/Code/CAN/main.c · error: unknown option `staged' · usage: git diff --no-index [<options>] <path> <path> [<pathspec>...] ·  · Diff output format options ·     -p, --patch           generate patch ·     -s, --no-patch        suppress diff output ·     -u                    generate patch ·     -U, --unified[=<n>]   generate diffs with <n> lines context ·     -W, --[no-]function-context ·                           generate diffs with <n> lines context ·     --raw                 generate the diff in raw format ·     --patch-with-raw      synonym for '-p --raw' ·     --patch-with-stat     synonym for '-p --stat' ·     --numstat             machine friendly --stat ·     --shortstat           output only the last line of --stat ·     -X, --dirstat[=<param1>,<param2>...] ·                           output the distribution of relative amount of changes for each sub-directory ·     --cumulative          synonym for --dirstat=cumulative ·     --dirstat-by-file[=<param1>,<param2>...] ·                           synonym for --dirstat=files,<param1>,<param2>... ·     --check               warn if changes introduce conflict markers or whitespace errors ·     --summary             condensed summary such as creations, renames and mode changes ·     --name-only           show only names of changed files ·     --name-status         show only names and status of changed files ·     --stat[=<width>[,<name-width>[,<count>]]] ·                           generate diffstat ·     --stat-width <width>  generate diffstat with a given width ·     --stat-name-width <width> ·                           generate diffstat with a given name width ·     --stat-graph-width <width> ·                           generate diffstat with a given graph width ·     --stat-count <count>  generate diffstat with limited lines ·     --[no-]compact-summary ·                           generate compact summary in diffstat ·     --binary              output a binary diff that can be applied ·     --[no-]full-index     show full pre- and post-image object names on the "index" lines ·     --[no-]color[=<when>] show colored diff ·     --ws-error-highlight <kind> ·                           highlight whitespace errors in the 'context', 'old' or 'new' lines in the diff ·     -z                    do not munge pathnames and use NULs as output field terminators in --raw or --numstat ·     --[no-]abbrev[=<n>]   use <n> digits to display object names ·     --src-prefix <prefix> show the given source prefix instead of "a/" ·     --dst-prefix <prefix> show the given destination prefix instead of "b/" ·     --line-prefix <prefix> ·                           prepend an additional prefix to every line of output ·     --no-prefix           do not show any source or destination prefix ·     --default-prefix      use default prefixes a/ and b/ ·     --inter-hunk-context <n> ·                           show context between diff hunks up to the specified number of lines ·     --output-indicator-new <char> ·                           specify the character to indicate a new line instead of '+' ·     --output-indicator-old <char> ·                           specify the character to indicate an old line instead of '-' ·     --output-indicator-context <char> ·                           specify the character to indicate a context instead of ' ' ·  · Diff rename options ·     -B, --break-rewrites[=<n>[/<m>]] ·                           break complete rewrite changes into pairs of delete and create ·     -M, --find-renames[=<n>] ·                           detect renames ·     -D, --irreversible-delete ·                           omit the preimage for deletes ·     -C, --find-copies[=<n>] ·                           detect copies ·     --[no-]find-copies-harder ·                           use unmodified files as source to find copies ·     --no-renames          disable rename detection ·     --[no-]rename-empty   use empty blobs as rename source ·     --[no-]follow         continue listing the history of a file beyond renames ·     -l <n>                prevent rename/copy detection if the number of rename/copy targets exceeds given limit ·  · Diff algorithm options ·     --minimal             produce the smallest possible diff ·     -w, --ignore-all-space ·                           ignore whitespace when comparing lines ·     -b, --ignore-space-change ·                           ignore changes in amount of whitespace ·     --ignore-space-at-eol ignore changes in whitespace at EOL ·     --ignore-cr-at-eol    ignore carrier-return at the end of line ·     --ignore-blank-lines  ignore changes whose lines are all blank ·     -I, --[no-]ignore-matching-lines <regex> ·                           ignore changes whose all lines match <regex> ·     --[no-]indent-heuristic ·                           heuristic to shift diff hunk boundaries for easy reading ·     --patience            generate diff using the "patience diff" algorithm ·     --histogram           generate diff using the "histogram diff" algorithm ·     --diff-algorithm <algorithm> ·                           choose a diff algorithm ·     --anchored <text>     generate diff using the "anchored diff" algorithm ·     --word-diff[=<mode>]  show word diff, using <mode> to delimit changed words ·     --word-diff-regex <regex> ·                           use <regex> to decide what a word is ·     --color-words[=<regex>] ·                           equivalent to --word-diff=color --word-diff-regex=<regex> ·     --[no-]color-moved[=<mode>] ·                           moved lines of code are colored differently ·     --[no-]color-moved-ws <mode> ·                           how white spaces are ignored in --color-moved ·  · Other diff options ·     --[no-]relative[=<prefix>] ·                           when run from subdir, exclude changes outside and show relative paths ·     -a, --[no-]text       treat all files as text ·     -R                    swap two inputs, reverse the diff ·     --[no-]exit-code      exit with 1 if there were differences, 0 otherwise ·     --[no-]quiet          disable all output of the program ·     --[no-]ext-diff       allow an external diff helper to be executed ·     --[no-]textconv       run external text conversion filters when comparing binary files ·     --ignore-submodules[=<when>] ·                           ignore changes to submodules in the diff generation ·     --submodule[=<format>] ·                           specify how differences in submodules are shown ·     --ita-invisible-in-index ·                           hide 'git add -N' entries from the index ·     --ita-visible-in-index ·                           treat 'git add -N' entries as real in the index ·     -S <string>           look for differences that change the number of occurrences of the specified string ·     -G <regex>            look for differences that change the number of occurrences of the specified regex ·     --pickaxe-all         show all changes in the changeset with -S or -G ·     --pickaxe-regex       treat <string> in -S as extended POSIX regular expression ·     -O <file>             control the order in which files appear in the output ·     --rotate-to <path>    show the change in the specified path first ·     --skip-to <path>      skip the output to the specified path ·     --find-object <object-id> ·                           look for differences that change the number of occurrences of the specified object ·     --diff-filter [(A|C|D|M|R|T|U|X|B)...[*]] ·                           select files by diff type ·     --max-depth <depth>   maximum tree depth to recurse ·     --output <file>       output to a specific file [25ms]
2026-05-16 00:22:13.095 [error] Error: error: unknown option `staged'
usage: git diff --no-index [<options>] <path> <path> [<pathspec>...]

Diff output format options
    -p, --patch           generate patch
    -s, --no-patch        suppress diff output
    -u                    generate patch
    -U, --unified[=<n>]   generate diffs with <n> lines context
    -W, --[no-]function-context
                          generate diffs with <n> lines context
    --raw                 generate the diff in raw format
    --patch-with-raw      synonym for '-p --raw'
    --patch-with-stat     synonym for '-p --stat'
    --numstat             machine friendly --stat
    --shortstat           output only the last line of --stat
    -X, --dirstat[=<param1>,<param2>...]
                          output the distribution of relative amount of changes for each sub-directory
    --cumulative          synonym for --dirstat=cumulative
    --dirstat-by-file[=<param1>,<param2>...]
                          synonym for --dirstat=files,<param1>,<param2>...
    --check               warn if changes introduce conflict markers or whitespace errors
    --summary             condensed summary such as creations, renames and mode changes
    --name-only           show only names of changed files
    --name-status         show only names and status of changed files
    --stat[=<width>[,<name-width>[,<count>]]]
                          generate diffstat
    --stat-width <width>  generate diffstat with a given width
    --stat-name-width <width>
                          generate diffstat with a given name width
    --stat-graph-width <width>
                          generate diffstat with a given graph width
    --stat-count <count>  generate diffstat with limited lines
    --[no-]compact-summary
                          generate compact summary in diffstat
    --binary              output a binary diff that can be applied
    --[no-]full-index     show full pre- and post-image object names on the "index" lines
    --[no-]color[=<when>] show colored diff
    --ws-error-highlight <kind>
                          highlight whitespace errors in the 'context', 'old' or 'new' lines in the diff
    -z                    do not munge pathnames and use NULs as output field terminators in --raw or --numstat
    --[no-]abbrev[=<n>]   use <n> digits to display object names
    --src-prefix <prefix> show the given source prefix instead of "a/"
    --dst-prefix <prefix> show the given destination prefix instead of "b/"
    --line-prefix <prefix>
                          prepend an additional prefix to every line of output
    --no-prefix           do not show any source or destination prefix
    --default-prefix      use default prefixes a/ and b/
    --inter-hunk-context <n>
                          show context between diff hunks up to the specified number of lines
    --output-indicator-new <char>
                          specify the character to indicate a new line instead of '+'
    --output-indicator-old <char>
                          specify the character to indicate an old line instead of '-'
    --output-indicator-context <char>
                          specify the character to indicate a context instead of ' '

Diff rename options
    -B, --break-rewrites[=<n>[/<m>]]
                          break complete rewrite changes into pairs of delete and create
    -M, --find-renames[=<n>]
                          detect renames
    -D, --irreversible-delete
                          omit the preimage for deletes
    -C, --find-copies[=<n>]
                          detect copies
    --[no-]find-copies-harder
                          use unmodified files as source to find copies
    --no-renames          disable rename detection
    --[no-]rename-empty   use empty blobs as rename source
    --[no-]follow         continue listing the history of a file beyond renames
    -l <n>                prevent rename/copy detection if the number of rename/copy targets exceeds given limit

Diff algorithm options
    --minimal             produce the smallest possible diff
    -w, --ignore-all-space
                          ignore whitespace when comparing lines
    -b, --ignore-space-change
                          ignore changes in amount of whitespace
    --ignore-space-at-eol ignore changes in whitespace at EOL
    --ignore-cr-at-eol    ignore carrier-return at the end of line
    --ignore-blank-lines  ignore changes whose lines are all blank
    -I, --[no-]ignore-matching-lines <regex>
                          ignore changes whose all lines match <regex>
    --[no-]indent-heuristic
                          heuristic to shift diff hunk boundaries for easy reading
    --patience            generate diff using the "patience diff" algorithm
    --histogram           generate diff using the "histogram diff" algorithm
    --diff-algorithm <algorithm>
                          choose a diff algorithm
    --anchored <text>     generate diff using the "anchored diff" algorithm
    --word-diff[=<mode>]  show word diff, using <mode> to delimit changed words
    --word-diff-regex <regex>
                          use <regex> to decide what a word is
    --color-words[=<regex>]
                          equivalent to --word-diff=color --word-diff-regex=<regex>
    --[no-]color-moved[=<mode>]
                          moved lines of code are colored differently
    --[no-]color-moved-ws <mode>
                          how white spaces are ignored in --color-moved

Other diff options
    --[no-]relative[=<prefix>]
                          when run from subdir, exclude changes outside and show relative paths
    -a, --[no-]text       treat all files as text
    -R                    swap two inputs, reverse the diff
    --[no-]exit-code      exit with 1 if there were differences, 0 otherwise
    --[no-]quiet          disable all output of the program
    --[no-]ext-diff       allow an external diff helper to be executed
    --[no-]textconv       run external text conversion filters when comparing binary files
    --ignore-submodules[=<when>]
                          ignore changes to submodules in the diff generation
    --submodule[=<format>]
                          specify how differences in submodules are shown
    --ita-invisible-in-index
                          hide 'git add -N' entries from the index
    --ita-visible-in-index
                          treat 'git add -N' entries as real in the index
    -S <string>           look for differences that change the number of occurrences of the specified string
    -G <regex>            look for differences that change the number of occurrences of the specified regex
    --pickaxe-all         show all changes in the changeset with -S or -G
    --pickaxe-regex       treat <string> in -S as extended POSIX regular expression
    -O <file>             control the order in which files appear in the output
    --rotate-to <path>    show the change in the specified path first
    --skip-to <path>      skip the output to the specified path
    --find-object <object-id>
                          look for differences that change the number of occurrences of the specified object
    --diff-filter [(A|C|D|M|R|T|U|X|B)...[*]]
                          select files by diff type
    --max-depth <depth>   maximum tree depth to recurse
    --output <file>       output to a specific file   [ 40e5 →  40e6] DiffGitSubProvider.getDiffForFile — failed [26ms]
2026-05-16 00:22:13.096 [error] Error: error: unknown option `staged'
usage: git diff --no-index [<options>] <path> <path> [<pathspec>...]

Diff output format options
    -p, --patch           generate patch
    -s, --no-patch        suppress diff output
    -u                    generate patch
    -U, --unified[=<n>]   generate diffs with <n> lines context
    -W, --[no-]function-context
                          generate diffs with <n> lines context
    --raw                 generate the diff in raw format
    --patch-with-raw      synonym for '-p --raw'
    --patch-with-stat     synonym for '-p --stat'
    --numstat             machine friendly --stat
    --shortstat           output only the last line of --stat
    -X, --dirstat[=<param1>,<param2>...]
                          output the distribution of relative amount of changes for each sub-directory
    --cumulative          synonym for --dirstat=cumulative
    --dirstat-by-file[=<param1>,<param2>...]
                          synonym for --dirstat=files,<param1>,<param2>...
    --check               warn if changes introduce conflict markers or whitespace errors
    --summary             condensed summary such as creations, renames and mode changes
    --name-only           show only names of changed files
    --name-status         show only names and status of changed files
    --stat[=<width>[,<name-width>[,<count>]]]
                          generate diffstat
    --stat-width <width>  generate diffstat with a given width
    --stat-name-width <width>
                          generate diffstat with a given name width
    --stat-graph-width <width>
                          generate diffstat with a given graph width
    --stat-count <count>  generate diffstat with limited lines
    --[no-]compact-summary
                          generate compact summary in diffstat
    --binary              output a binary diff that can be applied
    --[no-]full-index     show full pre- and post-image object names on the "index" lines
    --[no-]color[=<when>] show colored diff
    --ws-error-highlight <kind>
                          highlight whitespace errors in the 'context', 'old' or 'new' lines in the diff
    -z                    do not munge pathnames and use NULs as output field terminators in --raw or --numstat
    --[no-]abbrev[=<n>]   use <n> digits to display object names
    --src-prefix <prefix> show the given source prefix instead of "a/"
    --dst-prefix <prefix> show the given destination prefix instead of "b/"
    --line-prefix <prefix>
                          prepend an additional prefix to every line of output
    --no-prefix           do not show any source or destination prefix
    --default-prefix      use default prefixes a/ and b/
    --inter-hunk-context <n>
                          show context between diff hunks up to the specified number of lines
    --output-indicator-new <char>
                          specify the character to indicate a new line instead of '+'
    --output-indicator-old <char>
                          specify the character to indicate an old line instead of '-'
    --output-indicator-context <char>
                          specify the character to indicate a context instead of ' '

Diff rename options
    -B, --break-rewrites[=<n>[/<m>]]
                          break complete rewrite changes into pairs of delete and create
    -M, --find-renames[=<n>]
                          detect renames
    -D, --irreversible-delete
                          omit the preimage for deletes
    -C, --find-copies[=<n>]
                          detect copies
    --[no-]find-copies-harder
                          use unmodified files as source to find copies
    --no-renames          disable rename detection
    --[no-]rename-empty   use empty blobs as rename source
    --[no-]follow         continue listing the history of a file beyond renames
    -l <n>                prevent rename/copy detection if the number of rename/copy targets exceeds given limit

Diff algorithm options
    --minimal             produce the smallest possible diff
    -w, --ignore-all-space
                          ignore whitespace when comparing lines
    -b, --ignore-space-change
                          ignore changes in amount of whitespace
    --ignore-space-at-eol ignore changes in whitespace at EOL
    --ignore-cr-at-eol    ignore carrier-return at the end of line
    --ignore-blank-lines  ignore changes whose lines are all blank
    -I, --[no-]ignore-matching-lines <regex>
                          ignore changes whose all lines match <regex>
    --[no-]indent-heuristic
                          heuristic to shift diff hunk boundaries for easy reading
    --patience            generate diff using the "patience diff" algorithm
    --histogram           generate diff using the "histogram diff" algorithm
    --diff-algorithm <algorithm>
                          choose a diff algorithm
    --anchored <text>     generate diff using the "anchored diff" algorithm
    --word-diff[=<mode>]  show word diff, using <mode> to delimit changed words
    --word-diff-regex <regex>
                          use <regex> to decide what a word is
    --color-words[=<regex>]
                          equivalent to --word-diff=color --word-diff-regex=<regex>
    --[no-]color-moved[=<mode>]
                          moved lines of code are colored differently
    --[no-]color-moved-ws <mode>
                          how white spaces are ignored in --color-moved

Other diff options
    --[no-]relative[=<prefix>]
                          when run from subdir, exclude changes outside and show relative paths
    -a, --[no-]text       treat all files as text
    -R                    swap two inputs, reverse the diff
    --[no-]exit-code      exit with 1 if there were differences, 0 otherwise
    --[no-]quiet          disable all output of the program
    --[no-]ext-diff       allow an external diff helper to be executed
    --[no-]textconv       run external text conversion filters when comparing binary files
    --ignore-submodules[=<when>]
                          ignore changes to submodules in the diff generation
    --submodule[=<format>]
                          specify how differences in submodules are shown
    --ita-invisible-in-index
                          hide 'git add -N' entries from the index
    --ita-visible-in-index
                          treat 'git add -N' entries as real in the index
    -S <string>           look for differences that change the number of occurrences of the specified string
    -G <regex>            look for differences that change the number of occurrences of the specified regex
    --pickaxe-all         show all changes in the changeset with -S or -G
    --pickaxe-regex       treat <string> in -S as extended POSIX regular expression
    -O <file>             control the order in which files appear in the output
    --rotate-to <path>    show the change in the specified path first
    --skip-to <path>      skip the output to the specified path
    --find-object <object-id>
                          look for differences that change the number of occurrences of the specified object
    --diff-filter [(A|C|D|M|R|T|U|X|B)...[*]]
                          select files by diff type
    --max-depth <depth>   maximum tree depth to recurse
    --output <file>       output to a specific file   [ 40e4 →  40e5] GitProviderService.getDiffForFile — failed [26ms]
2026-05-16 00:22:13.096 [error] Error: error: unknown option `staged'
usage: git diff --no-index [<options>] <path> <path> [<pathspec>...]

Diff output format options
    -p, --patch           generate patch
    -s, --no-patch        suppress diff output
    -u                    generate patch
    -U, --unified[=<n>]   generate diffs with <n> lines context
    -W, --[no-]function-context
                          generate diffs with <n> lines context
    --raw                 generate the diff in raw format
    --patch-with-raw      synonym for '-p --raw'
    --patch-with-stat     synonym for '-p --stat'
    --numstat             machine friendly --stat
    --shortstat           output only the last line of --stat
    -X, --dirstat[=<param1>,<param2>...]
                          output the distribution of relative amount of changes for each sub-directory
    --cumulative          synonym for --dirstat=cumulative
    --dirstat-by-file[=<param1>,<param2>...]
                          synonym for --dirstat=files,<param1>,<param2>...
    --check               warn if changes introduce conflict markers or whitespace errors
    --summary             condensed summary such as creations, renames and mode changes
    --name-only           show only names of changed files
    --name-status         show only names and status of changed files
    --stat[=<width>[,<name-width>[,<count>]]]
                          generate diffstat
    --stat-width <width>  generate diffstat with a given width
    --stat-name-width <width>
                          generate diffstat with a given name width
    --stat-graph-width <width>
                          generate diffstat with a given graph width
    --stat-count <count>  generate diffstat with limited lines
    --[no-]compact-summary
                          generate compact summary in diffstat
    --binary              output a binary diff that can be applied
    --[no-]full-index     show full pre- and post-image object names on the "index" lines
    --[no-]color[=<when>] show colored diff
    --ws-error-highlight <kind>
                          highlight whitespace errors in the 'context', 'old' or 'new' lines in the diff
    -z                    do not munge pathnames and use NULs as output field terminators in --raw or --numstat
    --[no-]abbrev[=<n>]   use <n> digits to display object names
    --src-prefix <prefix> show the given source prefix instead of "a/"
    --dst-prefix <prefix> show the given destination prefix instead of "b/"
    --line-prefix <prefix>
                          prepend an additional prefix to every line of output
    --no-prefix           do not show any source or destination prefix
    --default-prefix      use default prefixes a/ and b/
    --inter-hunk-context <n>
                          show context between diff hunks up to the specified number of lines
    --output-indicator-new <char>
                          specify the character to indicate a new line instead of '+'
    --output-indicator-old <char>
                          specify the character to indicate an old line instead of '-'
    --output-indicator-context <char>
                          specify the character to indicate a context instead of ' '

Diff rename options
    -B, --break-rewrites[=<n>[/<m>]]
                          break complete rewrite changes into pairs of delete and create
    -M, --find-renames[=<n>]
                          detect renames
    -D, --irreversible-delete
                          omit the preimage for deletes
    -C, --find-copies[=<n>]
                          detect copies
    --[no-]find-copies-harder
                          use unmodified files as source to find copies
    --no-renames          disable rename detection
    --[no-]rename-empty   use empty blobs as rename source
    --[no-]follow         continue listing the history of a file beyond renames
    -l <n>                prevent rename/copy detection if the number of rename/copy targets exceeds given limit

Diff algorithm options
    --minimal             produce the smallest possible diff
    -w, --ignore-all-space
                          ignore whitespace when comparing lines
    -b, --ignore-space-change
                          ignore changes in amount of whitespace
    --ignore-space-at-eol ignore changes in whitespace at EOL
    --ignore-cr-at-eol    ignore carrier-return at the end of line
    --ignore-blank-lines  ignore changes whose lines are all blank
    -I, --[no-]ignore-matching-lines <regex>
                          ignore changes whose all lines match <regex>
    --[no-]indent-heuristic
                          heuristic to shift diff hunk boundaries for easy reading
    --patience            generate diff using the "patience diff" algorithm
    --histogram           generate diff using the "histogram diff" algorithm
    --diff-algorithm <algorithm>
                          choose a diff algorithm
    --anchored <text>     generate diff using the "anchored diff" algorithm
    --word-diff[=<mode>]  show word diff, using <mode> to delimit changed words
    --word-diff-regex <regex>
                          use <regex> to decide what a word is
    --color-words[=<regex>]
                          equivalent to --word-diff=color --word-diff-regex=<regex>
    --[no-]color-moved[=<mode>]
                          moved lines of code are colored differently
    --[no-]color-moved-ws <mode>
                          how white spaces are ignored in --color-moved

Other diff options
    --[no-]relative[=<prefix>]
                          when run from subdir, exclude changes outside and show relative paths
    -a, --[no-]text       treat all files as text
    -R                    swap two inputs, reverse the diff
    --[no-]exit-code      exit with 1 if there were differences, 0 otherwise
    --[no-]quiet          disable all output of the program
    --[no-]ext-diff       allow an external diff helper to be executed
    --[no-]textconv       run external text conversion filters when comparing binary files
    --ignore-submodules[=<when>]
                          ignore changes to submodules in the diff generation
    --submodule[=<format>]
                          specify how differences in submodules are shown
    --ita-invisible-in-index
                          hide 'git add -N' entries from the index
    --ita-visible-in-index
                          treat 'git add -N' entries as real in the index
    -S <string>           look for differences that change the number of occurrences of the specified string
    -G <regex>            look for differences that change the number of occurrences of the specified regex
    --pickaxe-all         show all changes in the changeset with -S or -G
    --pickaxe-regex       treat <string> in -S as extended POSIX regular expression
    -O <file>             control the order in which files appear in the output
    --rotate-to <path>    show the change in the specified path first
    --skip-to <path>      skip the output to the specified path
    --find-object <object-id>
                          look for differences that change the number of occurrences of the specified object
    --diff-filter [(A|C|D|M|R|T|U|X|B)...[*]]
                          select files by diff type
    --max-depth <depth>   maximum tree depth to recurse
    --output <file>       output to a specific file   [ 40d7 →  40e4] GitProviderService.getDiffForLine — failed [26ms]
2026-05-16 00:22:13.096 [error] Error: error: unknown option `staged'
usage: git diff --no-index [<options>] <path> <path> [<pathspec>...]

Diff output format options
    -p, --patch           generate patch
    -s, --no-patch        suppress diff output
    -u                    generate patch
    -U, --unified[=<n>]   generate diffs with <n> lines context
    -W, --[no-]function-context
                          generate diffs with <n> lines context
    --raw                 generate the diff in raw format
    --patch-with-raw      synonym for '-p --raw'
    --patch-with-stat     synonym for '-p --stat'
    --numstat             machine friendly --stat
    --shortstat           output only the last line of --stat
    -X, --dirstat[=<param1>,<param2>...]
                          output the distribution of relative amount of changes for each sub-directory
    --cumulative          synonym for --dirstat=cumulative
    --dirstat-by-file[=<param1>,<param2>...]
                          synonym for --dirstat=files,<param1>,<param2>...
    --check               warn if changes introduce conflict markers or whitespace errors
    --summary             condensed summary such as creations, renames and mode changes
    --name-only           show only names of changed files
    --name-status         show only names and status of changed files
    --stat[=<width>[,<name-width>[,<count>]]]
                          generate diffstat
    --stat-width <width>  generate diffstat with a given width
    --stat-name-width <width>
                          generate diffstat with a given name width
    --stat-graph-width <width>
                          generate diffstat with a given graph width
    --stat-count <count>  generate diffstat with limited lines
    --[no-]compact-summary
                          generate compact summary in diffstat
    --binary              output a binary diff that can be applied
    --[no-]full-index     show full pre- and post-image object names on the "index" lines
    --[no-]color[=<when>] show colored diff
    --ws-error-highlight <kind>
                          highlight whitespace errors in the 'context', 'old' or 'new' lines in the diff
    -z                    do not munge pathnames and use NULs as output field terminators in --raw or --numstat
    --[no-]abbrev[=<n>]   use <n> digits to display object names
    --src-prefix <prefix> show the given source prefix instead of "a/"
    --dst-prefix <prefix> show the given destination prefix instead of "b/"
    --line-prefix <prefix>
                          prepend an additional prefix to every line of output
    --no-prefix           do not show any source or destination prefix
    --default-prefix      use default prefixes a/ and b/
    --inter-hunk-context <n>
                          show context between diff hunks up to the specified number of lines
    --output-indicator-new <char>
                          specify the character to indicate a new line instead of '+'
    --output-indicator-old <char>
                          specify the character to indicate an old line instead of '-'
    --output-indicator-context <char>
                          specify the character to indicate a context instead of ' '

Diff rename options
    -B, --break-rewrites[=<n>[/<m>]]
                          break complete rewrite changes into pairs of delete and create
    -M, --find-renames[=<n>]
                          detect renames
    -D, --irreversible-delete
                          omit the preimage for deletes
    -C, --find-copies[=<n>]
                          detect copies
    --[no-]find-copies-harder
                          use unmodified files as source to find copies
    --no-renames          disable rename detection
    --[no-]rename-empty   use empty blobs as rename source
    --[no-]follow         continue listing the history of a file beyond renames
    -l <n>                prevent rename/copy detection if the number of rename/copy targets exceeds given limit

Diff algorithm options
    --minimal             produce the smallest possible diff
    -w, --ignore-all-space
                          ignore whitespace when comparing lines
    -b, --ignore-space-change
                          ignore changes in amount of whitespace
    --ignore-space-at-eol ignore changes in whitespace at EOL
    --ignore-cr-at-eol    ignore carrier-return at the end of line
    --ignore-blank-lines  ignore changes whose lines are all blank
    -I, --[no-]ignore-matching-lines <regex>
                          ignore changes whose all lines match <regex>
    --[no-]indent-heuristic
                          heuristic to shift diff hunk boundaries for easy reading
    --patience            generate diff using the "patience diff" algorithm
    --histogram           generate diff using the "histogram diff" algorithm
    --diff-algorithm <algorithm>
                          choose a diff algorithm
    --anchored <text>     generate diff using the "anchored diff" algorithm
    --word-diff[=<mode>]  show word diff, using <mode> to delimit changed words
    --word-diff-regex <regex>
                          use <regex> to decide what a word is
    --color-words[=<regex>]
                          equivalent to --word-diff=color --word-diff-regex=<regex>
    --[no-]color-moved[=<mode>]
                          moved lines of code are colored differently
    --[no-]color-moved-ws <mode>
                          how white spaces are ignored in --color-moved

Other diff options
    --[no-]relative[=<prefix>]
                          when run from subdir, exclude changes outside and show relative paths
    -a, --[no-]text       treat all files as text
    -R                    swap two inputs, reverse the diff
    --[no-]exit-code      exit with 1 if there were differences, 0 otherwise
    --[no-]quiet          disable all output of the program
    --[no-]ext-diff       allow an external diff helper to be executed
    --[no-]textconv       run external text conversion filters when comparing binary files
    --ignore-submodules[=<when>]
                          ignore changes to submodules in the diff generation
    --submodule[=<format>]
                          specify how differences in submodules are shown
    --ita-invisible-in-index
                          hide 'git add -N' entries from the index
    --ita-visible-in-index
                          treat 'git add -N' entries as real in the index
    -S <string>           look for differences that change the number of occurrences of the specified string
    -G <regex>            look for differences that change the number of occurrences of the specified regex
    --pickaxe-all         show all changes in the changeset with -S or -G
    --pickaxe-regex       treat <string> in -S as extended POSIX regular expression
    -O <file>             control the order in which files appear in the output
    --rotate-to <path>    show the change in the specified path first
    --skip-to <path>      skip the output to the specified path
    --find-object <object-id>
                          look for differences that change the number of occurrences of the specified object
    --diff-filter [(A|C|D|M|R|T|U|X|B)...[*]]
                          select files by diff type
    --max-depth <depth>   maximum tree depth to recurse
    --output <file>       output to a specific file   [         40d7] LineHoverController.provideChangesHover(document=Uri(file:///home/amar/Code/CAN/main.c), position=10:2) — failed [50ms]
2026-05-16 00:22:13.884 [warning] [] Git not a git repository (or any of the parent directories): .git [13ms]
2026-05-16 00:22:13.884 [info]    [GIT      13ms] [] git status --porcelain=v2 --branch -u --find-renames -- [13ms]
2026-05-16 00:22:13.896 [warning] [] Git not a git repository (or any of the parent directories): .git [10ms]
2026-05-16 00:22:13.896 [info]    [GIT      10ms] [] git log --format=%x1E%H%x1D -n2 -L1,1:/main.c [10ms]
2026-05-16 00:22:15.717 [error] Error: Base path '' must be an absolute path   [ 40fd →  40fe] StatusBarController.updateBlame — failed [2ms]
2026-05-16 00:22:15.771 [error] Error: Base path '' must be an absolute path   [ 4109 →  410a] StatusBarController.updateBlame — failed [1ms]
2026-05-16 00:22:15.772 [error] Error: Base path '' must be an absolute path   [ 4112 →  4113] StatusBarController.updateBlame — failed [0ms]
2026-05-16 00:22:15.883 [error] Error: Base path '' must be an absolute path   [ 4117 →  4118] StatusBarController.updateBlame — failed [2ms]
2026-05-16 00:22:15.935 [error] Error: Base path '' must be an absolute path   [ 4122 →  4123] StatusBarController.updateBlame — failed [2ms]
2026-05-16 00:22:16.043 [error] Error: Base path '' must be an absolute path   [ 4127 →  4128] StatusBarController.updateBlame — failed [2ms]
2026-05-16 00:22:16.092 [error] Error: Base path '' must be an absolute path   [ 4132 →  4133] StatusBarController.updateBlame — failed [1ms]
2026-05-16 00:22:16.162 [error] Error: Base path '' must be an absolute path   [ 4137 →  4138] StatusBarController.updateBlame — failed [2ms]
2026-05-16 00:22:16.212 [error] Error: Base path '' must be an absolute path   [ 4142 →  4143] StatusBarController.updateBlame — failed [0ms]
2026-05-16 00:22:16.428 [error] Error: Base path '' must be an absolute path   [ 414b →  414c] StatusBarController.updateBlame — failed [2ms]
2026-05-16 00:22:16.479 [error] Error: Base path '' must be an absolute path   [ 4156 →  4157] StatusBarController.updateBlame — failed [1ms]
2026-05-16 00:22:17.410 [error] Error: Base path '' must be an absolute path   [ 415f →  4160] StatusBarController.updateBlame — failed [2ms]
2026-05-16 00:22:17.461 [error] Error: Base path '' must be an absolute path   [ 416a →  416b] StatusBarController.updateBlame — failed [1ms]
2026-05-16 00:22:17.903 [error] Error: Base path '' must be an absolute path   [ 4173 →  4174] StatusBarController.updateBlame — failed [1ms]
2026-05-16 00:22:17.955 [error] Error: Base path '' must be an absolute path   [ 417e →  417f] StatusBarController.updateBlame — failed [1ms]
2026-05-16 00:22:18.058 [error] Error: Base path '' must be an absolute path   [ 4183 →  4184] StatusBarController.updateBlame — failed [2ms]
2026-05-16 00:22:18.109 [error] Error: Base path '' must be an absolute path   [ 418e →  418f] StatusBarController.updateBlame — failed [1ms]
2026-05-16 00:22:18.199 [error] Error: Base path '' must be an absolute path   [ 4193 →  4194] StatusBarController.updateBlame — failed [2ms]
2026-05-16 00:22:18.248 [error] Error: Base path '' must be an absolute path   [ 419e →  419f] StatusBarController.updateBlame — failed [0ms]
2026-05-16 00:22:18.323 [error] Error: Base path '' must be an absolute path   [ 41a3 →  41a4] StatusBarController.updateBlame — failed [2ms]
2026-05-16 00:22:18.375 [error] Error: Base path '' must be an absolute path   [ 41ae →  41af] StatusBarController.updateBlame — failed [1ms]
2026-05-16 00:22:18.627 [error] Error: Base path '' must be an absolute path   [ 41b7 →  41b8] StatusBarController.updateBlame — failed [2ms]
2026-05-16 00:22:18.675 [error] Error: Base path '' must be an absolute path   [ 41c2 →  41c3] StatusBarController.updateBlame — failed [0ms]
2026-05-16 00:22:18.860 [error] Error: Base path '' must be an absolute path   [ 41c7 →  41c8] StatusBarController.updateBlame — failed [2ms]
2026-05-16 00:22:18.910 [error] Error: Base path '' must be an absolute path   [ 41d2 →  41d3] StatusBarController.updateBlame — failed [1ms]
2026-05-16 00:22:19.878 [error] Error: Base path '' must be an absolute path   [ 41e8 →  41e9] StatusBarController.updateBlame — failed [1ms]
2026-05-16 00:22:19.928 [error] Error: Base path '' must be an absolute path   [ 41f3 →  41f4] StatusBarController.updateBlame — failed [1ms]
2026-05-16 00:22:28.530 [error] Error: Base path '' must be an absolute path   [ 41f8 →  41f9] StatusBarController.updateBlame — failed [2ms]
2026-05-16 00:22:28.585 [error] Error: Base path '' must be an absolute path   [ 4204 →  4205] StatusBarController.updateBlame — failed [2ms]
2026-05-16 00:22:28.587 [error] Error: Base path '' must be an absolute path   [ 420d →  420e] StatusBarController.updateBlame — failed [1ms]
2026-05-16 00:22:28.748 [error] Error: Base path '' must be an absolute path   [ 4212 →  4213] StatusBarController.updateBlame — failed [2ms]
2026-05-16 00:22:28.798 [error] Error: Base path '' must be an absolute path   [ 421d →  421e] StatusBarController.updateBlame — failed [1ms]
2026-05-16 00:22:29.078 [error] Error: Base path '' must be an absolute path   [ 4226 →  4227] StatusBarController.updateBlame — failed [1ms]
2026-05-16 00:22:29.129 [error] Error: Base path '' must be an absolute path   [ 4231 →  4232] StatusBarController.updateBlame — failed [1ms]
2026-05-16 00:22:29.644 [error] Error: Base path '' must be an absolute path   [ 423a →  423b] StatusBarController.updateBlame — failed [2ms]
2026-05-16 00:22:29.694 [error] Error: Base path '' must be an absolute path   [ 4245 →  4246] StatusBarController.updateBlame — failed [1ms]
2026-05-16 00:22:30.662 [error] Error: Base path '' must be an absolute path   [ 4259 →  425a] StatusBarController.updateBlame — failed [0ms]
2026-05-16 00:22:30.712 [error] Error: Base path '' must be an absolute path   [ 4264 →  4265] StatusBarController.updateBlame — failed [0ms]
2026-05-16 00:22:39.056 [error] Error: Base path '' must be an absolute path   [ 4269 →  426a] StatusBarController.updateBlame — failed [2ms]
2026-05-16 00:22:39.111 [error] Error: Base path '' must be an absolute path   [ 4275 →  4276] StatusBarController.updateBlame — failed [1ms]
2026-05-16 00:22:39.113 [error] Error: Base path '' must be an absolute path   [ 427e →  427f] StatusBarController.updateBlame — failed [1ms]
2026-05-16 00:22:39.225 [error] Error: Base path '' must be an absolute path   [ 4283 →  4284] StatusBarController.updateBlame — failed [1ms]
2026-05-16 00:22:39.276 [error] Error: Base path '' must be an absolute path   [ 428e →  428f] StatusBarController.updateBlame — failed [1ms]
2026-05-16 00:22:40.222 [error] Error: Base path '' must be an absolute path   [ 4297 →  4298] StatusBarController.updateBlame — failed [2ms]
2026-05-16 00:22:40.272 [error] Error: Base path '' must be an absolute path   [ 42a2 →  42a3] StatusBarController.updateBlame — failed [1ms]
2026-05-16 00:22:40.446 [error] Error: Base path '' must be an absolute path   [ 42a7 →  42a8] StatusBarController.updateBlame — failed [2ms]
2026-05-16 00:22:40.495 [error] Error: Base path '' must be an absolute path   [ 42b2 →  42b3] StatusBarController.updateBlame — failed [1ms]
2026-05-16 00:22:40.624 [error] Error: Base path '' must be an absolute path   [ 42b7 →  42b8] StatusBarController.updateBlame — failed [2ms]
2026-05-16 00:22:40.676 [error] Error: Base path '' must be an absolute path   [ 42c2 →  42c3] StatusBarController.updateBlame — failed [1ms]
2026-05-16 00:22:40.818 [error] Error: Base path '' must be an absolute path   [ 42c7 →  42c8] StatusBarController.updateBlame — failed [2ms]
2026-05-16 00:22:40.868 [error] Error: Base path '' must be an absolute path   [ 42d2 →  42d3] StatusBarController.updateBlame — failed [0ms]
2026-05-16 00:22:40.961 [error] Error: Base path '' must be an absolute path   [ 42d7 →  42d8] StatusBarController.updateBlame — failed [2ms]
2026-05-16 00:22:41.012 [error] Error: Base path '' must be an absolute path   [ 42e2 →  42e3] StatusBarController.updateBlame — failed [1ms]
2026-05-16 00:22:41.111 [error] Error: Base path '' must be an absolute path   [ 42e7 →  42e8] StatusBarController.updateBlame — failed [1ms]
2026-05-16 00:22:41.161 [error] Error: Base path '' must be an absolute path   [ 42f2 →  42f3] StatusBarController.updateBlame — failed [1ms]
2026-05-16 00:22:41.353 [error] Error: Base path '' must be an absolute path   [ 42f7 →  42f8] StatusBarController.updateBlame — failed [2ms]
2026-05-16 00:22:41.404 [error] Error: Base path '' must be an absolute path   [ 4302 →  4303] StatusBarController.updateBlame — failed [2ms]
2026-05-16 00:22:41.732 [error] Error: Base path '' must be an absolute path   [ 430b →  430c] StatusBarController.updateBlame — failed [2ms]
2026-05-16 00:22:41.783 [error] Error: Base path '' must be an absolute path   [ 4316 →  4317] StatusBarController.updateBlame — failed [1ms]
2026-05-16 00:22:41.867 [error] Error: Base path '' must be an absolute path   [ 431b →  431c] StatusBarController.updateBlame — failed [2ms]
2026-05-16 00:22:41.918 [error] Error: Base path '' must be an absolute path   [ 4326 →  4327] StatusBarController.updateBlame — failed [1ms]
2026-05-16 00:22:42.086 [error] Error: Base path '' must be an absolute path   [ 432b →  432c] StatusBarController.updateBlame — failed [2ms]
2026-05-16 00:22:42.136 [error] Error: Base path '' must be an absolute path   [ 4336 →  4337] StatusBarController.updateBlame — failed [1ms]
2026-05-16 00:22:42.470 [error] Error: Base path '' must be an absolute path   [ 433f →  4340] StatusBarController.updateBlame — failed [2ms]
2026-05-16 00:22:42.522 [error] Error: Base path '' must be an absolute path   [ 434a →  434b] StatusBarController.updateBlame — failed [1ms]
2026-05-16 00:22:43.413 [error] Error: Base path '' must be an absolute path   [ 4353 →  4354] StatusBarController.updateBlame — failed [1ms]
2026-05-16 00:22:43.463 [error] Error: Base path '' must be an absolute path   [ 435e →  435f] StatusBarController.updateBlame — failed [1ms]
2026-05-16 00:22:43.645 [error] Error: Base path '' must be an absolute path   [ 4363 →  4364] StatusBarController.updateBlame — failed [1ms]
2026-05-16 00:22:43.649 [error] Error: Base path '' must be an absolute path   [ 436e →  436f] StatusBarController.updateBlame — failed [1ms]
2026-05-16 00:22:43.698 [error] Error: Base path '' must be an absolute path   [ 437b →  437c] StatusBarController.updateBlame — failed [2ms]
2026-05-16 00:22:44.666 [error] Error: Base path '' must be an absolute path   [ 4391 →  4392] StatusBarController.updateBlame — failed [1ms]
2026-05-16 00:22:44.716 [error] Error: Base path '' must be an absolute path   [ 439e →  439f] StatusBarController.updateBlame — failed [1ms]
2026-05-16 00:22:45.781 [error] Error: Base path '' must be an absolute path   [ 43a9 →  43aa] StatusBarController.updateBlame — failed [1ms]
2026-05-16 00:22:47.690 [error] Error: Base path '' must be an absolute path   [ 43ae →  43af] StatusBarController.updateBlame — failed [1ms]
2026-05-16 00:22:47.747 [error] Error: Base path '' must be an absolute path   [ 43ba →  43bb] StatusBarController.updateBlame — failed [1ms]
2026-05-16 00:22:47.749 [error] Error: Base path '' must be an absolute path   [ 43c3 →  43c4] StatusBarController.updateBlame — failed [1ms]
2026-05-16 00:22:47.949 [error] Error: Base path '' must be an absolute path   [ 43c8 →  43c9] StatusBarController.updateBlame — failed [2ms]
2026-05-16 00:22:47.999 [error] Error: Base path '' must be an absolute path   [ 43d3 →  43d4] StatusBarController.updateBlame — failed [1ms]
2026-05-16 00:22:48.952 [error] Error: Base path '' must be an absolute path   [ 43e2 →  43e3] StatusBarController.updateBlame — failed [2ms]
2026-05-16 00:22:48.996 [error] Error: Base path '' must be an absolute path   [ 43f4 →  43f5] StatusBarController.updateBlame — failed [1ms]
2026-05-16 00:22:49.048 [error] Error: Base path '' must be an absolute path   [ 4401 →  4402] StatusBarController.updateBlame — failed [2ms]
2026-05-16 00:22:50.006 [error] Error: Base path '' must be an absolute path   [ 440c →  440d] StatusBarController.updateBlame — failed [2ms]
2026-05-16 00:22:50.813 [error] Error: Base path '' must be an absolute path   [ 4411 →  4412] StatusBarController.updateBlame — failed [2ms]
2026-05-16 00:22:50.820 [error] Error: Base path '' must be an absolute path   [ 441c →  441d] StatusBarController.updateBlame — failed [2ms]
2026-05-16 00:22:50.870 [error] Error: Base path '' must be an absolute path   [ 442a →  442b] StatusBarController.updateBlame — failed [2ms]
2026-05-16 00:22:50.873 [error] Error: Base path '' must be an absolute path   [ 4435 →  4436] StatusBarController.updateBlame — failed [2ms]
2026-05-16 00:22:51.839 [error] Error: Base path '' must be an absolute path   [ 444b →  444c] StatusBarController.updateBlame — failed [1ms]
2026-05-16 00:22:51.890 [error] Error: Base path '' must be an absolute path   [ 4458 →  4459] StatusBarController.updateBlame — failed [1ms]
2026-05-16 00:22:52.363 [error] Error: Base path '' must be an absolute path   [ 445d →  445e] StatusBarController.updateBlame — failed [2ms]
2026-05-16 00:22:52.419 [error] Error: Base path '' must be an absolute path   [ 4469 →  446a] StatusBarController.updateBlame — failed [1ms]
2026-05-16 00:22:52.420 [error] Error: Base path '' must be an absolute path   [ 4472 →  4473] StatusBarController.updateBlame — failed [1ms]
2026-05-16 00:22:52.626 [info]    [GIT      13ms] [/home/amar/Code/CAN] git ls-files -- main.c [13ms]
2026-05-16 00:22:53.380 [error] Error: Base path '' must be an absolute path   [ 4487 →  4488] StatusBarController.updateBlame — failed [0ms]
2026-05-16 00:22:53.431 [error] Error: Base path '' must be an absolute path   [ 4492 →  4493] StatusBarController.updateBlame — failed [2ms]
2026-05-16 00:22:55.772 [error] Error: Base path '' must be an absolute path   [ 449d →  449e] StatusBarController.updateBlame — failed [2ms]
2026-05-16 00:22:56.710 [error] Error: Base path '' must be an absolute path   [ 44a2 →  44a3] StatusBarController.updateBlame — failed [2ms]
2026-05-16 00:22:56.765 [error] Error: Base path '' must be an absolute path   [ 44ae →  44af] StatusBarController.updateBlame — failed [1ms]
2026-05-16 00:22:56.766 [error] Error: Base path '' must be an absolute path   [ 44b7 →  44b8] StatusBarController.updateBlame — failed [0ms]
2026-05-16 00:22:56.874 [error] Error: Base path '' must be an absolute path   [ 44bc →  44bd] StatusBarController.updateBlame — failed [1ms]
2026-05-16 00:22:56.926 [error] Error: Base path '' must be an absolute path   [ 44c7 →  44c8] StatusBarController.updateBlame — failed [1ms]
2026-05-16 00:22:57.041 [error] Error: Base path '' must be an absolute path   [ 44cc →  44cd] StatusBarController.updateBlame — failed [2ms]
2026-05-16 00:22:57.093 [error] Error: Base path '' must be an absolute path   [ 44d7 →  44d8] StatusBarController.updateBlame — failed [1ms]
2026-05-16 00:22:57.135 [error] Error: Base path '' must be an absolute path   [ 44dc →  44dd] StatusBarController.updateBlame — failed [2ms]
2026-05-16 00:22:57.186 [error] Error: Base path '' must be an absolute path   [ 44e7 →  44e8] StatusBarController.updateBlame — failed [1ms]
2026-05-16 00:22:57.385 [error] Error: Base path '' must be an absolute path   [ 44ec →  44ed] StatusBarController.updateBlame — failed [2ms]
2026-05-16 00:22:57.436 [error] Error: Base path '' must be an absolute path   [ 44f7 →  44f8] StatusBarController.updateBlame — failed [1ms]
2026-05-16 00:22:57.489 [error] Error: Base path '' must be an absolute path   [ 44fc →  44fd] StatusBarController.updateBlame — failed [2ms]
2026-05-16 00:22:57.539 [error] Error: Base path '' must be an absolute path   [ 4507 →  4508] StatusBarController.updateBlame — failed [1ms]
2026-05-16 00:22:57.639 [error] Error: Base path '' must be an absolute path   [ 450c →  450d] StatusBarController.updateBlame — failed [2ms]
2026-05-16 00:22:57.691 [error] Error: Base path '' must be an absolute path   [ 4517 →  4518] StatusBarController.updateBlame — failed [1ms]
2026-05-16 00:22:57.784 [error] Error: Base path '' must be an absolute path   [ 451c →  451d] StatusBarController.updateBlame — failed [2ms]
2026-05-16 00:22:57.835 [error] Error: Base path '' must be an absolute path   [ 4527 →  4528] StatusBarController.updateBlame — failed [1ms]
2026-05-16 00:22:57.953 [error] Error: Base path '' must be an absolute path   [ 452c →  452d] StatusBarController.updateBlame — failed [2ms]
2026-05-16 00:22:58.004 [error] Error: Base path '' must be an absolute path   [ 4537 →  4538] StatusBarController.updateBlame — failed [1ms]
2026-05-16 00:22:58.973 [error] Error: Base path '' must be an absolute path   [ 454b →  454c] StatusBarController.updateBlame — failed [1ms]
2026-05-16 00:22:59.024 [error] Error: Base path '' must be an absolute path   [ 4556 →  4557] StatusBarController.updateBlame — failed [1ms]
2026-05-16 00:22:59.370 [error] Error: Base path '' must be an absolute path   [ 4561 →  4562] StatusBarController.updateBlame — failed [1ms]
2026-05-16 00:22:59.612 [error] Error: Base path '' must be an absolute path   [ 456c →  456d] StatusBarController.updateBlame — failed [2ms]
2026-05-16 00:23:00.046 [error] Error: Base path '' must be an absolute path   [ 4577 →  4578] StatusBarController.updateBlame — failed [1ms]
2026-05-16 00:23:26.829 [error] Error: Base path '' must be an absolute path   [ 45a3 →  45a4] StatusBarController.updateBlame — failed [1ms]
2026-05-16 00:23:28.137 [error] Error: Base path '' must be an absolute path   [ 45bc →  45bd] StatusBarController.updateBlame — failed [1ms]
2026-05-16 00:23:28.188 [error] Error: Base path '' must be an absolute path   [ 45c8 →  45c9] StatusBarController.updateBlame — failed [0ms]
2026-05-16 00:23:28.189 [error] Error: Base path '' must be an absolute path   [ 45d1 →  45d2] StatusBarController.updateBlame — failed [0ms]
2026-05-16 00:23:28.320 [error] Error: Base path '' must be an absolute path   [ 45d6 →  45d7] StatusBarController.updateBlame — failed [1ms]
2026-05-16 00:23:28.372 [error] Error: Base path '' must be an absolute path   [ 45e1 →  45e2] StatusBarController.updateBlame — failed [1ms]
2026-05-16 00:23:28.768 [error] Error: Base path '' must be an absolute path   [ 45ea →  45eb] StatusBarController.updateBlame — failed [2ms]
2026-05-16 00:23:28.772 [error] Error: Base path '' must be an absolute path   [ 45f5 →  45f6] StatusBarController.updateBlame — failed [1ms]
2026-05-16 00:23:28.818 [error] Error: Base path '' must be an absolute path   [ 4600 →  4601] StatusBarController.updateBlame — failed [1ms]
2026-05-16 00:23:29.807 [info]    [GIT:→3       ] (spawn) [/home/amar/Code/CAN] git blame --root --incremental --encoding=utf-8 -- main.c · starting...
2026-05-16 00:23:29.810 [info]    [GIT:←3   13ms] (spawn) [/home/amar/Code/CAN] git blame --root --incremental --encoding=utf-8 -- main.c [13ms]
2026-05-16 00:23:29.819 [error] Error: Base path '' must be an absolute path   [ 461e →  461f] StatusBarController.updateBlame — failed [1ms]
2026-05-16 00:23:29.827 [info]    [GIT:→4       ] (spawn) [/home/amar/Code/CAN] git blame --root --incremental --encoding=utf-8 HEAD -- main.c · starting...
2026-05-16 00:23:29.831 [info]    [GIT      20ms] [/home/amar/Code/CAN] git show --textconv HEAD:./main.c -- [20ms]
2026-05-16 00:23:29.832 [info]    [GIT:←4   11ms] (spawn) [/home/amar/Code/CAN] git blame --root --incremental --encoding=utf-8 HEAD -- main.c [11ms]
2026-05-16 00:23:32.684 [info]    [GIT      22ms] [] git cat-file commit 24919d7b0fe1ec41175941d59f657c95f5f08970 [22ms]
2026-05-16 00:23:32.685 [info]    [GIT      23ms] [] git log --format=%x1E%H%x1D --summary -n1 24919d7b0fe1ec41175941d59f657c95f5f08970^ -- main.c [23ms]
2026-05-16 00:23:32.690 [warning] [] Git not a git repository (or any of the parent directories): .git [15ms]
2026-05-16 00:23:32.691 [info]    [GIT      15ms] [] git log --format=%x1E%H%x1D%aN%x1D%aE%x1D%at%x1D%cN%x1D%cE%x1D%ct%x1D%P%x1D%D%x1D%B%x1D --numstat --raw -M --use-mailmap -m --no-min-parents -n1 24919d7b0fe1ec41175941d59f657c95f5f08970 -- [15ms]
2026-05-16 00:23:32.697 [error] Error: Base path '' must be an absolute path   [ 4644 →  4653] GitRepositoryService.getRevisionUri — failed [0ms]
2026-05-16 00:23:32.697 [error] Error: Base path '' must be an absolute path   [         4644] LineHoverController.provideDetailsHover(document=Uri(file:///home/amar/Code/CAN/main.c), position=22:30) — failed [40ms]
2026-05-16 00:23:34.885 [error] Error: Base path '' must be an absolute path   [ 4661 →  4662] StatusBarController.updateBlame — failed [1ms]
2026-05-16 00:23:34.886 [error] Error: Base path '' must be an absolute path   [ 466a →  466b] StatusBarController.updateBlame — failed [0ms]
2026-05-16 00:23:34.995 [error] Error: Base path '' must be an absolute path   [ 466f →  4670] StatusBarController.updateBlame — failed [2ms]
2026-05-16 00:23:35.045 [error] Error: Base path '' must be an absolute path   [ 467a →  467b] StatusBarController.updateBlame — failed [1ms]
2026-05-16 00:23:35.169 [error] Error: Base path '' must be an absolute path   [ 467f →  4680] StatusBarController.updateBlame — failed [2ms]
2026-05-16 00:23:35.219 [error] Error: Base path '' must be an absolute path   [ 468a →  468b] StatusBarController.updateBlame — failed [1ms]
2026-05-16 00:23:35.404 [error] Error: Base path '' must be an absolute path   [ 468f →  4690] StatusBarController.updateBlame — failed [1ms]
2026-05-16 00:23:35.456 [error] Error: Base path '' must be an absolute path   [ 469a →  469b] StatusBarController.updateBlame — failed [1ms]
2026-05-16 00:23:35.699 [error] Error: Base path '' must be an absolute path   [ 46a3 →  46a4] StatusBarController.updateBlame — failed [2ms]
2026-05-16 00:23:35.754 [error] Error: Base path '' must be an absolute path   [ 46ae →  46af] StatusBarController.updateBlame — failed [2ms]
2026-05-16 00:23:35.866 [error] Error: Base path '' must be an absolute path   [ 46b3 →  46b4] StatusBarController.updateBlame — failed [2ms]
2026-05-16 00:23:35.917 [error] Error: Base path '' must be an absolute path   [ 46be →  46bf] StatusBarController.updateBlame — failed [1ms]
2026-05-16 00:23:36.893 [error] Error: Base path '' must be an absolute path   [ 46d2 →  46d3] StatusBarController.updateBlame — failed [0ms]
2026-05-16 00:23:36.920 [error] Error: Base path '' must be an absolute path   [ 46d7 →  46d8] StatusBarController.updateBlame — failed [1ms]
2026-05-16 00:23:36.973 [error] Error: Base path '' must be an absolute path   [ 46e3 →  46e4] StatusBarController.updateBlame — failed [0ms]
2026-05-16 00:23:36.974 [error] Error: Base path '' must be an absolute path   [ 46ec →  46ed] StatusBarController.updateBlame — failed [0ms]
2026-05-16 00:23:37.463 [error] Error: Base path '' must be an absolute path   [ 46f5 →  46f6] StatusBarController.updateBlame — failed [1ms]
2026-05-16 00:23:37.514 [error] Error: Base path '' must be an absolute path   [ 4700 →  4701] StatusBarController.updateBlame — failed [1ms]
2026-05-16 00:23:37.888 [error] Error: Base path '' must be an absolute path   [ 4709 →  470a] StatusBarController.updateBlame — failed [2ms]
2026-05-16 00:23:37.938 [error] Error: Base path '' must be an absolute path   [ 4714 →  4715] StatusBarController.updateBlame — failed [1ms]
2026-05-16 00:23:38.022 [error] Error: Base path '' must be an absolute path   [ 4719 →  471a] StatusBarController.updateBlame — failed [1ms]
2026-05-16 00:23:38.072 [error] Error: Base path '' must be an absolute path   [ 4724 →  4725] StatusBarController.updateBlame — failed [1ms]
2026-05-16 00:23:38.203 [error] Error: Base path '' must be an absolute path   [ 4729 →  472a] StatusBarController.updateBlame — failed [2ms]
2026-05-16 00:23:38.255 [error] Error: Base path '' must be an absolute path   [ 4734 →  4735] StatusBarController.updateBlame — failed [1ms]
2026-05-16 00:23:38.486 [error] Error: Base path '' must be an absolute path   [ 473d →  473e] StatusBarController.updateBlame — failed [2ms]
2026-05-16 00:23:38.538 [error] Error: Base path '' must be an absolute path   [ 4748 →  4749] StatusBarController.updateBlame — failed [1ms]
2026-05-16 00:23:38.712 [error] Error: Base path '' must be an absolute path   [ 474d →  474e] StatusBarController.updateBlame — failed [1ms]
2026-05-16 00:23:38.763 [error] Error: Base path '' must be an absolute path   [ 4758 →  4759] StatusBarController.updateBlame — failed [1ms]
2026-05-16 00:23:38.874 [error] Error: Base path '' must be an absolute path   [ 475d →  475e] StatusBarController.updateBlame — failed [1ms]
2026-05-16 00:23:38.924 [error] Error: Base path '' must be an absolute path   [ 4768 →  4769] StatusBarController.updateBlame — failed [1ms]
2026-05-16 00:23:39.040 [error] Error: Base path '' must be an absolute path   [ 476d →  476e] StatusBarController.updateBlame — failed [2ms]
2026-05-16 00:23:39.092 [error] Error: Base path '' must be an absolute path   [ 4778 →  4779] StatusBarController.updateBlame — failed [1ms]
2026-05-16 00:23:39.242 [error] Error: Base path '' must be an absolute path   [ 477d →  477e] StatusBarController.updateBlame — failed [1ms]
2026-05-16 00:23:39.292 [error] Error: Base path '' must be an absolute path   [ 4788 →  4789] StatusBarController.updateBlame — failed [1ms]
2026-05-16 00:23:40.087 [error] Error: Base path '' must be an absolute path   [ 4791 →  4792] StatusBarController.updateBlame — failed [2ms]
2026-05-16 00:23:40.138 [error] Error: Base path '' must be an absolute path   [ 479c →  479d] StatusBarController.updateBlame — failed [1ms]
2026-05-16 00:23:40.302 [error] Error: Base path '' must be an absolute path   [ 47a1 →  47a2] StatusBarController.updateBlame — failed [2ms]
2026-05-16 00:23:40.352 [error] Error: Base path '' must be an absolute path   [ 47ac →  47ad] StatusBarController.updateBlame — failed [1ms]
2026-05-16 00:23:40.434 [error] Error: Base path '' must be an absolute path   [ 47b1 →  47b2] StatusBarController.updateBlame — failed [2ms]
2026-05-16 00:23:40.485 [error] Error: Base path '' must be an absolute path   [ 47bc →  47bd] StatusBarController.updateBlame — failed [1ms]
2026-05-16 00:23:40.704 [error] Error: Base path '' must be an absolute path   [ 47c5 →  47c6] StatusBarController.updateBlame — failed [2ms]
2026-05-16 00:23:40.755 [error] Error: Base path '' must be an absolute path   [ 47d0 →  47d1] StatusBarController.updateBlame — failed [1ms]
2026-05-16 00:23:41.725 [error] Error: Base path '' must be an absolute path   [ 47e4 →  47e5] StatusBarController.updateBlame — failed [0ms]
2026-05-16 00:23:41.776 [error] Error: Base path '' must be an absolute path   [ 47ef →  47f0] StatusBarController.updateBlame — failed [1ms]
2026-05-16 00:23:42.521 [error] Error: Base path '' must be an absolute path   [ 47f4 →  47f5] StatusBarController.updateBlame — failed [2ms]
2026-05-16 00:23:42.578 [error] Error: Base path '' must be an absolute path   [ 4800 →  4801] StatusBarController.updateBlame — failed [1ms]
2026-05-16 00:23:42.580 [error] Error: Base path '' must be an absolute path   [ 4809 →  480a] StatusBarController.updateBlame — failed [1ms]
2026-05-16 00:23:43.543 [error] Error: Base path '' must be an absolute path   [ 481f →  4820] StatusBarController.updateBlame — failed [0ms]
2026-05-16 00:23:43.596 [error] Error: Base path '' must be an absolute path   [ 482a →  482b] StatusBarController.updateBlame — failed [2ms]
2026-05-16 00:23:46.941 [error] Error: Base path '' must be an absolute path   [ 483f →  4840] StatusBarController.updateBlame — failed [2ms]
2026-05-16 00:23:51.353 [error] Error: Base path '' must be an absolute path   [ 4866 →  4867] StatusBarController.updateBlame — failed [1ms]
2026-05-16 00:23:51.405 [error] Error: Base path '' must be an absolute path   [ 4874 →  4875] StatusBarController.updateBlame — failed [2ms]
2026-05-16 00:23:51.407 [error] Error: Base path '' must be an absolute path   [ 487f →  4880] StatusBarController.updateBlame — failed [2ms]
2026-05-16 00:23:52.382 [error] Error: Base path '' must be an absolute path   [ 4895 →  4896] StatusBarController.updateBlame — failed [2ms]
2026-05-16 00:23:52.431 [error] Error: Base path '' must be an absolute path   [ 48a2 →  48a3] StatusBarController.updateBlame — failed [1ms]
2026-05-16 00:23:53.404 [error] Error: Base path '' must be an absolute path   [ 48a7 →  48a8] StatusBarController.updateBlame — failed [2ms]
2026-05-16 00:23:53.465 [error] Error: Base path '' must be an absolute path   [ 48b3 →  48b4] StatusBarController.updateBlame — failed [2ms]
2026-05-16 00:23:53.467 [error] Error: Base path '' must be an absolute path   [ 48bc →  48bd] StatusBarController.updateBlame — failed [1ms]
2026-05-16 00:23:53.601 [error] Error: Base path '' must be an absolute path   [ 48c1 →  48c2] StatusBarController.updateBlame — failed [2ms]
2026-05-16 00:23:53.652 [error] Error: Base path '' must be an absolute path   [ 48cc →  48cd] StatusBarController.updateBlame — failed [1ms]
2026-05-16 00:23:53.703 [error] Error: Base path '' must be an absolute path   [ 48d1 →  48d2] StatusBarController.updateBlame — failed [2ms]
2026-05-16 00:23:53.754 [error] Error: Base path '' must be an absolute path   [ 48dc →  48dd] StatusBarController.updateBlame — failed [1ms]
2026-05-16 00:23:53.968 [info]    [GIT      14ms] [/home/amar/Code/CAN] git ls-files -- main.c [14ms]
2026-05-16 00:23:54.116 [error] Error: Base path '' must be an absolute path   [ 48e6 →  48e7] StatusBarController.updateBlame — failed [2ms]
2026-05-16 00:23:54.167 [error] Error: Base path '' must be an absolute path   [ 48f1 →  48f2] StatusBarController.updateBlame — failed [1ms]
2026-05-16 00:23:54.245 [error] Error: Base path '' must be an absolute path   [ 48f6 →  48f7] StatusBarController.updateBlame — failed [2ms]
2026-05-16 00:23:54.300 [error] Error: Base path '' must be an absolute path   [ 4901 →  4902] StatusBarController.updateBlame — failed [5ms]
2026-05-16 00:23:54.429 [error] Error: Base path '' must be an absolute path   [ 4906 →  4907] StatusBarController.updateBlame — failed [1ms]
2026-05-16 00:23:54.480 [error] Error: Base path '' must be an absolute path   [ 4911 →  4912] StatusBarController.updateBlame — failed [1ms]
2026-05-16 00:23:54.653 [error] Error: Base path '' must be an absolute path   [ 4916 →  4917] StatusBarController.updateBlame — failed [2ms]
2026-05-16 00:23:54.702 [error] Error: Base path '' must be an absolute path   [ 4921 →  4922] StatusBarController.updateBlame — failed [0ms]
2026-05-16 00:23:55.670 [error] Error: Base path '' must be an absolute path   [ 4935 →  4936] StatusBarController.updateBlame — failed [0ms]
2026-05-16 00:23:55.721 [error] Error: Base path '' must be an absolute path   [ 4940 →  4941] StatusBarController.updateBlame — failed [1ms]
2026-05-16 00:23:56.146 [error] Error: Base path '' must be an absolute path   [ 4945 →  4946] StatusBarController.updateBlame — failed [1ms]
2026-05-16 00:23:56.202 [error] Error: Base path '' must be an absolute path   [ 4951 →  4952] StatusBarController.updateBlame — failed [1ms]
2026-05-16 00:23:56.203 [error] Error: Base path '' must be an absolute path   [ 495a →  495b] StatusBarController.updateBlame — failed [1ms]
2026-05-16 00:23:56.908 [error] Error: Base path '' must be an absolute path   [ 4963 →  4964] StatusBarController.updateBlame — failed [1ms]
2026-05-16 00:23:56.959 [error] Error: Base path '' must be an absolute path   [ 496e →  496f] StatusBarController.updateBlame — failed [1ms]
2026-05-16 00:23:57.926 [error] Error: Base path '' must be an absolute path   [ 4982 →  4983] StatusBarController.updateBlame — failed [0ms]
2026-05-16 00:23:57.978 [error] Error: Base path '' must be an absolute path   [ 498d →  498e] StatusBarController.updateBlame — failed [1ms]
2026-05-16 00:23:58.227 [error] Error: Base path '' must be an absolute path   [ 4992 →  4993] StatusBarController.updateBlame — failed [2ms]
2026-05-16 00:23:58.282 [error] Error: Base path '' must be an absolute path   [ 499e →  499f] StatusBarController.updateBlame — failed [1ms]
2026-05-16 00:23:58.284 [error] Error: Base path '' must be an absolute path   [ 49a7 →  49a8] StatusBarController.updateBlame — failed [1ms]
2026-05-16 00:23:58.366 [error] Error: Base path '' must be an absolute path   [ 49ac →  49ad] StatusBarController.updateBlame — failed [1ms]
2026-05-16 00:23:58.418 [error] Error: Base path '' must be an absolute path   [ 49b7 →  49b8] StatusBarController.updateBlame — failed [1ms]
2026-05-16 00:23:58.646 [error] Error: Base path '' must be an absolute path   [ 49c0 →  49c1] StatusBarController.updateBlame — failed [2ms]
2026-05-16 00:23:58.697 [error] Error: Base path '' must be an absolute path   [ 49cb →  49cc] StatusBarController.updateBlame — failed [1ms]
2026-05-16 00:23:59.665 [error] Error: Base path '' must be an absolute path   [ 49df →  49e0] StatusBarController.updateBlame — failed [1ms]
2026-05-16 00:23:59.715 [error] Error: Base path '' must be an absolute path   [ 49ea →  49eb] StatusBarController.updateBlame — failed [1ms]
2026-05-16 00:24:01.376 [error] Error: Base path '' must be an absolute path   [ 49f9 →  49fa] StatusBarController.updateBlame — failed [2ms]
2026-05-16 00:24:03.755 [error] Error: Base path '' must be an absolute path   [ 4a09 →  4a0a] StatusBarController.updateBlame — failed [2ms]
2026-05-16 00:24:03.758 [error] Error: Base path '' must be an absolute path   [ 4a12 →  4a13] StatusBarController.updateBlame — failed [1ms]
2026-05-16 00:24:03.907 [error] Error: Base path '' must be an absolute path   [ 4a17 →  4a18] StatusBarController.updateBlame — failed [2ms]
2026-05-16 00:24:03.957 [error] Error: Base path '' must be an absolute path   [ 4a22 →  4a23] StatusBarController.updateBlame — failed [1ms]
2026-05-16 00:24:04.927 [error] Error: Base path '' must be an absolute path   [ 4a36 →  4a37] StatusBarController.updateBlame — failed [1ms]
2026-05-16 00:24:04.977 [error] Error: Base path '' must be an absolute path   [ 4a41 →  4a42] StatusBarController.updateBlame — failed [1ms]
2026-05-16 00:24:05.520 [error] Error: Base path '' must be an absolute path   [ 4a46 →  4a47] StatusBarController.updateBlame — failed [1ms]
2026-05-16 00:24:05.577 [error] Error: Base path '' must be an absolute path   [ 4a52 →  4a53] StatusBarController.updateBlame — failed [1ms]
2026-05-16 00:24:05.578 [error] Error: Base path '' must be an absolute path   [ 4a5b →  4a5c] StatusBarController.updateBlame — failed [0ms]
2026-05-16 00:24:06.540 [error] Error: Base path '' must be an absolute path   [ 4a6f →  4a70] StatusBarController.updateBlame — failed [1ms]
2026-05-16 00:24:06.591 [error] Error: Base path '' must be an absolute path   [ 4a7a →  4a7b] StatusBarController.updateBlame — failed [1ms]
2026-05-16 00:24:06.736 [error] Error: Base path '' must be an absolute path   [ 4a7f →  4a80] StatusBarController.updateBlame — failed [1ms]
2026-05-16 00:24:06.789 [error] Error: Base path '' must be an absolute path   [ 4a8b →  4a8c] StatusBarController.updateBlame — failed [1ms]
2026-05-16 00:24:06.790 [error] Error: Base path '' must be an absolute path   [ 4a94 →  4a95] StatusBarController.updateBlame — failed [0ms]
2026-05-16 00:24:07.757 [error] Error: Base path '' must be an absolute path   [ 4aa8 →  4aa9] StatusBarController.updateBlame — failed [0ms]
2026-05-16 00:24:07.808 [error] Error: Base path '' must be an absolute path   [ 4ab3 →  4ab4] StatusBarController.updateBlame — failed [1ms]
2026-05-16 00:24:07.811 [error] Error: Base path '' must be an absolute path   [ 4ab8 →  4ab9] StatusBarController.updateBlame — failed [1ms]
2026-05-16 00:24:07.867 [error] Error: Base path '' must be an absolute path   [ 4ac4 →  4ac5] StatusBarController.updateBlame — failed [1ms]
2026-05-16 00:24:07.868 [error] Error: Base path '' must be an absolute path   [ 4acd →  4ace] StatusBarController.updateBlame — failed [1ms]
2026-05-16 00:24:07.982 [error] Error: Base path '' must be an absolute path   [ 4ad2 →  4ad3] StatusBarController.updateBlame — failed [2ms]
2026-05-16 00:24:08.033 [error] Error: Base path '' must be an absolute path   [ 4add →  4ade] StatusBarController.updateBlame — failed [1ms]
2026-05-16 00:24:08.673 [error] Error: Base path '' must be an absolute path   [ 4aec →  4aed] StatusBarController.updateBlame — failed [1ms]
2026-05-16 00:24:09.884 [error] Error: Base path '' must be an absolute path   [ 4b19 →  4b1a] StatusBarController.updateBlame — failed [1ms]
2026-05-16 00:24:09.886 [error] Error: Base path '' must be an absolute path   [ 4b22 →  4b23] StatusBarController.updateBlame — failed [1ms]
2026-05-16 00:24:09.977 [error] Error: Base path '' must be an absolute path   [ 4b27 →  4b28] StatusBarController.updateBlame — failed [1ms]
2026-05-16 00:24:10.028 [error] Error: Base path '' must be an absolute path   [ 4b32 →  4b33] StatusBarController.updateBlame — failed [1ms]
2026-05-16 00:24:10.116 [error] Error: Base path '' must be an absolute path   [ 4b37 →  4b38] StatusBarController.updateBlame — failed [2ms]
2026-05-16 00:24:10.167 [error] Error: Base path '' must be an absolute path   [ 4b42 →  4b43] StatusBarController.updateBlame — failed [1ms]
2026-05-16 00:24:10.247 [error] Error: Base path '' must be an absolute path   [ 4b47 →  4b48] StatusBarController.updateBlame — failed [2ms]
2026-05-16 00:24:10.298 [error] Error: Base path '' must be an absolute path   [ 4b52 →  4b53] StatusBarController.updateBlame — failed [1ms]
2026-05-16 00:24:10.370 [error] Error: Base path '' must be an absolute path   [ 4b57 →  4b58] StatusBarController.updateBlame — failed [2ms]
2026-05-16 00:24:10.421 [error] Error: Base path '' must be an absolute path   [ 4b62 →  4b63] StatusBarController.updateBlame — failed [1ms]
2026-05-16 00:24:10.551 [error] Error: Base path '' must be an absolute path   [ 4b67 →  4b68] StatusBarController.updateBlame — failed [2ms]
2026-05-16 00:24:10.601 [error] Error: Base path '' must be an absolute path   [ 4b72 →  4b73] StatusBarController.updateBlame — failed [1ms]
2026-05-16 00:24:11.254 [error] Error: Base path '' must be an absolute path   [ 4b7b →  4b7c] StatusBarController.updateBlame — failed [1ms]
2026-05-16 00:24:11.306 [error] Error: Base path '' must be an absolute path   [ 4b86 →  4b87] StatusBarController.updateBlame — failed [1ms]
2026-05-16 00:24:11.458 [error] Error: Base path '' must be an absolute path   [ 4b8b →  4b8c] StatusBarController.updateBlame — failed [2ms]
2026-05-16 00:24:11.509 [error] Error: Base path '' must be an absolute path   [ 4b96 →  4b97] StatusBarController.updateBlame — failed [1ms]
2026-05-16 00:24:11.724 [error] Error: Base path '' must be an absolute path   [ 4b9f →  4ba0] StatusBarController.updateBlame — failed [2ms]
2026-05-16 00:24:11.774 [error] Error: Base path '' must be an absolute path   [ 4baa →  4bab] StatusBarController.updateBlame — failed [1ms]
2026-05-16 00:24:12.707 [error] Error: Base path '' must be an absolute path   [ 4bb3 →  4bb4] StatusBarController.updateBlame — failed [1ms]
2026-05-16 00:24:12.759 [error] Error: Base path '' must be an absolute path   [ 4bbe →  4bbf] StatusBarController.updateBlame — failed [0ms]
2026-05-16 00:24:12.950 [error] Error: Base path '' must be an absolute path   [ 4bc3 →  4bc4] StatusBarController.updateBlame — failed [1ms]
2026-05-16 00:24:13.002 [error] Error: Base path '' must be an absolute path   [ 4bce →  4bcf] StatusBarController.updateBlame — failed [1ms]
2026-05-16 00:24:13.988 [error] Error: Base path '' must be an absolute path   [ 4be2 →  4be3] StatusBarController.updateBlame — failed [1ms]
2026-05-16 00:24:14.036 [error] Error: Base path '' must be an absolute path   [ 4bed →  4bee] StatusBarController.updateBlame — failed [1ms]
2026-05-16 00:24:16.763 [error] Error: Base path '' must be an absolute path   [ 4bf2 →  4bf3] StatusBarController.updateBlame — failed [1ms]
2026-05-16 00:24:16.816 [error] Error: Base path '' must be an absolute path   [ 4bfe →  4bff] StatusBarController.updateBlame — failed [1ms]
2026-05-16 00:24:16.817 [error] Error: Base path '' must be an absolute path   [ 4c07 →  4c08] StatusBarController.updateBlame — failed [0ms]
2026-05-16 00:24:17.791 [error] Error: Base path '' must be an absolute path   [ 4c1b →  4c1c] StatusBarController.updateBlame — failed [1ms]
2026-05-16 00:24:17.841 [error] Error: Base path '' must be an absolute path   [ 4c26 →  4c27] StatusBarController.updateBlame — failed [1ms]
2026-05-16 00:24:20.330 [error] Error: Base path '' must be an absolute path   [ 4c2b →  4c2c] StatusBarController.updateBlame — failed [2ms]
2026-05-16 00:24:20.388 [error] Error: Base path '' must be an absolute path   [ 4c37 →  4c38] StatusBarController.updateBlame — failed [1ms]
2026-05-16 00:24:20.390 [error] Error: Base path '' must be an absolute path   [ 4c40 →  4c41] StatusBarController.updateBlame — failed [1ms]
2026-05-16 00:24:20.466 [error] Error: Base path '' must be an absolute path   [ 4c45 →  4c46] StatusBarController.updateBlame — failed [2ms]
2026-05-16 00:24:20.517 [error] Error: Base path '' must be an absolute path   [ 4c50 →  4c51] StatusBarController.updateBlame — failed [1ms]
2026-05-16 00:24:20.650 [error] Error: Base path '' must be an absolute path   [ 4c55 →  4c56] StatusBarController.updateBlame — failed [1ms]
2026-05-16 00:24:20.701 [error] Error: Base path '' must be an absolute path   [ 4c60 →  4c61] StatusBarController.updateBlame — failed [1ms]
2026-05-16 00:24:20.816 [error] Error: Base path '' must be an absolute path   [ 4c65 →  4c66] StatusBarController.updateBlame — failed [2ms]
2026-05-16 00:24:20.867 [error] Error: Base path '' must be an absolute path   [ 4c70 →  4c71] StatusBarController.updateBlame — failed [1ms]
2026-05-16 00:24:21.217 [error] Error: Base path '' must be an absolute path   [ 4c79 →  4c7a] StatusBarController.updateBlame — failed [2ms]
2026-05-16 00:24:21.267 [error] Error: Base path '' must be an absolute path   [ 4c84 →  4c85] StatusBarController.updateBlame — failed [0ms]
2026-05-16 00:24:21.354 [error] Error: Base path '' must be an absolute path   [ 4c89 →  4c8a] StatusBarController.updateBlame — failed [1ms]
2026-05-16 00:24:21.406 [error] Error: Base path '' must be an absolute path   [ 4c94 →  4c95] StatusBarController.updateBlame — failed [1ms]
2026-05-16 00:24:21.479 [error] Error: Base path '' must be an absolute path   [ 4c99 →  4c9a] StatusBarController.updateBlame — failed [1ms]
2026-05-16 00:24:21.531 [error] Error: Base path '' must be an absolute path   [ 4ca4 →  4ca5] StatusBarController.updateBlame — failed [1ms]
2026-05-16 00:24:21.605 [error] Error: Base path '' must be an absolute path   [ 4ca9 →  4caa] StatusBarController.updateBlame — failed [2ms]
2026-05-16 00:24:21.655 [error] Error: Base path '' must be an absolute path   [ 4cb4 →  4cb5] StatusBarController.updateBlame — failed [1ms]
2026-05-16 00:24:22.019 [error] Error: Base path '' must be an absolute path   [ 4cbd →  4cbe] StatusBarController.updateBlame — failed [2ms]
2026-05-16 00:24:22.069 [error] Error: Base path '' must be an absolute path   [ 4cc8 →  4cc9] StatusBarController.updateBlame — failed [1ms]
2026-05-16 00:24:22.204 [error] Error: Base path '' must be an absolute path   [ 4ccd →  4cce] StatusBarController.updateBlame — failed [2ms]
2026-05-16 00:24:22.255 [error] Error: Base path '' must be an absolute path   [ 4cd8 →  4cd9] StatusBarController.updateBlame — failed [1ms]
2026-05-16 00:24:22.381 [error] Error: Base path '' must be an absolute path   [ 4cdd →  4cde] StatusBarController.updateBlame — failed [2ms]
2026-05-16 00:24:22.431 [error] Error: Base path '' must be an absolute path   [ 4ce8 →  4ce9] StatusBarController.updateBlame — failed [1ms]
2026-05-16 00:24:22.544 [error] Error: Base path '' must be an absolute path   [ 4ced →  4cee] StatusBarController.updateBlame — failed [1ms]
2026-05-16 00:24:22.596 [error] Error: Base path '' must be an absolute path   [ 4cf8 →  4cf9] StatusBarController.updateBlame — failed [1ms]
2026-05-16 00:24:22.723 [error] Error: Base path '' must be an absolute path   [ 4cfd →  4cfe] StatusBarController.updateBlame — failed [1ms]
2026-05-16 00:24:22.773 [error] Error: Base path '' must be an absolute path   [ 4d08 →  4d09] StatusBarController.updateBlame — failed [1ms]
2026-05-16 00:24:23.746 [error] Error: Base path '' must be an absolute path   [ 4d1c →  4d1d] StatusBarController.updateBlame — failed [0ms]
2026-05-16 00:24:23.796 [error] Error: Base path '' must be an absolute path   [ 4d27 →  4d28] StatusBarController.updateBlame — failed [1ms]
2026-05-16 00:24:30.321 [error] Error: Base path '' must be an absolute path   [ 4d45 →  4d46] StatusBarController.updateBlame — failed [2ms]
2026-05-16 00:24:32.126 [error] Error: Base path '' must be an absolute path   [ 4d5a →  4d5b] StatusBarController.updateBlame — failed [2ms]
2026-05-16 00:25:18.839 [error] Error: Base path '' must be an absolute path   [ 4d7a →  4d7b] StatusBarController.updateBlame — failed [2ms]
2026-05-16 00:25:21.193 [error] Error: Base path '' must be an absolute path   [ 4d7f →  4d80] StatusBarController.updateBlame — failed [2ms]
2026-05-16 00:25:21.248 [error] Error: Base path '' must be an absolute path   [ 4d8b →  4d8c] StatusBarController.updateBlame — failed [1ms]
2026-05-16 00:25:21.249 [error] Error: Base path '' must be an absolute path   [ 4d94 →  4d95] StatusBarController.updateBlame — failed [0ms]
2026-05-16 00:25:21.455 [info]    [GIT      10ms] [/home/amar/Code/CAN] git ls-files -- main.c [10ms]
2026-05-16 00:25:21.843 [error] Error: Base path '' must be an absolute path   [ 4d9e →  4d9f] StatusBarController.updateBlame — failed [2ms]
2026-05-16 00:25:21.893 [error] Error: Base path '' must be an absolute path   [ 4da9 →  4daa] StatusBarController.updateBlame — failed [1ms]
2026-05-16 00:25:22.755 [error] Error: Base path '' must be an absolute path   [ 4db2 →  4db3] StatusBarController.updateBlame — failed [1ms]
2026-05-16 00:25:22.806 [error] Error: Base path '' must be an absolute path   [ 4dbd →  4dbe] StatusBarController.updateBlame — failed [1ms]
2026-05-16 00:25:23.796 [error] Error: Base path '' must be an absolute path   [ 4dd1 →  4dd2] StatusBarController.updateBlame — failed [1ms]
2026-05-16 00:25:23.846 [error] Error: Base path '' must be an absolute path   [ 4ddc →  4ddd] StatusBarController.updateBlame — failed [1ms]
2026-05-16 00:25:23.889 [error] Error: Base path '' must be an absolute path   [ 4de1 →  4de2] StatusBarController.updateBlame — failed [2ms]
2026-05-16 00:25:23.947 [error] Error: Base path '' must be an absolute path   [ 4ded →  4dee] StatusBarController.updateBlame — failed [1ms]
2026-05-16 00:25:23.949 [error] Error: Base path '' must be an absolute path   [ 4df6 →  4df7] StatusBarController.updateBlame — failed [1ms]
2026-05-16 00:25:24.914 [error] Error: Base path '' must be an absolute path   [ 4e0a →  4e0b] StatusBarController.updateBlame — failed [0ms]
2026-05-16 00:25:24.966 [error] Error: Base path '' must be an absolute path   [ 4e15 →  4e16] StatusBarController.updateBlame — failed [1ms]
2026-05-16 00:25:25.259 [error] Error: Base path '' must be an absolute path   [ 4e1a →  4e1b] StatusBarController.updateBlame — failed [2ms]
2026-05-16 00:25:25.316 [error] Error: Base path '' must be an absolute path   [ 4e26 →  4e27] StatusBarController.updateBlame — failed [2ms]
2026-05-16 00:25:25.317 [error] Error: Base path '' must be an absolute path   [ 4e2f →  4e30] StatusBarController.updateBlame — failed [0ms]
2026-05-16 00:25:26.281 [error] Error: Base path '' must be an absolute path   [ 4e43 →  4e44] StatusBarController.updateBlame — failed [1ms]
2026-05-16 00:25:26.330 [error] Error: Base path '' must be an absolute path   [ 4e4e →  4e4f] StatusBarController.updateBlame — failed [1ms]
2026-05-16 00:25:26.662 [error] Error: Base path '' must be an absolute path   [ 4e53 →  4e54] StatusBarController.updateBlame — failed [1ms]
2026-05-16 00:25:26.716 [error] Error: Base path '' must be an absolute path   [ 4e5f →  4e60] StatusBarController.updateBlame — failed [1ms]
2026-05-16 00:25:26.717 [error] Error: Base path '' must be an absolute path   [ 4e68 →  4e69] StatusBarController.updateBlame — failed [0ms]
2026-05-16 00:25:27.686 [error] Error: Base path '' must be an absolute path   [ 4e7c →  4e7d] StatusBarController.updateBlame — failed [1ms]
2026-05-16 00:25:27.736 [error] Error: Base path '' must be an absolute path   [ 4e87 →  4e88] StatusBarController.updateBlame — failed [1ms]
2026-05-16 00:25:27.763 [error] Error: Base path '' must be an absolute path   [ 4e8c →  4e8d] StatusBarController.updateBlame — failed [2ms]
2026-05-16 00:25:27.818 [error] Error: Base path '' must be an absolute path   [ 4e98 →  4e99] StatusBarController.updateBlame — failed [1ms]
2026-05-16 00:25:27.820 [error] Error: Base path '' must be an absolute path   [ 4ea1 →  4ea2] StatusBarController.updateBlame — failed [0ms]
2026-05-16 00:25:27.994 [error] Error: Base path '' must be an absolute path   [ 4ea6 →  4ea7] StatusBarController.updateBlame — failed [2ms]
2026-05-16 00:25:28.045 [error] Error: Base path '' must be an absolute path   [ 4eb1 →  4eb2] StatusBarController.updateBlame — failed [1ms]
2026-05-16 00:25:28.152 [error] Error: Base path '' must be an absolute path   [ 4eb6 →  4eb7] StatusBarController.updateBlame — failed [2ms]
2026-05-16 00:25:28.201 [error] Error: Base path '' must be an absolute path   [ 4ec1 →  4ec2] StatusBarController.updateBlame — failed [1ms]
2026-05-16 00:25:28.959 [error] Error: Base path '' must be an absolute path   [ 4eca →  4ecb] StatusBarController.updateBlame — failed [2ms]
2026-05-16 00:25:29.009 [error] Error: Base path '' must be an absolute path   [ 4ed5 →  4ed6] StatusBarController.updateBlame — failed [1ms]
2026-05-16 00:25:29.975 [error] Error: Base path '' must be an absolute path   [ 4ee9 →  4eea] StatusBarController.updateBlame — failed [0ms]
2026-05-16 00:25:30.025 [error] Error: Base path '' must be an absolute path   [ 4ef4 →  4ef5] StatusBarController.updateBlame — failed [1ms]
2026-05-16 00:25:30.265 [error] Error: Base path '' must be an absolute path   [ 4ef9 →  4efa] StatusBarController.updateBlame — failed [2ms]
2026-05-16 00:25:30.321 [error] Error: Base path '' must be an absolute path   [ 4f05 →  4f06] StatusBarController.updateBlame — failed [1ms]
2026-05-16 00:25:30.323 [error] Error: Base path '' must be an absolute path   [ 4f0e →  4f0f] StatusBarController.updateBlame — failed [1ms]
2026-05-16 00:25:31.285 [error] Error: Base path '' must be an absolute path   [ 4f22 →  4f23] StatusBarController.updateBlame — failed [1ms]
2026-05-16 00:25:31.335 [error] Error: Base path '' must be an absolute path   [ 4f2d →  4f2e] StatusBarController.updateBlame — failed [1ms]
2026-05-16 00:25:31.943 [error] Error: Base path '' must be an absolute path   [ 4f32 →  4f33] StatusBarController.updateBlame — failed [2ms]
2026-05-16 00:25:31.999 [error] Error: Base path '' must be an absolute path   [ 4f3e →  4f3f] StatusBarController.updateBlame — failed [1ms]
2026-05-16 00:25:32.001 [error] Error: Base path '' must be an absolute path   [ 4f47 →  4f48] StatusBarController.updateBlame — failed [1ms]
2026-05-16 00:25:32.967 [error] Error: Base path '' must be an absolute path   [ 4f5b →  4f5c] StatusBarController.updateBlame — failed [1ms]
2026-05-16 00:25:33.017 [error] Error: Base path '' must be an absolute path   [ 4f66 →  4f67] StatusBarController.updateBlame — failed [1ms]
2026-05-16 00:25:33.359 [error] Error: Base path '' must be an absolute path   [ 4f6b →  4f6c] StatusBarController.updateBlame — failed [2ms]
2026-05-16 00:25:33.415 [error] Error: Base path '' must be an absolute path   [ 4f77 →  4f78] StatusBarController.updateBlame — failed [1ms]
2026-05-16 00:25:33.417 [error] Error: Base path '' must be an absolute path   [ 4f80 →  4f81] StatusBarController.updateBlame — failed [1ms]
2026-05-16 00:25:33.841 [error] Error: Base path '' must be an absolute path   [ 4f89 →  4f8a] StatusBarController.updateBlame — failed [2ms]
2026-05-16 00:25:33.891 [error] Error: Base path '' must be an absolute path   [ 4f94 →  4f95] StatusBarController.updateBlame — failed [1ms]
2026-05-16 00:25:34.045 [error] Error: Base path '' must be an absolute path   [ 4f99 →  4f9a] StatusBarController.updateBlame — failed [1ms]
2026-05-16 00:25:34.097 [error] Error: Base path '' must be an absolute path   [ 4fa4 →  4fa5] StatusBarController.updateBlame — failed [2ms]
2026-05-16 00:25:34.190 [error] Error: Base path '' must be an absolute path   [ 4fa9 →  4faa] StatusBarController.updateBlame — failed [1ms]
2026-05-16 00:25:34.241 [error] Error: Base path '' must be an absolute path   [ 4fb4 →  4fb5] StatusBarController.updateBlame — failed [1ms]
2026-05-16 00:25:34.521 [error] Error: Base path '' must be an absolute path   [ 4fbd →  4fbe] StatusBarController.updateBlame — failed [1ms]
2026-05-16 00:25:34.571 [error] Error: Base path '' must be an absolute path   [ 4fc8 →  4fc9] StatusBarController.updateBlame — failed [0ms]
2026-05-16 00:25:35.242 [error] Error: Base path '' must be an absolute path   [ 4fd1 →  4fd2] StatusBarController.updateBlame — failed [1ms]
2026-05-16 00:25:35.293 [error] Error: Base path '' must be an absolute path   [ 4fdc →  4fdd] StatusBarController.updateBlame — failed [1ms]
2026-05-16 00:25:36.270 [error] Error: Base path '' must be an absolute path   [ 4ff0 →  4ff1] StatusBarController.updateBlame — failed [1ms]
2026-05-16 00:25:36.319 [error] Error: Base path '' must be an absolute path   [ 4ffb →  4ffc] StatusBarController.updateBlame — failed [1ms]
2026-05-16 00:25:37.842 [error] Error: Base path '' must be an absolute path   [ 5000 →  5001] StatusBarController.updateBlame — failed [2ms]
2026-05-16 00:25:37.898 [error] Error: Base path '' must be an absolute path   [ 500c →  500d] StatusBarController.updateBlame — failed [2ms]
2026-05-16 00:25:37.901 [error] Error: Base path '' must be an absolute path   [ 5015 →  5016] StatusBarController.updateBlame — failed [1ms]
2026-05-16 00:25:38.862 [error] Error: Base path '' must be an absolute path   [ 501e →  501f] StatusBarController.updateBlame — failed [2ms]
2026-05-16 00:25:38.912 [error] Error: Base path '' must be an absolute path   [ 5029 →  502a] StatusBarController.updateBlame — failed [1ms]
2026-05-16 00:25:38.920 [error] Error: Base path '' must be an absolute path   [ 5039 →  503a] StatusBarController.updateBlame — failed [1ms]
2026-05-16 00:25:38.970 [error] Error: Base path '' must be an absolute path   [ 5044 →  5045] StatusBarController.updateBlame — failed [1ms]
2026-05-16 00:25:39.049 [error] Error: Base path '' must be an absolute path   [ 5049 →  504a] StatusBarController.updateBlame — failed [2ms]
2026-05-16 00:25:39.100 [error] Error: Base path '' must be an absolute path   [ 5055 →  5056] StatusBarController.updateBlame — failed [1ms]
2026-05-16 00:25:39.101 [error] Error: Base path '' must be an absolute path   [ 505e →  505f] StatusBarController.updateBlame — failed [1ms]
2026-05-16 00:25:39.221 [error] Error: Base path '' must be an absolute path   [ 5063 →  5064] StatusBarController.updateBlame — failed [2ms]
2026-05-16 00:25:39.271 [error] Error: Base path '' must be an absolute path   [ 506e →  506f] StatusBarController.updateBlame — failed [1ms]
2026-05-16 00:25:39.657 [error] Error: Base path '' must be an absolute path   [ 5077 →  5078] StatusBarController.updateBlame — failed [2ms]
2026-05-16 00:25:39.707 [error] Error: Base path '' must be an absolute path   [ 5082 →  5083] StatusBarController.updateBlame — failed [1ms]
2026-05-16 00:25:40.675 [error] Error: Base path '' must be an absolute path   [ 5096 →  5097] StatusBarController.updateBlame — failed [0ms]
2026-05-16 00:25:40.726 [error] Error: Base path '' must be an absolute path   [ 50a1 →  50a2] StatusBarController.updateBlame — failed [1ms]
2026-05-16 00:25:40.828 [error] Error: Base path '' must be an absolute path   [ 50a6 →  50a7] StatusBarController.updateBlame — failed [2ms]
2026-05-16 00:25:40.886 [error] Error: Base path '' must be an absolute path   [ 50b2 →  50b3] StatusBarController.updateBlame — failed [1ms]
2026-05-16 00:25:40.888 [error] Error: Base path '' must be an absolute path   [ 50bb →  50bc] StatusBarController.updateBlame — failed [1ms]
2026-05-16 00:25:41.305 [error] Error: Base path '' must be an absolute path   [ 50c4 →  50c5] StatusBarController.updateBlame — failed [2ms]
2026-05-16 00:25:41.364 [error] Error: Base path '' must be an absolute path   [ 50cf →  50d0] StatusBarController.updateBlame — failed [1ms]
2026-05-16 00:25:41.449 [error] Error: Base path '' must be an absolute path   [ 50d4 →  50d5] StatusBarController.updateBlame — failed [2ms]
2026-05-16 00:25:41.499 [error] Error: Base path '' must be an absolute path   [ 50df →  50e0] StatusBarController.updateBlame — failed [1ms]
2026-05-16 00:25:42.469 [error] Error: Base path '' must be an absolute path   [ 50f3 →  50f4] StatusBarController.updateBlame — failed [1ms]
2026-05-16 00:25:42.518 [error] Error: Base path '' must be an absolute path   [ 50fe →  50ff] StatusBarController.updateBlame — failed [1ms]
2026-05-16 00:25:42.644 [error] Error: Base path '' must be an absolute path   [ 5103 →  5104] StatusBarController.updateBlame — failed [2ms]
2026-05-16 00:25:42.700 [error] Error: Base path '' must be an absolute path   [ 510f →  5110] StatusBarController.updateBlame — failed [1ms]
2026-05-16 00:25:42.701 [error] Error: Base path '' must be an absolute path   [ 5118 →  5119] StatusBarController.updateBlame — failed [0ms]
2026-05-16 00:25:43.665 [error] Error: Base path '' must be an absolute path   [ 512c →  512d] StatusBarController.updateBlame — failed [1ms]
2026-05-16 00:25:43.716 [error] Error: Base path '' must be an absolute path   [ 5137 →  5138] StatusBarController.updateBlame — failed [1ms]
2026-05-16 00:25:44.971 [error] Error: Base path '' must be an absolute path   [ 513c →  513d] StatusBarController.updateBlame — failed [2ms]
2026-05-16 00:25:45.028 [error] Error: Base path '' must be an absolute path   [ 5148 →  5149] StatusBarController.updateBlame — failed [1ms]
2026-05-16 00:25:45.030 [error] Error: Base path '' must be an absolute path   [ 5151 →  5152] StatusBarController.updateBlame — failed [1ms]
2026-05-16 00:25:46.001 [error] Error: Base path '' must be an absolute path   [ 5165 →  5166] StatusBarController.updateBlame — failed [1ms]
2026-05-16 00:25:46.050 [error] Error: Base path '' must be an absolute path   [ 5170 →  5171] StatusBarController.updateBlame — failed [1ms]
2026-05-16 00:25:46.291 [error] Error: Base path '' must be an absolute path   [ 5175 →  5176] StatusBarController.updateBlame — failed [2ms]
2026-05-16 00:25:46.349 [error] Error: Base path '' must be an absolute path   [ 5181 →  5182] StatusBarController.updateBlame — failed [1ms]
2026-05-16 00:25:46.351 [error] Error: Base path '' must be an absolute path   [ 518a →  518b] StatusBarController.updateBlame — failed [1ms]
2026-05-16 00:25:47.314 [error] Error: Base path '' must be an absolute path   [ 519e →  519f] StatusBarController.updateBlame — failed [1ms]
2026-05-16 00:25:47.364 [error] Error: Base path '' must be an absolute path   [ 51a9 →  51aa] StatusBarController.updateBlame — failed [1ms]
2026-05-16 00:25:47.706 [error] Error: Base path '' must be an absolute path   [ 51ae →  51af] StatusBarController.updateBlame — failed [2ms]
2026-05-16 00:25:47.763 [error] Error: Base path '' must be an absolute path   [ 51ba →  51bb] StatusBarController.updateBlame — failed [1ms]
2026-05-16 00:25:47.765 [error] Error: Base path '' must be an absolute path   [ 51c3 →  51c4] StatusBarController.updateBlame — failed [1ms]
2026-05-16 00:25:48.386 [error] Error: Base path '' must be an absolute path   [ 51cc →  51cd] StatusBarController.updateBlame — failed [1ms]
2026-05-16 00:25:48.437 [error] Error: Base path '' must be an absolute path   [ 51d7 →  51d8] StatusBarController.updateBlame — failed [0ms]
2026-05-16 00:25:49.408 [error] Error: Base path '' must be an absolute path   [ 51eb →  51ec] StatusBarController.updateBlame — failed [1ms]
2026-05-16 00:25:49.459 [error] Error: Base path '' must be an absolute path   [ 51f6 →  51f7] StatusBarController.updateBlame — failed [1ms]
2026-05-16 00:25:49.726 [error] Error: Base path '' must be an absolute path   [ 51fb →  51fc] StatusBarController.updateBlame — failed [1ms]
2026-05-16 00:25:49.781 [error] Error: Base path '' must be an absolute path   [ 5207 →  5208] StatusBarController.updateBlame — failed [1ms]
2026-05-16 00:25:49.782 [error] Error: Base path '' must be an absolute path   [ 5210 →  5211] StatusBarController.updateBlame — failed [0ms]
2026-05-16 00:25:50.747 [error] Error: Base path '' must be an absolute path   [ 5224 →  5225] StatusBarController.updateBlame — failed [1ms]
2026-05-16 00:25:50.797 [error] Error: Base path '' must be an absolute path   [ 522f →  5230] StatusBarController.updateBlame — failed [1ms]
2026-05-16 00:26:50.929 [error] Error: Base path '' must be an absolute path   [ 525c →  525d] StatusBarController.updateBlame — failed [2ms]
2026-05-16 00:26:52.239 [error] Error: Base path '' must be an absolute path   [ 526b →  526c] StatusBarController.updateBlame — failed [2ms]
2026-05-16 00:26:52.287 [error] Error: Base path '' must be an absolute path   [ 5279 →  527a] StatusBarController.updateBlame — failed [1ms]
2026-05-16 00:26:52.289 [error] Error: Base path '' must be an absolute path   [ 5284 →  5285] StatusBarController.updateBlame — failed [1ms]
2026-05-16 00:26:52.494 [info]    [GIT      10ms] [/home/amar/Code/CAN] git ls-files -- main.c [10ms]
2026-05-16 00:26:53.263 [error] Error: Base path '' must be an absolute path   [ 529b →  529c] StatusBarController.updateBlame — failed [2ms]
2026-05-16 00:26:53.313 [error] Error: Base path '' must be an absolute path   [ 52a8 →  52a9] StatusBarController.updateBlame — failed [2ms]
2026-05-16 00:26:53.574 [error] Error: Base path '' must be an absolute path   [ 52ad →  52ae] StatusBarController.updateBlame — failed [1ms]
2026-05-16 00:26:53.629 [error] Error: Base path '' must be an absolute path   [ 52b9 →  52ba] StatusBarController.updateBlame — failed [1ms]
2026-05-16 00:26:53.630 [error] Error: Base path '' must be an absolute path   [ 52c2 →  52c3] StatusBarController.updateBlame — failed [0ms]
2026-05-16 00:26:53.879 [error] Error: Base path '' must be an absolute path   [ 52cb →  52cc] StatusBarController.updateBlame — failed [2ms]
2026-05-16 00:26:53.930 [error] Error: Base path '' must be an absolute path   [ 52d6 →  52d7] StatusBarController.updateBlame — failed [1ms]
2026-05-16 00:26:54.120 [error] Error: Base path '' must be an absolute path   [ 52db →  52dc] StatusBarController.updateBlame — failed [1ms]
2026-05-16 00:26:54.173 [error] Error: Base path '' must be an absolute path   [ 52e6 →  52e7] StatusBarController.updateBlame — failed [1ms]
2026-05-16 00:26:54.368 [error] Error: Base path '' must be an absolute path   [ 52eb →  52ec] StatusBarController.updateBlame — failed [1ms]
2026-05-16 00:26:54.420 [error] Error: Base path '' must be an absolute path   [ 52f6 →  52f7] StatusBarController.updateBlame — failed [1ms]
2026-05-16 00:26:55.380 [error] Error: Base path '' must be an absolute path   [ 530a →  530b] StatusBarController.updateBlame — failed [0ms]
2026-05-16 00:26:55.431 [error] Error: Base path '' must be an absolute path   [ 5315 →  5316] StatusBarController.updateBlame — failed [1ms]
2026-05-16 00:26:55.798 [error] Error: Base path '' must be an absolute path   [ 531a →  531b] StatusBarController.updateBlame — failed [1ms]
2026-05-16 00:26:55.853 [error] Error: Base path '' must be an absolute path   [ 5326 →  5327] StatusBarController.updateBlame — failed [1ms]
2026-05-16 00:26:55.854 [error] Error: Base path '' must be an absolute path   [ 532f →  5330] StatusBarController.updateBlame — failed [1ms]
2026-05-16 00:26:56.098 [error] Error: Base path '' must be an absolute path   [ 5338 →  5339] StatusBarController.updateBlame — failed [2ms]
2026-05-16 00:26:56.149 [error] Error: Base path '' must be an absolute path   [ 5343 →  5344] StatusBarController.updateBlame — failed [1ms]
2026-05-16 00:26:56.369 [error] Error: Base path '' must be an absolute path   [ 534c →  534d] StatusBarController.updateBlame — failed [2ms]
2026-05-16 00:26:56.420 [error] Error: Base path '' must be an absolute path   [ 5357 →  5358] StatusBarController.updateBlame — failed [1ms]
2026-05-16 00:26:56.498 [error] Error: Base path '' must be an absolute path   [ 535c →  535d] StatusBarController.updateBlame — failed [2ms]
2026-05-16 00:26:56.549 [error] Error: Base path '' must be an absolute path   [ 5367 →  5368] StatusBarController.updateBlame — failed [1ms]
2026-05-16 00:26:57.525 [error] Error: Base path '' must be an absolute path   [ 537b →  537c] StatusBarController.updateBlame — failed [0ms]
2026-05-16 00:26:57.575 [error] Error: Base path '' must be an absolute path   [ 5386 →  5387] StatusBarController.updateBlame — failed [0ms]
2026-05-16 00:26:57.808 [error] Error: Base path '' must be an absolute path   [ 538b →  538c] StatusBarController.updateBlame — failed [1ms]
2026-05-16 00:26:57.863 [error] Error: Base path '' must be an absolute path   [ 5397 →  5398] StatusBarController.updateBlame — failed [1ms]
2026-05-16 00:26:57.864 [error] Error: Base path '' must be an absolute path   [ 53a0 →  53a1] StatusBarController.updateBlame — failed [1ms]
2026-05-16 00:26:58.172 [error] Error: Base path '' must be an absolute path   [ 53a9 →  53aa] StatusBarController.updateBlame — failed [2ms]
2026-05-16 00:26:58.222 [error] Error: Base path '' must be an absolute path   [ 53b4 →  53b5] StatusBarController.updateBlame — failed [1ms]
2026-05-16 00:26:59.036 [error] Error: Base path '' must be an absolute path   [ 53bd →  53be] StatusBarController.updateBlame — failed [2ms]
2026-05-16 00:26:59.086 [error] Error: Base path '' must be an absolute path   [ 53c8 →  53c9] StatusBarController.updateBlame — failed [1ms]
2026-05-16 00:27:00.052 [error] Error: Base path '' must be an absolute path   [ 53dc →  53dd] StatusBarController.updateBlame — failed [0ms]
2026-05-16 00:27:00.103 [error] Error: Base path '' must be an absolute path   [ 53e7 →  53e8] StatusBarController.updateBlame — failed [1ms]
2026-05-16 00:27:00.436 [error] Error: Base path '' must be an absolute path   [ 53ec →  53ed] StatusBarController.updateBlame — failed [2ms]
2026-05-16 00:27:00.492 [error] Error: Base path '' must be an absolute path   [ 53f8 →  53f9] StatusBarController.updateBlame — failed [1ms]
2026-05-16 00:27:00.493 [error] Error: Base path '' must be an absolute path   [ 5401 →  5402] StatusBarController.updateBlame — failed [0ms]
2026-05-16 00:27:01.457 [error] Error: Base path '' must be an absolute path   [ 541a →  541b] StatusBarController.updateBlame — failed [1ms]
2026-05-16 00:27:01.507 [error] Error: Base path '' must be an absolute path   [ 5425 →  5426] StatusBarController.updateBlame — failed [2ms]
2026-05-16 00:27:11.512 [error] Error: Base path '' must be an absolute path   [ 544d →  544e] StatusBarController.updateBlame — failed [2ms]
2026-05-16 00:27:11.630 [error] Error: Base path '' must be an absolute path   [ 5458 →  5459] StatusBarController.updateBlame — failed [2ms]
2026-05-16 00:27:12.471 [error] Error: Base path '' must be an absolute path   [ 5463 →  5464] StatusBarController.updateBlame — failed [2ms]
2026-05-16 00:28:10.456 [error] Error: Base path '' must be an absolute path   [ 548e →  548f] StatusBarController.updateBlame — failed [1ms]
2026-05-16 00:28:10.778 [error] Error: Base path '' must be an absolute path   [ 549d →  549e] StatusBarController.updateBlame — failed [2ms]
2026-05-16 00:28:10.828 [error] Error: Base path '' must be an absolute path   [ 54ab →  54ac] StatusBarController.updateBlame — failed [2ms]
2026-05-16 00:28:10.831 [error] Error: Base path '' must be an absolute path   [ 54b6 →  54b7] StatusBarController.updateBlame — failed [1ms]
2026-05-16 00:28:11.033 [info]    [GIT      10ms] [/home/amar/Code/CAN] git ls-files -- main.c [10ms]
2026-05-16 00:28:11.799 [error] Error: Base path '' must be an absolute path   [ 54cd →  54ce] StatusBarController.updateBlame — failed [1ms]
2026-05-16 00:28:11.851 [error] Error: Base path '' must be an absolute path   [ 54da →  54db] StatusBarController.updateBlame — failed [2ms]
2026-05-16 00:28:12.349 [error] Error: Base path '' must be an absolute path   [ 54df →  54e0] StatusBarController.updateBlame — failed [2ms]
2026-05-16 00:28:12.405 [error] Error: Base path '' must be an absolute path   [ 54eb →  54ec] StatusBarController.updateBlame — failed [1ms]
2026-05-16 00:28:12.406 [error] Error: Base path '' must be an absolute path   [ 54f4 →  54f5] StatusBarController.updateBlame — failed [1ms]
2026-05-16 00:28:12.583 [error] Error: Base path '' must be an absolute path   [ 54f9 →  54fa] StatusBarController.updateBlame — failed [1ms]
2026-05-16 00:28:12.634 [error] Error: Base path '' must be an absolute path   [ 5504 →  5505] StatusBarController.updateBlame — failed [1ms]
2026-05-16 00:28:12.979 [error] Error: Base path '' must be an absolute path   [ 550d →  550e] StatusBarController.updateBlame — failed [2ms]
2026-05-16 00:28:12.983 [error] Error: Base path '' must be an absolute path   [ 5518 →  5519] StatusBarController.updateBlame — failed [1ms]
2026-05-16 00:28:13.808 [error] Error: Base path '' must be an absolute path   [ 5535 →  5536] StatusBarController.updateBlame — failed [2ms]
2026-05-16 00:28:13.856 [error] Error: Base path '' must be an absolute path   [ 5542 →  5543] StatusBarController.updateBlame — failed [2ms]
2026-05-16 00:28:14.827 [error] Error: Base path '' must be an absolute path   [ 5558 →  5559] StatusBarController.updateBlame — failed [3ms]
2026-05-16 00:28:14.874 [error] Error: Base path '' must be an absolute path   [ 5565 →  5566] StatusBarController.updateBlame — failed [1ms]
2026-05-16 00:28:15.343 [error] Error: Base path '' must be an absolute path   [ 5570 →  5571] StatusBarController.updateBlame — failed [2ms]
2026-05-16 00:28:16.582 [error] Error: Base path '' must be an absolute path   [ 5580 →  5581] StatusBarController.updateBlame — failed [1ms]
2026-05-16 00:28:16.583 [error] Error: Base path '' must be an absolute path   [ 5589 →  558a] StatusBarController.updateBlame — failed [0ms]
2026-05-16 00:28:16.756 [error] Error: Base path '' must be an absolute path   [ 558e →  558f] StatusBarController.updateBlame — failed [2ms]
2026-05-16 00:28:16.761 [error] Error: Base path '' must be an absolute path   [ 5599 →  559a] StatusBarController.updateBlame — failed [2ms]
2026-05-16 00:28:16.811 [error] Error: Base path '' must be an absolute path   [ 55a4 →  55a5] StatusBarController.updateBlame — failed [1ms]
2026-05-16 00:28:17.258 [error] Error: Base path '' must be an absolute path   [ 55ad →  55ae] StatusBarController.updateBlame — failed [2ms]
2026-05-16 00:28:17.263 [error] Error: Base path '' must be an absolute path   [ 55b8 →  55b9] StatusBarController.updateBlame — failed [2ms]
2026-05-16 00:28:17.309 [error] Error: Base path '' must be an absolute path   [ 55c3 →  55c4] StatusBarController.updateBlame — failed [1ms]
2026-05-16 00:28:17.998 [error] Error: Base path '' must be an absolute path   [ 55cc →  55cd] StatusBarController.updateBlame — failed [1ms]
2026-05-16 00:28:18.012 [error] Error: Base path '' must be an absolute path   [ 55d7 →  55d8] StatusBarController.updateBlame — failed [1ms]
2026-05-16 00:28:18.054 [error] Error: Base path '' must be an absolute path   [ 55e4 →  55e5] StatusBarController.updateBlame — failed [3ms]
2026-05-16 00:28:18.535 [error] Error: Base path '' must be an absolute path   [ 55f3 →  55f4] StatusBarController.updateBlame — failed [1ms]
2026-05-16 00:28:19.012 [error] Error: Base path '' must be an absolute path   [ 5605 →  5606] StatusBarController.updateBlame — failed [1ms]
2026-05-16 00:28:19.063 [error] Error: Base path '' must be an absolute path   [ 5612 →  5613] StatusBarController.updateBlame — failed [2ms]
2026-05-16 00:28:20.518 [error] Error: Base path '' must be an absolute path   [ 561d →  561e] StatusBarController.updateBlame — failed [1ms]
2026-05-16 00:28:20.990 [error] Error: Base path '' must be an absolute path   [ 5628 →  5629] StatusBarController.updateBlame — failed [1ms]
2026-05-16 00:28:21.365 [error] Error: Base path '' must be an absolute path   [ 5633 →  5634] StatusBarController.updateBlame — failed [1ms]
2026-05-16 00:28:21.712 [error] Error: Base path '' must be an absolute path   [ 563e →  563f] StatusBarController.updateBlame — failed [2ms]
2026-05-16 00:28:22.058 [error] Error: Base path '' must be an absolute path   [ 5649 →  564a] StatusBarController.updateBlame — failed [2ms]
2026-05-16 00:28:27.708 [error] Error: Base path '' must be an absolute path   [ 5677 →  5678] StatusBarController.updateBlame — failed [0ms]
2026-05-16 00:28:27.709 [error] Error: Base path '' must be an absolute path   [ 5680 →  5681] StatusBarController.updateBlame — failed [0ms]
2026-05-16 00:28:28.683 [error] Error: Base path '' must be an absolute path   [ 569c →  569d] StatusBarController.updateBlame — failed [1ms]
2026-05-16 00:28:28.684 [info]    [GIT       9ms] [/home/amar/Code/CAN] git show --textconv HEAD:./main.c -- [9ms]
2026-05-16 00:28:31.448 [error] Error: Base path '' must be an absolute path   [ 56cd →  56ce] StatusBarController.updateBlame — failed [4ms]
2026-05-16 00:28:31.495 [error] Error: Base path '' must be an absolute path   [ 56db →  56dc] StatusBarController.updateBlame — failed [1ms]
2026-05-16 00:28:31.496 [error] Error: Base path '' must be an absolute path   [ 56e6 →  56e7] StatusBarController.updateBlame — failed [1ms]
2026-05-16 00:28:32.372 [error] Error: Base path '' must be an absolute path   [ 56ef →  56f0] StatusBarController.updateBlame — failed [1ms]
2026-05-16 00:28:32.423 [error] Error: Base path '' must be an absolute path   [ 56fa →  56fb] StatusBarController.updateBlame — failed [1ms]
2026-05-16 00:28:32.576 [error] Error: Base path '' must be an absolute path   [ 56ff →  5700] StatusBarController.updateBlame — failed [1ms]
2026-05-16 00:28:32.628 [error] Error: Base path '' must be an absolute path   [ 570a →  570b] StatusBarController.updateBlame — failed [1ms]
2026-05-16 00:28:32.744 [error] Error: Base path '' must be an absolute path   [ 570f →  5710] StatusBarController.updateBlame — failed [2ms]
2026-05-16 00:28:32.794 [error] Error: Base path '' must be an absolute path   [ 571a →  571b] StatusBarController.updateBlame — failed [1ms]
2026-05-16 00:28:32.947 [error] Error: Base path '' must be an absolute path   [ 571f →  5720] StatusBarController.updateBlame — failed [1ms]
2026-05-16 00:28:32.998 [error] Error: Base path '' must be an absolute path   [ 572a →  572b] StatusBarController.updateBlame — failed [1ms]
2026-05-16 00:28:33.158 [error] Error: Base path '' must be an absolute path   [ 572f →  5730] StatusBarController.updateBlame — failed [1ms]
2026-05-16 00:28:33.210 [error] Error: Base path '' must be an absolute path   [ 573a →  573b] StatusBarController.updateBlame — failed [1ms]
2026-05-16 00:28:33.276 [error] Error: Base path '' must be an absolute path   [ 573f →  5740] StatusBarController.updateBlame — failed [2ms]
2026-05-16 00:28:33.327 [error] Error: Base path '' must be an absolute path   [ 574a →  574b] StatusBarController.updateBlame — failed [1ms]
2026-05-16 00:28:33.714 [error] Error: Base path '' must be an absolute path   [ 5753 →  5754] StatusBarController.updateBlame — failed [2ms]
2026-05-16 00:28:33.720 [error] Error: Base path '' must be an absolute path   [ 575e →  575f] StatusBarController.updateBlame — failed [1ms]
2026-05-16 00:28:33.766 [error] Error: Base path '' must be an absolute path   [ 576b →  576c] StatusBarController.updateBlame — failed [2ms]
2026-05-16 00:28:34.164 [error] Error: Base path '' must be an absolute path   [ 5774 →  5775] StatusBarController.updateBlame — failed [1ms]
2026-05-16 00:28:34.215 [error] Error: Base path '' must be an absolute path   [ 577f →  5780] StatusBarController.updateBlame — failed [0ms]
2026-05-16 00:28:34.297 [error] Error: Base path '' must be an absolute path   [ 5784 →  5785] StatusBarController.updateBlame — failed [1ms]
2026-05-16 00:28:34.349 [error] Error: Base path '' must be an absolute path   [ 578f →  5790] StatusBarController.updateBlame — failed [1ms]
2026-05-16 00:28:34.445 [error] Error: Base path '' must be an absolute path   [ 579e →  579f] StatusBarController.updateBlame — failed [2ms]
2026-05-16 00:28:34.492 [error] Error: Base path '' must be an absolute path   [ 57a9 →  57aa] StatusBarController.updateBlame — failed [0ms]
2026-05-16 00:28:34.582 [error] Error: Base path '' must be an absolute path   [ 57ae →  57af] StatusBarController.updateBlame — failed [1ms]
2026-05-16 00:28:34.632 [error] Error: Base path '' must be an absolute path   [ 57b9 →  57ba] StatusBarController.updateBlame — failed [1ms]
2026-05-16 00:28:34.936 [error] Error: Base path '' must be an absolute path   [ 57c2 →  57c3] StatusBarController.updateBlame — failed [1ms]
2026-05-16 00:28:34.988 [error] Error: Base path '' must be an absolute path   [ 57cd →  57ce] StatusBarController.updateBlame — failed [1ms]
2026-05-16 00:28:35.527 [error] Error: Base path '' must be an absolute path   [ 57d6 →  57d7] StatusBarController.updateBlame — failed [2ms]
2026-05-16 00:28:35.577 [error] Error: Base path '' must be an absolute path   [ 57e1 →  57e2] StatusBarController.updateBlame — failed [0ms]
2026-05-16 00:28:36.443 [error] Error: Base path '' must be an absolute path   [ 57ea →  57eb] StatusBarController.updateBlame — failed [2ms]
2026-05-16 00:28:36.492 [error] Error: Base path '' must be an absolute path   [ 57f5 →  57f6] StatusBarController.updateBlame — failed [1ms]
2026-05-16 00:28:36.953 [error] Error: Base path '' must be an absolute path   [ 57fe →  57ff] StatusBarController.updateBlame — failed [2ms]
2026-05-16 00:28:37.005 [error] Error: Base path '' must be an absolute path   [ 5809 →  580a] StatusBarController.updateBlame — failed [1ms]
2026-05-16 00:28:37.979 [error] Error: Base path '' must be an absolute path   [ 5825 →  5826] StatusBarController.updateBlame — failed [1ms]
2026-05-16 00:28:37.982 [info]    [GIT      12ms] [/home/amar/Code/CAN] git show --textconv HEAD:./main.c -- [12ms]
2026-05-16 00:29:04.605 [info]    [GIT      19ms] [] git cat-file commit 24919d7b0fe1ec41175941d59f657c95f5f08970 [19ms]
2026-05-16 00:29:04.608 [warning] [] Git not a git repository (or any of the parent directories): .git [13ms]
2026-05-16 00:29:04.608 [info]    [GIT      13ms] [] git log --format=%x1E%H%x1D%aN%x1D%aE%x1D%at%x1D%cN%x1D%cE%x1D%ct%x1D%P%x1D%D%x1D%B%x1D --numstat --raw -M --use-mailmap -m --no-min-parents -n1 24919d7b0fe1ec41175941d59f657c95f5f08970 -- [13ms]
2026-05-16 00:29:04.610 [error] Error: Base path '' must be an absolute path   [ 5866 →  5875] GitRepositoryService.getRevisionUri — failed [0ms]
2026-05-16 00:29:04.610 [error] Error: Base path '' must be an absolute path   [         5866] LineHoverController.provideDetailsHover(document=Uri(file:///home/amar/Code/CAN/main.c), position=30:14) — failed [28ms]
2026-05-16 00:30:20.281 [info]    [GIT       8ms] [/home/amar/Code/CAN] git ls-files -- main.c [8ms]
2026-05-16 00:30:21.053 [info]    [GIT      12ms] [/home/amar/Code/CAN] git show --textconv HEAD:./main.c -- [12ms]
2026-05-16 00:30:24.016 [error] Error: Base path '' must be an absolute path   [ 5932 →  5933] StatusBarController.updateBlame — failed [1ms]
2026-05-16 00:30:24.017 [error] Error: Base path '' must be an absolute path   [ 593b →  593c] StatusBarController.updateBlame — failed [1ms]
2026-05-16 00:30:24.131 [error] Error: Base path '' must be an absolute path   [ 5940 →  5941] StatusBarController.updateBlame — failed [2ms]
2026-05-16 00:30:24.182 [error] Error: Base path '' must be an absolute path   [ 594b →  594c] StatusBarController.updateBlame — failed [1ms]
2026-05-16 00:30:24.320 [error] Error: Base path '' must be an absolute path   [ 5950 →  5951] StatusBarController.updateBlame — failed [2ms]
2026-05-16 00:30:24.371 [error] Error: Base path '' must be an absolute path   [ 595b →  595c] StatusBarController.updateBlame — failed [1ms]
2026-05-16 00:30:24.462 [error] Error: Base path '' must be an absolute path   [ 5960 →  5961] StatusBarController.updateBlame — failed [2ms]
2026-05-16 00:30:24.513 [error] Error: Base path '' must be an absolute path   [ 596b →  596c] StatusBarController.updateBlame — failed [1ms]
2026-05-16 00:30:24.609 [error] Error: Base path '' must be an absolute path   [ 5970 →  5971] StatusBarController.updateBlame — failed [1ms]
2026-05-16 00:30:24.659 [error] Error: Base path '' must be an absolute path   [ 597b →  597c] StatusBarController.updateBlame — failed [0ms]
2026-05-16 00:30:24.842 [error] Error: Base path '' must be an absolute path   [ 5980 →  5981] StatusBarController.updateBlame — failed [1ms]
2026-05-16 00:30:24.893 [error] Error: Base path '' must be an absolute path   [ 598b →  598c] StatusBarController.updateBlame — failed [0ms]
2026-05-16 00:30:25.022 [error] Error: Base path '' must be an absolute path   [ 5990 →  5991] StatusBarController.updateBlame — failed [1ms]
2026-05-16 00:30:25.073 [error] Error: Base path '' must be an absolute path   [ 599b →  599c] StatusBarController.updateBlame — failed [0ms]
2026-05-16 00:30:25.167 [error] Error: Base path '' must be an absolute path   [ 59a0 →  59a1] StatusBarController.updateBlame — failed [2ms]
2026-05-16 00:30:25.217 [error] Error: Base path '' must be an absolute path   [ 59ab →  59ac] StatusBarController.updateBlame — failed [0ms]
2026-05-16 00:30:25.379 [error] Error: Base path '' must be an absolute path   [ 59b0 →  59b1] StatusBarController.updateBlame — failed [1ms]
2026-05-16 00:30:25.430 [error] Error: Base path '' must be an absolute path   [ 59bb →  59bc] StatusBarController.updateBlame — failed [1ms]
2026-05-16 00:30:26.402 [error] Error: Base path '' must be an absolute path   [ 59d7 →  59d8] StatusBarController.updateBlame — failed [0ms]
2026-05-16 00:30:26.405 [info]    [GIT      11ms] [/home/amar/Code/CAN] git show --textconv HEAD:./main.c -- [11ms]
2026-05-16 00:30:27.834 [error] Error: Base path '' must be an absolute path   [ 59fe →  59ff] StatusBarController.updateBlame — failed [1ms]
2026-05-16 00:30:27.836 [error] Error: Base path '' must be an absolute path   [ 5a07 →  5a08] StatusBarController.updateBlame — failed [1ms]
2026-05-16 00:30:27.967 [error] Error: Base path '' must be an absolute path   [ 5a0c →  5a0d] StatusBarController.updateBlame — failed [2ms]
2026-05-16 00:30:28.018 [error] Error: Base path '' must be an absolute path   [ 5a17 →  5a18] StatusBarController.updateBlame — failed [1ms]
2026-05-16 00:30:28.109 [error] Error: Base path '' must be an absolute path   [ 5a1c →  5a1d] StatusBarController.updateBlame — failed [1ms]
2026-05-16 00:30:28.162 [error] Error: Base path '' must be an absolute path   [ 5a27 →  5a28] StatusBarController.updateBlame — failed [1ms]
2026-05-16 00:30:28.762 [error] Error: Base path '' must be an absolute path   [ 5a30 →  5a31] StatusBarController.updateBlame — failed [1ms]
2026-05-16 00:30:28.815 [error] Error: Base path '' must be an absolute path   [ 5a3b →  5a3c] StatusBarController.updateBlame — failed [1ms]
2026-05-16 00:30:29.612 [error] Error: Base path '' must be an absolute path   [ 5a44 →  5a45] StatusBarController.updateBlame — failed [2ms]
2026-05-16 00:30:29.663 [error] Error: Base path '' must be an absolute path   [ 5a4f →  5a50] StatusBarController.updateBlame — failed [1ms]
2026-05-16 00:30:29.749 [error] Error: Base path '' must be an absolute path   [ 5a54 →  5a55] StatusBarController.updateBlame — failed [2ms]
2026-05-16 00:30:29.798 [error] Error: Base path '' must be an absolute path   [ 5a5f →  5a60] StatusBarController.updateBlame — failed [1ms]
2026-05-16 00:30:30.726 [error] Error: Base path '' must be an absolute path   [ 5a68 →  5a69] StatusBarController.updateBlame — failed [1ms]
2026-05-16 00:30:30.776 [error] Error: Base path '' must be an absolute path   [ 5a73 →  5a74] StatusBarController.updateBlame — failed [1ms]
2026-05-16 00:30:30.959 [error] Error: Base path '' must be an absolute path   [ 5a78 →  5a79] StatusBarController.updateBlame — failed [1ms]
2026-05-16 00:30:30.962 [error] Error: Base path '' must be an absolute path   [ 5a83 →  5a84] StatusBarController.updateBlame — failed [1ms]
2026-05-16 00:30:31.012 [error] Error: Base path '' must be an absolute path   [ 5a90 →  5a91] StatusBarController.updateBlame — failed [2ms]
2026-05-16 00:30:31.986 [error] Error: Base path '' must be an absolute path   [ 5aae →  5aaf] StatusBarController.updateBlame — failed [1ms]
2026-05-16 00:30:31.989 [info]    [GIT      11ms] [/home/amar/Code/CAN] git show --textconv HEAD:./main.c -- [11ms]
2026-05-16 00:30:34.506 [error] Error: Base path '' must be an absolute path   [ 5ad9 →  5ada] StatusBarController.updateBlame — failed [1ms]
2026-05-16 00:30:34.507 [error] Error: Base path '' must be an absolute path   [ 5ae2 →  5ae3] StatusBarController.updateBlame — failed [0ms]
2026-05-16 00:30:34.605 [error] Error: Base path '' must be an absolute path   [ 5ae7 →  5ae8] StatusBarController.updateBlame — failed [2ms]
2026-05-16 00:30:34.655 [error] Error: Base path '' must be an absolute path   [ 5af2 →  5af3] StatusBarController.updateBlame — failed [1ms]
2026-05-16 00:30:35.017 [error] Error: Base path '' must be an absolute path   [ 5afb →  5afc] StatusBarController.updateBlame — failed [2ms]
2026-05-16 00:30:35.067 [error] Error: Base path '' must be an absolute path   [ 5b06 →  5b07] StatusBarController.updateBlame — failed [1ms]
2026-05-16 00:30:35.274 [error] Error: Base path '' must be an absolute path   [ 5b0f →  5b10] StatusBarController.updateBlame — failed [2ms]
2026-05-16 00:30:35.325 [error] Error: Base path '' must be an absolute path   [ 5b1a →  5b1b] StatusBarController.updateBlame — failed [1ms]
2026-05-16 00:30:35.652 [error] Error: Base path '' must be an absolute path   [ 5b23 →  5b24] StatusBarController.updateBlame — failed [2ms]
2026-05-16 00:30:35.702 [error] Error: Base path '' must be an absolute path   [ 5b2e →  5b2f] StatusBarController.updateBlame — failed [1ms]
2026-05-16 00:30:36.143 [error] Error: Base path '' must be an absolute path   [ 5b37 →  5b38] StatusBarController.updateBlame — failed [2ms]
2026-05-16 00:30:36.148 [error] Error: Base path '' must be an absolute path   [ 5b42 →  5b43] StatusBarController.updateBlame — failed [2ms]
2026-05-16 00:30:36.194 [error] Error: Base path '' must be an absolute path   [ 5b4f →  5b50] StatusBarController.updateBlame — failed [1ms]
2026-05-16 00:30:37.174 [info]    [GIT       9ms] [/home/amar/Code/CAN] git show --textconv HEAD:./main.c -- [9ms]
2026-05-16 00:30:46.533 [error] Error: Base path '' must be an absolute path   [ 5b97 →  5b98] StatusBarController.updateBlame — failed [2ms]
2026-05-16 00:30:46.535 [error] Error: Base path '' must be an absolute path   [ 5ba0 →  5ba1] StatusBarController.updateBlame — failed [1ms]
2026-05-16 00:30:46.699 [error] Error: Base path '' must be an absolute path   [ 5ba5 →  5ba6] StatusBarController.updateBlame — failed [1ms]
2026-05-16 00:30:46.750 [error] Error: Base path '' must be an absolute path   [ 5bb0 →  5bb1] StatusBarController.updateBlame — failed [1ms]
2026-05-16 00:30:46.861 [error] Error: Base path '' must be an absolute path   [ 5bb5 →  5bb6] StatusBarController.updateBlame — failed [1ms]
2026-05-16 00:30:46.912 [error] Error: Base path '' must be an absolute path   [ 5bc0 →  5bc1] StatusBarController.updateBlame — failed [1ms]
2026-05-16 00:30:47.895 [error] Error: Base path '' must be an absolute path   [ 5bdc →  5bdd] StatusBarController.updateBlame — failed [1ms]
2026-05-16 00:30:47.897 [info]    [GIT      13ms] [/home/amar/Code/CAN] git show --textconv HEAD:./main.c -- [13ms]
2026-05-16 00:30:50.360 [error] Error: Base path '' must be an absolute path   [ 5c03 →  5c04] StatusBarController.updateBlame — failed [2ms]
2026-05-16 00:30:50.362 [error] Error: Base path '' must be an absolute path   [ 5c0c →  5c0d] StatusBarController.updateBlame — failed [1ms]
2026-05-16 00:30:51.313 [error] Error: Base path '' must be an absolute path   [ 5c15 →  5c16] StatusBarController.updateBlame — failed [2ms]
2026-05-16 00:30:51.329 [error] Error: Base path '' must be an absolute path   [ 5c2d →  5c2e] StatusBarController.updateBlame — failed [1ms]
2026-05-16 00:30:51.333 [info]    [GIT      12ms] [/home/amar/Code/CAN] git show --textconv HEAD:./main.c -- [12ms]
2026-05-16 00:30:52.340 [info]    [GIT       9ms] [/home/amar/Code/CAN] git show --textconv HEAD:./main.c -- [9ms]
2026-05-16 00:30:52.910 [error] Error: Base path '' must be an absolute path   [ 5c78 →  5c79] StatusBarController.updateBlame — failed [1ms]
2026-05-16 00:30:52.911 [error] Error: Base path '' must be an absolute path   [ 5c81 →  5c82] StatusBarController.updateBlame — failed [0ms]
2026-05-16 00:30:52.983 [error] Error: Base path '' must be an absolute path   [ 5c86 →  5c87] StatusBarController.updateBlame — failed [2ms]
2026-05-16 00:30:53.033 [error] Error: Base path '' must be an absolute path   [ 5c91 →  5c92] StatusBarController.updateBlame — failed [1ms]
2026-05-16 00:30:53.176 [error] Error: Base path '' must be an absolute path   [ 5c96 →  5c97] StatusBarController.updateBlame — failed [2ms]
2026-05-16 00:30:53.227 [error] Error: Base path '' must be an absolute path   [ 5ca1 →  5ca2] StatusBarController.updateBlame — failed [1ms]
2026-05-16 00:30:54.201 [error] Error: Base path '' must be an absolute path   [ 5cbd →  5cbe] StatusBarController.updateBlame — failed [1ms]
2026-05-16 00:30:54.203 [info]    [GIT      10ms] [/home/amar/Code/CAN] git show --textconv HEAD:./main.c -- [10ms]
2026-05-16 00:30:55.248 [error] Error: Base path '' must be an absolute path   [ 5ce4 →  5ce5] StatusBarController.updateBlame — failed [1ms]
2026-05-16 00:30:55.250 [error] Error: Base path '' must be an absolute path   [ 5ced →  5cee] StatusBarController.updateBlame — failed [1ms]
2026-05-16 00:30:56.226 [error] Error: Base path '' must be an absolute path   [ 5d09 →  5d0a] StatusBarController.updateBlame — failed [2ms]
2026-05-16 00:30:56.230 [info]    [GIT      14ms] [/home/amar/Code/CAN] git show --textconv HEAD:./main.c -- [14ms]
2026-05-16 00:30:58.323 [error] Error: Base path '' must be an absolute path   [ 5d30 →  5d31] StatusBarController.updateBlame — failed [1ms]
2026-05-16 00:30:58.324 [error] Error: Base path '' must be an absolute path   [ 5d39 →  5d3a] StatusBarController.updateBlame — failed [0ms]
2026-05-16 00:30:59.297 [error] Error: Base path '' must be an absolute path   [ 5d55 →  5d56] StatusBarController.updateBlame — failed [1ms]
2026-05-16 00:30:59.298 [info]    [GIT       9ms] [/home/amar/Code/CAN] git show --textconv HEAD:./main.c -- [9ms]
2026-05-16 00:30:59.451 [error] Error: Base path '' must be an absolute path   [ 5d77 →  5d78] StatusBarController.updateBlame — failed [1ms]
2026-05-16 00:30:59.453 [error] Error: Base path '' must be an absolute path   [ 5d80 →  5d81] StatusBarController.updateBlame — failed [1ms]
2026-05-16 00:31:00.104 [error] Error: Base path '' must be an absolute path   [ 5d89 →  5d8a] StatusBarController.updateBlame — failed [2ms]
2026-05-16 00:31:00.156 [error] Error: Base path '' must be an absolute path   [ 5d94 →  5d95] StatusBarController.updateBlame — failed [2ms]
2026-05-16 00:31:00.872 [error] Error: Base path '' must be an absolute path   [ 5d9d →  5d9e] StatusBarController.updateBlame — failed [1ms]
2026-05-16 00:31:00.924 [error] Error: Base path '' must be an absolute path   [ 5da8 →  5da9] StatusBarController.updateBlame — failed [0ms]
2026-05-16 00:31:01.824 [error] Error: Base path '' must be an absolute path   [ 5db1 →  5db2] StatusBarController.updateBlame — failed [2ms]
2026-05-16 00:31:01.875 [error] Error: Base path '' must be an absolute path   [ 5dbc →  5dbd] StatusBarController.updateBlame — failed [1ms]
2026-05-16 00:31:02.013 [error] Error: Base path '' must be an absolute path   [ 5dcb →  5dcc] StatusBarController.updateBlame — failed [1ms]
2026-05-16 00:31:02.062 [error] Error: Base path '' must be an absolute path   [ 5dd8 →  5dd9] StatusBarController.updateBlame — failed [1ms]
2026-05-16 00:31:03.047 [error] Error: Base path '' must be an absolute path   [ 5df6 →  5df7] StatusBarController.updateBlame — failed [1ms]
2026-05-16 00:31:03.050 [info]    [GIT      12ms] [/home/amar/Code/CAN] git show --textconv HEAD:./main.c -- [12ms]
2026-05-16 00:31:09.839 [error] Error: Base path '' must be an absolute path   [ 5e21 →  5e22] StatusBarController.updateBlame — failed [1ms]
2026-05-16 00:31:09.840 [error] Error: Base path '' must be an absolute path   [ 5e2a →  5e2b] StatusBarController.updateBlame — failed [1ms]
2026-05-16 00:31:09.955 [error] Error: Base path '' must be an absolute path   [ 5e2f →  5e30] StatusBarController.updateBlame — failed [2ms]
2026-05-16 00:31:10.005 [error] Error: Base path '' must be an absolute path   [ 5e3a →  5e3b] StatusBarController.updateBlame — failed [0ms]
2026-05-16 00:31:10.989 [error] Error: Base path '' must be an absolute path   [ 5e56 →  5e57] StatusBarController.updateBlame — failed [1ms]
2026-05-16 00:31:10.992 [info]    [GIT      12ms] [/home/amar/Code/CAN] git show --textconv HEAD:./main.c -- [12ms]
2026-05-16 00:31:11.154 [error] Error: Base path '' must be an absolute path   [ 5e78 →  5e79] StatusBarController.updateBlame — failed [1ms]
2026-05-16 00:31:11.156 [error] Error: Base path '' must be an absolute path   [ 5e81 →  5e82] StatusBarController.updateBlame — failed [1ms]
2026-05-16 00:31:11.896 [error] Error: Base path '' must be an absolute path   [ 5e8a →  5e8b] StatusBarController.updateBlame — failed [2ms]
2026-05-16 00:31:11.946 [error] Error: Base path '' must be an absolute path   [ 5e95 →  5e96] StatusBarController.updateBlame — failed [1ms]
2026-05-16 00:31:12.437 [error] Error: Base path '' must be an absolute path   [ 5e9e →  5e9f] StatusBarController.updateBlame — failed [2ms]
2026-05-16 00:31:12.487 [error] Error: Base path '' must be an absolute path   [ 5ea9 →  5eaa] StatusBarController.updateBlame — failed [1ms]
2026-05-16 00:31:13.468 [error] Error: Base path '' must be an absolute path   [ 5ec5 →  5ec6] StatusBarController.updateBlame — failed [1ms]
2026-05-16 00:31:13.471 [info]    [GIT      14ms] [/home/amar/Code/CAN] git show --textconv HEAD:./main.c -- [14ms]
2026-05-16 00:31:14.614 [error] Error: Base path '' must be an absolute path   [ 5eeb →  5eec] StatusBarController.updateBlame — failed [0ms]
2026-05-16 00:31:14.615 [error] Error: Base path '' must be an absolute path   [ 5ef4 →  5ef5] StatusBarController.updateBlame — failed [0ms]
2026-05-16 00:31:15.315 [error] Error: Base path '' must be an absolute path   [ 5efd →  5efe] StatusBarController.updateBlame — failed [1ms]
2026-05-16 00:31:15.366 [error] Error: Base path '' must be an absolute path   [ 5f08 →  5f09] StatusBarController.updateBlame — failed [1ms]
2026-05-16 00:31:15.724 [error] Error: Base path '' must be an absolute path   [ 5f11 →  5f12] StatusBarController.updateBlame — failed [1ms]
2026-05-16 00:31:15.776 [error] Error: Base path '' must be an absolute path   [ 5f1c →  5f1d] StatusBarController.updateBlame — failed [1ms]
2026-05-16 00:31:16.754 [error] Error: Base path '' must be an absolute path   [ 5f38 →  5f39] StatusBarController.updateBlame — failed [1ms]
2026-05-16 00:31:16.757 [info]    [GIT      13ms] [/home/amar/Code/CAN] git show --textconv HEAD:./main.c -- [13ms]
2026-05-16 00:31:17.923 [error] Error: Base path '' must be an absolute path   [ 5f5e →  5f5f] StatusBarController.updateBlame — failed [1ms]
2026-05-16 00:31:17.924 [error] Error: Base path '' must be an absolute path   [ 5f67 →  5f68] StatusBarController.updateBlame — failed [1ms]
2026-05-16 00:31:18.044 [error] Error: Base path '' must be an absolute path   [ 5f6c →  5f6d] StatusBarController.updateBlame — failed [2ms]
2026-05-16 00:31:18.094 [error] Error: Base path '' must be an absolute path   [ 5f77 →  5f78] StatusBarController.updateBlame — failed [1ms]
2026-05-16 00:31:18.520 [error] Error: Base path '' must be an absolute path   [ 5f80 →  5f81] StatusBarController.updateBlame — failed [1ms]
2026-05-16 00:31:18.572 [error] Error: Base path '' must be an absolute path   [ 5f8b →  5f8c] StatusBarController.updateBlame — failed [1ms]
2026-05-16 00:31:19.400 [error] Error: Base path '' must be an absolute path   [ 5f94 →  5f95] StatusBarController.updateBlame — failed [3ms]
2026-05-16 00:31:19.450 [error] Error: Base path '' must be an absolute path   [ 5f9f →  5fa0] StatusBarController.updateBlame — failed [2ms]
2026-05-16 00:31:20.037 [error] Error: Base path '' must be an absolute path   [ 5fa8 →  5fa9] StatusBarController.updateBlame — failed [2ms]
2026-05-16 00:31:20.087 [error] Error: Base path '' must be an absolute path   [ 5fb3 →  5fb4] StatusBarController.updateBlame — failed [1ms]
2026-05-16 00:31:20.261 [error] Error: Base path '' must be an absolute path   [ 5fb8 →  5fb9] StatusBarController.updateBlame — failed [2ms]
2026-05-16 00:31:20.312 [error] Error: Base path '' must be an absolute path   [ 5fc3 →  5fc4] StatusBarController.updateBlame — failed [1ms]
2026-05-16 00:31:20.523 [info]    [GIT      13ms] [/home/amar/Code/CAN] git ls-files -- main.c [13ms]
2026-05-16 00:31:21.301 [error] Error: Base path '' must be an absolute path   [ 5fe0 →  5fe1] StatusBarController.updateBlame — failed [2ms]
2026-05-16 00:31:21.305 [info]    [GIT      15ms] [/home/amar/Code/CAN] git show --textconv HEAD:./main.c -- [15ms]
2026-05-16 00:31:27.319 [error] Error: Base path '' must be an absolute path   [ 6006 →  6007] StatusBarController.updateBlame — failed [1ms]
2026-05-16 00:31:27.321 [error] Error: Base path '' must be an absolute path   [ 600f →  6010] StatusBarController.updateBlame — failed [1ms]
2026-05-16 00:31:28.297 [error] Error: Base path '' must be an absolute path   [ 602b →  602c] StatusBarController.updateBlame — failed [1ms]
2026-05-16 00:31:28.300 [info]    [GIT      11ms] [/home/amar/Code/CAN] git show --textconv HEAD:./main.c -- [11ms]
2026-05-16 00:31:29.623 [error] Error: Base path '' must be an absolute path   [ 6051 →  6052] StatusBarController.updateBlame — failed [1ms]
2026-05-16 00:31:29.624 [error] Error: Base path '' must be an absolute path   [ 605a →  605b] StatusBarController.updateBlame — failed [0ms]
2026-05-16 00:31:30.603 [error] Error: Base path '' must be an absolute path   [ 6076 →  6077] StatusBarController.updateBlame — failed [1ms]
2026-05-16 00:31:30.605 [info]    [GIT      11ms] [/home/amar/Code/CAN] git show --textconv HEAD:./main.c -- [11ms]
2026-05-16 00:31:30.709 [error] Error: Base path '' must be an absolute path   [ 6098 →  6099] StatusBarController.updateBlame — failed [0ms]
2026-05-16 00:31:30.710 [error] Error: Base path '' must be an absolute path   [ 60a1 →  60a2] StatusBarController.updateBlame — failed [0ms]
2026-05-16 00:31:30.876 [error] Error: Base path '' must be an absolute path   [ 60a6 →  60a7] StatusBarController.updateBlame — failed [2ms]
2026-05-16 00:31:30.927 [error] Error: Base path '' must be an absolute path   [ 60b1 →  60b2] StatusBarController.updateBlame — failed [1ms]
2026-05-16 00:31:31.163 [error] Error: Base path '' must be an absolute path   [ 60ba →  60bb] StatusBarController.updateBlame — failed [2ms]
2026-05-16 00:31:31.214 [error] Error: Base path '' must be an absolute path   [ 60c5 →  60c6] StatusBarController.updateBlame — failed [1ms]
2026-05-16 00:31:31.340 [error] Error: Base path '' must be an absolute path   [ 60ca →  60cb] StatusBarController.updateBlame — failed [2ms]
2026-05-16 00:31:31.391 [error] Error: Base path '' must be an absolute path   [ 60d5 →  60d6] StatusBarController.updateBlame — failed [1ms]
2026-05-16 00:31:31.573 [error] Error: Base path '' must be an absolute path   [ 60da →  60db] StatusBarController.updateBlame — failed [1ms]
2026-05-16 00:31:31.624 [error] Error: Base path '' must be an absolute path   [ 60e5 →  60e6] StatusBarController.updateBlame — failed [1ms]
2026-05-16 00:31:31.827 [error] Error: Base path '' must be an absolute path   [ 60ea →  60eb] StatusBarController.updateBlame — failed [2ms]
2026-05-16 00:31:31.878 [error] Error: Base path '' must be an absolute path   [ 60f5 →  60f6] StatusBarController.updateBlame — failed [1ms]
2026-05-16 00:31:31.969 [error] Error: Base path '' must be an absolute path   [ 60fa →  60fb] StatusBarController.updateBlame — failed [2ms]
2026-05-16 00:31:32.019 [error] Error: Base path '' must be an absolute path   [ 6105 →  6106] StatusBarController.updateBlame — failed [1ms]
2026-05-16 00:31:32.115 [error] Error: Base path '' must be an absolute path   [ 610a →  610b] StatusBarController.updateBlame — failed [1ms]
2026-05-16 00:31:32.165 [error] Error: Base path '' must be an absolute path   [ 6115 →  6116] StatusBarController.updateBlame — failed [0ms]
2026-05-16 00:31:32.332 [error] Error: Base path '' must be an absolute path   [ 611a →  611b] StatusBarController.updateBlame — failed [2ms]
2026-05-16 00:31:32.383 [error] Error: Base path '' must be an absolute path   [ 6125 →  6126] StatusBarController.updateBlame — failed [1ms]
2026-05-16 00:31:33.371 [error] Error: Base path '' must be an absolute path   [ 6141 →  6142] StatusBarController.updateBlame — failed [0ms]
2026-05-16 00:31:33.374 [info]    [GIT      12ms] [/home/amar/Code/CAN] git show --textconv HEAD:./main.c -- [12ms]
2026-05-16 00:31:34.472 [error] Error: Base path '' must be an absolute path   [ 6167 →  6168] StatusBarController.updateBlame — failed [1ms]
2026-05-16 00:31:34.474 [error] Error: Base path '' must be an absolute path   [ 6170 →  6171] StatusBarController.updateBlame — failed [1ms]
2026-05-16 00:31:34.618 [error] Error: Base path '' must be an absolute path   [ 6175 →  6176] StatusBarController.updateBlame — failed [1ms]
2026-05-16 00:31:34.669 [error] Error: Base path '' must be an absolute path   [ 6180 →  6181] StatusBarController.updateBlame — failed [1ms]
2026-05-16 00:31:35.653 [error] Error: Base path '' must be an absolute path   [ 619c →  619d] StatusBarController.updateBlame — failed [1ms]
2026-05-16 00:31:35.656 [info]    [GIT      12ms] [/home/amar/Code/CAN] git show --textconv HEAD:./main.c -- [12ms]
2026-05-16 00:31:35.711 [error] Error: Base path '' must be an absolute path   [ 61b4 →  61b5] StatusBarController.updateBlame — failed [1ms]
2026-05-16 00:31:35.712 [error] Error: Base path '' must be an absolute path   [ 61bd →  61be] StatusBarController.updateBlame — failed [0ms]
2026-05-16 00:31:35.956 [error] Error: Base path '' must be an absolute path   [ 61c6 →  61c7] StatusBarController.updateBlame — failed [1ms]
2026-05-16 00:31:35.959 [error] Error: Base path '' must be an absolute path   [ 61d1 →  61d2] StatusBarController.updateBlame — failed [1ms]
2026-05-16 00:31:36.009 [error] Error: Base path '' must be an absolute path   [ 61de →  61df] StatusBarController.updateBlame — failed [2ms]
2026-05-16 00:31:36.989 [error] Error: Base path '' must be an absolute path   [ 61fc →  61fd] StatusBarController.updateBlame — failed [2ms]
2026-05-16 00:31:36.992 [info]    [GIT      15ms] [/home/amar/Code/CAN] git show --textconv HEAD:./main.c -- [15ms]
2026-05-16 00:31:41.452 [error] Error: Base path '' must be an absolute path   [ 6226 →  6227] StatusBarController.updateBlame — failed [0ms]
2026-05-16 00:31:41.453 [error] Error: Base path '' must be an absolute path   [ 622f →  6230] StatusBarController.updateBlame — failed [0ms]
2026-05-16 00:31:41.544 [error] Error: Base path '' must be an absolute path   [ 6234 →  6235] StatusBarController.updateBlame — failed [2ms]
2026-05-16 00:31:41.595 [error] Error: Base path '' must be an absolute path   [ 623f →  6240] StatusBarController.updateBlame — failed [1ms]
2026-05-16 00:31:42.581 [error] Error: Base path '' must be an absolute path   [ 625b →  625c] StatusBarController.updateBlame — failed [1ms]
2026-05-16 00:31:42.584 [info]    [GIT      15ms] [/home/amar/Code/CAN] git show --textconv HEAD:./main.c -- [15ms]
2026-05-16 00:31:43.322 [error] Error: Base path '' must be an absolute path   [ 6281 →  6282] StatusBarController.updateBlame — failed [1ms]
2026-05-16 00:31:43.323 [error] Error: Base path '' must be an absolute path   [ 628a →  628b] StatusBarController.updateBlame — failed [0ms]
2026-05-16 00:31:43.527 [error] Error: Base path '' must be an absolute path   [ 6293 →  6294] StatusBarController.updateBlame — failed [1ms]
2026-05-16 00:31:43.578 [error] Error: Base path '' must be an absolute path   [ 629e →  629f] StatusBarController.updateBlame — failed [0ms]
2026-05-16 00:31:43.644 [error] Error: Base path '' must be an absolute path   [ 62a3 →  62a4] StatusBarController.updateBlame — failed [1ms]
2026-05-16 00:31:43.695 [error] Error: Base path '' must be an absolute path   [ 62ae →  62af] StatusBarController.updateBlame — failed [1ms]
2026-05-16 00:31:43.781 [error] Error: Base path '' must be an absolute path   [ 62b3 →  62b4] StatusBarController.updateBlame — failed [3ms]
2026-05-16 00:31:43.830 [error] Error: Base path '' must be an absolute path   [ 62be →  62bf] StatusBarController.updateBlame — failed [1ms]
2026-05-16 00:31:44.817 [info]    [GIT      10ms] [/home/amar/Code/CAN] git show --textconv HEAD:./main.c -- [10ms]
2026-05-16 00:31:45.442 [error] Error: Base path '' must be an absolute path   [ 62fe →  62ff] StatusBarController.updateBlame — failed [1ms]
2026-05-16 00:31:45.491 [error] Error: Base path '' must be an absolute path   [ 630c →  630d] StatusBarController.updateBlame — failed [1ms]
2026-05-16 00:31:45.493 [error] Error: Base path '' must be an absolute path   [ 6317 →  6318] StatusBarController.updateBlame — failed [0ms]
2026-05-16 00:31:46.467 [error] Error: Base path '' must be an absolute path   [ 6335 →  6336] StatusBarController.updateBlame — failed [1ms]
2026-05-16 00:31:46.469 [info]    [GIT      11ms] [/home/amar/Code/CAN] git show --textconv HEAD:./main.c -- [11ms]
2026-05-16 00:31:46.982 [error] Error: Base path '' must be an absolute path   [ 635f →  6360] StatusBarController.updateBlame — failed [1ms]
2026-05-16 00:31:46.983 [error] Error: Base path '' must be an absolute path   [ 6368 →  6369] StatusBarController.updateBlame — failed [0ms]
2026-05-16 00:31:47.080 [error] Error: Base path '' must be an absolute path   [ 636d →  636e] StatusBarController.updateBlame — failed [1ms]
2026-05-16 00:31:47.130 [error] Error: Base path '' must be an absolute path   [ 6378 →  6379] StatusBarController.updateBlame — failed [1ms]
2026-05-16 00:31:47.882 [error] Error: Base path '' must be an absolute path   [ 6381 →  6382] StatusBarController.updateBlame — failed [1ms]
2026-05-16 00:31:47.932 [error] Error: Base path '' must be an absolute path   [ 638c →  638d] StatusBarController.updateBlame — failed [0ms]
2026-05-16 00:31:48.511 [error] Error: Base path '' must be an absolute path   [ 6395 →  6396] StatusBarController.updateBlame — failed [2ms]
2026-05-16 00:31:48.562 [error] Error: Base path '' must be an absolute path   [ 63a0 →  63a1] StatusBarController.updateBlame — failed [1ms]
2026-05-16 00:31:49.554 [error] Error: Base path '' must be an absolute path   [ 63bc →  63bd] StatusBarController.updateBlame — failed [1ms]
2026-05-16 00:31:49.557 [info]    [GIT      11ms] [/home/amar/Code/CAN] git show --textconv HEAD:./main.c -- [11ms]
2026-05-16 00:31:52.819 [error] Error: Base path '' must be an absolute path   [ 63e5 →  63e6] StatusBarController.updateBlame — failed [2ms]
2026-05-16 00:31:54.253 [error] Error: Base path '' must be an absolute path   [ 63f5 →  63f6] StatusBarController.updateBlame — failed [0ms]
2026-05-16 00:31:54.254 [error] Error: Base path '' must be an absolute path   [ 63fe →  63ff] StatusBarController.updateBlame — failed [0ms]
2026-05-16 00:31:55.239 [error] Error: Base path '' must be an absolute path   [ 641a →  641b] StatusBarController.updateBlame — failed [1ms]
2026-05-16 00:31:55.243 [info]    [GIT      15ms] [/home/amar/Code/CAN] git show --textconv HEAD:./main.c -- [15ms]
2026-05-16 00:31:56.696 [error] Error: Base path '' must be an absolute path   [ 6440 →  6441] StatusBarController.updateBlame — failed [2ms]
2026-05-16 00:31:56.697 [error] Error: Base path '' must be an absolute path   [ 6449 →  644a] StatusBarController.updateBlame — failed [1ms]
2026-05-16 00:31:57.675 [error] Error: Base path '' must be an absolute path   [ 6465 →  6466] StatusBarController.updateBlame — failed [1ms]
2026-05-16 00:31:57.676 [info]    [GIT       9ms] [/home/amar/Code/CAN] git show --textconv HEAD:./main.c -- [9ms]
2026-05-16 00:32:00.084 [error] Error: Base path '' must be an absolute path   [ 648b →  648c] StatusBarController.updateBlame — failed [1ms]
2026-05-16 00:32:00.085 [error] Error: Base path '' must be an absolute path   [ 6494 →  6495] StatusBarController.updateBlame — failed [1ms]
2026-05-16 00:32:00.326 [error] Error: Base path '' must be an absolute path   [ 649d →  649e] StatusBarController.updateBlame — failed [1ms]
2026-05-16 00:32:00.377 [error] Error: Base path '' must be an absolute path   [ 64a8 →  64a9] StatusBarController.updateBlame — failed [2ms]
2026-05-16 00:32:01.353 [error] Error: Base path '' must be an absolute path   [ 64c4 →  64c5] StatusBarController.updateBlame — failed [1ms]
2026-05-16 00:32:01.355 [info]    [GIT      10ms] [/home/amar/Code/CAN] git show --textconv HEAD:./main.c -- [10ms]
2026-05-16 00:32:04.509 [error] Error: Base path '' must be an absolute path   [ 64ea →  64eb] StatusBarController.updateBlame — failed [1ms]
2026-05-16 00:32:04.510 [error] Error: Base path '' must be an absolute path   [ 64f3 →  64f4] StatusBarController.updateBlame — failed [1ms]
2026-05-16 00:32:04.669 [error] Error: Base path '' must be an absolute path   [ 64f8 →  64f9] StatusBarController.updateBlame — failed [1ms]
2026-05-16 00:32:04.723 [error] Error: Base path '' must be an absolute path   [ 6503 →  6504] StatusBarController.updateBlame — failed [1ms]
2026-05-16 00:32:04.968 [error] Error: Base path '' must be an absolute path   [ 650c →  650d] StatusBarController.updateBlame — failed [1ms]
2026-05-16 00:32:05.021 [error] Error: Base path '' must be an absolute path   [ 6517 →  6518] StatusBarController.updateBlame — failed [1ms]
2026-05-16 00:32:05.808 [error] Error: Base path '' must be an absolute path   [ 6520 →  6521] StatusBarController.updateBlame — failed [2ms]
2026-05-16 00:32:05.858 [error] Error: Base path '' must be an absolute path   [ 652b →  652c] StatusBarController.updateBlame — failed [1ms]
2026-05-16 00:32:05.946 [error] Error: Base path '' must be an absolute path   [ 6530 →  6531] StatusBarController.updateBlame — failed [2ms]
2026-05-16 00:32:05.997 [error] Error: Base path '' must be an absolute path   [ 653b →  653c] StatusBarController.updateBlame — failed [1ms]
2026-05-16 00:32:06.096 [error] Error: Base path '' must be an absolute path   [ 6540 →  6541] StatusBarController.updateBlame — failed [1ms]
2026-05-16 00:32:06.146 [error] Error: Base path '' must be an absolute path   [ 654b →  654c] StatusBarController.updateBlame — failed [0ms]
2026-05-16 00:32:07.134 [info]    [GIT      11ms] [/home/amar/Code/CAN] git show --textconv HEAD:./main.c -- [11ms]
2026-05-16 00:32:19.630 [error] Error: Base path '' must be an absolute path   [ 659d →  659e] StatusBarController.updateBlame — failed [2ms]
2026-05-16 00:32:19.632 [error] Error: Base path '' must be an absolute path   [ 65a6 →  65a7] StatusBarController.updateBlame — failed [1ms]
2026-05-16 00:32:19.780 [error] Error: Base path '' must be an absolute path   [ 65ab →  65ac] StatusBarController.updateBlame — failed [2ms]
2026-05-16 00:32:19.832 [error] Error: Base path '' must be an absolute path   [ 65b6 →  65b7] StatusBarController.updateBlame — failed [1ms]
2026-05-16 00:32:19.954 [error] Error: Base path '' must be an absolute path   [ 65bb →  65bc] StatusBarController.updateBlame — failed [1ms]
2026-05-16 00:32:20.005 [error] Error: Base path '' must be an absolute path   [ 65c6 →  65c7] StatusBarController.updateBlame — failed [1ms]
2026-05-16 00:32:20.986 [info]    [GIT      12ms] [/home/amar/Code/CAN] git ls-files -- main.c [12ms]
2026-05-16 00:32:20.996 [error] Error: Base path '' must be an absolute path   [ 65e3 →  65e4] StatusBarController.updateBlame — failed [1ms]
2026-05-16 00:32:20.999 [info]    [GIT      11ms] [/home/amar/Code/CAN] git show --textconv HEAD:./main.c -- [11ms]
2026-05-16 00:32:21.060 [error] Error: Base path '' must be an absolute path   [ 65fb →  65fc] StatusBarController.updateBlame — failed [1ms]
2026-05-16 00:32:21.061 [error] Error: Base path '' must be an absolute path   [ 6604 →  6605] StatusBarController.updateBlame — failed [0ms]
2026-05-16 00:32:21.153 [error] Error: Base path '' must be an absolute path   [ 6609 →  660a] StatusBarController.updateBlame — failed [2ms]
2026-05-16 00:32:21.203 [error] Error: Base path '' must be an absolute path   [ 6614 →  6615] StatusBarController.updateBlame — failed [1ms]
2026-05-16 00:32:21.330 [error] Error: Base path '' must be an absolute path   [ 6619 →  661a] StatusBarController.updateBlame — failed [1ms]
2026-05-16 00:32:21.379 [error] Error: Base path '' must be an absolute path   [ 6624 →  6625] StatusBarController.updateBlame — failed [0ms]
2026-05-16 00:32:22.361 [error] Error: Base path '' must be an absolute path   [ 6640 →  6641] StatusBarController.updateBlame — failed [1ms]
2026-05-16 00:32:22.363 [info]    [GIT      11ms] [/home/amar/Code/CAN] git show --textconv HEAD:./main.c -- [11ms]
2026-05-16 00:32:24.139 [error] Error: Base path '' must be an absolute path   [ 6667 →  6668] StatusBarController.updateBlame — failed [0ms]
2026-05-16 00:32:24.140 [error] Error: Base path '' must be an absolute path   [ 6670 →  6671] StatusBarController.updateBlame — failed [0ms]
2026-05-16 00:32:25.124 [error] Error: Base path '' must be an absolute path   [ 668c →  668d] StatusBarController.updateBlame — failed [1ms]
2026-05-16 00:32:25.127 [info]    [GIT      11ms] [/home/amar/Code/CAN] git show --textconv HEAD:./main.c -- [11ms]
2026-05-16 00:32:26.098 [error] Error: Base path '' must be an absolute path   [ 66b3 →  66b4] StatusBarController.updateBlame — failed [1ms]
2026-05-16 00:32:26.100 [error] Error: Base path '' must be an absolute path   [ 66bc →  66bd] StatusBarController.updateBlame — failed [1ms]
2026-05-16 00:32:26.317 [error] Error: Base path '' must be an absolute path   [ 66c5 →  66c6] StatusBarController.updateBlame — failed [2ms]
2026-05-16 00:32:26.368 [error] Error: Base path '' must be an absolute path   [ 66d0 →  66d1] StatusBarController.updateBlame — failed [1ms]
2026-05-16 00:32:26.780 [error] Error: Base path '' must be an absolute path   [ 66d9 →  66da] StatusBarController.updateBlame — failed [1ms]
2026-05-16 00:32:26.833 [error] Error: Base path '' must be an absolute path   [ 66e4 →  66e5] StatusBarController.updateBlame — failed [1ms]
2026-05-16 00:32:26.915 [error] Error: Base path '' must be an absolute path   [ 66e9 →  66ea] StatusBarController.updateBlame — failed [2ms]
2026-05-16 00:32:26.966 [error] Error: Base path '' must be an absolute path   [ 66f4 →  66f5] StatusBarController.updateBlame — failed [1ms]
2026-05-16 00:32:27.615 [error] Error: Base path '' must be an absolute path   [ 6707 →  6708] StatusBarController.updateBlame — failed [1ms]
2026-05-16 00:32:28.066 [error] Error: Base path '' must be an absolute path   [ 6710 →  6711] StatusBarController.updateBlame — failed [1ms]
2026-05-16 00:32:28.118 [error] Error: Base path '' must be an absolute path   [ 671b →  671c] StatusBarController.updateBlame — failed [1ms]
2026-05-16 00:32:28.563 [error] Error: Base path '' must be an absolute path   [ 6724 →  6725] StatusBarController.updateBlame — failed [2ms]
2026-05-16 00:32:28.612 [error] Error: Base path '' must be an absolute path   [ 672f →  6730] StatusBarController.updateBlame — failed [0ms]
2026-05-16 00:32:28.774 [error] Error: Base path '' must be an absolute path   [ 6734 →  6735] StatusBarController.updateBlame — failed [1ms]
2026-05-16 00:32:28.825 [error] Error: Base path '' must be an absolute path   [ 673f →  6740] StatusBarController.updateBlame — failed [1ms]
2026-05-16 00:32:29.348 [error] Error: Base path '' must be an absolute path   [ 6748 →  6749] StatusBarController.updateBlame — failed [2ms]
2026-05-16 00:32:29.398 [error] Error: Base path '' must be an absolute path   [ 6753 →  6754] StatusBarController.updateBlame — failed [0ms]
2026-05-16 00:32:29.867 [error] Error: Base path '' must be an absolute path   [ 675c →  675d] StatusBarController.updateBlame — failed [2ms]
2026-05-16 00:32:29.916 [error] Error: Base path '' must be an absolute path   [ 6767 →  6768] StatusBarController.updateBlame — failed [0ms]
2026-05-16 00:32:30.228 [error] Error: Base path '' must be an absolute path   [ 6770 →  6771] StatusBarController.updateBlame — failed [1ms]
2026-05-16 00:32:30.280 [error] Error: Base path '' must be an absolute path   [ 677b →  677c] StatusBarController.updateBlame — failed [1ms]
2026-05-16 00:32:30.484 [error] Error: Base path '' must be an absolute path   [ 6780 →  6781] StatusBarController.updateBlame — failed [2ms]
2026-05-16 00:32:30.533 [error] Error: Base path '' must be an absolute path   [ 678b →  678c] StatusBarController.updateBlame — failed [1ms]
2026-05-16 00:32:31.425 [error] Error: Base path '' must be an absolute path   [ 679a →  679b] StatusBarController.updateBlame — failed [1ms]
2026-05-16 00:32:31.516 [info]    [GIT      12ms] [/home/amar/Code/CAN] git show --textconv HEAD:./main.c -- [12ms]
2026-05-16 00:32:38.266 [error] Error: Base path '' must be an absolute path   [ 67ee →  67ef] StatusBarController.updateBlame — failed [1ms]
2026-05-16 00:32:38.267 [error] Error: Base path '' must be an absolute path   [ 67f7 →  67f8] StatusBarController.updateBlame — failed [0ms]
2026-05-16 00:32:38.480 [error] Error: Base path '' must be an absolute path   [ 6800 →  6801] StatusBarController.updateBlame — failed [1ms]
2026-05-16 00:32:38.531 [error] Error: Base path '' must be an absolute path   [ 680b →  680c] StatusBarController.updateBlame — failed [0ms]
2026-05-16 00:32:39.517 [error] Error: Base path '' must be an absolute path   [ 6827 →  6828] StatusBarController.updateBlame — failed [1ms]
2026-05-16 00:32:39.520 [info]    [GIT      12ms] [/home/amar/Code/CAN] git show --textconv HEAD:./main.c -- [12ms]
2026-05-16 00:32:40.143 [error] Error: Base path '' must be an absolute path   [ 684e →  684f] StatusBarController.updateBlame — failed [1ms]
2026-05-16 00:32:40.145 [error] Error: Base path '' must be an absolute path   [ 6857 →  6858] StatusBarController.updateBlame — failed [1ms]
2026-05-16 00:32:41.120 [error] Error: Base path '' must be an absolute path   [ 6873 →  6874] StatusBarController.updateBlame — failed [1ms]
2026-05-16 00:32:41.122 [info]    [GIT      12ms] [/home/amar/Code/CAN] git show --textconv HEAD:./main.c -- [12ms]
2026-05-16 00:32:41.290 [error] Error: Base path '' must be an absolute path   [ 6895 →  6896] StatusBarController.updateBlame — failed [1ms]
2026-05-16 00:32:41.292 [error] Error: Base path '' must be an absolute path   [ 689e →  689f] StatusBarController.updateBlame — failed [1ms]
2026-05-16 00:32:41.601 [error] Error: Base path '' must be an absolute path   [ 68a7 →  68a8] StatusBarController.updateBlame — failed [2ms]
2026-05-16 00:32:41.650 [error] Error: Base path '' must be an absolute path   [ 68b2 →  68b3] StatusBarController.updateBlame — failed [0ms]
2026-05-16 00:32:42.202 [error] Error: Base path '' must be an absolute path   [ 68bb →  68bc] StatusBarController.updateBlame — failed [1ms]
2026-05-16 00:32:42.253 [error] Error: Base path '' must be an absolute path   [ 68c6 →  68c7] StatusBarController.updateBlame — failed [1ms]
2026-05-16 00:32:42.715 [error] Error: Base path '' must be an absolute path   [ 68cf →  68d0] StatusBarController.updateBlame — failed [2ms]
2026-05-16 00:32:42.766 [error] Error: Base path '' must be an absolute path   [ 68da →  68db] StatusBarController.updateBlame — failed [1ms]
2026-05-16 00:32:42.918 [error] Error: Base path '' must be an absolute path   [ 68df →  68e0] StatusBarController.updateBlame — failed [2ms]
2026-05-16 00:32:42.969 [error] Error: Base path '' must be an absolute path   [ 68ea →  68eb] StatusBarController.updateBlame — failed [1ms]
2026-05-16 00:32:43.134 [error] Error: Base path '' must be an absolute path   [ 68ef →  68f0] StatusBarController.updateBlame — failed [2ms]
2026-05-16 00:32:43.185 [error] Error: Base path '' must be an absolute path   [ 68fa →  68fb] StatusBarController.updateBlame — failed [1ms]
2026-05-16 00:32:43.514 [error] Error: Base path '' must be an absolute path   [ 6903 →  6904] StatusBarController.updateBlame — failed [2ms]
2026-05-16 00:32:43.564 [error] Error: Base path '' must be an absolute path   [ 690e →  690f] StatusBarController.updateBlame — failed [1ms]
2026-05-16 00:32:44.547 [error] Error: Base path '' must be an absolute path   [ 692a →  692b] StatusBarController.updateBlame — failed [1ms]
2026-05-16 00:32:44.549 [info]    [GIT      11ms] [/home/amar/Code/CAN] git show --textconv HEAD:./main.c -- [11ms]
2026-05-16 00:32:45.931 [error] Error: Base path '' must be an absolute path   [ 6951 →  6952] StatusBarController.updateBlame — failed [1ms]
2026-05-16 00:32:45.933 [error] Error: Base path '' must be an absolute path   [ 695a →  695b] StatusBarController.updateBlame — failed [1ms]
2026-05-16 00:32:46.117 [error] Error: Base path '' must be an absolute path   [ 695f →  6960] StatusBarController.updateBlame — failed [1ms]
2026-05-16 00:32:46.167 [error] Error: Base path '' must be an absolute path   [ 696a →  696b] StatusBarController.updateBlame — failed [0ms]
2026-05-16 00:32:47.147 [error] Error: Base path '' must be an absolute path   [ 6986 →  6987] StatusBarController.updateBlame — failed [1ms]
2026-05-16 00:32:47.148 [info]    [GIT      10ms] [/home/amar/Code/CAN] git show --textconv HEAD:./main.c -- [10ms]
2026-05-16 00:32:48.096 [error] Error: Base path '' must be an absolute path   [ 69ad →  69ae] StatusBarController.updateBlame — failed [1ms]
2026-05-16 00:32:48.097 [error] Error: Base path '' must be an absolute path   [ 69b6 →  69b7] StatusBarController.updateBlame — failed [0ms]
2026-05-16 00:32:48.330 [error] Error: Base path '' must be an absolute path   [ 69bf →  69c0] StatusBarController.updateBlame — failed [2ms]
2026-05-16 00:32:48.380 [error] Error: Base path '' must be an absolute path   [ 69ca →  69cb] StatusBarController.updateBlame — failed [1ms]
2026-05-16 00:32:49.362 [error] Error: Base path '' must be an absolute path   [ 69e6 →  69e7] StatusBarController.updateBlame — failed [1ms]
2026-05-16 00:32:49.364 [info]    [GIT      13ms] [/home/amar/Code/CAN] git show --textconv HEAD:./main.c -- [13ms]
2026-05-16 00:32:51.838 [error] Error: Base path '' must be an absolute path   [ 6a0d →  6a0e] StatusBarController.updateBlame — failed [0ms]
2026-05-16 00:32:51.840 [error] Error: Base path '' must be an absolute path   [ 6a16 →  6a17] StatusBarController.updateBlame — failed [1ms]
2026-05-16 00:32:52.817 [error] Error: Base path '' must be an absolute path   [ 6a32 →  6a33] StatusBarController.updateBlame — failed [1ms]
2026-05-16 00:32:52.819 [info]    [GIT      10ms] [/home/amar/Code/CAN] git show --textconv HEAD:./main.c -- [10ms]
2026-05-16 00:32:54.677 [error] Error: Base path '' must be an absolute path   [ 6a59 →  6a5a] StatusBarController.updateBlame — failed [1ms]
2026-05-16 00:32:54.678 [error] Error: Base path '' must be an absolute path   [ 6a62 →  6a63] StatusBarController.updateBlame — failed [0ms]
2026-05-16 00:32:54.758 [error] Error: Base path '' must be an absolute path   [ 6a67 →  6a68] StatusBarController.updateBlame — failed [1ms]
2026-05-16 00:32:54.810 [error] Error: Base path '' must be an absolute path   [ 6a72 →  6a73] StatusBarController.updateBlame — failed [1ms]
2026-05-16 00:32:54.917 [error] Error: Base path '' must be an absolute path   [ 6a77 →  6a78] StatusBarController.updateBlame — failed [2ms]
2026-05-16 00:32:54.968 [error] Error: Base path '' must be an absolute path   [ 6a82 →  6a83] StatusBarController.updateBlame — failed [1ms]
2026-05-16 00:32:55.850 [error] Error: Base path '' must be an absolute path   [ 6a8b →  6a8c] StatusBarController.updateBlame — failed [2ms]
2026-05-16 00:32:55.901 [error] Error: Base path '' must be an absolute path   [ 6a96 →  6a97] StatusBarController.updateBlame — failed [1ms]
2026-05-16 00:32:56.824 [error] Error: Base path '' must be an absolute path   [ 6a9f →  6aa0] StatusBarController.updateBlame — failed [2ms]
2026-05-16 00:32:56.875 [error] Error: Base path '' must be an absolute path   [ 6aaa →  6aab] StatusBarController.updateBlame — failed [1ms]
2026-05-16 00:32:57.858 [error] Error: Base path '' must be an absolute path   [ 6ac6 →  6ac7] StatusBarController.updateBlame — failed [1ms]
2026-05-16 00:32:57.862 [info]    [GIT      12ms] [/home/amar/Code/CAN] git show --textconv HEAD:./main.c -- [12ms]
2026-05-16 00:32:58.204 [error] Error: Base path '' must be an absolute path   [ 6aec →  6aed] StatusBarController.updateBlame — failed [1ms]
2026-05-16 00:32:58.205 [error] Error: Base path '' must be an absolute path   [ 6af5 →  6af6] StatusBarController.updateBlame — failed [1ms]
2026-05-16 00:32:59.181 [error] Error: Base path '' must be an absolute path   [ 6b11 →  6b12] StatusBarController.updateBlame — failed [2ms]
2026-05-16 00:32:59.183 [info]    [GIT      14ms] [/home/amar/Code/CAN] git show --textconv HEAD:./main.c -- [14ms]
2026-05-16 00:33:06.310 [error] Error: Base path '' must be an absolute path   [ 6b39 →  6b3a] StatusBarController.updateBlame — failed [2ms]
2026-05-16 00:33:06.360 [error] Error: Base path '' must be an absolute path   [ 6b47 →  6b48] StatusBarController.updateBlame — failed [2ms]
2026-05-16 00:33:06.361 [error] Error: Base path '' must be an absolute path   [ 6b52 →  6b53] StatusBarController.updateBlame — failed [1ms]
2026-05-16 00:33:07.344 [error] Error: Base path '' must be an absolute path   [ 6b70 →  6b71] StatusBarController.updateBlame — failed [1ms]
2026-05-16 00:33:07.346 [info]    [GIT      12ms] [/home/amar/Code/CAN] git show --textconv HEAD:./main.c -- [12ms]
2026-05-16 00:33:07.678 [info]    [GIT      17ms] [] git cat-file commit 24919d7b0fe1ec41175941d59f657c95f5f08970 [17ms]
2026-05-16 00:33:07.681 [warning] [] Git not a git repository (or any of the parent directories): .git [11ms]
2026-05-16 00:33:07.681 [info]    [GIT      11ms] [] git log --format=%x1E%H%x1D%aN%x1D%aE%x1D%at%x1D%cN%x1D%cE%x1D%ct%x1D%P%x1D%D%x1D%B%x1D --numstat --raw -M --use-mailmap -m --no-min-parents -n1 24919d7b0fe1ec41175941d59f657c95f5f08970 -- [11ms]
2026-05-16 00:33:07.684 [error] Error: Base path '' must be an absolute path   [ 6b8d →  6b9c] GitRepositoryService.getRevisionUri — failed [0ms]
2026-05-16 00:33:07.684 [error] Error: Base path '' must be an absolute path   [         6b8d] LineHoverController.provideDetailsHover(document=Uri(file:///home/amar/Code/CAN/main.c), position=20:2) — failed [27ms]
2026-05-16 00:33:11.161 [error] Error: Base path '' must be an absolute path   [ 6bc0 →  6bc1] StatusBarController.updateBlame — failed [1ms]
2026-05-16 00:33:11.212 [error] Error: Base path '' must be an absolute path   [ 6bce →  6bcf] StatusBarController.updateBlame — failed [2ms]
2026-05-16 00:33:12.323 [error] Error: Base path '' must be an absolute path   [ 6bfd →  6bfe] StatusBarController.updateBlame — failed [2ms]
2026-05-16 00:33:12.371 [error] Error: Base path '' must be an absolute path   [ 6c08 →  6c09] StatusBarController.updateBlame — failed [1ms]
2026-05-16 00:33:13.347 [error] Error: Base path '' must be an absolute path   [ 6c24 →  6c25] StatusBarController.updateBlame — failed [1ms]
2026-05-16 00:33:13.350 [info]    [GIT      11ms] [/home/amar/Code/CAN] git show --textconv HEAD:./main.c -- [11ms]
2026-05-16 00:33:17.224 [error] Error: Base path '' must be an absolute path   [ 6c4b →  6c4c] StatusBarController.updateBlame — failed [1ms]
2026-05-16 00:33:17.225 [error] Error: Base path '' must be an absolute path   [ 6c54 →  6c55] StatusBarController.updateBlame — failed [0ms]
2026-05-16 00:33:17.397 [error] Error: Base path '' must be an absolute path   [ 6c59 →  6c5a] StatusBarController.updateBlame — failed [2ms]
2026-05-16 00:33:17.445 [error] Error: Base path '' must be an absolute path   [ 6c64 →  6c65] StatusBarController.updateBlame — failed [0ms]
2026-05-16 00:33:18.049 [error] Error: Base path '' must be an absolute path   [ 6c6d →  6c6e] StatusBarController.updateBlame — failed [2ms]
2026-05-16 00:33:18.099 [error] Error: Base path '' must be an absolute path   [ 6c78 →  6c79] StatusBarController.updateBlame — failed [1ms]
2026-05-16 00:33:18.349 [error] Error: Base path '' must be an absolute path   [ 6c81 →  6c82] StatusBarController.updateBlame — failed [1ms]
2026-05-16 00:33:18.400 [error] Error: Base path '' must be an absolute path   [ 6c8c →  6c8d] StatusBarController.updateBlame — failed [1ms]
2026-05-16 00:33:18.623 [error] Error: Base path '' must be an absolute path   [ 6c95 →  6c96] StatusBarController.updateBlame — failed [2ms]
2026-05-16 00:33:18.673 [error] Error: Base path '' must be an absolute path   [ 6ca0 →  6ca1] StatusBarController.updateBlame — failed [1ms]
2026-05-16 00:33:18.799 [error] Error: Base path '' must be an absolute path   [ 6ca5 →  6ca6] StatusBarController.updateBlame — failed [1ms]
2026-05-16 00:33:18.850 [error] Error: Base path '' must be an absolute path   [ 6cb0 →  6cb1] StatusBarController.updateBlame — failed [1ms]
2026-05-16 00:33:18.955 [error] Error: Base path '' must be an absolute path   [ 6cb5 →  6cb6] StatusBarController.updateBlame — failed [2ms]
2026-05-16 00:33:19.005 [error] Error: Base path '' must be an absolute path   [ 6cc0 →  6cc1] StatusBarController.updateBlame — failed [1ms]
2026-05-16 00:33:19.669 [error] Error: Base path '' must be an absolute path   [ 6cc9 →  6cca] StatusBarController.updateBlame — failed [2ms]
2026-05-16 00:33:19.720 [error] Error: Base path '' must be an absolute path   [ 6cd4 →  6cd5] StatusBarController.updateBlame — failed [1ms]
2026-05-16 00:33:19.804 [error] Error: Base path '' must be an absolute path   [ 6cd9 →  6cda] StatusBarController.updateBlame — failed [1ms]
2026-05-16 00:33:19.854 [error] Error: Base path '' must be an absolute path   [ 6ce4 →  6ce5] StatusBarController.updateBlame — failed [0ms]
2026-05-16 00:33:19.949 [error] Error: Base path '' must be an absolute path   [ 6ce9 →  6cea] StatusBarController.updateBlame — failed [2ms]
2026-05-16 00:33:19.998 [error] Error: Base path '' must be an absolute path   [ 6cf4 →  6cf5] StatusBarController.updateBlame — failed [1ms]
2026-05-16 00:33:20.070 [error] Error: Base path '' must be an absolute path   [ 6cf9 →  6cfa] StatusBarController.updateBlame — failed [1ms]
2026-05-16 00:33:20.121 [error] Error: Base path '' must be an absolute path   [ 6d04 →  6d05] StatusBarController.updateBlame — failed [1ms]
2026-05-16 00:33:20.635 [error] Error: Base path '' must be an absolute path   [ 6d0d →  6d0e] StatusBarController.updateBlame — failed [2ms]
2026-05-16 00:33:20.686 [error] Error: Base path '' must be an absolute path   [ 6d18 →  6d19] StatusBarController.updateBlame — failed [1ms]
2026-05-16 00:33:21.025 [error] Error: Base path '' must be an absolute path   [ 6d21 →  6d22] StatusBarController.updateBlame — failed [2ms]
2026-05-16 00:33:21.076 [error] Error: Base path '' must be an absolute path   [ 6d2c →  6d2d] StatusBarController.updateBlame — failed [1ms]
2026-05-16 00:33:21.196 [error] Error: Base path '' must be an absolute path   [ 6d31 →  6d32] StatusBarController.updateBlame — failed [2ms]
2026-05-16 00:33:21.247 [error] Error: Base path '' must be an absolute path   [ 6d3c →  6d3d] StatusBarController.updateBlame — failed [2ms]
2026-05-16 00:33:21.456 [info]    [GIT      11ms] [/home/amar/Code/CAN] git ls-files -- main.c [11ms]
2026-05-16 00:33:22.226 [error] Error: Base path '' must be an absolute path   [ 6d59 →  6d5a] StatusBarController.updateBlame — failed [1ms]
2026-05-16 00:33:22.228 [info]    [GIT      10ms] [/home/amar/Code/CAN] git show --textconv HEAD:./main.c -- [10ms]
2026-05-16 00:33:22.315 [error] Error: Base path '' must be an absolute path   [ 6d71 →  6d72] StatusBarController.updateBlame — failed [1ms]
2026-05-16 00:33:22.316 [error] Error: Base path '' must be an absolute path   [ 6d7a →  6d7b] StatusBarController.updateBlame — failed [0ms]
2026-05-16 00:33:22.591 [error] Error: Base path '' must be an absolute path   [ 6d83 →  6d84] StatusBarController.updateBlame — failed [2ms]
2026-05-16 00:33:22.642 [error] Error: Base path '' must be an absolute path   [ 6d8e →  6d8f] StatusBarController.updateBlame — failed [1ms]
2026-05-16 00:33:22.748 [error] Error: Base path '' must be an absolute path   [ 6d93 →  6d94] StatusBarController.updateBlame — failed [1ms]
2026-05-16 00:33:22.798 [error] Error: Base path '' must be an absolute path   [ 6d9e →  6d9f] StatusBarController.updateBlame — failed [0ms]
2026-05-16 00:33:22.903 [error] Error: Base path '' must be an absolute path   [ 6da3 →  6da4] StatusBarController.updateBlame — failed [1ms]
2026-05-16 00:33:22.954 [error] Error: Base path '' must be an absolute path   [ 6dae →  6daf] StatusBarController.updateBlame — failed [0ms]
2026-05-16 00:33:23.932 [error] Error: Base path '' must be an absolute path   [ 6dca →  6dcb] StatusBarController.updateBlame — failed [1ms]
2026-05-16 00:33:23.935 [info]    [GIT      11ms] [/home/amar/Code/CAN] git show --textconv HEAD:./main.c -- [11ms]
2026-05-16 00:33:27.901 [error] Error: Base path '' must be an absolute path   [ 6df1 →  6df2] StatusBarController.updateBlame — failed [1ms]
2026-05-16 00:33:27.902 [error] Error: Base path '' must be an absolute path   [ 6dfa →  6dfb] StatusBarController.updateBlame — failed [0ms]
2026-05-16 00:33:28.825 [error] Error: Base path '' must be an absolute path   [ 6e03 →  6e04] StatusBarController.updateBlame — failed [2ms]
2026-05-16 00:33:28.874 [error] Error: Base path '' must be an absolute path   [ 6e0e →  6e0f] StatusBarController.updateBlame — failed [1ms]
2026-05-16 00:33:29.059 [error] Error: Base path '' must be an absolute path   [ 6e13 →  6e14] StatusBarController.updateBlame — failed [1ms]
2026-05-16 00:33:29.111 [error] Error: Base path '' must be an absolute path   [ 6e1e →  6e1f] StatusBarController.updateBlame — failed [1ms]
2026-05-16 00:33:29.646 [error] Error: Base path '' must be an absolute path   [ 6e27 →  6e28] StatusBarController.updateBlame — failed [1ms]
2026-05-16 00:33:29.697 [error] Error: Base path '' must be an absolute path   [ 6e32 →  6e33] StatusBarController.updateBlame — failed [1ms]
2026-05-16 00:33:30.670 [info]    [GIT:→5       ] (spawn) [/home/amar/Code/CAN] git blame --root --incremental --encoding=utf-8 -- main.c · starting...
2026-05-16 00:33:30.674 [info]    [GIT:←5   11ms] (spawn) [/home/amar/Code/CAN] git blame --root --incremental --encoding=utf-8 -- main.c [11ms]
2026-05-16 00:33:30.683 [error] Error: Base path '' must be an absolute path   [ 6e50 →  6e51] StatusBarController.updateBlame — failed [1ms]
2026-05-16 00:33:30.684 [error] Error: Base path '' must be an absolute path   [ 6e59 →  6e5a] StatusBarController.updateBlame — failed [0ms]
2026-05-16 00:33:30.692 [info]    [GIT:→6       ] (spawn) [/home/amar/Code/CAN] git blame --root --incremental --encoding=utf-8 HEAD -- main.c · starting...
2026-05-16 00:33:30.692 [info]    [GIT      17ms] [/home/amar/Code/CAN] git show --textconv HEAD:./main.c -- [17ms]
2026-05-16 00:33:30.696 [info]    [GIT:←6   10ms] (spawn) [/home/amar/Code/CAN] git blame --root --incremental --encoding=utf-8 HEAD -- main.c [10ms]
2026-05-16 00:33:30.712 [error] Error: Base path '' must be an absolute path   [ 6e64 →  6e65] StatusBarController.updateBlame — failed [0ms]
2026-05-16 00:33:31.219 [error] Error: Base path '' must be an absolute path   [ 6e6e →  6e6f] StatusBarController.updateBlame — failed [1ms]
2026-05-16 00:33:31.274 [error] Error: Base path '' must be an absolute path   [ 6e7a →  6e7b] StatusBarController.updateBlame — failed [1ms]
2026-05-16 00:33:31.276 [error] Error: Base path '' must be an absolute path   [ 6e83 →  6e84] StatusBarController.updateBlame — failed [1ms]
2026-05-16 00:33:31.606 [error] Error: Base path '' must be an absolute path   [ 6e8c →  6e8d] StatusBarController.updateBlame — failed [1ms]
2026-05-16 00:33:31.657 [error] Error: Base path '' must be an absolute path   [ 6e97 →  6e98] StatusBarController.updateBlame — failed [1ms]
2026-05-16 00:33:32.628 [error] Error: Base path '' must be an absolute path   [ 6eab →  6eac] StatusBarController.updateBlame — failed [1ms]
2026-05-16 00:33:32.678 [error] Error: Base path '' must be an absolute path   [ 6eb6 →  6eb7] StatusBarController.updateBlame — failed [1ms]
2026-05-16 00:33:39.597 [error] Error: Base path '' must be an absolute path   [ 6ebb →  6ebc] StatusBarController.updateBlame — failed [1ms]
2026-05-16 00:33:39.600 [error] Error: Base path '' must be an absolute path   [ 6ec6 →  6ec7] StatusBarController.updateBlame — failed [1ms]
2026-05-16 00:33:39.651 [error] Error: Base path '' must be an absolute path   [ 6ed4 →  6ed5] StatusBarController.updateBlame — failed [1ms]
2026-05-16 00:33:39.652 [error] Error: Base path '' must be an absolute path   [ 6edf →  6ee0] StatusBarController.updateBlame — failed [1ms]
2026-05-16 00:33:40.635 [error] Error: Base path '' must be an absolute path   [ 6ef5 →  6ef6] StatusBarController.updateBlame — failed [2ms]
2026-05-16 00:33:40.685 [error] Error: Base path '' must be an absolute path   [ 6f02 →  6f03] StatusBarController.updateBlame — failed [2ms]
2026-05-16 00:33:46.779 [error] Error: Base path '' must be an absolute path   [ 6f19 →  6f1a] StatusBarController.updateBlame — failed [1ms]
2026-05-16 00:33:46.833 [error] Error: Base path '' must be an absolute path   [ 6f25 →  6f26] StatusBarController.updateBlame — failed [1ms]
2026-05-16 00:33:46.834 [error] Error: Base path '' must be an absolute path   [ 6f2e →  6f2f] StatusBarController.updateBlame — failed [0ms]
2026-05-16 00:33:46.940 [error] Error: Base path '' must be an absolute path   [ 6f33 →  6f34] StatusBarController.updateBlame — failed [2ms]
2026-05-16 00:33:46.991 [error] Error: Base path '' must be an absolute path   [ 6f3e →  6f3f] StatusBarController.updateBlame — failed [1ms]
2026-05-16 00:33:47.174 [error] Error: Base path '' must be an absolute path   [ 6f43 →  6f44] StatusBarController.updateBlame — failed [1ms]
2026-05-16 00:33:47.224 [error] Error: Base path '' must be an absolute path   [ 6f4e →  6f4f] StatusBarController.updateBlame — failed [1ms]
2026-05-16 00:33:47.946 [error] Error: Base path '' must be an absolute path   [ 6f57 →  6f58] StatusBarController.updateBlame — failed [2ms]
2026-05-16 00:33:47.995 [error] Error: Base path '' must be an absolute path   [ 6f62 →  6f63] StatusBarController.updateBlame — failed [0ms]
2026-05-16 00:33:48.301 [error] Error: Base path '' must be an absolute path   [ 6f6b →  6f6c] StatusBarController.updateBlame — failed [1ms]
2026-05-16 00:33:48.350 [error] Error: Base path '' must be an absolute path   [ 6f76 →  6f77] StatusBarController.updateBlame — failed [1ms]
2026-05-16 00:33:49.121 [error] Error: Base path '' must be an absolute path   [ 6f7f →  6f80] StatusBarController.updateBlame — failed [1ms]
2026-05-16 00:33:49.171 [error] Error: Base path '' must be an absolute path   [ 6f8a →  6f8b] StatusBarController.updateBlame — failed [0ms]
2026-05-16 00:33:49.504 [error] Error: Base path '' must be an absolute path   [ 6f93 →  6f94] StatusBarController.updateBlame — failed [2ms]
2026-05-16 00:33:49.509 [error] Error: Base path '' must be an absolute path   [ 6f9e →  6f9f] StatusBarController.updateBlame — failed [2ms]
2026-05-16 00:33:49.556 [error] Error: Base path '' must be an absolute path   [ 6fab →  6fac] StatusBarController.updateBlame — failed [2ms]
2026-05-16 00:33:50.116 [error] Error: Base path '' must be an absolute path   [ 6fb4 →  6fb5] StatusBarController.updateBlame — failed [2ms]
2026-05-16 00:33:50.165 [error] Error: Base path '' must be an absolute path   [ 6fbf →  6fc0] StatusBarController.updateBlame — failed [1ms]
2026-05-16 00:33:50.284 [error] Error: Base path '' must be an absolute path   [ 6fc4 →  6fc5] StatusBarController.updateBlame — failed [2ms]
2026-05-16 00:33:50.289 [error] Error: Base path '' must be an absolute path   [ 6fcf →  6fd0] StatusBarController.updateBlame — failed [1ms]
2026-05-16 00:33:50.335 [error] Error: Base path '' must be an absolute path   [ 6fda →  6fdb] StatusBarController.updateBlame — failed [1ms]
2026-05-16 00:33:51.303 [error] Error: Base path '' must be an absolute path   [ 6fee →  6fef] StatusBarController.updateBlame — failed [1ms]
2026-05-16 00:33:51.353 [error] Error: Base path '' must be an absolute path   [ 6ff9 →  6ffa] StatusBarController.updateBlame — failed [1ms]
2026-05-16 00:33:51.394 [error] Error: Base path '' must be an absolute path   [ 6ffe →  6fff] StatusBarController.updateBlame — failed [1ms]
2026-05-16 00:33:51.448 [error] Error: Base path '' must be an absolute path   [ 700a →  700b] StatusBarController.updateBlame — failed [1ms]
2026-05-16 00:33:51.449 [error] Error: Base path '' must be an absolute path   [ 7013 →  7014] StatusBarController.updateBlame — failed [0ms]
2026-05-16 00:33:51.632 [error] Error: Base path '' must be an absolute path   [ 7018 →  7019] StatusBarController.updateBlame — failed [1ms]
2026-05-16 00:33:51.683 [error] Error: Base path '' must be an absolute path   [ 7023 →  7024] StatusBarController.updateBlame — failed [1ms]
2026-05-16 00:33:52.424 [error] Error: Base path '' must be an absolute path   [ 702c →  702d] StatusBarController.updateBlame — failed [2ms]
2026-05-16 00:33:52.475 [error] Error: Base path '' must be an absolute path   [ 7037 →  7038] StatusBarController.updateBlame — failed [1ms]
2026-05-16 00:33:52.773 [error] Error: Base path '' must be an absolute path   [ 704a →  704b] StatusBarController.updateBlame — failed [1ms]
2026-05-16 00:33:52.823 [error] Error: Base path '' must be an absolute path   [ 7057 →  7058] StatusBarController.updateBlame — failed [2ms]
2026-05-16 00:33:53.806 [error] Error: Base path '' must be an absolute path   [ 706d →  706e] StatusBarController.updateBlame — failed [2ms]
2026-05-16 00:33:53.856 [error] Error: Base path '' must be an absolute path   [ 707a →  707b] StatusBarController.updateBlame — failed [2ms]
2026-05-16 00:33:57.506 [error] Error: Base path '' must be an absolute path   [ 707f →  7080] StatusBarController.updateBlame — failed [1ms]
2026-05-16 00:33:57.561 [error] Error: Base path '' must be an absolute path   [ 708b →  708c] StatusBarController.updateBlame — failed [1ms]
2026-05-16 00:33:57.563 [error] Error: Base path '' must be an absolute path   [ 7094 →  7095] StatusBarController.updateBlame — failed [1ms]
2026-05-16 00:33:57.683 [error] Error: Base path '' must be an absolute path   [ 7099 →  709a] StatusBarController.updateBlame — failed [1ms]
2026-05-16 00:33:57.735 [error] Error: Base path '' must be an absolute path   [ 70a4 →  70a5] StatusBarController.updateBlame — failed [1ms]
2026-05-16 00:33:57.834 [error] Error: Base path '' must be an absolute path   [ 70a9 →  70aa] StatusBarController.updateBlame — failed [2ms]
2026-05-16 00:33:57.884 [error] Error: Base path '' must be an absolute path   [ 70b4 →  70b5] StatusBarController.updateBlame — failed [0ms]
2026-05-16 00:33:58.582 [error] Error: Base path '' must be an absolute path   [ 70bd →  70be] StatusBarController.updateBlame — failed [2ms]
2026-05-16 00:33:58.633 [error] Error: Base path '' must be an absolute path   [ 70c8 →  70c9] StatusBarController.updateBlame — failed [1ms]
2026-05-16 00:33:59.201 [error] Error: Base path '' must be an absolute path   [ 70d1 →  70d2] StatusBarController.updateBlame — failed [2ms]
2026-05-16 00:33:59.251 [error] Error: Base path '' must be an absolute path   [ 70dc →  70dd] StatusBarController.updateBlame — failed [1ms]
2026-05-16 00:33:59.318 [error] Error: Base path '' must be an absolute path   [ 70e1 →  70e2] StatusBarController.updateBlame — failed [2ms]
2026-05-16 00:33:59.369 [error] Error: Base path '' must be an absolute path   [ 70ec →  70ed] StatusBarController.updateBlame — failed [1ms]
2026-05-16 00:34:00.046 [error] Error: Base path '' must be an absolute path   [ 70f5 →  70f6] StatusBarController.updateBlame — failed [2ms]
2026-05-16 00:34:00.097 [error] Error: Base path '' must be an absolute path   [ 7100 →  7101] StatusBarController.updateBlame — failed [1ms]
2026-05-16 00:34:01.032 [error] Error: Base path '' must be an absolute path   [ 7109 →  710a] StatusBarController.updateBlame — failed [2ms]
2026-05-16 00:34:01.082 [error] Error: Base path '' must be an absolute path   [ 7114 →  7115] StatusBarController.updateBlame — failed [1ms]
2026-05-16 00:34:01.151 [error] Error: Base path '' must be an absolute path   [ 7119 →  711a] StatusBarController.updateBlame — failed [2ms]
2026-05-16 00:34:01.201 [error] Error: Base path '' must be an absolute path   [ 7124 →  7125] StatusBarController.updateBlame — failed [1ms]
2026-05-16 00:34:01.291 [error] Error: Base path '' must be an absolute path   [ 7129 →  712a] StatusBarController.updateBlame — failed [2ms]
2026-05-16 00:34:01.342 [error] Error: Base path '' must be an absolute path   [ 7134 →  7135] StatusBarController.updateBlame — failed [1ms]
2026-05-16 00:34:01.448 [error] Error: Base path '' must be an absolute path   [ 7139 →  713a] StatusBarController.updateBlame — failed [2ms]
2026-05-16 00:34:01.499 [error] Error: Base path '' must be an absolute path   [ 7144 →  7145] StatusBarController.updateBlame — failed [2ms]
2026-05-16 00:34:01.603 [error] Error: Base path '' must be an absolute path   [ 7149 →  714a] StatusBarController.updateBlame — failed [1ms]
2026-05-16 00:34:01.655 [error] Error: Base path '' must be an absolute path   [ 7154 →  7155] StatusBarController.updateBlame — failed [1ms]
2026-05-16 00:34:02.113 [error] Error: Base path '' must be an absolute path   [ 715d →  715e] StatusBarController.updateBlame — failed [2ms]
2026-05-16 00:34:02.164 [error] Error: Base path '' must be an absolute path   [ 7168 →  7169] StatusBarController.updateBlame — failed [2ms]
2026-05-16 00:34:02.264 [error] Error: Base path '' must be an absolute path   [ 716d →  716e] StatusBarController.updateBlame — failed [2ms]
2026-05-16 00:34:02.312 [error] Error: Base path '' must be an absolute path   [ 7178 →  7179] StatusBarController.updateBlame — failed [0ms]
2026-05-16 00:34:03.289 [error] Error: Base path '' must be an absolute path   [ 718c →  718d] StatusBarController.updateBlame — failed [0ms]
2026-05-16 00:34:03.340 [error] Error: Base path '' must be an absolute path   [ 7197 →  7198] StatusBarController.updateBlame — failed [1ms]
2026-05-16 00:34:03.437 [error] Error: Base path '' must be an absolute path   [ 719c →  719d] StatusBarController.updateBlame — failed [2ms]
2026-05-16 00:34:03.494 [error] Error: Base path '' must be an absolute path   [ 71a8 →  71a9] StatusBarController.updateBlame — failed [0ms]
2026-05-16 00:34:03.902 [error] Error: Base path '' must be an absolute path   [ 71c3 →  71c4] StatusBarController.updateBlame — failed [2ms]
2026-05-16 00:34:03.949 [error] Error: Base path '' must be an absolute path   [ 71d0 →  71d1] StatusBarController.updateBlame — failed [1ms]
2026-05-16 00:34:04.914 [error] Error: Base path '' must be an absolute path   [ 71e6 →  71e7] StatusBarController.updateBlame — failed [1ms]
2026-05-16 00:34:04.965 [error] Error: Base path '' must be an absolute path   [ 71f3 →  71f4] StatusBarController.updateBlame — failed [1ms]
2026-05-16 00:34:07.485 [error] Error: Base path '' must be an absolute path   [ 71f8 →  71f9] StatusBarController.updateBlame — failed [1ms]
2026-05-16 00:34:07.538 [error] Error: Base path '' must be an absolute path   [ 7204 →  7205] StatusBarController.updateBlame — failed [0ms]
2026-05-16 00:34:07.539 [error] Error: Base path '' must be an absolute path   [ 720d →  720e] StatusBarController.updateBlame — failed [0ms]
2026-05-16 00:34:07.619 [error] Error: Base path '' must be an absolute path   [ 7212 →  7213] StatusBarController.updateBlame — failed [1ms]
2026-05-16 00:34:07.670 [error] Error: Base path '' must be an absolute path   [ 721d →  721e] StatusBarController.updateBlame — failed [1ms]
2026-05-16 00:34:08.646 [error] Error: Base path '' must be an absolute path   [ 7231 →  7232] StatusBarController.updateBlame — failed [1ms]
2026-05-16 00:34:08.696 [error] Error: Base path '' must be an absolute path   [ 723c →  723d] StatusBarController.updateBlame — failed [1ms]
2026-05-16 00:34:09.339 [error] Error: Base path '' must be an absolute path   [ 7241 →  7242] StatusBarController.updateBlame — failed [1ms]
2026-05-16 00:34:09.341 [error] Error: Base path '' must be an absolute path   [ 724c →  724d] StatusBarController.updateBlame — failed [1ms]
2026-05-16 00:34:09.345 [error] Error: Base path '' must be an absolute path   [ 7257 →  7258] StatusBarController.updateBlame — failed [1ms]
2026-05-16 00:34:09.396 [error] Error: Base path '' must be an absolute path   [ 7263 →  7264] StatusBarController.updateBlame — failed [2ms]
2026-05-16 00:34:09.398 [error] Error: Base path '' must be an absolute path   [ 726c →  726d] StatusBarController.updateBlame — failed [1ms]
2026-05-16 00:34:10.087 [error] Error: Base path '' must be an absolute path   [ 7275 →  7276] StatusBarController.updateBlame — failed [1ms]
2026-05-16 00:34:10.138 [error] Error: Base path '' must be an absolute path   [ 7280 →  7281] StatusBarController.updateBlame — failed [0ms]
2026-05-16 00:34:11.118 [error] Error: Base path '' must be an absolute path   [ 7294 →  7295] StatusBarController.updateBlame — failed [1ms]
2026-05-16 00:34:11.166 [error] Error: Base path '' must be an absolute path   [ 729f →  72a0] StatusBarController.updateBlame — failed [1ms]
2026-05-16 00:34:12.423 [error] Error: Base path '' must be an absolute path   [ 72a4 →  72a5] StatusBarController.updateBlame — failed [1ms]
2026-05-16 00:34:12.479 [error] Error: Base path '' must be an absolute path   [ 72b0 →  72b1] StatusBarController.updateBlame — failed [1ms]
2026-05-16 00:34:12.481 [error] Error: Base path '' must be an absolute path   [ 72b9 →  72ba] StatusBarController.updateBlame — failed [1ms]
2026-05-16 00:34:12.526 [error] Error: Base path '' must be an absolute path   [ 72be →  72bf] StatusBarController.updateBlame — failed [2ms]
2026-05-16 00:34:12.577 [error] Error: Base path '' must be an absolute path   [ 72c9 →  72ca] StatusBarController.updateBlame — failed [1ms]
2026-05-16 00:34:13.551 [error] Error: Base path '' must be an absolute path   [ 72dd →  72de] StatusBarController.updateBlame — failed [1ms]
2026-05-16 00:34:13.600 [error] Error: Base path '' must be an absolute path   [ 72e8 →  72e9] StatusBarController.updateBlame — failed [1ms]
2026-05-16 00:34:15.271 [error] Error: Base path '' must be an absolute path   [ 72ed →  72ee] StatusBarController.updateBlame — failed [1ms]
2026-05-16 00:34:15.325 [error] Error: Base path '' must be an absolute path   [ 72f9 →  72fa] StatusBarController.updateBlame — failed [0ms]
2026-05-16 00:34:15.326 [error] Error: Base path '' must be an absolute path   [ 7302 →  7303] StatusBarController.updateBlame — failed [0ms]
2026-05-16 00:34:15.490 [error] Error: Base path '' must be an absolute path   [ 7307 →  7308] StatusBarController.updateBlame — failed [2ms]
2026-05-16 00:34:15.539 [error] Error: Base path '' must be an absolute path   [ 7312 →  7313] StatusBarController.updateBlame — failed [1ms]
2026-05-16 00:34:16.408 [error] Error: Base path '' must be an absolute path   [ 731b →  731c] StatusBarController.updateBlame — failed [1ms]
2026-05-16 00:34:16.458 [error] Error: Base path '' must be an absolute path   [ 7326 →  7327] StatusBarController.updateBlame — failed [1ms]
2026-05-16 00:34:16.710 [error] Error: Base path '' must be an absolute path   [ 732f →  7330] StatusBarController.updateBlame — failed [2ms]
2026-05-16 00:34:16.761 [error] Error: Base path '' must be an absolute path   [ 733a →  733b] StatusBarController.updateBlame — failed [1ms]
2026-05-16 00:34:17.350 [error] Error: Base path '' must be an absolute path   [ 7343 →  7344] StatusBarController.updateBlame — failed [1ms]
2026-05-16 00:34:17.399 [error] Error: Base path '' must be an absolute path   [ 734e →  734f] StatusBarController.updateBlame — failed [0ms]
2026-05-16 00:34:17.518 [error] Error: Base path '' must be an absolute path   [ 7353 →  7354] StatusBarController.updateBlame — failed [1ms]
2026-05-16 00:34:17.569 [error] Error: Base path '' must be an absolute path   [ 735e →  735f] StatusBarController.updateBlame — failed [1ms]
2026-05-16 00:34:18.564 [error] Error: Base path '' must be an absolute path   [ 7372 →  7373] StatusBarController.updateBlame — failed [0ms]
2026-05-16 00:34:18.615 [error] Error: Base path '' must be an absolute path   [ 737d →  737e] StatusBarController.updateBlame — failed [1ms]
2026-05-16 00:34:29.777 [error] Error: Base path '' must be an absolute path   [ 738a →  738b] StatusBarController.updateBlame — failed [2ms]
2026-05-16 00:34:29.995 [error] Error: Base path '' must be an absolute path   [ 7395 →  7396] StatusBarController.updateBlame — failed [2ms]
2026-05-16 00:34:30.079 [error] Error: Base path '' must be an absolute path   [ 73a0 →  73a1] StatusBarController.updateBlame — failed [2ms]
2026-05-16 00:34:30.262 [error] Error: Base path '' must be an absolute path   [ 73ab →  73ac] StatusBarController.updateBlame — failed [2ms]
2026-05-16 00:34:30.378 [error] Error: Base path '' must be an absolute path   [ 73b6 →  73b7] StatusBarController.updateBlame — failed [2ms]
2026-05-16 00:34:30.627 [error] Error: Base path '' must be an absolute path   [ 73c1 →  73c2] StatusBarController.updateBlame — failed [1ms]
2026-05-16 00:34:30.744 [error] Error: Base path '' must be an absolute path   [ 73cc →  73cd] StatusBarController.updateBlame — failed [2ms]
2026-05-16 00:34:30.807 [error] Error: Base path '' must be an absolute path   [ 73d7 →  73d8] StatusBarController.updateBlame — failed [2ms]
2026-05-16 00:34:30.911 [error] Error: Base path '' must be an absolute path   [ 73e2 →  73e3] StatusBarController.updateBlame — failed [2ms]
2026-05-16 00:34:31.794 [error] Error: Base path '' must be an absolute path   [ 73ed →  73ee] StatusBarController.updateBlame — failed [2ms]
2026-05-16 00:34:32.777 [error] Error: Base path '' must be an absolute path   [ 73f8 →  73f9] StatusBarController.updateBlame — failed [2ms]
2026-05-16 00:34:33.078 [error] Error: Base path '' must be an absolute path   [ 7403 →  7404] StatusBarController.updateBlame — failed [2ms]
2026-05-16 00:34:34.549 [error] Error: Base path '' must be an absolute path   [ 740e →  740f] StatusBarController.updateBlame — failed [2ms]
2026-05-16 00:34:35.165 [error] Error: Base path '' must be an absolute path   [ 7419 →  741a] StatusBarController.updateBlame — failed [1ms]
2026-05-16 00:34:37.442 [error] Error: Base path '' must be an absolute path   [ 741e →  741f] StatusBarController.updateBlame — failed [2ms]
2026-05-16 00:34:37.450 [error] Error: Base path '' must be an absolute path   [ 7429 →  742a] StatusBarController.updateBlame — failed [1ms]
2026-05-16 00:34:37.498 [error] Error: Base path '' must be an absolute path   [ 7435 →  7436] StatusBarController.updateBlame — failed [1ms]
2026-05-16 00:34:37.499 [error] Error: Base path '' must be an absolute path   [ 743e →  743f] StatusBarController.updateBlame — failed [1ms]
2026-05-16 00:34:37.709 [info]    [GIT      11ms] [/home/amar/Code/CAN] git ls-files -- main.c [11ms]
2026-05-16 00:34:38.475 [error] Error: Base path '' must be an absolute path   [ 7453 →  7454] StatusBarController.updateBlame — failed [1ms]
2026-05-16 00:34:38.525 [error] Error: Base path '' must be an absolute path   [ 745e →  745f] StatusBarController.updateBlame — failed [0ms]
2026-05-16 00:34:41.105 [error] Error: Base path '' must be an absolute path   [ 746b →  746c] StatusBarController.updateBlame — failed [2ms]
2026-05-16 00:34:41.936 [error] Error: Base path '' must be an absolute path   [ 747b →  747c] StatusBarController.updateBlame — failed [1ms]
2026-05-16 00:34:41.938 [error] Error: Base path '' must be an absolute path   [ 7484 →  7485] StatusBarController.updateBlame — failed [1ms]
2026-05-16 00:34:42.043 [error] Error: Base path '' must be an absolute path   [ 7489 →  748a] StatusBarController.updateBlame — failed [1ms]
2026-05-16 00:34:42.093 [error] Error: Base path '' must be an absolute path   [ 7494 →  7495] StatusBarController.updateBlame — failed [1ms]
2026-05-16 00:34:42.214 [error] Error: Base path '' must be an absolute path   [ 7499 →  749a] StatusBarController.updateBlame — failed [1ms]
2026-05-16 00:34:42.265 [error] Error: Base path '' must be an absolute path   [ 74a4 →  74a5] StatusBarController.updateBlame — failed [1ms]
2026-05-16 00:34:42.367 [error] Error: Base path '' must be an absolute path   [ 74a9 →  74aa] StatusBarController.updateBlame — failed [2ms]
2026-05-16 00:34:42.419 [error] Error: Base path '' must be an absolute path   [ 74b4 →  74b5] StatusBarController.updateBlame — failed [1ms]
2026-05-16 00:34:42.507 [error] Error: Base path '' must be an absolute path   [ 74b9 →  74ba] StatusBarController.updateBlame — failed [2ms]
2026-05-16 00:34:42.556 [error] Error: Base path '' must be an absolute path   [ 74c4 →  74c5] StatusBarController.updateBlame — failed [0ms]
2026-05-16 00:34:42.901 [error] Error: Base path '' must be an absolute path   [ 74cd →  74ce] StatusBarController.updateBlame — failed [1ms]
2026-05-16 00:34:42.951 [error] Error: Base path '' must be an absolute path   [ 74d8 →  74d9] StatusBarController.updateBlame — failed [0ms]
2026-05-16 00:34:43.059 [error] Error: Base path '' must be an absolute path   [ 74dd →  74de] StatusBarController.updateBlame — failed [2ms]
2026-05-16 00:34:43.109 [error] Error: Base path '' must be an absolute path   [ 74e8 →  74e9] StatusBarController.updateBlame — failed [1ms]
2026-05-16 00:34:43.177 [error] Error: Base path '' must be an absolute path   [ 74ed →  74ee] StatusBarController.updateBlame — failed [2ms]
2026-05-16 00:34:43.228 [error] Error: Base path '' must be an absolute path   [ 74f8 →  74f9] StatusBarController.updateBlame — failed [0ms]
2026-05-16 00:34:43.334 [error] Error: Base path '' must be an absolute path   [ 74fd →  74fe] StatusBarController.updateBlame — failed [2ms]
2026-05-16 00:34:43.385 [error] Error: Base path '' must be an absolute path   [ 7508 →  7509] StatusBarController.updateBlame — failed [1ms]
2026-05-16 00:34:43.785 [error] Error: Base path '' must be an absolute path   [ 7511 →  7512] StatusBarController.updateBlame — failed [1ms]
2026-05-16 00:34:43.835 [error] Error: Base path '' must be an absolute path   [ 751c →  751d] StatusBarController.updateBlame — failed [1ms]
2026-05-16 00:34:44.022 [error] Error: Base path '' must be an absolute path   [ 7521 →  7522] StatusBarController.updateBlame — failed [1ms]
2026-05-16 00:34:44.073 [error] Error: Base path '' must be an absolute path   [ 752c →  752d] StatusBarController.updateBlame — failed [1ms]
2026-05-16 00:34:44.528 [error] Error: Base path '' must be an absolute path   [ 7535 →  7536] StatusBarController.updateBlame — failed [2ms]
2026-05-16 00:34:44.577 [error] Error: Base path '' must be an absolute path   [ 7540 →  7541] StatusBarController.updateBlame — failed [1ms]
2026-05-16 00:34:44.663 [error] Error: Base path '' must be an absolute path   [ 7545 →  7546] StatusBarController.updateBlame — failed [2ms]
2026-05-16 00:34:44.714 [error] Error: Base path '' must be an absolute path   [ 7550 →  7551] StatusBarController.updateBlame — failed [1ms]
2026-05-16 00:34:44.825 [error] Error: Base path '' must be an absolute path   [ 7555 →  7556] StatusBarController.updateBlame — failed [2ms]
2026-05-16 00:34:44.875 [error] Error: Base path '' must be an absolute path   [ 7560 →  7561] StatusBarController.updateBlame — failed [1ms]
2026-05-16 00:34:45.042 [error] Error: Base path '' must be an absolute path   [ 7565 →  7566] StatusBarController.updateBlame — failed [1ms]
2026-05-16 00:34:45.093 [error] Error: Base path '' must be an absolute path   [ 7570 →  7571] StatusBarController.updateBlame — failed [1ms]
2026-05-16 00:34:45.758 [error] Error: Base path '' must be an absolute path   [ 7579 →  757a] StatusBarController.updateBlame — failed [2ms]
2026-05-16 00:34:45.809 [error] Error: Base path '' must be an absolute path   [ 7584 →  7585] StatusBarController.updateBlame — failed [1ms]
2026-05-16 00:34:45.914 [error] Error: Base path '' must be an absolute path   [ 7589 →  758a] StatusBarController.updateBlame — failed [1ms]
2026-05-16 00:34:45.965 [error] Error: Base path '' must be an absolute path   [ 7594 →  7595] StatusBarController.updateBlame — failed [1ms]
2026-05-16 00:34:46.750 [error] Error: Base path '' must be an absolute path   [ 759d →  759e] StatusBarController.updateBlame — failed [2ms]
2026-05-16 00:34:46.801 [error] Error: Base path '' must be an absolute path   [ 75a8 →  75a9] StatusBarController.updateBlame — failed [1ms]
2026-05-16 00:34:47.094 [error] Error: Base path '' must be an absolute path   [ 75b1 →  75b2] StatusBarController.updateBlame — failed [2ms]
2026-05-16 00:34:47.099 [error] Error: Base path '' must be an absolute path   [ 75bc →  75bd] StatusBarController.updateBlame — failed [1ms]
2026-05-16 00:34:47.146 [error] Error: Base path '' must be an absolute path   [ 75c9 →  75ca] StatusBarController.updateBlame — failed [2ms]
2026-05-16 00:34:47.819 [error] Error: Base path '' must be an absolute path   [ 75d2 →  75d3] StatusBarController.updateBlame — failed [1ms]
2026-05-16 00:34:47.821 [error] Error: Base path '' must be an absolute path   [ 75dd →  75de] StatusBarController.updateBlame — failed [1ms]
2026-05-16 00:34:47.872 [error] Error: Base path '' must be an absolute path   [ 75ea →  75eb] StatusBarController.updateBlame — failed [2ms]
2026-05-16 00:34:48.853 [error] Error: Base path '' must be an absolute path   [ 7600 →  7601] StatusBarController.updateBlame — failed [2ms]
2026-05-16 00:34:48.903 [error] Error: Base path '' must be an absolute path   [ 760d →  760e] StatusBarController.updateBlame — failed [2ms]
2026-05-16 00:34:50.452 [error] Error: Base path '' must be an absolute path   [ 761e →  761f] StatusBarController.updateBlame — failed [1ms]
2026-05-16 00:34:51.203 [error] Error: Base path '' must be an absolute path   [ 7623 →  7624] StatusBarController.updateBlame — failed [1ms]
2026-05-16 00:34:51.258 [error] Error: Base path '' must be an absolute path   [ 762f →  7630] StatusBarController.updateBlame — failed [1ms]
2026-05-16 00:34:51.259 [error] Error: Base path '' must be an absolute path   [ 7638 →  7639] StatusBarController.updateBlame — failed [1ms]
2026-05-16 00:34:51.405 [error] Error: Base path '' must be an absolute path   [ 763d →  763e] StatusBarController.updateBlame — failed [1ms]
2026-05-16 00:34:51.456 [error] Error: Base path '' must be an absolute path   [ 7648 →  7649] StatusBarController.updateBlame — failed [1ms]
2026-05-16 00:34:51.571 [error] Error: Base path '' must be an absolute path   [ 764d →  764e] StatusBarController.updateBlame — failed [2ms]
2026-05-16 00:34:51.620 [error] Error: Base path '' must be an absolute path   [ 7658 →  7659] StatusBarController.updateBlame — failed [0ms]
2026-05-16 00:34:51.760 [error] Error: Base path '' must be an absolute path   [ 765d →  765e] StatusBarController.updateBlame — failed [1ms]
2026-05-16 00:34:51.810 [error] Error: Base path '' must be an absolute path   [ 7668 →  7669] StatusBarController.updateBlame — failed [1ms]
2026-05-16 00:34:51.898 [error] Error: Base path '' must be an absolute path   [ 766d →  766e] StatusBarController.updateBlame — failed [1ms]
2026-05-16 00:34:51.950 [error] Error: Base path '' must be an absolute path   [ 7678 →  7679] StatusBarController.updateBlame — failed [1ms]
2026-05-16 00:34:52.033 [error] Error: Base path '' must be an absolute path   [ 767d →  767e] StatusBarController.updateBlame — failed [2ms]
2026-05-16 00:34:52.083 [error] Error: Base path '' must be an absolute path   [ 7688 →  7689] StatusBarController.updateBlame — failed [1ms]
2026-05-16 00:34:52.751 [error] Error: Base path '' must be an absolute path   [ 7691 →  7692] StatusBarController.updateBlame — failed [1ms]
2026-05-16 00:34:52.803 [error] Error: Base path '' must be an absolute path   [ 769c →  769d] StatusBarController.updateBlame — failed [1ms]
2026-05-16 00:34:53.784 [error] Error: Base path '' must be an absolute path   [ 76b0 →  76b1] StatusBarController.updateBlame — failed [2ms]
2026-05-16 00:34:53.832 [error] Error: Base path '' must be an absolute path   [ 76bb →  76bc] StatusBarController.updateBlame — failed [1ms]
2026-05-16 00:34:53.953 [error] Error: Base path '' must be an absolute path   [ 76c0 →  76c1] StatusBarController.updateBlame — failed [2ms]
2026-05-16 00:34:54.009 [error] Error: Base path '' must be an absolute path   [ 76cc →  76cd] StatusBarController.updateBlame — failed [1ms]
2026-05-16 00:34:54.011 [error] Error: Base path '' must be an absolute path   [ 76d5 →  76d6] StatusBarController.updateBlame — failed [1ms]
2026-05-16 00:34:54.204 [error] Error: Base path '' must be an absolute path   [ 76da →  76db] StatusBarController.updateBlame — failed [2ms]
2026-05-16 00:34:54.255 [error] Error: Base path '' must be an absolute path   [ 76e5 →  76e6] StatusBarController.updateBlame — failed [1ms]
2026-05-16 00:34:54.394 [error] Error: Base path '' must be an absolute path   [ 76ea →  76eb] StatusBarController.updateBlame — failed [1ms]
2026-05-16 00:34:54.445 [error] Error: Base path '' must be an absolute path   [ 76f5 →  76f6] StatusBarController.updateBlame — failed [1ms]
2026-05-16 00:34:55.411 [error] Error: Base path '' must be an absolute path   [ 7709 →  770a] StatusBarController.updateBlame — failed [0ms]
2026-05-16 00:34:55.462 [error] Error: Base path '' must be an absolute path   [ 7714 →  7715] StatusBarController.updateBlame — failed [2ms]
2026-05-16 00:34:55.921 [error] Error: Base path '' must be an absolute path   [ 7719 →  771a] StatusBarController.updateBlame — failed [2ms]
2026-05-16 00:34:55.977 [error] Error: Base path '' must be an absolute path   [ 7725 →  7726] StatusBarController.updateBlame — failed [1ms]
2026-05-16 00:34:55.979 [error] Error: Base path '' must be an absolute path   [ 772e →  772f] StatusBarController.updateBlame — failed [1ms]
2026-05-16 00:34:56.939 [error] Error: Base path '' must be an absolute path   [ 7742 →  7743] StatusBarController.updateBlame — failed [1ms]
2026-05-16 00:34:56.988 [error] Error: Base path '' must be an absolute path   [ 774d →  774e] StatusBarController.updateBlame — failed [1ms]
2026-05-16 00:34:57.362 [error] Error: Base path '' must be an absolute path   [ 7758 →  7759] StatusBarController.updateBlame — failed [1ms]
2026-05-16 00:34:58.845 [error] Error: Base path '' must be an absolute path   [ 7765 →  7766] StatusBarController.updateBlame — failed [2ms]
2026-05-16 00:35:01.005 [error] Error: Base path '' must be an absolute path   [ 7772 →  7773] StatusBarController.updateBlame — failed [2ms]
2026-05-16 00:35:04.458 [error] Error: Base path '' must be an absolute path   [ 7777 →  7778] StatusBarController.updateBlame — failed [2ms]
2026-05-16 00:35:04.514 [error] Error: Base path '' must be an absolute path   [ 7783 →  7784] StatusBarController.updateBlame — failed [1ms]
2026-05-16 00:35:04.516 [error] Error: Base path '' must be an absolute path   [ 778c →  778d] StatusBarController.updateBlame — failed [1ms]
2026-05-16 00:35:04.597 [error] Error: Base path '' must be an absolute path   [ 7791 →  7792] StatusBarController.updateBlame — failed [2ms]
2026-05-16 00:35:04.648 [error] Error: Base path '' must be an absolute path   [ 779c →  779d] StatusBarController.updateBlame — failed [1ms]
2026-05-16 00:35:04.756 [error] Error: Base path '' must be an absolute path   [ 77a1 →  77a2] StatusBarController.updateBlame — failed [1ms]
2026-05-16 00:35:04.808 [error] Error: Base path '' must be an absolute path   [ 77ac →  77ad] StatusBarController.updateBlame — failed [1ms]
2026-05-16 00:35:05.409 [error] Error: Base path '' must be an absolute path   [ 77bb →  77bc] StatusBarController.updateBlame — failed [2ms]
2026-05-16 00:35:05.775 [error] Error: Base path '' must be an absolute path   [ 77cd →  77ce] StatusBarController.updateBlame — failed [1ms]
2026-05-16 00:35:05.827 [error] Error: Base path '' must be an absolute path   [ 77da →  77db] StatusBarController.updateBlame — failed [2ms]
2026-05-16 00:35:06.201 [error] Error: Base path '' must be an absolute path   [ 77e5 →  77e6] StatusBarController.updateBlame — failed [2ms]
2026-05-16 00:35:20.302 [error] Error: Base path '' must be an absolute path   [ 77f8 →  77f9] StatusBarController.updateBlame — failed [2ms]
2026-05-16 00:35:21.385 [error] Error: Base path '' must be an absolute path   [ 77fd →  77fe] StatusBarController.updateBlame — failed [1ms]
2026-05-16 00:35:21.439 [error] Error: Base path '' must be an absolute path   [ 7809 →  780a] StatusBarController.updateBlame — failed [1ms]
2026-05-16 00:35:21.440 [error] Error: Base path '' must be an absolute path   [ 7812 →  7813] StatusBarController.updateBlame — failed [1ms]
2026-05-16 00:35:21.660 [error] Error: Base path '' must be an absolute path   [ 781b →  781c] StatusBarController.updateBlame — failed [1ms]
2026-05-16 00:35:21.711 [error] Error: Base path '' must be an absolute path   [ 7826 →  7827] StatusBarController.updateBlame — failed [1ms]
2026-05-16 00:35:22.417 [error] Error: Base path '' must be an absolute path   [ 782f →  7830] StatusBarController.updateBlame — failed [2ms]
2026-05-16 00:35:22.468 [error] Error: Base path '' must be an absolute path   [ 783a →  783b] StatusBarController.updateBlame — failed [1ms]
2026-05-16 00:35:23.447 [error] Error: Base path '' must be an absolute path   [ 784e →  784f] StatusBarController.updateBlame — failed [1ms]
2026-05-16 00:35:23.497 [error] Error: Base path '' must be an absolute path   [ 7859 →  785a] StatusBarController.updateBlame — failed [1ms]
2026-05-16 00:35:25.285 [error] Error: Base path '' must be an absolute path   [ 786d →  786e] StatusBarController.updateBlame — failed [2ms]
2026-05-16 00:35:25.691 [error] Error: Base path '' must be an absolute path   [ 7872 →  7873] StatusBarController.updateBlame — failed [1ms]
2026-05-16 00:35:25.744 [error] Error: Base path '' must be an absolute path   [ 787e →  787f] StatusBarController.updateBlame — failed [0ms]
2026-05-16 00:35:25.745 [error] Error: Base path '' must be an absolute path   [ 7887 →  7888] StatusBarController.updateBlame — failed [0ms]
2026-05-16 00:35:26.602 [error] Error: Base path '' must be an absolute path   [ 7890 →  7891] StatusBarController.updateBlame — failed [2ms]
2026-05-16 00:35:26.651 [error] Error: Base path '' must be an absolute path   [ 789b →  789c] StatusBarController.updateBlame — failed [0ms]
2026-05-16 00:35:26.936 [error] Error: Base path '' must be an absolute path   [ 78a4 →  78a5] StatusBarController.updateBlame — failed [1ms]
2026-05-16 00:35:26.988 [error] Error: Base path '' must be an absolute path   [ 78af →  78b0] StatusBarController.updateBlame — failed [1ms]
2026-05-16 00:35:27.962 [error] Error: Base path '' must be an absolute path   [ 78c3 →  78c4] StatusBarController.updateBlame — failed [0ms]
2026-05-16 00:35:28.014 [error] Error: Base path '' must be an absolute path   [ 78ce →  78cf] StatusBarController.updateBlame — failed [1ms]
2026-05-16 00:35:28.125 [error] Error: Base path '' must be an absolute path   [ 78d9 →  78da] StatusBarController.updateBlame — failed [2ms]
2026-05-16 00:35:32.264 [error] Error: Base path '' must be an absolute path   [ 78ea →  78eb] StatusBarController.updateBlame — failed [2ms]
2026-05-16 00:35:35.804 [error] Error: Base path '' must be an absolute path   [ 78ef →  78f0] StatusBarController.updateBlame — failed [2ms]
2026-05-16 00:35:35.859 [error] Error: Base path '' must be an absolute path   [ 78fb →  78fc] StatusBarController.updateBlame — failed [1ms]
2026-05-16 00:35:35.860 [error] Error: Base path '' must be an absolute path   [ 7904 →  7905] StatusBarController.updateBlame — failed [0ms]
2026-05-16 00:35:35.962 [error] Error: Base path '' must be an absolute path   [ 7909 →  790a] StatusBarController.updateBlame — failed [2ms]
2026-05-16 00:35:36.012 [error] Error: Base path '' must be an absolute path   [ 7914 →  7915] StatusBarController.updateBlame — failed [0ms]
2026-05-16 00:35:36.118 [error] Error: Base path '' must be an absolute path   [ 7919 →  791a] StatusBarController.updateBlame — failed [2ms]
2026-05-16 00:35:36.168 [error] Error: Base path '' must be an absolute path   [ 7924 →  7925] StatusBarController.updateBlame — failed [1ms]
2026-05-16 00:35:36.258 [error] Error: Base path '' must be an absolute path   [ 7929 →  792a] StatusBarController.updateBlame — failed [2ms]
2026-05-16 00:35:36.308 [error] Error: Base path '' must be an absolute path   [ 7934 →  7935] StatusBarController.updateBlame — failed [0ms]
2026-05-16 00:35:36.430 [error] Error: Base path '' must be an absolute path   [ 7939 →  793a] StatusBarController.updateBlame — failed [1ms]
2026-05-16 00:35:36.481 [error] Error: Base path '' must be an absolute path   [ 7944 →  7945] StatusBarController.updateBlame — failed [1ms]
2026-05-16 00:35:37.455 [error] Error: Base path '' must be an absolute path   [ 7958 →  7959] StatusBarController.updateBlame — failed [1ms]
2026-05-16 00:35:37.505 [error] Error: Base path '' must be an absolute path   [ 7963 →  7964] StatusBarController.updateBlame — failed [1ms]
2026-05-16 00:35:45.537 [error] Error: Base path '' must be an absolute path   [ 7968 →  7969] StatusBarController.updateBlame — failed [1ms]
2026-05-16 00:35:45.596 [error] Error: Base path '' must be an absolute path   [ 7974 →  7975] StatusBarController.updateBlame — failed [1ms]
2026-05-16 00:35:45.598 [error] Error: Base path '' must be an absolute path   [ 797d →  797e] StatusBarController.updateBlame — failed [1ms]
2026-05-16 00:35:45.722 [error] Error: Base path '' must be an absolute path   [ 7982 →  7983] StatusBarController.updateBlame — failed [1ms]
2026-05-16 00:35:45.773 [error] Error: Base path '' must be an absolute path   [ 798d →  798e] StatusBarController.updateBlame — failed [1ms]
2026-05-16 00:35:45.981 [info]    [GIT       9ms] [/home/amar/Code/CAN] git ls-files -- main.c [9ms]
2026-05-16 00:35:45.994 [error] Error: Base path '' must be an absolute path   [ 7997 →  7998] StatusBarController.updateBlame — failed [1ms]
2026-05-16 00:35:46.046 [error] Error: Base path '' must be an absolute path   [ 79a2 →  79a3] StatusBarController.updateBlame — failed [1ms]
2026-05-16 00:35:47.018 [error] Error: Base path '' must be an absolute path   [ 79b6 →  79b7] StatusBarController.updateBlame — failed [0ms]
2026-05-16 00:35:47.068 [error] Error: Base path '' must be an absolute path   [ 79c1 →  79c2] StatusBarController.updateBlame — failed [0ms]
2026-05-16 00:35:47.377 [error] Error: Base path '' must be an absolute path   [ 79c6 →  79c7] StatusBarController.updateBlame — failed [2ms]
2026-05-16 00:35:47.433 [error] Error: Base path '' must be an absolute path   [ 79d2 →  79d3] StatusBarController.updateBlame — failed [1ms]
2026-05-16 00:35:47.434 [error] Error: Base path '' must be an absolute path   [ 79db →  79dc] StatusBarController.updateBlame — failed [1ms]
2026-05-16 00:35:47.524 [error] Error: Base path '' must be an absolute path   [ 79e0 →  79e1] StatusBarController.updateBlame — failed [2ms]
2026-05-16 00:35:47.574 [error] Error: Base path '' must be an absolute path   [ 79eb →  79ec] StatusBarController.updateBlame — failed [1ms]
2026-05-16 00:35:47.669 [error] Error: Base path '' must be an absolute path   [ 79f0 →  79f1] StatusBarController.updateBlame — failed [1ms]
2026-05-16 00:35:47.720 [error] Error: Base path '' must be an absolute path   [ 79fb →  79fc] StatusBarController.updateBlame — failed [1ms]
2026-05-16 00:35:48.691 [error] Error: Base path '' must be an absolute path   [ 7a0f →  7a10] StatusBarController.updateBlame — failed [1ms]
2026-05-16 00:35:48.740 [error] Error: Base path '' must be an absolute path   [ 7a1a →  7a1b] StatusBarController.updateBlame — failed [1ms]
2026-05-16 00:35:49.125 [error] Error: Base path '' must be an absolute path   [ 7a1f →  7a20] StatusBarController.updateBlame — failed [1ms]
2026-05-16 00:35:49.180 [error] Error: Base path '' must be an absolute path   [ 7a2b →  7a2c] StatusBarController.updateBlame — failed [1ms]
2026-05-16 00:35:49.182 [error] Error: Base path '' must be an absolute path   [ 7a34 →  7a35] StatusBarController.updateBlame — failed [1ms]
2026-05-16 00:35:49.998 [error] Error: Base path '' must be an absolute path   [ 7a3d →  7a3e] StatusBarController.updateBlame — failed [2ms]
2026-05-16 00:35:50.049 [error] Error: Base path '' must be an absolute path   [ 7a48 →  7a49] StatusBarController.updateBlame — failed [1ms]
2026-05-16 00:35:50.783 [error] Error: Base path '' must be an absolute path   [ 7a51 →  7a52] StatusBarController.updateBlame — failed [1ms]
2026-05-16 00:35:50.835 [error] Error: Base path '' must be an absolute path   [ 7a5c →  7a5d] StatusBarController.updateBlame — failed [1ms]
2026-05-16 00:35:51.284 [error] Error: Base path '' must be an absolute path   [ 7a65 →  7a66] StatusBarController.updateBlame — failed [1ms]
2026-05-16 00:35:51.334 [error] Error: Base path '' must be an absolute path   [ 7a70 →  7a71] StatusBarController.updateBlame — failed [1ms]
2026-05-16 00:35:51.466 [error] Error: Base path '' must be an absolute path   [ 7a75 →  7a76] StatusBarController.updateBlame — failed [1ms]
2026-05-16 00:35:51.517 [error] Error: Base path '' must be an absolute path   [ 7a80 →  7a81] StatusBarController.updateBlame — failed [1ms]
2026-05-16 00:35:52.496 [error] Error: Base path '' must be an absolute path   [ 7a94 →  7a95] StatusBarController.updateBlame — failed [0ms]
2026-05-16 00:35:52.547 [error] Error: Base path '' must be an absolute path   [ 7a9f →  7aa0] StatusBarController.updateBlame — failed [1ms]
2026-05-16 00:35:53.851 [error] Error: Base path '' must be an absolute path   [ 7aa4 →  7aa5] StatusBarController.updateBlame — failed [1ms]
2026-05-16 00:35:53.905 [error] Error: Base path '' must be an absolute path   [ 7ab0 →  7ab1] StatusBarController.updateBlame — failed [0ms]
2026-05-16 00:35:53.906 [error] Error: Base path '' must be an absolute path   [ 7ab9 →  7aba] StatusBarController.updateBlame — failed [0ms]
2026-05-16 00:35:54.882 [error] Error: Base path '' must be an absolute path   [ 7acd →  7ace] StatusBarController.updateBlame — failed [1ms]
2026-05-16 00:35:54.931 [error] Error: Base path '' must be an absolute path   [ 7ad8 →  7ad9] StatusBarController.updateBlame — failed [1ms]
2026-05-16 00:35:57.156 [error] Error: Base path '' must be an absolute path   [ 7ae9 →  7aea] StatusBarController.updateBlame — failed [2ms]
2026-05-16 00:35:58.491 [error] Error: Base path '' must be an absolute path   [ 7aee →  7aef] StatusBarController.updateBlame — failed [1ms]
2026-05-16 00:35:58.546 [error] Error: Base path '' must be an absolute path   [ 7afa →  7afb] StatusBarController.updateBlame — failed [1ms]
2026-05-16 00:35:58.548 [error] Error: Base path '' must be an absolute path   [ 7b03 →  7b04] StatusBarController.updateBlame — failed [1ms]
2026-05-16 00:35:58.662 [error] Error: Base path '' must be an absolute path   [ 7b08 →  7b09] StatusBarController.updateBlame — failed [2ms]
2026-05-16 00:35:58.713 [error] Error: Base path '' must be an absolute path   [ 7b13 →  7b14] StatusBarController.updateBlame — failed [1ms]
2026-05-16 00:35:58.785 [error] Error: Base path '' must be an absolute path   [ 7b18 →  7b19] StatusBarController.updateBlame — failed [2ms]
2026-05-16 00:35:58.835 [error] Error: Base path '' must be an absolute path   [ 7b23 →  7b24] StatusBarController.updateBlame — failed [0ms]
2026-05-16 00:35:59.812 [error] Error: Base path '' must be an absolute path   [ 7b37 →  7b38] StatusBarController.updateBlame — failed [1ms]
2026-05-16 00:35:59.863 [error] Error: Base path '' must be an absolute path   [ 7b42 →  7b43] StatusBarController.updateBlame — failed [1ms]
2026-05-16 00:36:01.879 [error] Error: Base path '' must be an absolute path   [ 7b4d →  7b4e] StatusBarController.updateBlame — failed [2ms]
2026-05-16 00:36:02.983 [error] Error: Base path '' must be an absolute path   [ 7b5a →  7b5b] StatusBarController.updateBlame — failed [2ms]
2026-05-16 00:36:04.131 [error] Error: Base path '' must be an absolute path   [ 7b5f →  7b60] StatusBarController.updateBlame — failed [1ms]
2026-05-16 00:36:04.184 [error] Error: Base path '' must be an absolute path   [ 7b6b →  7b6c] StatusBarController.updateBlame — failed [0ms]
2026-05-16 00:36:04.375 [error] Error: Base path '' must be an absolute path   [ 7b82 →  7b83] StatusBarController.updateBlame — failed [2ms]
2026-05-16 00:36:04.421 [error] Error: Base path '' must be an absolute path   [ 7b8d →  7b8e] StatusBarController.updateBlame — failed [1ms]
2026-05-16 00:36:04.900 [error] Error: Base path '' must be an absolute path   [ 7b96 →  7b97] StatusBarController.updateBlame — failed [1ms]
2026-05-16 00:36:04.902 [error] Error: Base path '' must be an absolute path   [ 7ba1 →  7ba2] StatusBarController.updateBlame — failed [1ms]
2026-05-16 00:36:04.951 [error] Error: Base path '' must be an absolute path   [ 7bae →  7baf] StatusBarController.updateBlame — failed [2ms]
2026-05-16 00:36:05.920 [error] Error: Base path '' must be an absolute path   [ 7bc4 →  7bc5] StatusBarController.updateBlame — failed [2ms]
2026-05-16 00:36:05.970 [error] Error: Base path '' must be an absolute path   [ 7bd1 →  7bd2] StatusBarController.updateBlame — failed [2ms]
2026-05-16 00:36:06.985 [error] Error: Base path '' must be an absolute path   [ 7bd6 →  7bd7] StatusBarController.updateBlame — failed [1ms]
2026-05-16 00:36:07.040 [error] Error: Base path '' must be an absolute path   [ 7be2 →  7be3] StatusBarController.updateBlame — failed [1ms]
2026-05-16 00:36:07.042 [error] Error: Base path '' must be an absolute path   [ 7beb →  7bec] StatusBarController.updateBlame — failed [1ms]
2026-05-16 00:36:08.006 [error] Error: Base path '' must be an absolute path   [ 7bff →  7c00] StatusBarController.updateBlame — failed [1ms]
2026-05-16 00:36:08.055 [error] Error: Base path '' must be an absolute path   [ 7c0a →  7c0b] StatusBarController.updateBlame — failed [1ms]
2026-05-16 00:36:08.754 [error] Error: Base path '' must be an absolute path   [ 7c15 →  7c16] StatusBarController.updateBlame — failed [1ms]
2026-05-16 00:36:09.242 [error] Error: Base path '' must be an absolute path   [ 7c1a →  7c1b] StatusBarController.updateBlame — failed [2ms]
2026-05-16 00:36:09.250 [error] Error: Base path '' must be an absolute path   [ 7c25 →  7c26] StatusBarController.updateBlame — failed [2ms]
2026-05-16 00:36:09.300 [error] Error: Base path '' must be an absolute path   [ 7c33 →  7c34] StatusBarController.updateBlame — failed [2ms]
2026-05-16 00:36:09.303 [error] Error: Base path '' must be an absolute path   [ 7c3e →  7c3f] StatusBarController.updateBlame — failed [2ms]
2026-05-16 00:36:09.683 [error] Error: Base path '' must be an absolute path   [ 7c47 →  7c48] StatusBarController.updateBlame — failed [2ms]
2026-05-16 00:36:09.734 [error] Error: Base path '' must be an absolute path   [ 7c52 →  7c53] StatusBarController.updateBlame — failed [1ms]
2026-05-16 00:36:10.702 [error] Error: Base path '' must be an absolute path   [ 7c66 →  7c67] StatusBarController.updateBlame — failed [0ms]
2026-05-16 00:36:10.753 [error] Error: Base path '' must be an absolute path   [ 7c71 →  7c72] StatusBarController.updateBlame — failed [1ms]
2026-05-16 00:36:11.066 [error] Error: Base path '' must be an absolute path   [ 7c76 →  7c77] StatusBarController.updateBlame — failed [1ms]
2026-05-16 00:36:11.121 [error] Error: Base path '' must be an absolute path   [ 7c82 →  7c83] StatusBarController.updateBlame — failed [1ms]
2026-05-16 00:36:11.123 [error] Error: Base path '' must be an absolute path   [ 7c8b →  7c8c] StatusBarController.updateBlame — failed [1ms]
2026-05-16 00:36:11.289 [error] Error: Base path '' must be an absolute path   [ 7c90 →  7c91] StatusBarController.updateBlame — failed [2ms]
2026-05-16 00:36:11.339 [error] Error: Base path '' must be an absolute path   [ 7c9b →  7c9c] StatusBarController.updateBlame — failed [0ms]
2026-05-16 00:36:11.572 [error] Error: Base path '' must be an absolute path   [ 7ca4 →  7ca5] StatusBarController.updateBlame — failed [2ms]
2026-05-16 00:36:11.622 [error] Error: Base path '' must be an absolute path   [ 7caf →  7cb0] StatusBarController.updateBlame — failed [1ms]
2026-05-16 00:36:12.271 [error] Error: Base path '' must be an absolute path   [ 7cb8 →  7cb9] StatusBarController.updateBlame — failed [1ms]
2026-05-16 00:36:12.322 [error] Error: Base path '' must be an absolute path   [ 7cc3 →  7cc4] StatusBarController.updateBlame — failed [1ms]
2026-05-16 00:36:13.299 [error] Error: Base path '' must be an absolute path   [ 7cd7 →  7cd8] StatusBarController.updateBlame — failed [1ms]
2026-05-16 00:36:13.348 [error] Error: Base path '' must be an absolute path   [ 7ce2 →  7ce3] StatusBarController.updateBlame — failed [0ms]
2026-05-16 00:36:14.097 [error] Error: Base path '' must be an absolute path   [ 7ce7 →  7ce8] StatusBarController.updateBlame — failed [2ms]
2026-05-16 00:36:14.153 [error] Error: Base path '' must be an absolute path   [ 7cf3 →  7cf4] StatusBarController.updateBlame — failed [1ms]
2026-05-16 00:36:14.155 [error] Error: Base path '' must be an absolute path   [ 7cfc →  7cfd] StatusBarController.updateBlame — failed [1ms]
2026-05-16 00:36:14.266 [error] Error: Base path '' must be an absolute path   [ 7d01 →  7d02] StatusBarController.updateBlame — failed [2ms]
2026-05-16 00:36:14.317 [error] Error: Base path '' must be an absolute path   [ 7d0c →  7d0d] StatusBarController.updateBlame — failed [1ms]
2026-05-16 00:36:14.427 [error] Error: Base path '' must be an absolute path   [ 7d11 →  7d12] StatusBarController.updateBlame — failed [1ms]
2026-05-16 00:36:14.477 [error] Error: Base path '' must be an absolute path   [ 7d1c →  7d1d] StatusBarController.updateBlame — failed [1ms]
2026-05-16 00:36:14.572 [error] Error: Base path '' must be an absolute path   [ 7d21 →  7d22] StatusBarController.updateBlame — failed [2ms]
2026-05-16 00:36:14.624 [error] Error: Base path '' must be an absolute path   [ 7d2c →  7d2d] StatusBarController.updateBlame — failed [1ms]
2026-05-16 00:36:14.725 [error] Error: Base path '' must be an absolute path   [ 7d31 →  7d32] StatusBarController.updateBlame — failed [2ms]
2026-05-16 00:36:14.775 [error] Error: Base path '' must be an absolute path   [ 7d3c →  7d3d] StatusBarController.updateBlame — failed [1ms]
2026-05-16 00:36:14.863 [error] Error: Base path '' must be an absolute path   [ 7d41 →  7d42] StatusBarController.updateBlame — failed [1ms]
2026-05-16 00:36:14.914 [error] Error: Base path '' must be an absolute path   [ 7d4c →  7d4d] StatusBarController.updateBlame — failed [0ms]
2026-05-16 00:36:15.019 [error] Error: Base path '' must be an absolute path   [ 7d51 →  7d52] StatusBarController.updateBlame — failed [1ms]
2026-05-16 00:36:15.071 [error] Error: Base path '' must be an absolute path   [ 7d5c →  7d5d] StatusBarController.updateBlame — failed [2ms]
2026-05-16 00:36:15.187 [error] Error: Base path '' must be an absolute path   [ 7d61 →  7d62] StatusBarController.updateBlame — failed [1ms]
2026-05-16 00:36:15.237 [error] Error: Base path '' must be an absolute path   [ 7d6c →  7d6d] StatusBarController.updateBlame — failed [1ms]
2026-05-16 00:36:15.531 [error] Error: Base path '' must be an absolute path   [ 7d75 →  7d76] StatusBarController.updateBlame — failed [2ms]
2026-05-16 00:36:15.534 [error] Error: Base path '' must be an absolute path   [ 7d80 →  7d81] StatusBarController.updateBlame — failed [1ms]
2026-05-16 00:36:15.579 [error] Error: Base path '' must be an absolute path   [ 7d8b →  7d8c] StatusBarController.updateBlame — failed [0ms]
2026-05-16 00:36:16.326 [error] Error: Base path '' must be an absolute path   [ 7d94 →  7d95] StatusBarController.updateBlame — failed [1ms]
2026-05-16 00:36:16.329 [error] Error: Base path '' must be an absolute path   [ 7d9f →  7da0] StatusBarController.updateBlame — failed [1ms]
2026-05-16 00:36:16.377 [error] Error: Base path '' must be an absolute path   [ 7dac →  7dad] StatusBarController.updateBlame — failed [1ms]
2026-05-16 00:36:17.056 [error] Error: Base path '' must be an absolute path   [ 7db5 →  7db6] StatusBarController.updateBlame — failed [2ms]
2026-05-16 00:36:17.106 [error] Error: Base path '' must be an absolute path   [ 7dc0 →  7dc1] StatusBarController.updateBlame — failed [1ms]
2026-05-16 00:36:17.238 [error] Error: Base path '' must be an absolute path   [ 7dc5 →  7dc6] StatusBarController.updateBlame — failed [2ms]
2026-05-16 00:36:17.286 [error] Error: Base path '' must be an absolute path   [ 7dd0 →  7dd1] StatusBarController.updateBlame — failed [0ms]
2026-05-16 00:36:17.451 [error] Error: Base path '' must be an absolute path   [ 7dd5 →  7dd6] StatusBarController.updateBlame — failed [1ms]
2026-05-16 00:36:17.502 [error] Error: Base path '' must be an absolute path   [ 7de0 →  7de1] StatusBarController.updateBlame — failed [1ms]
2026-05-16 00:36:17.618 [error] Error: Base path '' must be an absolute path   [ 7de5 →  7de6] StatusBarController.updateBlame — failed [2ms]
2026-05-16 00:36:17.668 [error] Error: Base path '' must be an absolute path   [ 7df0 →  7df1] StatusBarController.updateBlame — failed [1ms]
2026-05-16 00:36:17.745 [error] Error: Base path '' must be an absolute path   [ 7df5 →  7df6] StatusBarController.updateBlame — failed [2ms]
2026-05-16 00:36:17.796 [error] Error: Base path '' must be an absolute path   [ 7e00 →  7e01] StatusBarController.updateBlame — failed [1ms]
2026-05-16 00:36:17.872 [error] Error: Base path '' must be an absolute path   [ 7e05 →  7e06] StatusBarController.updateBlame — failed [2ms]
2026-05-16 00:36:17.922 [error] Error: Base path '' must be an absolute path   [ 7e10 →  7e11] StatusBarController.updateBlame — failed [1ms]
2026-05-16 00:36:18.141 [error] Error: Base path '' must be an absolute path   [ 7e19 →  7e1a] StatusBarController.updateBlame — failed [1ms]
2026-05-16 00:36:18.192 [error] Error: Base path '' must be an absolute path   [ 7e24 →  7e25] StatusBarController.updateBlame — failed [1ms]
2026-05-16 00:36:18.890 [error] Error: Base path '' must be an absolute path   [ 7e2d →  7e2e] StatusBarController.updateBlame — failed [2ms]
2026-05-16 00:36:18.941 [error] Error: Base path '' must be an absolute path   [ 7e38 →  7e39] StatusBarController.updateBlame — failed [1ms]
2026-05-16 00:36:19.269 [error] Error: Base path '' must be an absolute path   [ 7e41 →  7e42] StatusBarController.updateBlame — failed [2ms]
2026-05-16 00:36:19.319 [error] Error: Base path '' must be an absolute path   [ 7e4c →  7e4d] StatusBarController.updateBlame — failed [1ms]
2026-05-16 00:36:20.305 [error] Error: Base path '' must be an absolute path   [ 7e60 →  7e61] StatusBarController.updateBlame — failed [1ms]
2026-05-16 00:36:20.354 [error] Error: Base path '' must be an absolute path   [ 7e6b →  7e6c] StatusBarController.updateBlame — failed [1ms]
2026-05-16 00:36:20.577 [error] Error: Base path '' must be an absolute path   [ 7e70 →  7e71] StatusBarController.updateBlame — failed [1ms]
2026-05-16 00:36:20.629 [error] Error: Base path '' must be an absolute path   [ 7e7c →  7e7d] StatusBarController.updateBlame — failed [0ms]
2026-05-16 00:36:20.630 [error] Error: Base path '' must be an absolute path   [ 7e85 →  7e86] StatusBarController.updateBlame — failed [0ms]
2026-05-16 00:36:21.599 [error] Error: Base path '' must be an absolute path   [ 7e99 →  7e9a] StatusBarController.updateBlame — failed [0ms]
2026-05-16 00:36:21.650 [error] Error: Base path '' must be an absolute path   [ 7ea4 →  7ea5] StatusBarController.updateBlame — failed [1ms]
2026-05-16 00:36:29.836 [error] Error: Base path '' must be an absolute path   [ 7eaf →  7eb0] StatusBarController.updateBlame — failed [1ms]
2026-05-16 00:36:36.057 [error] Error: Base path '' must be an absolute path   [ 7eb4 →  7eb5] StatusBarController.updateBlame — failed [2ms]
2026-05-16 00:36:36.112 [error] Error: Base path '' must be an absolute path   [ 7ec0 →  7ec1] StatusBarController.updateBlame — failed [1ms]
2026-05-16 00:36:36.114 [error] Error: Base path '' must be an absolute path   [ 7ec9 →  7eca] StatusBarController.updateBlame — failed [1ms]
2026-05-16 00:36:36.197 [error] Error: Base path '' must be an absolute path   [ 7ece →  7ecf] StatusBarController.updateBlame — failed [1ms]
2026-05-16 00:36:36.248 [error] Error: Base path '' must be an absolute path   [ 7ed9 →  7eda] StatusBarController.updateBlame — failed [1ms]
2026-05-16 00:36:36.354 [error] Error: Base path '' must be an absolute path   [ 7ede →  7edf] StatusBarController.updateBlame — failed [1ms]
2026-05-16 00:36:36.404 [error] Error: Base path '' must be an absolute path   [ 7ee9 →  7eea] StatusBarController.updateBlame — failed [1ms]
2026-05-16 00:36:37.285 [error] Error: Base path '' must be an absolute path   [ 7ef2 →  7ef3] StatusBarController.updateBlame — failed [2ms]
2026-05-16 00:36:37.335 [error] Error: Base path '' must be an absolute path   [ 7efd →  7efe] StatusBarController.updateBlame — failed [1ms]
2026-05-16 00:36:38.302 [error] Error: Base path '' must be an absolute path   [ 7f11 →  7f12] StatusBarController.updateBlame — failed [2ms]
2026-05-16 00:36:38.353 [error] Error: Base path '' must be an absolute path   [ 7f1c →  7f1d] StatusBarController.updateBlame — failed [1ms]
2026-05-16 00:36:38.673 [error] Error: Base path '' must be an absolute path   [ 7f21 →  7f22] StatusBarController.updateBlame — failed [1ms]
2026-05-16 00:36:38.728 [error] Error: Base path '' must be an absolute path   [ 7f2d →  7f2e] StatusBarController.updateBlame — failed [1ms]
2026-05-16 00:36:38.730 [error] Error: Base path '' must be an absolute path   [ 7f36 →  7f37] StatusBarController.updateBlame — failed [1ms]
2026-05-16 00:36:38.826 [error] Error: Base path '' must be an absolute path   [ 7f3b →  7f3c] StatusBarController.updateBlame — failed [2ms]
2026-05-16 00:36:38.875 [error] Error: Base path '' must be an absolute path   [ 7f46 →  7f47] StatusBarController.updateBlame — failed [1ms]
2026-05-16 00:36:39.845 [error] Error: Base path '' must be an absolute path   [ 7f5a →  7f5b] StatusBarController.updateBlame — failed [1ms]
2026-05-16 00:36:39.895 [error] Error: Base path '' must be an absolute path   [ 7f65 →  7f66] StatusBarController.updateBlame — failed [1ms]
2026-05-16 00:36:40.595 [error] Error: Base path '' must be an absolute path   [ 7f6a →  7f6b] StatusBarController.updateBlame — failed [1ms]
2026-05-16 00:36:40.652 [error] Error: Base path '' must be an absolute path   [ 7f76 →  7f77] StatusBarController.updateBlame — failed [1ms]
2026-05-16 00:36:40.654 [error] Error: Base path '' must be an absolute path   [ 7f7f →  7f80] StatusBarController.updateBlame — failed [1ms]
2026-05-16 00:36:41.111 [error] Error: Base path '' must be an absolute path   [ 7f88 →  7f89] StatusBarController.updateBlame — failed [1ms]
2026-05-16 00:36:41.163 [error] Error: Base path '' must be an absolute path   [ 7f93 →  7f94] StatusBarController.updateBlame — failed [1ms]
2026-05-16 00:36:42.133 [error] Error: Base path '' must be an absolute path   [ 7fa7 →  7fa8] StatusBarController.updateBlame — failed [0ms]
2026-05-16 00:36:42.182 [error] Error: Base path '' must be an absolute path   [ 7fb2 →  7fb3] StatusBarController.updateBlame — failed [0ms]
2026-05-16 00:36:43.983 [error] Error: Base path '' must be an absolute path   [ 7fb7 →  7fb8] StatusBarController.updateBlame — failed [1ms]
2026-05-16 00:36:44.038 [error] Error: Base path '' must be an absolute path   [ 7fc3 →  7fc4] StatusBarController.updateBlame — failed [1ms]
2026-05-16 00:36:44.039 [error] Error: Base path '' must be an absolute path   [ 7fcc →  7fcd] StatusBarController.updateBlame — failed [1ms]
2026-05-16 00:36:44.272 [error] Error: Base path '' must be an absolute path   [ 7fd5 →  7fd6] StatusBarController.updateBlame — failed [2ms]
2026-05-16 00:36:44.323 [error] Error: Base path '' must be an absolute path   [ 7fe0 →  7fe1] StatusBarController.updateBlame — failed [1ms]
2026-05-16 00:36:45.297 [error] Error: Base path '' must be an absolute path   [ 7ff4 →  7ff5] StatusBarController.updateBlame — failed [0ms]
2026-05-16 00:36:45.348 [error] Error: Base path '' must be an absolute path   [ 7fff →  8000] StatusBarController.updateBlame — failed [1ms]
2026-05-16 00:36:45.964 [error] Error: Base path '' must be an absolute path   [ 8004 →  8005] StatusBarController.updateBlame — failed [1ms]
2026-05-16 00:36:46.019 [error] Error: Base path '' must be an absolute path   [ 8010 →  8011] StatusBarController.updateBlame — failed [1ms]
2026-05-16 00:36:46.021 [error] Error: Base path '' must be an absolute path   [ 8019 →  801a] StatusBarController.updateBlame — failed [1ms]
2026-05-16 00:36:46.226 [info]    [GIT      12ms] [/home/amar/Code/CAN] git ls-files -- main.c [12ms]
2026-05-16 00:36:46.981 [error] Error: Base path '' must be an absolute path   [ 802e →  802f] StatusBarController.updateBlame — failed [0ms]
2026-05-16 00:36:47.032 [error] Error: Base path '' must be an absolute path   [ 8039 →  803a] StatusBarController.updateBlame — failed [1ms]
2026-05-16 00:36:47.294 [error] Error: Base path '' must be an absolute path   [ 803e →  803f] StatusBarController.updateBlame — failed [2ms]
2026-05-16 00:36:47.350 [error] Error: Base path '' must be an absolute path   [ 804a →  804b] StatusBarController.updateBlame — failed [1ms]
2026-05-16 00:36:47.351 [error] Error: Base path '' must be an absolute path   [ 8053 →  8054] StatusBarController.updateBlame — failed [1ms]
2026-05-16 00:36:48.311 [error] Error: Base path '' must be an absolute path   [ 8067 →  8068] StatusBarController.updateBlame — failed [0ms]
2026-05-16 00:36:48.361 [error] Error: Base path '' must be an absolute path   [ 8072 →  8073] StatusBarController.updateBlame — failed [1ms]
2026-05-16 00:36:48.891 [error] Error: Base path '' must be an absolute path   [ 8077 →  8078] StatusBarController.updateBlame — failed [1ms]
2026-05-16 00:36:48.947 [error] Error: Base path '' must be an absolute path   [ 8083 →  8084] StatusBarController.updateBlame — failed [1ms]
2026-05-16 00:36:48.949 [error] Error: Base path '' must be an absolute path   [ 808c →  808d] StatusBarController.updateBlame — failed [1ms]
2026-05-16 00:36:49.908 [error] Error: Base path '' must be an absolute path   [ 80a0 →  80a1] StatusBarController.updateBlame — failed [0ms]
2026-05-16 00:36:49.959 [error] Error: Base path '' must be an absolute path   [ 80ab →  80ac] StatusBarController.updateBlame — failed [1ms]
2026-05-16 00:36:51.063 [error] Error: Base path '' must be an absolute path   [ 80b0 →  80b1] StatusBarController.updateBlame — failed [2ms]
2026-05-16 00:36:51.119 [error] Error: Base path '' must be an absolute path   [ 80bc →  80bd] StatusBarController.updateBlame — failed [1ms]
2026-05-16 00:36:51.119 [error] Error: Base path '' must be an absolute path   [ 80c5 →  80c6] StatusBarController.updateBlame — failed [0ms]
2026-05-16 00:36:52.081 [error] Error: Base path '' must be an absolute path   [ 80d9 →  80da] StatusBarController.updateBlame — failed [0ms]
2026-05-16 00:36:52.132 [error] Error: Base path '' must be an absolute path   [ 80e4 →  80e5] StatusBarController.updateBlame — failed [1ms]
2026-05-16 00:37:17.339 [error] Error: Base path '' must be an absolute path   [ 80f1 →  80f2] StatusBarController.updateBlame — failed [1ms]
2026-05-16 00:37:19.000 [warning] [] Git not a git repository (or any of the parent directories): .git [20ms]
2026-05-16 00:37:19.000 [info]    [GIT      20ms] [] git status --porcelain=v2 --branch -u --find-renames -- [20ms]
2026-05-16 00:37:19.012 [warning] [] Git not a git repository (or any of the parent directories): .git [11ms]
2026-05-16 00:37:19.012 [info]    [GIT      11ms] [] git log --format=%x1E%H%x1D -n2 -L1,1:/main.c [11ms]
2026-05-16 00:37:19.018 [warning] [] Git warning: Not a git repository. Use --no-index to compare two paths outside a working tree · usage: git diff --no-index [<options>] <path> <path> [<pathspec>...] ·  · Diff output format options ·     -p, --patch           generate patch ·     -s, --no-patch        suppress diff output ·     -u                    generate patch ·     -U, --unified[=<n>]   generate diffs with <n> lines context ·     -W, --[no-]function-context ·                           generate diffs with <n> lines context ·     --raw                 generate the diff in raw format ·     --patch-with-raw      synonym for '-p --raw' ·     --patch-with-stat     synonym for '-p --stat' ·     --numstat             machine friendly --stat ·     --shortstat           output only the last line of --stat ·     -X, --dirstat[=<param1>,<param2>...] ·                           output the distribution of relative amount of changes for each sub-directory ·     --cumulative          synonym for --dirstat=cumulative ·     --dirstat-by-file[=<param1>,<param2>...] ·                           synonym for --dirstat=files,<param1>,<param2>... ·     --check               warn if changes introduce conflict markers or whitespace errors ·     --summary             condensed summary such as creations, renames and mode changes ·     --name-only           show only names of changed files ·     --name-status         show only names and status of changed files ·     --stat[=<width>[,<name-width>[,<count>]]] ·                           generate diffstat ·     --stat-width <width>  generate diffstat with a given width ·     --stat-name-width <width> ·                           generate diffstat with a given name width ·     --stat-graph-width <width> ·                           generate diffstat with a given graph width ·     --stat-count <count>  generate diffstat with limited lines ·     --[no-]compact-summary ·                           generate compact summary in diffstat ·     --binary              output a binary diff that can be applied ·     --[no-]full-index     show full pre- and post-image object names on the "index" lines ·     --[no-]color[=<when>] show colored diff ·     --ws-error-highlight <kind> ·                           highlight whitespace errors in the 'context', 'old' or 'new' lines in the diff ·     -z                    do not munge pathnames and use NULs as output field terminators in --raw or --numstat ·     --[no-]abbrev[=<n>]   use <n> digits to display object names ·     --src-prefix <prefix> show the given source prefix instead of "a/" ·     --dst-prefix <prefix> show the given destination prefix instead of "b/" ·     --line-prefix <prefix> ·                           prepend an additional prefix to every line of output ·     --no-prefix           do not show any source or destination prefix ·     --default-prefix      use default prefixes a/ and b/ ·     --inter-hunk-context <n> ·                           show context between diff hunks up to the specified number of lines ·     --output-indicator-new <char> ·                           specify the character to indicate a new line instead of '+' ·     --output-indicator-old <char> ·                           specify the character to indicate an old line instead of '-' ·     --output-indicator-context <char> ·                           specify the character to indicate a context instead of ' ' ·  · Diff rename options ·     -B, --break-rewrites[=<n>[/<m>]] ·                           break complete rewrite changes into pairs of delete and create ·     -M, --find-renames[=<n>] ·                           detect renames ·     -D, --irreversible-delete ·                           omit the preimage for deletes ·     -C, --find-copies[=<n>] ·                           detect copies ·     --[no-]find-copies-harder ·                           use unmodified files as source to find copies ·     --no-renames          disable rename detection ·     --[no-]rename-empty   use empty blobs as rename source ·     --[no-]follow         continue listing the history of a file beyond renames ·     -l <n>                prevent rename/copy detection if the number of rename/copy targets exceeds given limit ·  · Diff algorithm options ·     --minimal             produce the smallest possible diff ·     -w, --ignore-all-space ·                           ignore whitespace when comparing lines ·     -b, --ignore-space-change ·                           ignore changes in amount of whitespace ·     --ignore-space-at-eol ignore changes in whitespace at EOL ·     --ignore-cr-at-eol    ignore carrier-return at the end of line ·     --ignore-blank-lines  ignore changes whose lines are all blank ·     -I, --[no-]ignore-matching-lines <regex> ·                           ignore changes whose all lines match <regex> ·     --[no-]indent-heuristic ·                           heuristic to shift diff hunk boundaries for easy reading ·     --patience            generate diff using the "patience diff" algorithm ·     --histogram           generate diff using the "histogram diff" algorithm ·     --diff-algorithm <algorithm> ·                           choose a diff algorithm ·     --anchored <text>     generate diff using the "anchored diff" algorithm ·     --word-diff[=<mode>]  show word diff, using <mode> to delimit changed words ·     --word-diff-regex <regex> ·                           use <regex> to decide what a word is ·     --color-words[=<regex>] ·                           equivalent to --word-diff=color --word-diff-regex=<regex> ·     --[no-]color-moved[=<mode>] ·                           moved lines of code are colored differently ·     --[no-]color-moved-ws <mode> ·                           how white spaces are ignored in --color-moved ·  · Other diff options ·     --[no-]relative[=<prefix>] ·                           when run from subdir, exclude changes outside and show relative paths ·     -a, --[no-]text       treat all files as text ·     -R                    swap two inputs, reverse the diff ·     --[no-]exit-code      exit with 1 if there were differences, 0 otherwise ·     --[no-]quiet          disable all output of the program ·     --[no-]ext-diff       allow an external diff helper to be executed ·     --[no-]textconv       run external text conversion filters when comparing binary files ·     --ignore-submodules[=<when>] ·                           ignore changes to submodules in the diff generation ·     --submodule[=<format>] ·                           specify how differences in submodules are shown ·     --ita-invisible-in-index ·                           hide 'git add -N' entries from the index ·     --ita-visible-in-index ·                           treat 'git add -N' entries as real in the index ·     -S <string>           look for differences that change the number of occurrences of the specified string ·     -G <regex>            look for differences that change the number of occurrences of the specified regex ·     --pickaxe-all         show all changes in the changeset with -S or -G ·     --pickaxe-regex       treat <string> in -S as extended POSIX regular expression ·     -O <file>             control the order in which files appear in the output ·     --rotate-to <path>    show the change in the specified path first ·     --skip-to <path>      skip the output to the specified path ·     --find-object <object-id> ·                           look for differences that change the number of occurrences of the specified object ·     --diff-filter [(A|C|D|M|R|T|U|X|B)...[*]] ·                           select files by diff type ·     --max-depth <depth>   maximum tree depth to recurse ·     --output <file>       output to a specific file [26ms]
2026-05-16 00:37:19.018 [info]    [GIT      26ms] [] git diff --no-ext-diff --minimal -U0 -M --diff-filter=M -- /home/amar/Code/CAN/main.c [26ms]
2026-05-16 00:37:19.030 [error]   [GIT          ] [] git diff --no-ext-diff --minimal -U0 -M --diff-filter=M --staged -- /home/amar/Code/CAN/main.c · error: unknown option `staged' · usage: git diff --no-index [<options>] <path> <path> [<pathspec>...] ·  · Diff output format options ·     -p, --patch           generate patch ·     -s, --no-patch        suppress diff output ·     -u                    generate patch ·     -U, --unified[=<n>]   generate diffs with <n> lines context ·     -W, --[no-]function-context ·                           generate diffs with <n> lines context ·     --raw                 generate the diff in raw format ·     --patch-with-raw      synonym for '-p --raw' ·     --patch-with-stat     synonym for '-p --stat' ·     --numstat             machine friendly --stat ·     --shortstat           output only the last line of --stat ·     -X, --dirstat[=<param1>,<param2>...] ·                           output the distribution of relative amount of changes for each sub-directory ·     --cumulative          synonym for --dirstat=cumulative ·     --dirstat-by-file[=<param1>,<param2>...] ·                           synonym for --dirstat=files,<param1>,<param2>... ·     --check               warn if changes introduce conflict markers or whitespace errors ·     --summary             condensed summary such as creations, renames and mode changes ·     --name-only           show only names of changed files ·     --name-status         show only names and status of changed files ·     --stat[=<width>[,<name-width>[,<count>]]] ·                           generate diffstat ·     --stat-width <width>  generate diffstat with a given width ·     --stat-name-width <width> ·                           generate diffstat with a given name width ·     --stat-graph-width <width> ·                           generate diffstat with a given graph width ·     --stat-count <count>  generate diffstat with limited lines ·     --[no-]compact-summary ·                           generate compact summary in diffstat ·     --binary              output a binary diff that can be applied ·     --[no-]full-index     show full pre- and post-image object names on the "index" lines ·     --[no-]color[=<when>] show colored diff ·     --ws-error-highlight <kind> ·                           highlight whitespace errors in the 'context', 'old' or 'new' lines in the diff ·     -z                    do not munge pathnames and use NULs as output field terminators in --raw or --numstat ·     --[no-]abbrev[=<n>]   use <n> digits to display object names ·     --src-prefix <prefix> show the given source prefix instead of "a/" ·     --dst-prefix <prefix> show the given destination prefix instead of "b/" ·     --line-prefix <prefix> ·                           prepend an additional prefix to every line of output ·     --no-prefix           do not show any source or destination prefix ·     --default-prefix      use default prefixes a/ and b/ ·     --inter-hunk-context <n> ·                           show context between diff hunks up to the specified number of lines ·     --output-indicator-new <char> ·                           specify the character to indicate a new line instead of '+' ·     --output-indicator-old <char> ·                           specify the character to indicate an old line instead of '-' ·     --output-indicator-context <char> ·                           specify the character to indicate a context instead of ' ' ·  · Diff rename options ·     -B, --break-rewrites[=<n>[/<m>]] ·                           break complete rewrite changes into pairs of delete and create ·     -M, --find-renames[=<n>] ·                           detect renames ·     -D, --irreversible-delete ·                           omit the preimage for deletes ·     -C, --find-copies[=<n>] ·                           detect copies ·     --[no-]find-copies-harder ·                           use unmodified files as source to find copies ·     --no-renames          disable rename detection ·     --[no-]rename-empty   use empty blobs as rename source ·     --[no-]follow         continue listing the history of a file beyond renames ·     -l <n>                prevent rename/copy detection if the number of rename/copy targets exceeds given limit ·  · Diff algorithm options ·     --minimal             produce the smallest possible diff ·     -w, --ignore-all-space ·                           ignore whitespace when comparing lines ·     -b, --ignore-space-change ·                           ignore changes in amount of whitespace ·     --ignore-space-at-eol ignore changes in whitespace at EOL ·     --ignore-cr-at-eol    ignore carrier-return at the end of line ·     --ignore-blank-lines  ignore changes whose lines are all blank ·     -I, --[no-]ignore-matching-lines <regex> ·                           ignore changes whose all lines match <regex> ·     --[no-]indent-heuristic ·                           heuristic to shift diff hunk boundaries for easy reading ·     --patience            generate diff using the "patience diff" algorithm ·     --histogram           generate diff using the "histogram diff" algorithm ·     --diff-algorithm <algorithm> ·                           choose a diff algorithm ·     --anchored <text>     generate diff using the "anchored diff" algorithm ·     --word-diff[=<mode>]  show word diff, using <mode> to delimit changed words ·     --word-diff-regex <regex> ·                           use <regex> to decide what a word is ·     --color-words[=<regex>] ·                           equivalent to --word-diff=color --word-diff-regex=<regex> ·     --[no-]color-moved[=<mode>] ·                           moved lines of code are colored differently ·     --[no-]color-moved-ws <mode> ·                           how white spaces are ignored in --color-moved ·  · Other diff options ·     --[no-]relative[=<prefix>] ·                           when run from subdir, exclude changes outside and show relative paths ·     -a, --[no-]text       treat all files as text ·     -R                    swap two inputs, reverse the diff ·     --[no-]exit-code      exit with 1 if there were differences, 0 otherwise ·     --[no-]quiet          disable all output of the program ·     --[no-]ext-diff       allow an external diff helper to be executed ·     --[no-]textconv       run external text conversion filters when comparing binary files ·     --ignore-submodules[=<when>] ·                           ignore changes to submodules in the diff generation ·     --submodule[=<format>] ·                           specify how differences in submodules are shown ·     --ita-invisible-in-index ·                           hide 'git add -N' entries from the index ·     --ita-visible-in-index ·                           treat 'git add -N' entries as real in the index ·     -S <string>           look for differences that change the number of occurrences of the specified string ·     -G <regex>            look for differences that change the number of occurrences of the specified regex ·     --pickaxe-all         show all changes in the changeset with -S or -G ·     --pickaxe-regex       treat <string> in -S as extended POSIX regular expression ·     -O <file>             control the order in which files appear in the output ·     --rotate-to <path>    show the change in the specified path first ·     --skip-to <path>      skip the output to the specified path ·     --find-object <object-id> ·                           look for differences that change the number of occurrences of the specified object ·     --diff-filter [(A|C|D|M|R|T|U|X|B)...[*]] ·                           select files by diff type ·     --max-depth <depth>   maximum tree depth to recurse ·     --output <file>       output to a specific file [11ms]
2026-05-16 00:37:19.030 [error] Error: error: unknown option `staged'
usage: git diff --no-index [<options>] <path> <path> [<pathspec>...]

Diff output format options
    -p, --patch           generate patch
    -s, --no-patch        suppress diff output
    -u                    generate patch
    -U, --unified[=<n>]   generate diffs with <n> lines context
    -W, --[no-]function-context
                          generate diffs with <n> lines context
    --raw                 generate the diff in raw format
    --patch-with-raw      synonym for '-p --raw'
    --patch-with-stat     synonym for '-p --stat'
    --numstat             machine friendly --stat
    --shortstat           output only the last line of --stat
    -X, --dirstat[=<param1>,<param2>...]
                          output the distribution of relative amount of changes for each sub-directory
    --cumulative          synonym for --dirstat=cumulative
    --dirstat-by-file[=<param1>,<param2>...]
                          synonym for --dirstat=files,<param1>,<param2>...
    --check               warn if changes introduce conflict markers or whitespace errors
    --summary             condensed summary such as creations, renames and mode changes
    --name-only           show only names of changed files
    --name-status         show only names and status of changed files
    --stat[=<width>[,<name-width>[,<count>]]]
                          generate diffstat
    --stat-width <width>  generate diffstat with a given width
    --stat-name-width <width>
                          generate diffstat with a given name width
    --stat-graph-width <width>
                          generate diffstat with a given graph width
    --stat-count <count>  generate diffstat with limited lines
    --[no-]compact-summary
                          generate compact summary in diffstat
    --binary              output a binary diff that can be applied
    --[no-]full-index     show full pre- and post-image object names on the "index" lines
    --[no-]color[=<when>] show colored diff
    --ws-error-highlight <kind>
                          highlight whitespace errors in the 'context', 'old' or 'new' lines in the diff
    -z                    do not munge pathnames and use NULs as output field terminators in --raw or --numstat
    --[no-]abbrev[=<n>]   use <n> digits to display object names
    --src-prefix <prefix> show the given source prefix instead of "a/"
    --dst-prefix <prefix> show the given destination prefix instead of "b/"
    --line-prefix <prefix>
                          prepend an additional prefix to every line of output
    --no-prefix           do not show any source or destination prefix
    --default-prefix      use default prefixes a/ and b/
    --inter-hunk-context <n>
                          show context between diff hunks up to the specified number of lines
    --output-indicator-new <char>
                          specify the character to indicate a new line instead of '+'
    --output-indicator-old <char>
                          specify the character to indicate an old line instead of '-'
    --output-indicator-context <char>
                          specify the character to indicate a context instead of ' '

Diff rename options
    -B, --break-rewrites[=<n>[/<m>]]
                          break complete rewrite changes into pairs of delete and create
    -M, --find-renames[=<n>]
                          detect renames
    -D, --irreversible-delete
                          omit the preimage for deletes
    -C, --find-copies[=<n>]
                          detect copies
    --[no-]find-copies-harder
                          use unmodified files as source to find copies
    --no-renames          disable rename detection
    --[no-]rename-empty   use empty blobs as rename source
    --[no-]follow         continue listing the history of a file beyond renames
    -l <n>                prevent rename/copy detection if the number of rename/copy targets exceeds given limit

Diff algorithm options
    --minimal             produce the smallest possible diff
    -w, --ignore-all-space
                          ignore whitespace when comparing lines
    -b, --ignore-space-change
                          ignore changes in amount of whitespace
    --ignore-space-at-eol ignore changes in whitespace at EOL
    --ignore-cr-at-eol    ignore carrier-return at the end of line
    --ignore-blank-lines  ignore changes whose lines are all blank
    -I, --[no-]ignore-matching-lines <regex>
                          ignore changes whose all lines match <regex>
    --[no-]indent-heuristic
                          heuristic to shift diff hunk boundaries for easy reading
    --patience            generate diff using the "patience diff" algorithm
    --histogram           generate diff using the "histogram diff" algorithm
    --diff-algorithm <algorithm>
                          choose a diff algorithm
    --anchored <text>     generate diff using the "anchored diff" algorithm
    --word-diff[=<mode>]  show word diff, using <mode> to delimit changed words
    --word-diff-regex <regex>
                          use <regex> to decide what a word is
    --color-words[=<regex>]
                          equivalent to --word-diff=color --word-diff-regex=<regex>
    --[no-]color-moved[=<mode>]
                          moved lines of code are colored differently
    --[no-]color-moved-ws <mode>
                          how white spaces are ignored in --color-moved

Other diff options
    --[no-]relative[=<prefix>]
                          when run from subdir, exclude changes outside and show relative paths
    -a, --[no-]text       treat all files as text
    -R                    swap two inputs, reverse the diff
    --[no-]exit-code      exit with 1 if there were differences, 0 otherwise
    --[no-]quiet          disable all output of the program
    --[no-]ext-diff       allow an external diff helper to be executed
    --[no-]textconv       run external text conversion filters when comparing binary files
    --ignore-submodules[=<when>]
                          ignore changes to submodules in the diff generation
    --submodule[=<format>]
                          specify how differences in submodules are shown
    --ita-invisible-in-index
                          hide 'git add -N' entries from the index
    --ita-visible-in-index
                          treat 'git add -N' entries as real in the index
    -S <string>           look for differences that change the number of occurrences of the specified string
    -G <regex>            look for differences that change the number of occurrences of the specified regex
    --pickaxe-all         show all changes in the changeset with -S or -G
    --pickaxe-regex       treat <string> in -S as extended POSIX regular expression
    -O <file>             control the order in which files appear in the output
    --rotate-to <path>    show the change in the specified path first
    --skip-to <path>      skip the output to the specified path
    --find-object <object-id>
                          look for differences that change the number of occurrences of the specified object
    --diff-filter [(A|C|D|M|R|T|U|X|B)...[*]]
                          select files by diff type
    --max-depth <depth>   maximum tree depth to recurse
    --output <file>       output to a specific file   [ 8102 →  8103] DiffGitSubProvider.getDiffForFile — failed [12ms]
2026-05-16 00:37:19.031 [error] Error: error: unknown option `staged'
usage: git diff --no-index [<options>] <path> <path> [<pathspec>...]

Diff output format options
    -p, --patch           generate patch
    -s, --no-patch        suppress diff output
    -u                    generate patch
    -U, --unified[=<n>]   generate diffs with <n> lines context
    -W, --[no-]function-context
                          generate diffs with <n> lines context
    --raw                 generate the diff in raw format
    --patch-with-raw      synonym for '-p --raw'
    --patch-with-stat     synonym for '-p --stat'
    --numstat             machine friendly --stat
    --shortstat           output only the last line of --stat
    -X, --dirstat[=<param1>,<param2>...]
                          output the distribution of relative amount of changes for each sub-directory
    --cumulative          synonym for --dirstat=cumulative
    --dirstat-by-file[=<param1>,<param2>...]
                          synonym for --dirstat=files,<param1>,<param2>...
    --check               warn if changes introduce conflict markers or whitespace errors
    --summary             condensed summary such as creations, renames and mode changes
    --name-only           show only names of changed files
    --name-status         show only names and status of changed files
    --stat[=<width>[,<name-width>[,<count>]]]
                          generate diffstat
    --stat-width <width>  generate diffstat with a given width
    --stat-name-width <width>
                          generate diffstat with a given name width
    --stat-graph-width <width>
                          generate diffstat with a given graph width
    --stat-count <count>  generate diffstat with limited lines
    --[no-]compact-summary
                          generate compact summary in diffstat
    --binary              output a binary diff that can be applied
    --[no-]full-index     show full pre- and post-image object names on the "index" lines
    --[no-]color[=<when>] show colored diff
    --ws-error-highlight <kind>
                          highlight whitespace errors in the 'context', 'old' or 'new' lines in the diff
    -z                    do not munge pathnames and use NULs as output field terminators in --raw or --numstat
    --[no-]abbrev[=<n>]   use <n> digits to display object names
    --src-prefix <prefix> show the given source prefix instead of "a/"
    --dst-prefix <prefix> show the given destination prefix instead of "b/"
    --line-prefix <prefix>
                          prepend an additional prefix to every line of output
    --no-prefix           do not show any source or destination prefix
    --default-prefix      use default prefixes a/ and b/
    --inter-hunk-context <n>
                          show context between diff hunks up to the specified number of lines
    --output-indicator-new <char>
                          specify the character to indicate a new line instead of '+'
    --output-indicator-old <char>
                          specify the character to indicate an old line instead of '-'
    --output-indicator-context <char>
                          specify the character to indicate a context instead of ' '

Diff rename options
    -B, --break-rewrites[=<n>[/<m>]]
                          break complete rewrite changes into pairs of delete and create
    -M, --find-renames[=<n>]
                          detect renames
    -D, --irreversible-delete
                          omit the preimage for deletes
    -C, --find-copies[=<n>]
                          detect copies
    --[no-]find-copies-harder
                          use unmodified files as source to find copies
    --no-renames          disable rename detection
    --[no-]rename-empty   use empty blobs as rename source
    --[no-]follow         continue listing the history of a file beyond renames
    -l <n>                prevent rename/copy detection if the number of rename/copy targets exceeds given limit

Diff algorithm options
    --minimal             produce the smallest possible diff
    -w, --ignore-all-space
                          ignore whitespace when comparing lines
    -b, --ignore-space-change
                          ignore changes in amount of whitespace
    --ignore-space-at-eol ignore changes in whitespace at EOL
    --ignore-cr-at-eol    ignore carrier-return at the end of line
    --ignore-blank-lines  ignore changes whose lines are all blank
    -I, --[no-]ignore-matching-lines <regex>
                          ignore changes whose all lines match <regex>
    --[no-]indent-heuristic
                          heuristic to shift diff hunk boundaries for easy reading
    --patience            generate diff using the "patience diff" algorithm
    --histogram           generate diff using the "histogram diff" algorithm
    --diff-algorithm <algorithm>
                          choose a diff algorithm
    --anchored <text>     generate diff using the "anchored diff" algorithm
    --word-diff[=<mode>]  show word diff, using <mode> to delimit changed words
    --word-diff-regex <regex>
                          use <regex> to decide what a word is
    --color-words[=<regex>]
                          equivalent to --word-diff=color --word-diff-regex=<regex>
    --[no-]color-moved[=<mode>]
                          moved lines of code are colored differently
    --[no-]color-moved-ws <mode>
                          how white spaces are ignored in --color-moved

Other diff options
    --[no-]relative[=<prefix>]
                          when run from subdir, exclude changes outside and show relative paths
    -a, --[no-]text       treat all files as text
    -R                    swap two inputs, reverse the diff
    --[no-]exit-code      exit with 1 if there were differences, 0 otherwise
    --[no-]quiet          disable all output of the program
    --[no-]ext-diff       allow an external diff helper to be executed
    --[no-]textconv       run external text conversion filters when comparing binary files
    --ignore-submodules[=<when>]
                          ignore changes to submodules in the diff generation
    --submodule[=<format>]
                          specify how differences in submodules are shown
    --ita-invisible-in-index
                          hide 'git add -N' entries from the index
    --ita-visible-in-index
                          treat 'git add -N' entries as real in the index
    -S <string>           look for differences that change the number of occurrences of the specified string
    -G <regex>            look for differences that change the number of occurrences of the specified regex
    --pickaxe-all         show all changes in the changeset with -S or -G
    --pickaxe-regex       treat <string> in -S as extended POSIX regular expression
    -O <file>             control the order in which files appear in the output
    --rotate-to <path>    show the change in the specified path first
    --skip-to <path>      skip the output to the specified path
    --find-object <object-id>
                          look for differences that change the number of occurrences of the specified object
    --diff-filter [(A|C|D|M|R|T|U|X|B)...[*]]
                          select files by diff type
    --max-depth <depth>   maximum tree depth to recurse
    --output <file>       output to a specific file   [ 8101 →  8102] GitProviderService.getDiffForFile — failed [12ms]
2026-05-16 00:37:19.031 [error] Error: error: unknown option `staged'
usage: git diff --no-index [<options>] <path> <path> [<pathspec>...]

Diff output format options
    -p, --patch           generate patch
    -s, --no-patch        suppress diff output
    -u                    generate patch
    -U, --unified[=<n>]   generate diffs with <n> lines context
    -W, --[no-]function-context
                          generate diffs with <n> lines context
    --raw                 generate the diff in raw format
    --patch-with-raw      synonym for '-p --raw'
    --patch-with-stat     synonym for '-p --stat'
    --numstat             machine friendly --stat
    --shortstat           output only the last line of --stat
    -X, --dirstat[=<param1>,<param2>...]
                          output the distribution of relative amount of changes for each sub-directory
    --cumulative          synonym for --dirstat=cumulative
    --dirstat-by-file[=<param1>,<param2>...]
                          synonym for --dirstat=files,<param1>,<param2>...
    --check               warn if changes introduce conflict markers or whitespace errors
    --summary             condensed summary such as creations, renames and mode changes
    --name-only           show only names of changed files
    --name-status         show only names and status of changed files
    --stat[=<width>[,<name-width>[,<count>]]]
                          generate diffstat
    --stat-width <width>  generate diffstat with a given width
    --stat-name-width <width>
                          generate diffstat with a given name width
    --stat-graph-width <width>
                          generate diffstat with a given graph width
    --stat-count <count>  generate diffstat with limited lines
    --[no-]compact-summary
                          generate compact summary in diffstat
    --binary              output a binary diff that can be applied
    --[no-]full-index     show full pre- and post-image object names on the "index" lines
    --[no-]color[=<when>] show colored diff
    --ws-error-highlight <kind>
                          highlight whitespace errors in the 'context', 'old' or 'new' lines in the diff
    -z                    do not munge pathnames and use NULs as output field terminators in --raw or --numstat
    --[no-]abbrev[=<n>]   use <n> digits to display object names
    --src-prefix <prefix> show the given source prefix instead of "a/"
    --dst-prefix <prefix> show the given destination prefix instead of "b/"
    --line-prefix <prefix>
                          prepend an additional prefix to every line of output
    --no-prefix           do not show any source or destination prefix
    --default-prefix      use default prefixes a/ and b/
    --inter-hunk-context <n>
                          show context between diff hunks up to the specified number of lines
    --output-indicator-new <char>
                          specify the character to indicate a new line instead of '+'
    --output-indicator-old <char>
                          specify the character to indicate an old line instead of '-'
    --output-indicator-context <char>
                          specify the character to indicate a context instead of ' '

Diff rename options
    -B, --break-rewrites[=<n>[/<m>]]
                          break complete rewrite changes into pairs of delete and create
    -M, --find-renames[=<n>]
                          detect renames
    -D, --irreversible-delete
                          omit the preimage for deletes
    -C, --find-copies[=<n>]
                          detect copies
    --[no-]find-copies-harder
                          use unmodified files as source to find copies
    --no-renames          disable rename detection
    --[no-]rename-empty   use empty blobs as rename source
    --[no-]follow         continue listing the history of a file beyond renames
    -l <n>                prevent rename/copy detection if the number of rename/copy targets exceeds given limit

Diff algorithm options
    --minimal             produce the smallest possible diff
    -w, --ignore-all-space
                          ignore whitespace when comparing lines
    -b, --ignore-space-change
                          ignore changes in amount of whitespace
    --ignore-space-at-eol ignore changes in whitespace at EOL
    --ignore-cr-at-eol    ignore carrier-return at the end of line
    --ignore-blank-lines  ignore changes whose lines are all blank
    -I, --[no-]ignore-matching-lines <regex>
                          ignore changes whose all lines match <regex>
    --[no-]indent-heuristic
                          heuristic to shift diff hunk boundaries for easy reading
    --patience            generate diff using the "patience diff" algorithm
    --histogram           generate diff using the "histogram diff" algorithm
    --diff-algorithm <algorithm>
                          choose a diff algorithm
    --anchored <text>     generate diff using the "anchored diff" algorithm
    --word-diff[=<mode>]  show word diff, using <mode> to delimit changed words
    --word-diff-regex <regex>
                          use <regex> to decide what a word is
    --color-words[=<regex>]
                          equivalent to --word-diff=color --word-diff-regex=<regex>
    --[no-]color-moved[=<mode>]
                          moved lines of code are colored differently
    --[no-]color-moved-ws <mode>
                          how white spaces are ignored in --color-moved

Other diff options
    --[no-]relative[=<prefix>]
                          when run from subdir, exclude changes outside and show relative paths
    -a, --[no-]text       treat all files as text
    -R                    swap two inputs, reverse the diff
    --[no-]exit-code      exit with 1 if there were differences, 0 otherwise
    --[no-]quiet          disable all output of the program
    --[no-]ext-diff       allow an external diff helper to be executed
    --[no-]textconv       run external text conversion filters when comparing binary files
    --ignore-submodules[=<when>]
                          ignore changes to submodules in the diff generation
    --submodule[=<format>]
                          specify how differences in submodules are shown
    --ita-invisible-in-index
                          hide 'git add -N' entries from the index
    --ita-visible-in-index
                          treat 'git add -N' entries as real in the index
    -S <string>           look for differences that change the number of occurrences of the specified string
    -G <regex>            look for differences that change the number of occurrences of the specified regex
    --pickaxe-all         show all changes in the changeset with -S or -G
    --pickaxe-regex       treat <string> in -S as extended POSIX regular expression
    -O <file>             control the order in which files appear in the output
    --rotate-to <path>    show the change in the specified path first
    --skip-to <path>      skip the output to the specified path
    --find-object <object-id>
                          look for differences that change the number of occurrences of the specified object
    --diff-filter [(A|C|D|M|R|T|U|X|B)...[*]]
                          select files by diff type
    --max-depth <depth>   maximum tree depth to recurse
    --output <file>       output to a specific file   [ 80fc →  8101] GitProviderService.getDiffForLine — failed [12ms]
2026-05-16 00:37:19.031 [error] Error: error: unknown option `staged'
usage: git diff --no-index [<options>] <path> <path> [<pathspec>...]

Diff output format options
    -p, --patch           generate patch
    -s, --no-patch        suppress diff output
    -u                    generate patch
    -U, --unified[=<n>]   generate diffs with <n> lines context
    -W, --[no-]function-context
                          generate diffs with <n> lines context
    --raw                 generate the diff in raw format
    --patch-with-raw      synonym for '-p --raw'
    --patch-with-stat     synonym for '-p --stat'
    --numstat             machine friendly --stat
    --shortstat           output only the last line of --stat
    -X, --dirstat[=<param1>,<param2>...]
                          output the distribution of relative amount of changes for each sub-directory
    --cumulative          synonym for --dirstat=cumulative
    --dirstat-by-file[=<param1>,<param2>...]
                          synonym for --dirstat=files,<param1>,<param2>...
    --check               warn if changes introduce conflict markers or whitespace errors
    --summary             condensed summary such as creations, renames and mode changes
    --name-only           show only names of changed files
    --name-status         show only names and status of changed files
    --stat[=<width>[,<name-width>[,<count>]]]
                          generate diffstat
    --stat-width <width>  generate diffstat with a given width
    --stat-name-width <width>
                          generate diffstat with a given name width
    --stat-graph-width <width>
                          generate diffstat with a given graph width
    --stat-count <count>  generate diffstat with limited lines
    --[no-]compact-summary
                          generate compact summary in diffstat
    --binary              output a binary diff that can be applied
    --[no-]full-index     show full pre- and post-image object names on the "index" lines
    --[no-]color[=<when>] show colored diff
    --ws-error-highlight <kind>
                          highlight whitespace errors in the 'context', 'old' or 'new' lines in the diff
    -z                    do not munge pathnames and use NULs as output field terminators in --raw or --numstat
    --[no-]abbrev[=<n>]   use <n> digits to display object names
    --src-prefix <prefix> show the given source prefix instead of "a/"
    --dst-prefix <prefix> show the given destination prefix instead of "b/"
    --line-prefix <prefix>
                          prepend an additional prefix to every line of output
    --no-prefix           do not show any source or destination prefix
    --default-prefix      use default prefixes a/ and b/
    --inter-hunk-context <n>
                          show context between diff hunks up to the specified number of lines
    --output-indicator-new <char>
                          specify the character to indicate a new line instead of '+'
    --output-indicator-old <char>
                          specify the character to indicate an old line instead of '-'
    --output-indicator-context <char>
                          specify the character to indicate a context instead of ' '

Diff rename options
    -B, --break-rewrites[=<n>[/<m>]]
                          break complete rewrite changes into pairs of delete and create
    -M, --find-renames[=<n>]
                          detect renames
    -D, --irreversible-delete
                          omit the preimage for deletes
    -C, --find-copies[=<n>]
                          detect copies
    --[no-]find-copies-harder
                          use unmodified files as source to find copies
    --no-renames          disable rename detection
    --[no-]rename-empty   use empty blobs as rename source
    --[no-]follow         continue listing the history of a file beyond renames
    -l <n>                prevent rename/copy detection if the number of rename/copy targets exceeds given limit

Diff algorithm options
    --minimal             produce the smallest possible diff
    -w, --ignore-all-space
                          ignore whitespace when comparing lines
    -b, --ignore-space-change
                          ignore changes in amount of whitespace
    --ignore-space-at-eol ignore changes in whitespace at EOL
    --ignore-cr-at-eol    ignore carrier-return at the end of line
    --ignore-blank-lines  ignore changes whose lines are all blank
    -I, --[no-]ignore-matching-lines <regex>
                          ignore changes whose all lines match <regex>
    --[no-]indent-heuristic
                          heuristic to shift diff hunk boundaries for easy reading
    --patience            generate diff using the "patience diff" algorithm
    --histogram           generate diff using the "histogram diff" algorithm
    --diff-algorithm <algorithm>
                          choose a diff algorithm
    --anchored <text>     generate diff using the "anchored diff" algorithm
    --word-diff[=<mode>]  show word diff, using <mode> to delimit changed words
    --word-diff-regex <regex>
                          use <regex> to decide what a word is
    --color-words[=<regex>]
                          equivalent to --word-diff=color --word-diff-regex=<regex>
    --[no-]color-moved[=<mode>]
                          moved lines of code are colored differently
    --[no-]color-moved-ws <mode>
                          how white spaces are ignored in --color-moved

Other diff options
    --[no-]relative[=<prefix>]
                          when run from subdir, exclude changes outside and show relative paths
    -a, --[no-]text       treat all files as text
    -R                    swap two inputs, reverse the diff
    --[no-]exit-code      exit with 1 if there were differences, 0 otherwise
    --[no-]quiet          disable all output of the program
    --[no-]ext-diff       allow an external diff helper to be executed
    --[no-]textconv       run external text conversion filters when comparing binary files
    --ignore-submodules[=<when>]
                          ignore changes to submodules in the diff generation
    --submodule[=<format>]
                          specify how differences in submodules are shown
    --ita-invisible-in-index
                          hide 'git add -N' entries from the index
    --ita-visible-in-index
                          treat 'git add -N' entries as real in the index
    -S <string>           look for differences that change the number of occurrences of the specified string
    -G <regex>            look for differences that change the number of occurrences of the specified regex
    --pickaxe-all         show all changes in the changeset with -S or -G
    --pickaxe-regex       treat <string> in -S as extended POSIX regular expression
    -O <file>             control the order in which files appear in the output
    --rotate-to <path>    show the change in the specified path first
    --skip-to <path>      skip the output to the specified path
    --find-object <object-id>
                          look for differences that change the number of occurrences of the specified object
    --diff-filter [(A|C|D|M|R|T|U|X|B)...[*]]
                          select files by diff type
    --max-depth <depth>   maximum tree depth to recurse
    --output <file>       output to a specific file   [         80fc] LineHoverController.provideChangesHover(document=Uri(file:///home/amar/Code/CAN/main.c), position=23:24) — failed [40ms]
2026-05-16 00:37:19.267 [error] Error: Base path '' must be an absolute path   [ 810c →  810d] StatusBarController.updateBlame — failed [2ms]
2026-05-16 00:37:19.668 [error] Error: Base path '' must be an absolute path   [ 8111 →  8112] StatusBarController.updateBlame — failed [2ms]
2026-05-16 00:37:19.672 [error] Error: Base path '' must be an absolute path   [ 811c →  811d] StatusBarController.updateBlame — failed [1ms]
2026-05-16 00:37:19.724 [error] Error: Base path '' must be an absolute path   [ 812a →  812b] StatusBarController.updateBlame — failed [2ms]
2026-05-16 00:37:19.727 [error] Error: Base path '' must be an absolute path   [ 8135 →  8136] StatusBarController.updateBlame — failed [1ms]
2026-05-16 00:37:20.687 [error] Error: Base path '' must be an absolute path   [ 814b →  814c] StatusBarController.updateBlame — failed [1ms]
2026-05-16 00:37:20.716 [error] Error: Base path '' must be an absolute path   [ 8150 →  8151] StatusBarController.updateBlame — failed [2ms]
2026-05-16 00:37:20.772 [error] Error: Base path '' must be an absolute path   [ 815c →  815d] StatusBarController.updateBlame — failed [1ms]
2026-05-16 00:37:20.773 [error] Error: Base path '' must be an absolute path   [ 8165 →  8166] StatusBarController.updateBlame — failed [0ms]
2026-05-16 00:37:20.859 [error] Error: Base path '' must be an absolute path   [ 816a →  816b] StatusBarController.updateBlame — failed [1ms]
2026-05-16 00:37:20.910 [error] Error: Base path '' must be an absolute path   [ 8175 →  8176] StatusBarController.updateBlame — failed [1ms]
2026-05-16 00:37:21.818 [error] Error: Base path '' must be an absolute path   [ 817e →  817f] StatusBarController.updateBlame — failed [1ms]
2026-05-16 00:37:21.868 [error] Error: Base path '' must be an absolute path   [ 8189 →  818a] StatusBarController.updateBlame — failed [0ms]
2026-05-16 00:37:22.830 [error] Error: Base path '' must be an absolute path   [ 819d →  819e] StatusBarController.updateBlame — failed [0ms]
2026-05-16 00:37:22.880 [error] Error: Base path '' must be an absolute path   [ 81a8 →  81a9] StatusBarController.updateBlame — failed [1ms]
2026-05-16 00:37:22.990 [error] Error: Base path '' must be an absolute path   [ 81ad →  81ae] StatusBarController.updateBlame — failed [2ms]
2026-05-16 00:37:23.047 [error] Error: Base path '' must be an absolute path   [ 81b9 →  81ba] StatusBarController.updateBlame — failed [1ms]
2026-05-16 00:37:23.048 [error] Error: Base path '' must be an absolute path   [ 81c2 →  81c3] StatusBarController.updateBlame — failed [1ms]
2026-05-16 00:37:23.084 [error] Error: Base path '' must be an absolute path   [ 81c7 →  81c8] StatusBarController.updateBlame — failed [2ms]
2026-05-16 00:37:23.135 [error] Error: Base path '' must be an absolute path   [ 81d2 →  81d3] StatusBarController.updateBlame — failed [1ms]
2026-05-16 00:37:23.933 [error] Error: Base path '' must be an absolute path   [ 81db →  81dc] StatusBarController.updateBlame — failed [2ms]
2026-05-16 00:37:23.984 [error] Error: Base path '' must be an absolute path   [ 81e6 →  81e7] StatusBarController.updateBlame — failed [1ms]
2026-05-16 00:37:24.117 [error] Error: Base path '' must be an absolute path   [ 81eb →  81ec] StatusBarController.updateBlame — failed [1ms]
2026-05-16 00:37:24.167 [error] Error: Base path '' must be an absolute path   [ 81f6 →  81f7] StatusBarController.updateBlame — failed [1ms]
2026-05-16 00:37:25.142 [error] Error: Base path '' must be an absolute path   [ 820a →  820b] StatusBarController.updateBlame — failed [0ms]
2026-05-16 00:37:25.169 [error] Error: Base path '' must be an absolute path   [ 820f →  8210] StatusBarController.updateBlame — failed [2ms]
2026-05-16 00:37:25.224 [error] Error: Base path '' must be an absolute path   [ 821b →  821c] StatusBarController.updateBlame — failed [1ms]
2026-05-16 00:37:25.225 [error] Error: Base path '' must be an absolute path   [ 8224 →  8225] StatusBarController.updateBlame — failed [1ms]
2026-05-16 00:37:25.729 [error] Error: Base path '' must be an absolute path   [ 822d →  822e] StatusBarController.updateBlame — failed [1ms]
2026-05-16 00:37:25.780 [error] Error: Base path '' must be an absolute path   [ 8238 →  8239] StatusBarController.updateBlame — failed [1ms]
2026-05-16 00:37:26.746 [error] Error: Base path '' must be an absolute path   [ 824c →  824d] StatusBarController.updateBlame — failed [0ms]
2026-05-16 00:37:26.798 [error] Error: Base path '' must be an absolute path   [ 8257 →  8258] StatusBarController.updateBlame — failed [1ms]
2026-05-16 00:37:30.928 [error] Error: Base path '' must be an absolute path   [ 825c →  825d] StatusBarController.updateBlame — failed [2ms]
2026-05-16 00:37:30.983 [error] Error: Base path '' must be an absolute path   [ 8268 →  8269] StatusBarController.updateBlame — failed [1ms]
2026-05-16 00:37:30.985 [error] Error: Base path '' must be an absolute path   [ 8271 →  8272] StatusBarController.updateBlame — failed [1ms]
2026-05-16 00:37:31.688 [error] Error: Base path '' must be an absolute path   [ 827a →  827b] StatusBarController.updateBlame — failed [2ms]
2026-05-16 00:37:31.693 [error] Error: Base path '' must be an absolute path   [ 8285 →  8286] StatusBarController.updateBlame — failed [2ms]
2026-05-16 00:37:31.738 [error] Error: Base path '' must be an absolute path   [ 8292 →  8293] StatusBarController.updateBlame — failed [1ms]
2026-05-16 00:37:32.706 [error] Error: Base path '' must be an absolute path   [ 82a8 →  82a9] StatusBarController.updateBlame — failed [2ms]
2026-05-16 00:37:32.755 [error] Error: Base path '' must be an absolute path   [ 82b5 →  82b6] StatusBarController.updateBlame — failed [1ms]
2026-05-16 00:37:33.487 [error] Error: Base path '' must be an absolute path   [ 82c0 →  82c1] StatusBarController.updateBlame — failed [2ms]
2026-05-16 00:37:33.938 [error] Error: Base path '' must be an absolute path   [ 82c5 →  82c6] StatusBarController.updateBlame — failed [2ms]
2026-05-16 00:37:33.993 [error] Error: Base path '' must be an absolute path   [ 82d1 →  82d2] StatusBarController.updateBlame — failed [1ms]
2026-05-16 00:37:33.995 [error] Error: Base path '' must be an absolute path   [ 82da →  82db] StatusBarController.updateBlame — failed [1ms]
2026-05-16 00:37:34.102 [error] Error: Base path '' must be an absolute path   [ 82df →  82e0] StatusBarController.updateBlame — failed [2ms]
2026-05-16 00:37:34.153 [error] Error: Base path '' must be an absolute path   [ 82ea →  82eb] StatusBarController.updateBlame — failed [1ms]
2026-05-16 00:37:34.261 [error] Error: Base path '' must be an absolute path   [ 82ef →  82f0] StatusBarController.updateBlame — failed [1ms]
2026-05-16 00:37:34.312 [error] Error: Base path '' must be an absolute path   [ 82fa →  82fb] StatusBarController.updateBlame — failed [1ms]
2026-05-16 00:37:34.900 [error] Error: Base path '' must be an absolute path   [ 8329 →  832a] StatusBarController.updateBlame — failed [1ms]
2026-05-16 00:37:34.948 [error] Error: Base path '' must be an absolute path   [ 8334 →  8335] StatusBarController.updateBlame — failed [1ms]
2026-05-16 00:37:34.866 [error] Error: Base path '' must be an absolute path   [ 833d →  833e] StatusBarController.updateBlame — failed [1ms]
2026-05-16 00:37:34.917 [error] Error: Base path '' must be an absolute path   [ 8348 →  8349] StatusBarController.updateBlame — failed [1ms]
2026-05-16 00:37:35.900 [error] Error: Base path '' must be an absolute path   [ 835c →  835d] StatusBarController.updateBlame — failed [1ms]
2026-05-16 00:37:35.949 [error] Error: Base path '' must be an absolute path   [ 8367 →  8368] StatusBarController.updateBlame — failed [1ms]
2026-05-16 00:37:37.709 [error] Error: Base path '' must be an absolute path   [ 836c →  836d] StatusBarController.updateBlame — failed [2ms]
2026-05-16 00:37:37.767 [error] Error: Base path '' must be an absolute path   [ 8378 →  8379] StatusBarController.updateBlame — failed [1ms]
2026-05-16 00:37:37.768 [error] Error: Base path '' must be an absolute path   [ 8381 →  8382] StatusBarController.updateBlame — failed [1ms]
2026-05-16 00:37:37.863 [error] Error: Base path '' must be an absolute path   [ 8386 →  8387] StatusBarController.updateBlame — failed [2ms]
2026-05-16 00:37:37.915 [error] Error: Base path '' must be an absolute path   [ 8391 →  8392] StatusBarController.updateBlame — failed [1ms]
2026-05-16 00:37:38.886 [error] Error: Base path '' must be an absolute path   [ 83a5 →  83a6] StatusBarController.updateBlame — failed [0ms]
2026-05-16 00:37:38.938 [error] Error: Base path '' must be an absolute path   [ 83b0 →  83b1] StatusBarController.updateBlame — failed [1ms]
2026-05-16 00:37:39.113 [error] Error: Base path '' must be an absolute path   [ 83b5 →  83b6] StatusBarController.updateBlame — failed [2ms]
2026-05-16 00:37:39.168 [error] Error: Base path '' must be an absolute path   [ 83c1 →  83c2] StatusBarController.updateBlame — failed [1ms]
2026-05-16 00:37:39.170 [error] Error: Base path '' must be an absolute path   [ 83ca →  83cb] StatusBarController.updateBlame — failed [1ms]
2026-05-16 00:37:39.269 [error] Error: Base path '' must be an absolute path   [ 83cf →  83d0] StatusBarController.updateBlame — failed [2ms]
2026-05-16 00:37:39.318 [error] Error: Base path '' must be an absolute path   [ 83da →  83db] StatusBarController.updateBlame — failed [0ms]
2026-05-16 00:37:40.288 [error] Error: Base path '' must be an absolute path   [ 83ee →  83ef] StatusBarController.updateBlame — failed [1ms]
2026-05-16 00:37:40.338 [error] Error: Base path '' must be an absolute path   [ 83f9 →  83fa] StatusBarController.updateBlame — failed [1ms]
2026-05-16 00:37:40.507 [error] Error: Base path '' must be an absolute path   [ 83fe →  83ff] StatusBarController.updateBlame — failed [2ms]
2026-05-16 00:37:40.562 [error] Error: Base path '' must be an absolute path   [ 840a →  840b] StatusBarController.updateBlame — failed [2ms]
2026-05-16 00:37:40.564 [error] Error: Base path '' must be an absolute path   [ 8413 →  8414] StatusBarController.updateBlame — failed [1ms]
2026-05-16 00:37:40.653 [error] Error: Base path '' must be an absolute path   [ 8418 →  8419] StatusBarController.updateBlame — failed [2ms]
2026-05-16 00:37:40.703 [error] Error: Base path '' must be an absolute path   [ 8423 →  8424] StatusBarController.updateBlame — failed [1ms]
2026-05-16 00:37:40.858 [error] Error: Base path '' must be an absolute path   [ 8428 →  8429] StatusBarController.updateBlame — failed [2ms]
2026-05-16 00:37:40.908 [error] Error: Base path '' must be an absolute path   [ 8433 →  8434] StatusBarController.updateBlame — failed [1ms]
2026-05-16 00:37:41.485 [error] Error: Base path '' must be an absolute path   [ 843c →  843d] StatusBarController.updateBlame — failed [1ms]
2026-05-16 00:37:41.538 [error] Error: Base path '' must be an absolute path   [ 8447 →  8448] StatusBarController.updateBlame — failed [1ms]
2026-05-16 00:37:42.503 [error] Error: Base path '' must be an absolute path   [ 845b →  845c] StatusBarController.updateBlame — failed [0ms]
2026-05-16 00:37:42.553 [error] Error: Base path '' must be an absolute path   [ 8466 →  8467] StatusBarController.updateBlame — failed [1ms]
2026-05-16 00:37:44.371 [error] Error: Base path '' must be an absolute path   [ 846b →  846c] StatusBarController.updateBlame — failed [2ms]
2026-05-16 00:37:44.426 [error] Error: Base path '' must be an absolute path   [ 8477 →  8478] StatusBarController.updateBlame — failed [1ms]
2026-05-16 00:37:44.428 [error] Error: Base path '' must be an absolute path   [ 8480 →  8481] StatusBarController.updateBlame — failed [1ms]
2026-05-16 00:37:44.506 [error] Error: Base path '' must be an absolute path   [ 8485 →  8486] StatusBarController.updateBlame — failed [1ms]
2026-05-16 00:37:44.557 [error] Error: Base path '' must be an absolute path   [ 8490 →  8491] StatusBarController.updateBlame — failed [1ms]
2026-05-16 00:37:44.682 [error] Error: Base path '' must be an absolute path   [ 8495 →  8496] StatusBarController.updateBlame — failed [1ms]
2026-05-16 00:37:44.733 [error] Error: Base path '' must be an absolute path   [ 84a0 →  84a1] StatusBarController.updateBlame — failed [1ms]
2026-05-16 00:37:44.834 [error] Error: Base path '' must be an absolute path   [ 84a5 →  84a6] StatusBarController.updateBlame — failed [1ms]
2026-05-16 00:37:44.886 [error] Error: Base path '' must be an absolute path   [ 84b0 →  84b1] StatusBarController.updateBlame — failed [1ms]
2026-05-16 00:37:45.863 [error] Error: Base path '' must be an absolute path   [ 84c4 →  84c5] StatusBarController.updateBlame — failed [0ms]
2026-05-16 00:37:45.913 [error] Error: Base path '' must be an absolute path   [ 84cf →  84d0] StatusBarController.updateBlame — failed [1ms]
2026-05-16 00:37:48.130 [error] Error: Base path '' must be an absolute path   [ 84d4 →  84d5] StatusBarController.updateBlame — failed [2ms]
2026-05-16 00:37:48.186 [error] Error: Base path '' must be an absolute path   [ 84e0 →  84e1] StatusBarController.updateBlame — failed [1ms]
2026-05-16 00:37:48.188 [error] Error: Base path '' must be an absolute path   [ 84e9 →  84ea] StatusBarController.updateBlame — failed [1ms]
2026-05-16 00:37:48.392 [info]    [GIT      11ms] [/home/amar/Code/CAN] git ls-files -- main.c [11ms]
2026-05-16 00:37:48.749 [error] Error: Base path '' must be an absolute path   [ 84f3 →  84f4] StatusBarController.updateBlame — failed [2ms]
2026-05-16 00:37:48.775 [error] Error: Base path '' must be an absolute path   [ 84f8 →  84f9] StatusBarController.updateBlame — failed [1ms]
2026-05-16 00:37:48.817 [error] Error: Base path '' must be an absolute path   [ 84fd →  84fe] StatusBarController.updateBlame — failed [2ms]
2026-05-16 00:37:48.867 [error] Error: Base path '' must be an absolute path   [ 8508 →  8509] StatusBarController.updateBlame — failed [1ms]
2026-05-16 00:37:48.872 [error] Error: Base path '' must be an absolute path   [ 850d →  850e] StatusBarController.updateBlame — failed [1ms]
2026-05-16 00:37:48.897 [error] Error: Base path '' must be an absolute path   [ 8512 →  8513] StatusBarController.updateBlame — failed [2ms]
2026-05-16 00:37:48.940 [error] Error: Base path '' must be an absolute path   [ 8517 →  8518] StatusBarController.updateBlame — failed [1ms]
2026-05-16 00:37:48.989 [error] Error: Base path '' must be an absolute path   [ 851c →  851d] StatusBarController.updateBlame — failed [2ms]
2026-05-16 00:37:49.039 [error] Error: Base path '' must be an absolute path   [ 8527 →  8528] StatusBarController.updateBlame — failed [1ms]
2026-05-16 00:37:49.159 [error] Error: Base path '' must be an absolute path   [ 852c →  852d] StatusBarController.updateBlame — failed [2ms]
2026-05-16 00:37:49.209 [error] Error: Base path '' must be an absolute path   [ 8537 →  8538] StatusBarController.updateBlame — failed [0ms]
2026-05-16 00:37:49.584 [error] Error: Base path '' must be an absolute path   [ 8540 →  8541] StatusBarController.updateBlame — failed [1ms]
2026-05-16 00:37:49.635 [error] Error: Base path '' must be an absolute path   [ 854b →  854c] StatusBarController.updateBlame — failed [0ms]
2026-05-16 00:37:49.774 [error] Error: Base path '' must be an absolute path   [ 8550 →  8551] StatusBarController.updateBlame — failed [1ms]
2026-05-16 00:37:49.824 [error] Error: Base path '' must be an absolute path   [ 855b →  855c] StatusBarController.updateBlame — failed [0ms]
2026-05-16 00:37:50.289 [error] Error: Base path '' must be an absolute path   [ 8564 →  8565] StatusBarController.updateBlame — failed [1ms]
2026-05-16 00:37:50.342 [error] Error: Base path '' must be an absolute path   [ 856f →  8570] StatusBarController.updateBlame — failed [1ms]
2026-05-16 00:37:50.520 [error] Error: Base path '' must be an absolute path   [ 8574 →  8575] StatusBarController.updateBlame — failed [1ms]
2026-05-16 00:37:50.571 [error] Error: Base path '' must be an absolute path   [ 857f →  8580] StatusBarController.updateBlame — failed [0ms]
2026-05-16 00:37:50.848 [error] Error: Base path '' must be an absolute path   [ 8592 →  8593] StatusBarController.updateBlame — failed [1ms]
2026-05-16 00:37:50.898 [error] Error: Base path '' must be an absolute path   [ 859d →  859e] StatusBarController.updateBlame — failed [0ms]
2026-05-16 00:37:51.864 [error] Error: Base path '' must be an absolute path   [ 85b1 →  85b2] StatusBarController.updateBlame — failed [0ms]
2026-05-16 00:37:51.914 [error] Error: Base path '' must be an absolute path   [ 85bc →  85bd] StatusBarController.updateBlame — failed [0ms]
2026-05-16 00:38:05.523 [error] Error: Base path '' must be an absolute path   [ 85d1 →  85d2] StatusBarController.updateBlame — failed [1ms]
2026-05-16 00:38:05.730 [error] Error: Base path '' must be an absolute path   [ 85dc →  85dd] StatusBarController.updateBlame — failed [2ms]
2026-05-16 00:38:05.751 [error] Error: Base path '' must be an absolute path   [ 85e7 →  85e8] StatusBarController.updateBlame — failed [2ms]
2026-05-16 00:38:05.767 [error] Error: Base path '' must be an absolute path   [ 85f2 →  85f3] StatusBarController.updateBlame — failed [1ms]
2026-05-16 00:38:05.789 [error] Error: Base path '' must be an absolute path   [ 85fd →  85fe] StatusBarController.updateBlame — failed [2ms]
2026-05-16 00:38:05.817 [error] Error: Base path '' must be an absolute path   [ 8608 →  8609] StatusBarController.updateBlame — failed [1ms]
2026-05-16 00:38:05.847 [error] Error: Base path '' must be an absolute path   [ 8613 →  8614] StatusBarController.updateBlame — failed [1ms]
2026-05-16 00:38:05.903 [error] Error: Base path '' must be an absolute path   [ 8628 →  8629] StatusBarController.updateBlame — failed [1ms]
2026-05-16 00:38:05.957 [error] Error: Base path '' must be an absolute path   [ 8633 →  8634] StatusBarController.updateBlame — failed [2ms]
2026-05-16 00:38:05.997 [error] Error: Base path '' must be an absolute path   [ 863e →  863f] StatusBarController.updateBlame — failed [2ms]
2026-05-16 00:38:06.929 [error] Error: Base path '' must be an absolute path   [ 8649 →  864a] StatusBarController.updateBlame — failed [2ms]
2026-05-16 00:38:11.810 [error] Error: Base path '' must be an absolute path   [ 8654 →  8655] StatusBarController.updateBlame — failed [1ms]
2026-05-16 00:38:12.746 [warning] [] Git not a git repository (or any of the parent directories): .git [10ms]
2026-05-16 00:38:12.746 [info]    [GIT      10ms] [] git status --porcelain=v2 --branch -u --find-renames -- [10ms]
2026-05-16 00:38:12.758 [warning] [] Git not a git repository (or any of the parent directories): .git [11ms]
2026-05-16 00:38:12.758 [info]    [GIT      11ms] [] git log --format=%x1E%H%x1D -n2 -L1,1:/main.c [11ms]
2026-05-16 00:38:14.917 [error] Error: Base path '' must be an absolute path   [ 866f →  8670] StatusBarController.updateBlame — failed [2ms]
2026-05-16 00:38:15.781 [warning] [] Git not a git repository (or any of the parent directories): .git [14ms]
2026-05-16 00:38:15.781 [info]    [GIT      14ms] [] git status --porcelain=v2 --branch -u --find-renames -- [14ms]
2026-05-16 00:38:15.792 [warning] [] Git not a git repository (or any of the parent directories): .git [10ms]
2026-05-16 00:38:15.792 [info]    [GIT      10ms] [] git log --format=%x1E%H%x1D -n2 -L1,1:/main.c [10ms]
2026-05-16 00:38:16.929 [warning] [] Git not a git repository (or any of the parent directories): .git [14ms]
2026-05-16 00:38:16.929 [info]    [GIT      14ms] [] git status --porcelain=v2 --branch -u --find-renames -- [14ms]
2026-05-16 00:38:16.939 [warning] [] Git not a git repository (or any of the parent directories): .git [9ms]
2026-05-16 00:38:16.939 [info]    [GIT       9ms] [] git log --format=%x1E%H%x1D -n2 -L1,1:/main.c [9ms]
2026-05-16 00:38:30.776 [error] Error: Base path '' must be an absolute path   [ 8698 →  8699] StatusBarController.updateBlame — failed [2ms]
2026-05-16 00:38:30.834 [error] Error: Base path '' must be an absolute path   [ 86a4 →  86a5] StatusBarController.updateBlame — failed [1ms]
2026-05-16 00:38:30.836 [error] Error: Base path '' must be an absolute path   [ 86ad →  86ae] StatusBarController.updateBlame — failed [1ms]
2026-05-16 00:38:30.930 [error] Error: Base path '' must be an absolute path   [ 86b2 →  86b3] StatusBarController.updateBlame — failed [2ms]
2026-05-16 00:38:30.979 [error] Error: Base path '' must be an absolute path   [ 86bd →  86be] StatusBarController.updateBlame — failed [0ms]
2026-05-16 00:38:31.087 [error] Error: Base path '' must be an absolute path   [ 86c2 →  86c3] StatusBarController.updateBlame — failed [2ms]
2026-05-16 00:38:31.139 [error] Error: Base path '' must be an absolute path   [ 86cd →  86ce] StatusBarController.updateBlame — failed [1ms]
2026-05-16 00:38:31.277 [error] Error: Base path '' must be an absolute path   [ 86d2 →  86d3] StatusBarController.updateBlame — failed [1ms]
2026-05-16 00:38:31.328 [error] Error: Base path '' must be an absolute path   [ 86dd →  86de] StatusBarController.updateBlame — failed [1ms]
2026-05-16 00:38:31.540 [info]    [GIT      12ms] [/home/amar/Code/CAN] git ls-files -- main.c [12ms]
2026-05-16 00:38:32.126 [error] Error: Base path '' must be an absolute path   [ 86e7 →  86e8] StatusBarController.updateBlame — failed [1ms]
2026-05-16 00:38:32.177 [error] Error: Base path '' must be an absolute path   [ 86f2 →  86f3] StatusBarController.updateBlame — failed [2ms]
2026-05-16 00:38:32.314 [error] Error: Base path '' must be an absolute path   [ 86f7 →  86f8] StatusBarController.updateBlame — failed [1ms]
2026-05-16 00:38:32.368 [error] Error: Base path '' must be an absolute path   [ 8702 →  8703] StatusBarController.updateBlame — failed [0ms]
2026-05-16 00:38:33.342 [error] Error: Base path '' must be an absolute path   [ 871e →  871f] StatusBarController.updateBlame — failed [1ms]
2026-05-16 00:38:33.343 [error] Error: Base path '' must be an absolute path   [ 8727 →  8728] StatusBarController.updateBlame — failed [0ms]
2026-05-16 00:38:33.345 [info]    [GIT      11ms] [/home/amar/Code/CAN] git show --textconv HEAD:./main.c -- [11ms]
2026-05-16 00:38:33.384 [error] Error: Base path '' must be an absolute path   [ 8732 →  8733] StatusBarController.updateBlame — failed [0ms]
2026-05-16 00:38:33.471 [error] Error: Base path '' must be an absolute path   [ 8737 →  8738] StatusBarController.updateBlame — failed [1ms]
2026-05-16 00:38:33.525 [error] Error: Base path '' must be an absolute path   [ 8743 →  8744] StatusBarController.updateBlame — failed [0ms]
2026-05-16 00:38:33.527 [error] Error: Base path '' must be an absolute path   [ 874c →  874d] StatusBarController.updateBlame — failed [1ms]
2026-05-16 00:38:34.496 [error] Error: Base path '' must be an absolute path   [ 8760 →  8761] StatusBarController.updateBlame — failed [1ms]
2026-05-16 00:38:34.546 [error] Error: Base path '' must be an absolute path   [ 876b →  876c] StatusBarController.updateBlame — failed [1ms]
2026-05-16 00:38:35.213 [error] Error: Base path '' must be an absolute path   [ 8770 →  8771] StatusBarController.updateBlame — failed [2ms]
2026-05-16 00:38:35.277 [error] Error: Base path '' must be an absolute path   [ 877c →  877d] StatusBarController.updateBlame — failed [2ms]
2026-05-16 00:38:35.279 [error] Error: Base path '' must be an absolute path   [ 8785 →  8786] StatusBarController.updateBlame — failed [1ms]
2026-05-16 00:38:35.808 [error] Error: Base path '' must be an absolute path   [ 878e →  878f] StatusBarController.updateBlame — failed [1ms]
2026-05-16 00:38:35.853 [error] Error: Base path '' must be an absolute path   [ 8793 →  8794] StatusBarController.updateBlame — failed [1ms]
2026-05-16 00:38:35.891 [error] Error: Base path '' must be an absolute path   [ 8798 →  8799] StatusBarController.updateBlame — failed [1ms]
2026-05-16 00:38:35.943 [error] Error: Base path '' must be an absolute path   [ 87a3 →  87a4] StatusBarController.updateBlame — failed [1ms]
2026-05-16 00:38:36.071 [error] Error: Base path '' must be an absolute path   [ 87a8 →  87a9] StatusBarController.updateBlame — failed [2ms]
2026-05-16 00:38:36.121 [error] Error: Base path '' must be an absolute path   [ 87b3 →  87b4] StatusBarController.updateBlame — failed [1ms]
2026-05-16 00:38:36.241 [error] Error: Base path '' must be an absolute path   [ 87b8 →  87b9] StatusBarController.updateBlame — failed [1ms]
2026-05-16 00:38:36.293 [error] Error: Base path '' must be an absolute path   [ 87c3 →  87c4] StatusBarController.updateBlame — failed [1ms]
2026-05-16 00:38:36.402 [error] Error: Base path '' must be an absolute path   [ 87c8 →  87c9] StatusBarController.updateBlame — failed [2ms]
2026-05-16 00:38:36.454 [error] Error: Base path '' must be an absolute path   [ 87d3 →  87d4] StatusBarController.updateBlame — failed [1ms]
2026-05-16 00:38:37.167 [error] Error: Base path '' must be an absolute path   [ 87dc →  87dd] StatusBarController.updateBlame — failed [2ms]
2026-05-16 00:38:37.218 [error] Error: Base path '' must be an absolute path   [ 87e7 →  87e8] StatusBarController.updateBlame — failed [1ms]
2026-05-16 00:38:37.312 [error] Error: Base path '' must be an absolute path   [ 87ec →  87ed] StatusBarController.updateBlame — failed [1ms]
2026-05-16 00:38:37.362 [error] Error: Base path '' must be an absolute path   [ 87f7 →  87f8] StatusBarController.updateBlame — failed [1ms]
2026-05-16 00:38:37.436 [error] Error: Base path '' must be an absolute path   [ 87fc →  87fd] StatusBarController.updateBlame — failed [2ms]
2026-05-16 00:38:37.486 [error] Error: Base path '' must be an absolute path   [ 8807 →  8808] StatusBarController.updateBlame — failed [1ms]
2026-05-16 00:38:38.149 [error] Error: Base path '' must be an absolute path   [ 8810 →  8811] StatusBarController.updateBlame — failed [2ms]
2026-05-16 00:38:38.200 [error] Error: Base path '' must be an absolute path   [ 881b →  881c] StatusBarController.updateBlame — failed [1ms]
2026-05-16 00:38:38.514 [error] Error: Base path '' must be an absolute path   [ 8824 →  8825] StatusBarController.updateBlame — failed [2ms]
2026-05-16 00:38:38.564 [error] Error: Base path '' must be an absolute path   [ 882f →  8830] StatusBarController.updateBlame — failed [0ms]
2026-05-16 00:38:39.126 [error] Error: Base path '' must be an absolute path   [ 8838 →  8839] StatusBarController.updateBlame — failed [2ms]
2026-05-16 00:38:39.177 [error] Error: Base path '' must be an absolute path   [ 8843 →  8844] StatusBarController.updateBlame — failed [1ms]
2026-05-16 00:38:40.147 [error] Error: Base path '' must be an absolute path   [ 8857 →  8858] StatusBarController.updateBlame — failed [1ms]
2026-05-16 00:38:40.197 [error] Error: Base path '' must be an absolute path   [ 8862 →  8863] StatusBarController.updateBlame — failed [1ms]
2026-05-16 00:38:40.906 [error] Error: Base path '' must be an absolute path   [ 8867 →  8868] StatusBarController.updateBlame — failed [1ms]
2026-05-16 00:38:40.959 [error] Error: Base path '' must be an absolute path   [ 8873 →  8874] StatusBarController.updateBlame — failed [1ms]
2026-05-16 00:38:40.960 [error] Error: Base path '' must be an absolute path   [ 887c →  887d] StatusBarController.updateBlame — failed [0ms]
2026-05-16 00:38:41.928 [error] Error: Base path '' must be an absolute path   [ 8890 →  8891] StatusBarController.updateBlame — failed [1ms]
2026-05-16 00:38:41.978 [error] Error: Base path '' must be an absolute path   [ 889b →  889c] StatusBarController.updateBlame — failed [1ms]
2026-05-16 00:38:43.241 [error] Error: Base path '' must be an absolute path   [ 88a0 →  88a1] StatusBarController.updateBlame — failed [1ms]
2026-05-16 00:38:43.298 [error] Error: Base path '' must be an absolute path   [ 88ac →  88ad] StatusBarController.updateBlame — failed [1ms]
2026-05-16 00:38:43.300 [error] Error: Base path '' must be an absolute path   [ 88b5 →  88b6] StatusBarController.updateBlame — failed [1ms]
2026-05-16 00:38:43.455 [error] Error: Base path '' must be an absolute path   [ 88ba →  88bb] StatusBarController.updateBlame — failed [1ms]
2026-05-16 00:38:43.507 [error] Error: Base path '' must be an absolute path   [ 88c5 →  88c6] StatusBarController.updateBlame — failed [2ms]
2026-05-16 00:38:43.684 [error] Error: Base path '' must be an absolute path   [ 88ca →  88cb] StatusBarController.updateBlame — failed [2ms]
2026-05-16 00:38:43.734 [error] Error: Base path '' must be an absolute path   [ 88d5 →  88d6] StatusBarController.updateBlame — failed [1ms]
2026-05-16 00:38:44.699 [error] Error: Base path '' must be an absolute path   [ 88e9 →  88ea] StatusBarController.updateBlame — failed [0ms]
2026-05-16 00:38:44.750 [error] Error: Base path '' must be an absolute path   [ 88f4 →  88f5] StatusBarController.updateBlame — failed [1ms]
2026-05-16 00:38:45.612 [error] Error: Base path '' must be an absolute path   [ 88f9 →  88fa] StatusBarController.updateBlame — failed [1ms]
2026-05-16 00:38:45.665 [error] Error: Base path '' must be an absolute path   [ 8905 →  8906] StatusBarController.updateBlame — failed [1ms]
2026-05-16 00:38:45.666 [error] Error: Base path '' must be an absolute path   [ 890e →  890f] StatusBarController.updateBlame — failed [0ms]
2026-05-16 00:38:46.633 [error] Error: Base path '' must be an absolute path   [ 8922 →  8923] StatusBarController.updateBlame — failed [0ms]
2026-05-16 00:38:46.684 [error] Error: Base path '' must be an absolute path   [ 892d →  892e] StatusBarController.updateBlame — failed [1ms]
2026-05-16 00:38:46.833 [error] Error: Base path '' must be an absolute path   [ 8932 →  8933] StatusBarController.updateBlame — failed [1ms]
2026-05-16 00:38:46.890 [error] Error: Base path '' must be an absolute path   [ 893e →  893f] StatusBarController.updateBlame — failed [1ms]
2026-05-16 00:38:46.892 [error] Error: Base path '' must be an absolute path   [ 8947 →  8948] StatusBarController.updateBlame — failed [1ms]
2026-05-16 00:38:47.853 [error] Error: Base path '' must be an absolute path   [ 895b →  895c] StatusBarController.updateBlame — failed [1ms]
2026-05-16 00:38:47.903 [error] Error: Base path '' must be an absolute path   [ 8966 →  8967] StatusBarController.updateBlame — failed [1ms]
2026-05-16 00:39:13.049 [error] Error: Base path '' must be an absolute path   [ 896b →  896c] StatusBarController.updateBlame — failed [2ms]
2026-05-16 00:39:13.104 [error] Error: Base path '' must be an absolute path   [ 8977 →  8978] StatusBarController.updateBlame — failed [1ms]
2026-05-16 00:39:13.106 [error] Error: Base path '' must be an absolute path   [ 8980 →  8981] StatusBarController.updateBlame — failed [1ms]
2026-05-16 00:39:14.076 [error] Error: Base path '' must be an absolute path   [ 8994 →  8995] StatusBarController.updateBlame — failed [1ms]
2026-05-16 00:39:14.126 [error] Error: Base path '' must be an absolute path   [ 899f →  89a0] StatusBarController.updateBlame — failed [1ms]
2026-05-16 00:39:23.252 [error] Error: Base path '' must be an absolute path   [ 89a4 →  89a5] StatusBarController.updateBlame — failed [1ms]
2026-05-16 00:39:23.307 [error] Error: Base path '' must be an absolute path   [ 89b0 →  89b1] StatusBarController.updateBlame — failed [2ms]
2026-05-16 00:39:23.308 [error] Error: Base path '' must be an absolute path   [ 89b9 →  89ba] StatusBarController.updateBlame — failed [1ms]
2026-05-16 00:39:23.417 [error] Error: Base path '' must be an absolute path   [ 89be →  89bf] StatusBarController.updateBlame — failed [2ms]
2026-05-16 00:39:23.468 [error] Error: Base path '' must be an absolute path   [ 89c9 →  89ca] StatusBarController.updateBlame — failed [1ms]
2026-05-16 00:39:23.652 [error] Error: Base path '' must be an absolute path   [ 89ce →  89cf] StatusBarController.updateBlame — failed [1ms]
2026-05-16 00:39:23.703 [error] Error: Base path '' must be an absolute path   [ 89d9 →  89da] StatusBarController.updateBlame — failed [0ms]
2026-05-16 00:39:24.050 [error] Error: Base path '' must be an absolute path   [ 89e2 →  89e3] StatusBarController.updateBlame — failed [1ms]
2026-05-16 00:39:24.101 [error] Error: Base path '' must be an absolute path   [ 89ed →  89ee] StatusBarController.updateBlame — failed [1ms]
2026-05-16 00:39:24.208 [error] Error: Base path '' must be an absolute path   [ 89f2 →  89f3] StatusBarController.updateBlame — failed [2ms]
2026-05-16 00:39:24.258 [error] Error: Base path '' must be an absolute path   [ 89fd →  89fe] StatusBarController.updateBlame — failed [1ms]
2026-05-16 00:39:24.344 [error] Error: Base path '' must be an absolute path   [ 8a02 →  8a03] StatusBarController.updateBlame — failed [1ms]
2026-05-16 00:39:24.394 [error] Error: Base path '' must be an absolute path   [ 8a0d →  8a0e] StatusBarController.updateBlame — failed [0ms]
2026-05-16 00:39:25.258 [error] Error: Base path '' must be an absolute path   [ 8a16 →  8a17] StatusBarController.updateBlame — failed [2ms]
2026-05-16 00:39:25.309 [error] Error: Base path '' must be an absolute path   [ 8a21 →  8a22] StatusBarController.updateBlame — failed [1ms]
2026-05-16 00:39:25.640 [error] Error: Base path '' must be an absolute path   [ 8a2a →  8a2b] StatusBarController.updateBlame — failed [1ms]
2026-05-16 00:39:25.692 [error] Error: Base path '' must be an absolute path   [ 8a35 →  8a36] StatusBarController.updateBlame — failed [1ms]
2026-05-16 00:39:26.220 [error] Error: Base path '' must be an absolute path   [ 8a3e →  8a3f] StatusBarController.updateBlame — failed [1ms]
2026-05-16 00:39:26.272 [error] Error: Base path '' must be an absolute path   [ 8a49 →  8a4a] StatusBarController.updateBlame — failed [1ms]
2026-05-16 00:39:26.351 [error] Error: Base path '' must be an absolute path   [ 8a4e →  8a4f] StatusBarController.updateBlame — failed [1ms]
2026-05-16 00:39:26.403 [error] Error: Base path '' must be an absolute path   [ 8a59 →  8a5a] StatusBarController.updateBlame — failed [1ms]
2026-05-16 00:39:27.375 [error] Error: Base path '' must be an absolute path   [ 8a6d →  8a6e] StatusBarController.updateBlame — failed [1ms]
2026-05-16 00:39:27.425 [error] Error: Base path '' must be an absolute path   [ 8a78 →  8a79] StatusBarController.updateBlame — failed [1ms]
2026-05-16 00:39:27.526 [error] Error: Base path '' must be an absolute path   [ 8a7d →  8a7e] StatusBarController.updateBlame — failed [2ms]
2026-05-16 00:39:27.581 [error] Error: Base path '' must be an absolute path   [ 8a89 →  8a8a] StatusBarController.updateBlame — failed [0ms]
2026-05-16 00:39:27.582 [error] Error: Base path '' must be an absolute path   [ 8a92 →  8a93] StatusBarController.updateBlame — failed [0ms]
2026-05-16 00:39:27.771 [error] Error: Base path '' must be an absolute path   [ 8a97 →  8a98] StatusBarController.updateBlame — failed [2ms]
2026-05-16 00:39:27.820 [error] Error: Base path '' must be an absolute path   [ 8aa2 →  8aa3] StatusBarController.updateBlame — failed [0ms]
2026-05-16 00:39:28.100 [error] Error: Base path '' must be an absolute path   [ 8aab →  8aac] StatusBarController.updateBlame — failed [2ms]
2026-05-16 00:39:28.150 [error] Error: Base path '' must be an absolute path   [ 8ab6 →  8ab7] StatusBarController.updateBlame — failed [1ms]
2026-05-16 00:39:29.121 [error] Error: Base path '' must be an absolute path   [ 8aca →  8acb] StatusBarController.updateBlame — failed [1ms]
2026-05-16 00:39:29.170 [error] Error: Base path '' must be an absolute path   [ 8ad5 →  8ad6] StatusBarController.updateBlame — failed [1ms]
2026-05-16 00:39:34.622 [error] Error: Base path '' must be an absolute path   [ 8ae6 →  8ae7] StatusBarController.updateBlame — failed [2ms]
2026-05-16 00:39:37.804 [error] Error: Base path '' must be an absolute path   [ 8aeb →  8aec] StatusBarController.updateBlame — failed [2ms]
2026-05-16 00:39:37.860 [error] Error: Base path '' must be an absolute path   [ 8af7 →  8af8] StatusBarController.updateBlame — failed [1ms]
2026-05-16 00:39:37.861 [error] Error: Base path '' must be an absolute path   [ 8b00 →  8b01] StatusBarController.updateBlame — failed [0ms]
2026-05-16 00:39:37.984 [error] Error: Base path '' must be an absolute path   [ 8b05 →  8b06] StatusBarController.updateBlame — failed [1ms]
2026-05-16 00:39:38.035 [error] Error: Base path '' must be an absolute path   [ 8b10 →  8b11] StatusBarController.updateBlame — failed [1ms]
2026-05-16 00:39:38.101 [error] Error: Base path '' must be an absolute path   [ 8b15 →  8b16] StatusBarController.updateBlame — failed [1ms]
2026-05-16 00:39:38.152 [error] Error: Base path '' must be an absolute path   [ 8b20 →  8b21] StatusBarController.updateBlame — failed [1ms]
2026-05-16 00:39:38.361 [info]    [GIT      10ms] [/home/amar/Code/CAN] git ls-files -- main.c [10ms]
2026-05-16 00:39:38.876 [error] Error: Base path '' must be an absolute path   [ 8b32 →  8b33] StatusBarController.updateBlame — failed [1ms]
2026-05-16 00:39:39.126 [error] Error: Base path '' must be an absolute path   [ 8b44 →  8b45] StatusBarController.updateBlame — failed [1ms]
2026-05-16 00:39:39.177 [error] Error: Base path '' must be an absolute path   [ 8b51 →  8b52] StatusBarController.updateBlame — failed [2ms]
2026-05-16 00:39:39.684 [error] Error: Base path '' must be an absolute path   [ 8b5c →  8b5d] StatusBarController.updateBlame — failed [1ms]
2026-05-16 00:39:40.919 [error] Error: Base path '' must be an absolute path   [ 8b67 →  8b68] StatusBarController.updateBlame — failed [2ms]
2026-05-16 00:39:41.277 [error] Error: Base path '' must be an absolute path   [ 8b6c →  8b6d] StatusBarController.updateBlame — failed [1ms]
2026-05-16 00:39:41.281 [error] Error: Base path '' must be an absolute path   [ 8b77 →  8b78] StatusBarController.updateBlame — failed [1ms]
2026-05-16 00:39:41.333 [error] Error: Base path '' must be an absolute path   [ 8b85 →  8b86] StatusBarController.updateBlame — failed [2ms]
2026-05-16 00:39:41.336 [error] Error: Base path '' must be an absolute path   [ 8b90 →  8b91] StatusBarController.updateBlame — failed [2ms]
2026-05-16 00:39:41.950 [error] Error: Base path '' must be an absolute path   [ 8b99 →  8b9a] StatusBarController.updateBlame — failed [1ms]
2026-05-16 00:39:42.003 [error] Error: Base path '' must be an absolute path   [ 8ba4 →  8ba5] StatusBarController.updateBlame — failed [1ms]
2026-05-16 00:39:42.137 [error] Error: Base path '' must be an absolute path   [ 8ba9 →  8baa] StatusBarController.updateBlame — failed [2ms]
2026-05-16 00:39:42.188 [error] Error: Base path '' must be an absolute path   [ 8bb4 →  8bb5] StatusBarController.updateBlame — failed [1ms]
2026-05-16 00:39:42.433 [error] Error: Base path '' must be an absolute path   [ 8bbd →  8bbe] StatusBarController.updateBlame — failed [2ms]
2026-05-16 00:39:42.483 [error] Error: Base path '' must be an absolute path   [ 8bc8 →  8bc9] StatusBarController.updateBlame — failed [1ms]
2026-05-16 00:39:42.627 [error] Error: Base path '' must be an absolute path   [ 8bcd →  8bce] StatusBarController.updateBlame — failed [1ms]
2026-05-16 00:39:42.677 [error] Error: Base path '' must be an absolute path   [ 8bd8 →  8bd9] StatusBarController.updateBlame — failed [1ms]
2026-05-16 00:39:42.762 [error] Error: Base path '' must be an absolute path   [ 8bdd →  8bde] StatusBarController.updateBlame — failed [2ms]
2026-05-16 00:39:42.812 [error] Error: Base path '' must be an absolute path   [ 8be8 →  8be9] StatusBarController.updateBlame — failed [0ms]
2026-05-16 00:39:42.895 [error] Error: Base path '' must be an absolute path   [ 8bed →  8bee] StatusBarController.updateBlame — failed [1ms]
2026-05-16 00:39:42.946 [error] Error: Base path '' must be an absolute path   [ 8bf8 →  8bf9] StatusBarController.updateBlame — failed [0ms]
2026-05-16 00:39:43.526 [error] Error: Base path '' must be an absolute path   [ 8c01 →  8c02] StatusBarController.updateBlame — failed [1ms]
2026-05-16 00:39:43.577 [error] Error: Base path '' must be an absolute path   [ 8c0c →  8c0d] StatusBarController.updateBlame — failed [0ms]
2026-05-16 00:39:44.122 [error] Error: Base path '' must be an absolute path   [ 8c15 →  8c16] StatusBarController.updateBlame — failed [1ms]
2026-05-16 00:39:44.171 [error] Error: Base path '' must be an absolute path   [ 8c20 →  8c21] StatusBarController.updateBlame — failed [0ms]
2026-05-16 00:39:44.500 [error] Error: Base path '' must be an absolute path   [ 8c29 →  8c2a] StatusBarController.updateBlame — failed [2ms]
2026-05-16 00:39:44.550 [error] Error: Base path '' must be an absolute path   [ 8c34 →  8c35] StatusBarController.updateBlame — failed [1ms]
2026-05-16 00:39:45.529 [error] Error: Base path '' must be an absolute path   [ 8c48 →  8c49] StatusBarController.updateBlame — failed [0ms]
2026-05-16 00:39:45.579 [error] Error: Base path '' must be an absolute path   [ 8c53 →  8c54] StatusBarController.updateBlame — failed [0ms]
2026-05-16 00:39:52.270 [error] Error: Base path '' must be an absolute path   [ 8c60 →  8c61] StatusBarController.updateBlame — failed [2ms]
2026-05-16 00:39:52.480 [error] Error: Base path '' must be an absolute path   [ 8c6b →  8c6c] StatusBarController.updateBlame — failed [1ms]
2026-05-16 00:39:52.500 [error] Error: Base path '' must be an absolute path   [ 8c76 →  8c77] StatusBarController.updateBlame — failed [1ms]
2026-05-16 00:39:52.587 [error] Error: Base path '' must be an absolute path   [ 8c81 →  8c82] StatusBarController.updateBlame — failed [1ms]
2026-05-16 00:39:52.604 [error] Error: Base path '' must be an absolute path   [ 8c8c →  8c8d] StatusBarController.updateBlame — failed [2ms]
2026-05-16 00:39:52.648 [error] Error: Base path '' must be an absolute path   [ 8c97 →  8c98] StatusBarController.updateBlame — failed [2ms]
2026-05-16 00:39:52.697 [error] Error: Base path '' must be an absolute path   [ 8ca2 →  8ca3] StatusBarController.updateBlame — failed [2ms]
2026-05-16 00:39:52.736 [error] Error: Base path '' must be an absolute path   [ 8cad →  8cae] StatusBarController.updateBlame — failed [2ms]
2026-05-16 00:39:52.813 [error] Error: Base path '' must be an absolute path   [ 8cb8 →  8cb9] StatusBarController.updateBlame — failed [1ms]
2026-05-16 00:39:52.846 [error] Error: Base path '' must be an absolute path   [ 8cc3 →  8cc4] StatusBarController.updateBlame — failed [1ms]
2026-05-16 00:39:52.895 [error] Error: Base path '' must be an absolute path   [ 8cce →  8ccf] StatusBarController.updateBlame — failed [2ms]
2026-05-16 00:39:53.062 [error] Error: Base path '' must be an absolute path   [ 8cd9 →  8cda] StatusBarController.updateBlame — failed [1ms]
2026-05-16 00:39:55.344 [error] Error: Base path '' must be an absolute path   [ 8cde →  8cdf] StatusBarController.updateBlame — failed [2ms]
2026-05-16 00:39:55.351 [error] Error: Base path '' must be an absolute path   [ 8ce9 →  8cea] StatusBarController.updateBlame — failed [2ms]
2026-05-16 00:39:57.495 [error] Error: Base path '' must be an absolute path   [ 8d26 →  8d27] StatusBarController.updateBlame — failed [1ms]
2026-05-16 00:39:57.879 [error] Error: Base path '' must be an absolute path   [ 8d2b →  8d2c] StatusBarController.updateBlame — failed [2ms]
2026-05-16 00:39:57.885 [error] Error: Base path '' must be an absolute path   [ 8d36 →  8d37] StatusBarController.updateBlame — failed [1ms]
2026-05-16 00:39:58.867 [error] Error: Base path '' must be an absolute path   [ 8d7e →  8d7f] StatusBarController.updateBlame — failed [2ms]
2026-05-16 00:39:58.916 [error] Error: Base path '' must be an absolute path   [ 8d8b →  8d8c] StatusBarController.updateBlame — failed [2ms]
2026-05-16 00:39:59.897 [error] Error: Base path '' must be an absolute path   [ 8da1 →  8da2] StatusBarController.updateBlame — failed [2ms]
2026-05-16 00:39:59.945 [error] Error: Base path '' must be an absolute path   [ 8dae →  8daf] StatusBarController.updateBlame — failed [1ms]
2026-05-16 00:39:59.965 [error] Error: Base path '' must be an absolute path   [ 8db9 →  8dba] StatusBarController.updateBlame — failed [2ms]
2026-05-16 00:40:01.556 [error] Error: Base path '' must be an absolute path   [ 8dc4 →  8dc5] StatusBarController.updateBlame — failed [2ms]
2026-05-16 00:40:03.315 [error] Error: Base path '' must be an absolute path   [ 8dcf →  8dd0] StatusBarController.updateBlame — failed [1ms]
2026-05-16 00:40:03.599 [error] Error: Base path '' must be an absolute path   [ 8dd4 →  8dd5] StatusBarController.updateBlame — failed [2ms]
2026-05-16 00:40:03.607 [error] Error: Base path '' must be an absolute path   [ 8ddf →  8de0] StatusBarController.updateBlame — failed [2ms]
2026-05-16 00:40:03.657 [error] Error: Base path '' must be an absolute path   [ 8ded →  8dee] StatusBarController.updateBlame — failed [2ms]
2026-05-16 00:40:03.660 [error] Error: Base path '' must be an absolute path   [ 8df8 →  8df9] StatusBarController.updateBlame — failed [2ms]
2026-05-16 00:40:04.342 [error] Error: Base path '' must be an absolute path   [ 8e01 →  8e02] StatusBarController.updateBlame — failed [2ms]
2026-05-16 00:40:04.393 [error] Error: Base path '' must be an absolute path   [ 8e0c →  8e0d] StatusBarController.updateBlame — failed [1ms]
2026-05-16 00:40:04.531 [error] Error: Base path '' must be an absolute path   [ 8e11 →  8e12] StatusBarController.updateBlame — failed [1ms]
2026-05-16 00:40:04.581 [error] Error: Base path '' must be an absolute path   [ 8e1c →  8e1d] StatusBarController.updateBlame — failed [1ms]
2026-05-16 00:40:05.386 [error] Error: Base path '' must be an absolute path   [ 8e25 →  8e26] StatusBarController.updateBlame — failed [1ms]
2026-05-16 00:40:05.389 [error] Error: Base path '' must be an absolute path   [ 8e30 →  8e31] StatusBarController.updateBlame — failed [1ms]
2026-05-16 00:40:05.392 [error] Error: Base path '' must be an absolute path   [ 8e3b →  8e3c] StatusBarController.updateBlame — failed [1ms]
2026-05-16 00:40:05.437 [error] Error: Base path '' must be an absolute path   [ 8e46 →  8e47] StatusBarController.updateBlame — failed [1ms]
2026-05-16 00:40:05.993 [error] Error: Base path '' must be an absolute path   [ 8e4f →  8e50] StatusBarController.updateBlame — failed [2ms]
2026-05-16 00:40:06.044 [error] Error: Base path '' must be an absolute path   [ 8e5a →  8e5b] StatusBarController.updateBlame — failed [1ms]
2026-05-16 00:40:07.012 [error] Error: Base path '' must be an absolute path   [ 8e6e →  8e6f] StatusBarController.updateBlame — failed [1ms]
2026-05-16 00:40:07.062 [error] Error: Base path '' must be an absolute path   [ 8e79 →  8e7a] StatusBarController.updateBlame — failed [1ms]
2026-05-16 00:40:07.156 [error] Error: Base path '' must be an absolute path   [ 8e7e →  8e7f] StatusBarController.updateBlame — failed [1ms]
2026-05-16 00:40:07.211 [error] Error: Base path '' must be an absolute path   [ 8e8a →  8e8b] StatusBarController.updateBlame — failed [0ms]
2026-05-16 00:40:07.212 [error] Error: Base path '' must be an absolute path   [ 8e93 →  8e94] StatusBarController.updateBlame — failed [0ms]
2026-05-16 00:40:07.293 [error] Error: Base path '' must be an absolute path   [ 8e98 →  8e99] StatusBarController.updateBlame — failed [2ms]
2026-05-16 00:40:07.343 [error] Error: Base path '' must be an absolute path   [ 8ea3 →  8ea4] StatusBarController.updateBlame — failed [1ms]
2026-05-16 00:40:07.662 [error] Error: Base path '' must be an absolute path   [ 8eac →  8ead] StatusBarController.updateBlame — failed [1ms]
2026-05-16 00:40:07.714 [error] Error: Base path '' must be an absolute path   [ 8eb7 →  8eb8] StatusBarController.updateBlame — failed [1ms]
2026-05-16 00:40:08.684 [error] Error: Base path '' must be an absolute path   [ 8ecb →  8ecc] StatusBarController.updateBlame — failed [0ms]
2026-05-16 00:40:08.733 [error] Error: Base path '' must be an absolute path   [ 8ed6 →  8ed7] StatusBarController.updateBlame — failed [0ms]
2026-05-16 00:40:09.033 [error] Error: Base path '' must be an absolute path   [ 8edb →  8edc] StatusBarController.updateBlame — failed [1ms]
2026-05-16 00:40:09.088 [error] Error: Base path '' must be an absolute path   [ 8ee7 →  8ee8] StatusBarController.updateBlame — failed [1ms]
2026-05-16 00:40:09.090 [error] Error: Base path '' must be an absolute path   [ 8ef0 →  8ef1] StatusBarController.updateBlame — failed [1ms]
2026-05-16 00:40:09.796 [error] Error: Base path '' must be an absolute path   [ 8ef9 →  8efa] StatusBarController.updateBlame — failed [2ms]
2026-05-16 00:40:09.846 [error] Error: Base path '' must be an absolute path   [ 8f04 →  8f05] StatusBarController.updateBlame — failed [1ms]
2026-05-16 00:40:10.131 [error] Error: Base path '' must be an absolute path   [ 8f0d →  8f0e] StatusBarController.updateBlame — failed [2ms]
2026-05-16 00:40:10.182 [error] Error: Base path '' must be an absolute path   [ 8f18 →  8f19] StatusBarController.updateBlame — failed [1ms]
2026-05-16 00:40:11.153 [error] Error: Base path '' must be an absolute path   [ 8f2c →  8f2d] StatusBarController.updateBlame — failed [0ms]
2026-05-16 00:40:11.203 [error] Error: Base path '' must be an absolute path   [ 8f37 →  8f38] StatusBarController.updateBlame — failed [1ms]
2026-05-16 00:40:12.023 [error] Error: Base path '' must be an absolute path   [ 8f42 →  8f43] StatusBarController.updateBlame — failed [1ms]
2026-05-16 00:40:12.385 [error] Error: Base path '' must be an absolute path   [ 8f4d →  8f4e] StatusBarController.updateBlame — failed [2ms]
2026-05-16 00:40:12.798 [error] Error: Base path '' must be an absolute path   [ 8f52 →  8f53] StatusBarController.updateBlame — failed [1ms]
2026-05-16 00:40:12.852 [error] Error: Base path '' must be an absolute path   [ 8f5e →  8f5f] StatusBarController.updateBlame — failed [1ms]
2026-05-16 00:40:12.854 [error] Error: Base path '' must be an absolute path   [ 8f67 →  8f68] StatusBarController.updateBlame — failed [1ms]
2026-05-16 00:40:12.954 [error] Error: Base path '' must be an absolute path   [ 8f6c →  8f6d] StatusBarController.updateBlame — failed [2ms]
2026-05-16 00:40:13.004 [error] Error: Base path '' must be an absolute path   [ 8f77 →  8f78] StatusBarController.updateBlame — failed [1ms]
2026-05-16 00:40:13.081 [error] Error: Base path '' must be an absolute path   [ 8f7c →  8f7d] StatusBarController.updateBlame — failed [1ms]
2026-05-16 00:40:13.136 [error] Error: Base path '' must be an absolute path   [ 8f87 →  8f88] StatusBarController.updateBlame — failed [1ms]
2026-05-16 00:40:13.226 [error] Error: Base path '' must be an absolute path   [ 8f8c →  8f8d] StatusBarController.updateBlame — failed [2ms]
2026-05-16 00:40:13.230 [error] Error: Base path '' must be an absolute path   [ 8f97 →  8f98] StatusBarController.updateBlame — failed [1ms]
2026-05-16 00:40:13.277 [error] Error: Base path '' must be an absolute path   [ 8fa2 →  8fa3] StatusBarController.updateBlame — failed [1ms]
2026-05-16 00:40:13.385 [error] Error: Base path '' must be an absolute path   [ 8fa7 →  8fa8] StatusBarController.updateBlame — failed [2ms]
2026-05-16 00:40:13.435 [error] Error: Base path '' must be an absolute path   [ 8fb2 →  8fb3] StatusBarController.updateBlame — failed [1ms]
2026-05-16 00:40:13.801 [error] Error: Base path '' must be an absolute path   [ 8fbb →  8fbc] StatusBarController.updateBlame — failed [2ms]
2026-05-16 00:40:13.851 [error] Error: Base path '' must be an absolute path   [ 8fc6 →  8fc7] StatusBarController.updateBlame — failed [1ms]
2026-05-16 00:40:14.059 [error] Error: Base path '' must be an absolute path   [ 8fcf →  8fd0] StatusBarController.updateBlame — failed [2ms]
2026-05-16 00:40:14.064 [error] Error: Base path '' must be an absolute path   [ 8fda →  8fdb] StatusBarController.updateBlame — failed [2ms]
2026-05-16 00:40:14.110 [error] Error: Base path '' must be an absolute path   [ 8fe5 →  8fe6] StatusBarController.updateBlame — failed [1ms]
2026-05-16 00:40:14.316 [error] Error: Base path '' must be an absolute path   [ 8fee →  8fef] StatusBarController.updateBlame — failed [1ms]
2026-05-16 00:40:14.366 [error] Error: Base path '' must be an absolute path   [ 8ff9 →  8ffa] StatusBarController.updateBlame — failed [1ms]
2026-05-16 00:40:14.801 [error] Error: Base path '' must be an absolute path   [ 9002 →  9003] StatusBarController.updateBlame — failed [2ms]
2026-05-16 00:40:14.852 [error] Error: Base path '' must be an absolute path   [ 900d →  900e] StatusBarController.updateBlame — failed [1ms]
2026-05-16 00:40:15.663 [error] Error: Base path '' must be an absolute path   [ 9016 →  9017] StatusBarController.updateBlame — failed [1ms]
2026-05-16 00:40:15.713 [error] Error: Base path '' must be an absolute path   [ 9021 →  9022] StatusBarController.updateBlame — failed [0ms]
2026-05-16 00:40:15.987 [error] Error: Base path '' must be an absolute path   [ 902a →  902b] StatusBarController.updateBlame — failed [2ms]
2026-05-16 00:40:16.037 [error] Error: Base path '' must be an absolute path   [ 9035 →  9036] StatusBarController.updateBlame — failed [1ms]
2026-05-16 00:40:16.118 [error] Error: Base path '' must be an absolute path   [ 903a →  903b] StatusBarController.updateBlame — failed [2ms]
2026-05-16 00:40:16.168 [error] Error: Base path '' must be an absolute path   [ 9045 →  9046] StatusBarController.updateBlame — failed [1ms]
2026-05-16 00:40:17.146 [error] Error: Base path '' must be an absolute path   [ 9059 →  905a] StatusBarController.updateBlame — failed [1ms]
2026-05-16 00:40:17.196 [error] Error: Base path '' must be an absolute path   [ 9064 →  9065] StatusBarController.updateBlame — failed [1ms]
2026-05-16 00:40:17.902 [error] Error: Base path '' must be an absolute path   [ 9069 →  906a] StatusBarController.updateBlame — failed [2ms]
2026-05-16 00:40:17.959 [error] Error: Base path '' must be an absolute path   [ 9075 →  9076] StatusBarController.updateBlame — failed [1ms]
2026-05-16 00:40:17.960 [error] Error: Base path '' must be an absolute path   [ 907e →  907f] StatusBarController.updateBlame — failed [0ms]
2026-05-16 00:40:18.377 [error] Error: Base path '' must be an absolute path   [ 9087 →  9088] StatusBarController.updateBlame — failed [1ms]
2026-05-16 00:40:18.428 [error] Error: Base path '' must be an absolute path   [ 9092 →  9093] StatusBarController.updateBlame — failed [1ms]
2026-05-16 00:40:19.332 [error] Error: Base path '' must be an absolute path   [ 909b →  909c] StatusBarController.updateBlame — failed [2ms]
2026-05-16 00:40:19.382 [error] Error: Base path '' must be an absolute path   [ 90a6 →  90a7] StatusBarController.updateBlame — failed [1ms]
2026-05-16 00:40:19.462 [error] Error: Base path '' must be an absolute path   [ 90ab →  90ac] StatusBarController.updateBlame — failed [2ms]
2026-05-16 00:40:19.512 [error] Error: Base path '' must be an absolute path   [ 90b6 →  90b7] StatusBarController.updateBlame — failed [1ms]
2026-05-16 00:40:20.288 [error] Error: Base path '' must be an absolute path   [ 90bf →  90c0] StatusBarController.updateBlame — failed [2ms]
2026-05-16 00:40:20.338 [error] Error: Base path '' must be an absolute path   [ 90ca →  90cb] StatusBarController.updateBlame — failed [1ms]
2026-05-16 00:40:21.315 [error] Error: Base path '' must be an absolute path   [ 90de →  90df] StatusBarController.updateBlame — failed [0ms]
2026-05-16 00:40:21.366 [error] Error: Base path '' must be an absolute path   [ 90e9 →  90ea] StatusBarController.updateBlame — failed [0ms]
2026-05-16 00:40:21.495 [error] Error: Base path '' must be an absolute path   [ 90ee →  90ef] StatusBarController.updateBlame — failed [2ms]
2026-05-16 00:40:21.552 [error] Error: Base path '' must be an absolute path   [ 90fa →  90fb] StatusBarController.updateBlame — failed [1ms]
2026-05-16 00:40:21.554 [error] Error: Base path '' must be an absolute path   [ 9103 →  9104] StatusBarController.updateBlame — failed [1ms]
2026-05-16 00:40:22.521 [error] Error: Base path '' must be an absolute path   [ 9117 →  9118] StatusBarController.updateBlame — failed [1ms]
2026-05-16 00:40:22.571 [error] Error: Base path '' must be an absolute path   [ 9122 →  9123] StatusBarController.updateBlame — failed [1ms]
2026-05-16 00:41:03.784 [info]    [GIT      11ms] [/home/amar/Code/CAN] git ls-files -- main.c [11ms]
2026-05-16 00:41:03.823 [error] Error: Base path '' must be an absolute path   [ 9143 →  9144] StatusBarController.updateBlame — failed [0ms]
2026-05-16 00:41:04.790 [error] Error: Base path '' must be an absolute path   [ 914e →  914f] StatusBarController.updateBlame — failed [1ms]
2026-05-16 00:41:05.113 [error] Error: Base path '' must be an absolute path   [ 9159 →  915a] StatusBarController.updateBlame — failed [2ms]
2026-05-16 00:41:06.456 [error] Error: Base path '' must be an absolute path   [ 9164 →  9165] StatusBarController.updateBlame — failed [2ms]
2026-05-16 00:41:36.183 [error] Error: Base path '' must be an absolute path   [ 9188 →  9189] StatusBarController.updateBlame — failed [1ms]
2026-05-16 00:41:37.052 [error] Error: Base path '' must be an absolute path   [ 918d →  918e] StatusBarController.updateBlame — failed [1ms]
2026-05-16 00:41:37.106 [error] Error: Base path '' must be an absolute path   [ 9199 →  919a] StatusBarController.updateBlame — failed [0ms]
2026-05-16 00:41:37.107 [error] Error: Base path '' must be an absolute path   [ 91a2 →  91a3] StatusBarController.updateBlame — failed [0ms]
2026-05-16 00:41:37.318 [info]    [GIT      13ms] [/home/amar/Code/CAN] git ls-files -- main.c [13ms]
2026-05-16 00:41:37.449 [error] Error: Base path '' must be an absolute path   [ 91ac →  91ad] StatusBarController.updateBlame — failed [2ms]
2026-05-16 00:41:37.501 [error] Error: Base path '' must be an absolute path   [ 91b7 →  91b8] StatusBarController.updateBlame — failed [1ms]
2026-05-16 00:41:38.265 [error] Error: Base path '' must be an absolute path   [ 91c6 →  91c7] StatusBarController.updateBlame — failed [2ms]
2026-05-16 00:41:38.480 [error] Error: Base path '' must be an absolute path   [ 91d8 →  91d9] StatusBarController.updateBlame — failed [1ms]
2026-05-16 00:41:38.531 [error] Error: Base path '' must be an absolute path   [ 91e5 →  91e6] StatusBarController.updateBlame — failed [2ms]
2026-05-16 00:41:43.880 [error] Error: Base path '' must be an absolute path   [ 9204 →  9205] StatusBarController.updateBlame — failed [2ms]
2026-05-16 00:41:45.476 [error] Error: Base path '' must be an absolute path   [ 920b →  920c] StatusBarController.updateBlame — failed [2ms]
2026-05-16 00:41:45.532 [error] Error: Base path '' must be an absolute path   [ 9217 →  9218] StatusBarController.updateBlame — failed [1ms]
2026-05-16 00:41:45.534 [error] Error: Base path '' must be an absolute path   [ 9220 →  9221] StatusBarController.updateBlame — failed [1ms]
2026-05-16 00:41:45.896 [error] Error: Base path '' must be an absolute path   [ 9229 →  922a] StatusBarController.updateBlame — failed [1ms]
2026-05-16 00:41:45.948 [error] Error: Base path '' must be an absolute path   [ 9234 →  9235] StatusBarController.updateBlame — failed [1ms]
2026-05-16 00:41:46.915 [error] Error: Base path '' must be an absolute path   [ 924d →  924e] StatusBarController.updateBlame — failed [1ms]
2026-05-16 00:41:46.966 [error] Error: Base path '' must be an absolute path   [ 9258 →  9259] StatusBarController.updateBlame — failed [1ms]
2026-05-16 00:42:20.249 [error] Error: Base path '' must be an absolute path   [ 9282 →  9283] StatusBarController.updateBlame — failed [2ms]
2026-05-16 00:42:22.473 [error] Error: Base path '' must be an absolute path   [ 9287 →  9288] StatusBarController.updateBlame — failed [2ms]
2026-05-16 00:42:22.528 [error] Error: Base path '' must be an absolute path   [ 9293 →  9294] StatusBarController.updateBlame — failed [0ms]
2026-05-16 00:42:22.529 [error] Error: Base path '' must be an absolute path   [ 929c →  929d] StatusBarController.updateBlame — failed [0ms]
2026-05-16 00:42:22.634 [error] Error: Base path '' must be an absolute path   [ 92a1 →  92a2] StatusBarController.updateBlame — failed [2ms]
2026-05-16 00:42:22.688 [error] Error: Base path '' must be an absolute path   [ 92ac →  92ad] StatusBarController.updateBlame — failed [3ms]
2026-05-16 00:42:22.787 [error] Error: Base path '' must be an absolute path   [ 92b1 →  92b2] StatusBarController.updateBlame — failed [2ms]
2026-05-16 00:42:22.837 [error] Error: Base path '' must be an absolute path   [ 92bc →  92bd] StatusBarController.updateBlame — failed [1ms]
2026-05-16 00:42:22.912 [error] Error: Base path '' must be an absolute path   [ 92c1 →  92c2] StatusBarController.updateBlame — failed [2ms]
2026-05-16 00:42:22.963 [error] Error: Base path '' must be an absolute path   [ 92cc →  92cd] StatusBarController.updateBlame — failed [1ms]
2026-05-16 00:42:23.174 [info]    [GIT      12ms] [/home/amar/Code/CAN] git ls-files -- main.c [12ms]
2026-05-16 00:42:23.614 [error] Error: Base path '' must be an absolute path   [ 92d6 →  92d7] StatusBarController.updateBlame — failed [1ms]
2026-05-16 00:42:23.665 [error] Error: Base path '' must be an absolute path   [ 92e1 →  92e2] StatusBarController.updateBlame — failed [1ms]
2026-05-16 00:42:23.763 [error] Error: Base path '' must be an absolute path   [ 92e6 →  92e7] StatusBarController.updateBlame — failed [2ms]
2026-05-16 00:42:23.813 [error] Error: Base path '' must be an absolute path   [ 92f1 →  92f2] StatusBarController.updateBlame — failed [1ms]
2026-05-16 00:42:23.902 [error] Error: Base path '' must be an absolute path   [ 92f6 →  92f7] StatusBarController.updateBlame — failed [1ms]
2026-05-16 00:42:23.952 [error] Error: Base path '' must be an absolute path   [ 9301 →  9302] StatusBarController.updateBlame — failed [0ms]
2026-05-16 00:42:24.046 [error] Error: Base path '' must be an absolute path   [ 9306 →  9307] StatusBarController.updateBlame — failed [1ms]
2026-05-16 00:42:24.097 [error] Error: Base path '' must be an absolute path   [ 9311 →  9312] StatusBarController.updateBlame — failed [1ms]
2026-05-16 00:42:25.073 [error] Error: Base path '' must be an absolute path   [ 9325 →  9326] StatusBarController.updateBlame — failed [1ms]
2026-05-16 00:42:25.122 [error] Error: Base path '' must be an absolute path   [ 9330 →  9331] StatusBarController.updateBlame — failed [1ms]
2026-05-16 00:42:25.350 [error] Error: Base path '' must be an absolute path   [ 9335 →  9336] StatusBarController.updateBlame — failed [1ms]
2026-05-16 00:42:25.404 [error] Error: Base path '' must be an absolute path   [ 9341 →  9342] StatusBarController.updateBlame — failed [0ms]
2026-05-16 00:42:25.405 [error] Error: Base path '' must be an absolute path   [ 934a →  934b] StatusBarController.updateBlame — failed [0ms]
2026-05-16 00:42:25.601 [error] Error: Base path '' must be an absolute path   [ 934f →  9350] StatusBarController.updateBlame — failed [1ms]
2026-05-16 00:42:25.651 [error] Error: Base path '' must be an absolute path   [ 935a →  935b] StatusBarController.updateBlame — failed [0ms]
2026-05-16 00:42:26.050 [error] Error: Base path '' must be an absolute path   [ 9363 →  9364] StatusBarController.updateBlame — failed [2ms]
2026-05-16 00:42:26.102 [error] Error: Base path '' must be an absolute path   [ 936e →  936f] StatusBarController.updateBlame — failed [1ms]
2026-05-16 00:42:26.234 [error] Error: Base path '' must be an absolute path   [ 9373 →  9374] StatusBarController.updateBlame — failed [2ms]
2026-05-16 00:42:26.284 [error] Error: Base path '' must be an absolute path   [ 937e →  937f] StatusBarController.updateBlame — failed [0ms]
2026-05-16 00:42:27.256 [error] Error: Base path '' must be an absolute path   [ 9392 →  9393] StatusBarController.updateBlame — failed [0ms]
2026-05-16 00:42:27.305 [error] Error: Base path '' must be an absolute path   [ 939d →  939e] StatusBarController.updateBlame — failed [1ms]
2026-05-16 00:42:27.484 [error] Error: Base path '' must be an absolute path   [ 93a2 →  93a3] StatusBarController.updateBlame — failed [1ms]
2026-05-16 00:42:27.539 [error] Error: Base path '' must be an absolute path   [ 93ae →  93af] StatusBarController.updateBlame — failed [1ms]
2026-05-16 00:42:27.541 [error] Error: Base path '' must be an absolute path   [ 93b7 →  93b8] StatusBarController.updateBlame — failed [1ms]
2026-05-16 00:42:27.835 [error] Error: Base path '' must be an absolute path   [ 93c0 →  93c1] StatusBarController.updateBlame — failed [2ms]
2026-05-16 00:42:27.886 [error] Error: Base path '' must be an absolute path   [ 93cb →  93cc] StatusBarController.updateBlame — failed [1ms]
2026-05-16 00:42:27.971 [error] Error: Base path '' must be an absolute path   [ 93d0 →  93d1] StatusBarController.updateBlame — failed [2ms]
2026-05-16 00:42:28.021 [error] Error: Base path '' must be an absolute path   [ 93db →  93dc] StatusBarController.updateBlame — failed [1ms]
2026-05-16 00:42:28.144 [error] Error: Base path '' must be an absolute path   [ 93e0 →  93e1] StatusBarController.updateBlame — failed [2ms]
2026-05-16 00:42:28.194 [error] Error: Base path '' must be an absolute path   [ 93eb →  93ec] StatusBarController.updateBlame — failed [1ms]
2026-05-16 00:42:29.161 [error] Error: Base path '' must be an absolute path   [ 93ff →  9400] StatusBarController.updateBlame — failed [0ms]
2026-05-16 00:42:29.213 [error] Error: Base path '' must be an absolute path   [ 940a →  940b] StatusBarController.updateBlame — failed [1ms]
2026-05-16 00:42:29.376 [error] Error: Base path '' must be an absolute path   [ 940f →  9410] StatusBarController.updateBlame — failed [1ms]
2026-05-16 00:42:29.430 [error] Error: Base path '' must be an absolute path   [ 941b →  941c] StatusBarController.updateBlame — failed [1ms]
2026-05-16 00:42:29.431 [error] Error: Base path '' must be an absolute path   [ 9424 →  9425] StatusBarController.updateBlame — failed [0ms]
2026-05-16 00:42:30.399 [error] Error: Base path '' must be an absolute path   [ 9438 →  9439] StatusBarController.updateBlame — failed [1ms]
2026-05-16 00:42:30.449 [error] Error: Base path '' must be an absolute path   [ 9443 →  9444] StatusBarController.updateBlame — failed [1ms]
2026-05-16 00:42:31.297 [error] Error: Base path '' must be an absolute path   [ 944e →  944f] StatusBarController.updateBlame — failed [1ms]
2026-05-16 00:42:32.367 [error] Error: Base path '' must be an absolute path   [ 9459 →  945a] StatusBarController.updateBlame — failed [2ms]
2026-05-16 00:42:32.836 [error] Error: Base path '' must be an absolute path   [ 945e →  945f] StatusBarController.updateBlame — failed [1ms]
2026-05-16 00:42:32.842 [error] Error: Base path '' must be an absolute path   [ 9469 →  946a] StatusBarController.updateBlame — failed [2ms]
2026-05-16 00:42:32.892 [error] Error: Base path '' must be an absolute path   [ 9477 →  9478] StatusBarController.updateBlame — failed [2ms]
2026-05-16 00:42:32.895 [error] Error: Base path '' must be an absolute path   [ 9482 →  9483] StatusBarController.updateBlame — failed [1ms]
2026-05-16 00:42:33.858 [error] Error: Base path '' must be an absolute path   [ 9498 →  9499] StatusBarController.updateBlame — failed [1ms]
2026-05-16 00:42:33.910 [error] Error: Base path '' must be an absolute path   [ 94a5 →  94a6] StatusBarController.updateBlame — failed [2ms]
2026-05-16 00:42:34.485 [error] Error: Base path '' must be an absolute path   [ 94aa →  94ab] StatusBarController.updateBlame — failed [1ms]
2026-05-16 00:42:34.545 [error] Error: Base path '' must be an absolute path   [ 94b6 →  94b7] StatusBarController.updateBlame — failed [3ms]
2026-05-16 00:42:34.547 [error] Error: Base path '' must be an absolute path   [ 94bf →  94c0] StatusBarController.updateBlame — failed [1ms]
2026-05-16 00:42:34.614 [error] Error: Base path '' must be an absolute path   [ 94c4 →  94c5] StatusBarController.updateBlame — failed [2ms]
2026-05-16 00:42:34.664 [error] Error: Base path '' must be an absolute path   [ 94cf →  94d0] StatusBarController.updateBlame — failed [1ms]
2026-05-16 00:42:35.621 [error] Error: Base path '' must be an absolute path   [ 94d8 →  94d9] StatusBarController.updateBlame — failed [2ms]
2026-05-16 00:42:35.646 [error] Error: Base path '' must be an absolute path   [ 94e8 →  94e9] StatusBarController.updateBlame — failed [1ms]
2026-05-16 00:42:35.696 [error] Error: Base path '' must be an absolute path   [ 94f3 →  94f4] StatusBarController.updateBlame — failed [1ms]
2026-05-16 00:42:36.687 [error] Error: Base path '' must be an absolute path   [ 9507 →  9508] StatusBarController.updateBlame — failed [0ms]
2026-05-16 00:42:37.397 [error] Error: Base path '' must be an absolute path   [ 950c →  950d] StatusBarController.updateBlame — failed [1ms]
2026-05-16 00:42:37.458 [error] Error: Base path '' must be an absolute path   [ 9518 →  9519] StatusBarController.updateBlame — failed [2ms]
2026-05-16 00:42:37.461 [error] Error: Base path '' must be an absolute path   [ 9521 →  9522] StatusBarController.updateBlame — failed [2ms]
2026-05-16 00:42:37.526 [error] Error: Base path '' must be an absolute path   [ 9526 →  9527] StatusBarController.updateBlame — failed [2ms]
2026-05-16 00:42:37.575 [error] Error: Base path '' must be an absolute path   [ 9531 →  9532] StatusBarController.updateBlame — failed [1ms]
2026-05-16 00:42:37.671 [error] Error: Base path '' must be an absolute path   [ 9536 →  9537] StatusBarController.updateBlame — failed [1ms]
2026-05-16 00:42:37.721 [error] Error: Base path '' must be an absolute path   [ 9541 →  9542] StatusBarController.updateBlame — failed [1ms]
2026-05-16 00:42:37.794 [error] Error: Base path '' must be an absolute path   [ 9546 →  9547] StatusBarController.updateBlame — failed [1ms]
2026-05-16 00:42:37.846 [error] Error: Base path '' must be an absolute path   [ 9551 →  9552] StatusBarController.updateBlame — failed [1ms]
2026-05-16 00:42:38.711 [error] Error: Base path '' must be an absolute path   [ 955a →  955b] StatusBarController.updateBlame — failed [2ms]
2026-05-16 00:42:38.761 [error] Error: Base path '' must be an absolute path   [ 9565 →  9566] StatusBarController.updateBlame — failed [1ms]
2026-05-16 00:42:39.500 [error] Error: Base path '' must be an absolute path   [ 956e →  956f] StatusBarController.updateBlame — failed [2ms]
2026-05-16 00:42:39.551 [error] Error: Base path '' must be an absolute path   [ 9579 →  957a] StatusBarController.updateBlame — failed [1ms]
2026-05-16 00:42:39.634 [error] Error: Base path '' must be an absolute path   [ 957e →  957f] StatusBarController.updateBlame — failed [1ms]
2026-05-16 00:42:39.685 [error] Error: Base path '' must be an absolute path   [ 9589 →  958a] StatusBarController.updateBlame — failed [1ms]
2026-05-16 00:42:40.294 [error] Error: Base path '' must be an absolute path   [ 9592 →  9593] StatusBarController.updateBlame — failed [2ms]
2026-05-16 00:42:40.345 [error] Error: Base path '' must be an absolute path   [ 959d →  959e] StatusBarController.updateBlame — failed [1ms]
2026-05-16 00:42:41.321 [error] Error: Base path '' must be an absolute path   [ 95b1 →  95b2] StatusBarController.updateBlame — failed [0ms]
2026-05-16 00:42:41.371 [error] Error: Base path '' must be an absolute path   [ 95bc →  95bd] StatusBarController.updateBlame — failed [1ms]
2026-05-16 00:42:43.019 [error] Error: Base path '' must be an absolute path   [ 95c1 →  95c2] StatusBarController.updateBlame — failed [1ms]
2026-05-16 00:42:43.075 [error] Error: Base path '' must be an absolute path   [ 95cd →  95ce] StatusBarController.updateBlame — failed [2ms]
2026-05-16 00:42:43.077 [error] Error: Base path '' must be an absolute path   [ 95d6 →  95d7] StatusBarController.updateBlame — failed [1ms]
2026-05-16 00:42:43.212 [error] Error: Base path '' must be an absolute path   [ 95db →  95dc] StatusBarController.updateBlame — failed [1ms]
2026-05-16 00:42:43.263 [error] Error: Base path '' must be an absolute path   [ 95e6 →  95e7] StatusBarController.updateBlame — failed [1ms]
2026-05-16 00:42:43.375 [error] Error: Base path '' must be an absolute path   [ 95eb →  95ec] StatusBarController.updateBlame — failed [1ms]
2026-05-16 00:42:43.426 [error] Error: Base path '' must be an absolute path   [ 95f6 →  95f7] StatusBarController.updateBlame — failed [1ms]
2026-05-16 00:42:43.570 [error] Error: Base path '' must be an absolute path   [ 95fb →  95fc] StatusBarController.updateBlame — failed [2ms]
2026-05-16 00:42:43.620 [error] Error: Base path '' must be an absolute path   [ 9606 →  9607] StatusBarController.updateBlame — failed [1ms]
2026-05-16 00:42:43.743 [error] Error: Base path '' must be an absolute path   [ 960b →  960c] StatusBarController.updateBlame — failed [1ms]
2026-05-16 00:42:43.794 [error] Error: Base path '' must be an absolute path   [ 9616 →  9617] StatusBarController.updateBlame — failed [1ms]
2026-05-16 00:42:44.766 [error] Error: Base path '' must be an absolute path   [ 962a →  962b] StatusBarController.updateBlame — failed [1ms]
2026-05-16 00:42:44.816 [error] Error: Base path '' must be an absolute path   [ 9635 →  9636] StatusBarController.updateBlame — failed [0ms]
2026-05-16 00:42:44.855 [error] Error: Base path '' must be an absolute path   [ 963a →  963b] StatusBarController.updateBlame — failed [2ms]
2026-05-16 00:42:44.910 [error] Error: Base path '' must be an absolute path   [ 9646 →  9647] StatusBarController.updateBlame — failed [1ms]
2026-05-16 00:42:44.910 [error] Error: Base path '' must be an absolute path   [ 964f →  9650] StatusBarController.updateBlame — failed [0ms]
2026-05-16 00:42:45.874 [error] Error: Base path '' must be an absolute path   [ 9663 →  9664] StatusBarController.updateBlame — failed [0ms]
2026-05-16 00:42:45.925 [error] Error: Base path '' must be an absolute path   [ 966e →  966f] StatusBarController.updateBlame — failed [1ms]
2026-05-16 00:44:30.610 [error] Error: Base path '' must be an absolute path   [ 96ae →  96af] StatusBarController.updateBlame — failed [2ms]
2026-05-16 00:44:31.924 [error] Error: Base path '' must be an absolute path   [ 96b3 →  96b4] StatusBarController.updateBlame — failed [1ms]
2026-05-16 00:44:31.979 [error] Error: Base path '' must be an absolute path   [ 96bf →  96c0] StatusBarController.updateBlame — failed [1ms]
2026-05-16 00:44:31.982 [error] Error: Base path '' must be an absolute path   [ 96c8 →  96c9] StatusBarController.updateBlame — failed [2ms]
2026-05-16 00:44:32.188 [info]    [GIT      10ms] [/home/amar/Code/CAN] git ls-files -- main.c [10ms]
2026-05-16 00:44:32.561 [error] Error: Base path '' must be an absolute path   [ 96d2 →  96d3] StatusBarController.updateBlame — failed [1ms]
2026-05-16 00:44:32.611 [error] Error: Base path '' must be an absolute path   [ 96dd →  96de] StatusBarController.updateBlame — failed [1ms]
2026-05-16 00:44:33.590 [info]    [GIT:→7       ] (spawn) [/home/amar/Code/CAN] git blame --root --incremental --encoding=utf-8 -- main.c · starting...
2026-05-16 00:44:33.597 [info]    [GIT:←7   16ms] (spawn) [/home/amar/Code/CAN] git blame --root --incremental --encoding=utf-8 -- main.c [16ms]
2026-05-16 00:44:33.612 [error] Error: Base path '' must be an absolute path   [ 96fb →  96fc] StatusBarController.updateBlame — failed [2ms]
2026-05-16 00:44:33.614 [error] Error: Base path '' must be an absolute path   [ 9704 →  9705] StatusBarController.updateBlame — failed [1ms]
2026-05-16 00:44:33.627 [info]    [GIT:→8       ] (spawn) [/home/amar/Code/CAN] git blame --root --incremental --encoding=utf-8 HEAD -- main.c · starting...
2026-05-16 00:44:33.628 [info]    [GIT      30ms] [/home/amar/Code/CAN] git show --textconv HEAD:./main.c -- [30ms]
2026-05-16 00:44:33.632 [error] Error: Base path '' must be an absolute path   [ 970f →  9710] StatusBarController.updateBlame — failed [2ms]
2026-05-16 00:44:33.634 [info]    [GIT:←8   17ms] (spawn) [/home/amar/Code/CAN] git blame --root --incremental --encoding=utf-8 HEAD -- main.c [17ms]
2026-05-16 00:44:46.531 [error] Error: Base path '' must be an absolute path   [ 972e →  972f] StatusBarController.updateBlame — failed [2ms]
2026-05-16 00:44:47.480 [error] Error: Base path '' must be an absolute path   [ 9739 →  973a] StatusBarController.updateBlame — failed [1ms]
2026-05-16 00:45:11.582 [error] Error: Base path '' must be an absolute path   [ 9768 →  9769] StatusBarController.updateBlame — failed [2ms]
2026-05-16 00:45:18.333 [error] Error: Base path '' must be an absolute path   [ 977f →  9780] StatusBarController.updateBlame — failed [1ms]
2026-05-16 00:45:18.389 [error] Error: Base path '' must be an absolute path   [ 978b →  978c] StatusBarController.updateBlame — failed [1ms]
2026-05-16 00:45:18.390 [error] Error: Base path '' must be an absolute path   [ 9794 →  9795] StatusBarController.updateBlame — failed [1ms]
2026-05-16 00:45:18.596 [info]    [GIT      10ms] [/home/amar/Code/CAN] git ls-files -- main.c [10ms]
2026-05-16 00:45:18.805 [error] Error: Base path '' must be an absolute path   [ 979e →  979f] StatusBarController.updateBlame — failed [1ms]
2026-05-16 00:45:18.857 [error] Error: Base path '' must be an absolute path   [ 97a9 →  97aa] StatusBarController.updateBlame — failed [1ms]
2026-05-16 00:45:19.823 [error] Error: Base path '' must be an absolute path   [ 97bd →  97be] StatusBarController.updateBlame — failed [0ms]
2026-05-16 00:45:19.873 [error] Error: Base path '' must be an absolute path   [ 97c8 →  97c9] StatusBarController.updateBlame — failed [1ms]
2026-05-16 00:46:19.321 [error] Error: Base path '' must be an absolute path   [ 980f →  9810] StatusBarController.updateBlame — failed [2ms]
2026-05-16 00:46:22.075 [error] Error: Base path '' must be an absolute path   [ 981c →  981d] StatusBarController.updateBlame — failed [1ms]
2026-05-16 00:46:23.031 [error] Error: Base path '' must be an absolute path   [ 9821 →  9822] StatusBarController.updateBlame — failed [1ms]
2026-05-16 00:46:23.036 [error] Error: Base path '' must be an absolute path   [ 982c →  982d] StatusBarController.updateBlame — failed [2ms]
2026-05-16 00:46:23.086 [error] Error: Base path '' must be an absolute path   [ 983a →  983b] StatusBarController.updateBlame — failed [2ms]
2026-05-16 00:46:23.089 [error] Error: Base path '' must be an absolute path   [ 9845 →  9846] StatusBarController.updateBlame — failed [1ms]
2026-05-16 00:46:23.298 [info]    [GIT      14ms] [/home/amar/Code/CAN] git ls-files -- main.c [14ms]
2026-05-16 00:46:23.766 [error] Error: Base path '' must be an absolute path   [ 984f →  9850] StatusBarController.updateBlame — failed [2ms]
2026-05-16 00:46:23.771 [error] Error: Base path '' must be an absolute path   [ 985a →  985b] StatusBarController.updateBlame — failed [2ms]
2026-05-16 00:46:23.816 [error] Error: Base path '' must be an absolute path   [ 9867 →  9868] StatusBarController.updateBlame — failed [1ms]
2026-05-16 00:46:24.355 [error] Error: Base path '' must be an absolute path   [ 9870 →  9871] StatusBarController.updateBlame — failed [1ms]
2026-05-16 00:46:24.406 [error] Error: Base path '' must be an absolute path   [ 987b →  987c] StatusBarController.updateBlame — failed [1ms]
2026-05-16 00:46:24.488 [error] Error: Base path '' must be an absolute path   [ 9880 →  9881] StatusBarController.updateBlame — failed [2ms]
2026-05-16 00:46:24.539 [error] Error: Base path '' must be an absolute path   [ 988b →  988c] StatusBarController.updateBlame — failed [1ms]
2026-05-16 00:46:25.005 [error] Error: Base path '' must be an absolute path   [ 9894 →  9895] StatusBarController.updateBlame — failed [2ms]
2026-05-16 00:46:25.011 [error] Error: Base path '' must be an absolute path   [ 989f →  98a0] StatusBarController.updateBlame — failed [1ms]
2026-05-16 00:46:25.057 [error] Error: Base path '' must be an absolute path   [ 98ac →  98ad] StatusBarController.updateBlame — failed [2ms]
2026-05-16 00:46:25.521 [error] Error: Base path '' must be an absolute path   [ 98b5 →  98b6] StatusBarController.updateBlame — failed [2ms]
2026-05-16 00:46:25.571 [error] Error: Base path '' must be an absolute path   [ 98c0 →  98c1] StatusBarController.updateBlame — failed [1ms]
2026-05-16 00:46:25.965 [error] Error: Base path '' must be an absolute path   [ 98c9 →  98ca] StatusBarController.updateBlame — failed [1ms]
2026-05-16 00:46:26.015 [error] Error: Base path '' must be an absolute path   [ 98d4 →  98d5] StatusBarController.updateBlame — failed [0ms]
2026-05-16 00:46:26.165 [error] Error: Base path '' must be an absolute path   [ 98d9 →  98da] StatusBarController.updateBlame — failed [1ms]
2026-05-16 00:46:26.167 [error] Error: Base path '' must be an absolute path   [ 98e4 →  98e5] StatusBarController.updateBlame — failed [1ms]
2026-05-16 00:46:26.215 [error] Error: Base path '' must be an absolute path   [ 98ef →  98f0] StatusBarController.updateBlame — failed [0ms]
2026-05-16 00:46:27.076 [error] Error: Base path '' must be an absolute path   [ 98f8 →  98f9] StatusBarController.updateBlame — failed [1ms]
2026-05-16 00:46:27.126 [error] Error: Base path '' must be an absolute path   [ 9903 →  9904] StatusBarController.updateBlame — failed [0ms]
2026-05-16 00:46:27.249 [error] Error: Base path '' must be an absolute path   [ 9908 →  9909] StatusBarController.updateBlame — failed [1ms]
2026-05-16 00:46:27.300 [error] Error: Base path '' must be an absolute path   [ 9913 →  9914] StatusBarController.updateBlame — failed [0ms]
2026-05-16 00:46:27.442 [error] Error: Base path '' must be an absolute path   [ 9918 →  9919] StatusBarController.updateBlame — failed [1ms]
2026-05-16 00:46:27.491 [error] Error: Base path '' must be an absolute path   [ 9923 →  9924] StatusBarController.updateBlame — failed [0ms]
2026-05-16 00:46:27.783 [error] Error: Base path '' must be an absolute path   [ 992c →  992d] StatusBarController.updateBlame — failed [2ms]
2026-05-16 00:46:27.789 [error] Error: Base path '' must be an absolute path   [ 9937 →  9938] StatusBarController.updateBlame — failed [2ms]
2026-05-16 00:46:27.834 [error] Error: Base path '' must be an absolute path   [ 9944 →  9945] StatusBarController.updateBlame — failed [2ms]
2026-05-16 00:46:28.811 [error] Error: Base path '' must be an absolute path   [ 995a →  995b] StatusBarController.updateBlame — failed [2ms]
2026-05-16 00:46:28.861 [error] Error: Base path '' must be an absolute path   [ 9967 →  9968] StatusBarController.updateBlame — failed [1ms]
2026-05-16 00:46:29.470 [error] Error: Base path '' must be an absolute path   [ 996c →  996d] StatusBarController.updateBlame — failed [1ms]
2026-05-16 00:46:29.530 [error] Error: Base path '' must be an absolute path   [ 9978 →  9979] StatusBarController.updateBlame — failed [1ms]
2026-05-16 00:46:29.532 [error] Error: Base path '' must be an absolute path   [ 9981 →  9982] StatusBarController.updateBlame — failed [1ms]
2026-05-16 00:46:29.606 [error] Error: Base path '' must be an absolute path   [ 9986 →  9987] StatusBarController.updateBlame — failed [1ms]
2026-05-16 00:46:29.657 [error] Error: Base path '' must be an absolute path   [ 9991 →  9992] StatusBarController.updateBlame — failed [0ms]
2026-05-16 00:46:30.626 [error] Error: Base path '' must be an absolute path   [ 99a5 →  99a6] StatusBarController.updateBlame — failed [1ms]
2026-05-16 00:46:30.675 [error] Error: Base path '' must be an absolute path   [ 99b0 →  99b1] StatusBarController.updateBlame — failed [1ms]
2026-05-16 00:46:31.216 [error] Error: Base path '' must be an absolute path   [ 99b5 →  99b6] StatusBarController.updateBlame — failed [1ms]
2026-05-16 00:46:31.272 [error] Error: Base path '' must be an absolute path   [ 99c1 →  99c2] StatusBarController.updateBlame — failed [0ms]
2026-05-16 00:46:31.272 [error] Error: Base path '' must be an absolute path   [ 99ca →  99cb] StatusBarController.updateBlame — failed [0ms]
2026-05-16 00:46:31.979 [error] Error: Base path '' must be an absolute path   [ 99d3 →  99d4] StatusBarController.updateBlame — failed [2ms]
2026-05-16 00:46:32.028 [error] Error: Base path '' must be an absolute path   [ 99de →  99df] StatusBarController.updateBlame — failed [0ms]
2026-05-16 00:46:32.998 [error] Error: Base path '' must be an absolute path   [ 99f2 →  99f3] StatusBarController.updateBlame — failed [0ms]
2026-05-16 00:46:33.048 [error] Error: Base path '' must be an absolute path   [ 99fd →  99fe] StatusBarController.updateBlame — failed [1ms]
2026-05-16 00:46:37.891 [error] Error: Base path '' must be an absolute path   [ 9a02 →  9a03] StatusBarController.updateBlame — failed [2ms]
2026-05-16 00:46:37.949 [error] Error: Base path '' must be an absolute path   [ 9a0e →  9a0f] StatusBarController.updateBlame — failed [1ms]
2026-05-16 00:46:37.951 [error] Error: Base path '' must be an absolute path   [ 9a17 →  9a18] StatusBarController.updateBlame — failed [1ms]
2026-05-16 00:46:38.913 [error] Error: Base path '' must be an absolute path   [ 9a2b →  9a2c] StatusBarController.updateBlame — failed [1ms]
2026-05-16 00:46:38.963 [error] Error: Base path '' must be an absolute path   [ 9a36 →  9a37] StatusBarController.updateBlame — failed [1ms]
2026-05-16 00:46:39.059 [error] Error: Base path '' must be an absolute path   [ 9a3b →  9a3c] StatusBarController.updateBlame — failed [2ms]
2026-05-16 00:46:39.114 [error] Error: Base path '' must be an absolute path   [ 9a47 →  9a48] StatusBarController.updateBlame — failed [1ms]
2026-05-16 00:46:39.116 [error] Error: Base path '' must be an absolute path   [ 9a50 →  9a51] StatusBarController.updateBlame — failed [1ms]
2026-05-16 00:46:39.762 [error] Error: Base path '' must be an absolute path   [ 9a59 →  9a5a] StatusBarController.updateBlame — failed [2ms]
2026-05-16 00:46:39.811 [error] Error: Base path '' must be an absolute path   [ 9a64 →  9a65] StatusBarController.updateBlame — failed [1ms]
2026-05-16 00:46:40.720 [error] Error: Base path '' must be an absolute path   [ 9a6d →  9a6e] StatusBarController.updateBlame — failed [2ms]
2026-05-16 00:46:40.770 [error] Error: Base path '' must be an absolute path   [ 9a78 →  9a79] StatusBarController.updateBlame — failed [1ms]
2026-05-16 00:46:41.126 [error] Error: Base path '' must be an absolute path   [ 9a81 →  9a82] StatusBarController.updateBlame — failed [2ms]
2026-05-16 00:46:41.177 [error] Error: Base path '' must be an absolute path   [ 9a8c →  9a8d] StatusBarController.updateBlame — failed [1ms]
2026-05-16 00:46:42.145 [error] Error: Base path '' must be an absolute path   [ 9aa0 →  9aa1] StatusBarController.updateBlame — failed [1ms]
2026-05-16 00:46:42.194 [error] Error: Base path '' must be an absolute path   [ 9aab →  9aac] StatusBarController.updateBlame — failed [1ms]
2026-05-16 00:46:43.576 [error] Error: Base path '' must be an absolute path   [ 9ab0 →  9ab1] StatusBarController.updateBlame — failed [1ms]
2026-05-16 00:46:43.631 [error] Error: Base path '' must be an absolute path   [ 9abc →  9abd] StatusBarController.updateBlame — failed [1ms]
2026-05-16 00:46:43.632 [error] Error: Base path '' must be an absolute path   [ 9ac5 →  9ac6] StatusBarController.updateBlame — failed [1ms]
2026-05-16 00:46:44.187 [error] Error: Base path '' must be an absolute path   [ 9ace →  9acf] StatusBarController.updateBlame — failed [2ms]
2026-05-16 00:46:44.237 [error] Error: Base path '' must be an absolute path   [ 9ad9 →  9ada] StatusBarController.updateBlame — failed [1ms]
2026-05-16 00:46:45.216 [error] Error: Base path '' must be an absolute path   [ 9aed →  9aee] StatusBarController.updateBlame — failed [1ms]
2026-05-16 00:46:45.268 [error] Error: Base path '' must be an absolute path   [ 9af8 →  9af9] StatusBarController.updateBlame — failed [2ms]
2026-05-16 00:46:46.688 [error] Error: Base path '' must be an absolute path   [ 9afd →  9afe] StatusBarController.updateBlame — failed [1ms]
2026-05-16 00:46:46.742 [error] Error: Base path '' must be an absolute path   [ 9b09 →  9b0a] StatusBarController.updateBlame — failed [1ms]
2026-05-16 00:46:46.743 [error] Error: Base path '' must be an absolute path   [ 9b12 →  9b13] StatusBarController.updateBlame — failed [1ms]
2026-05-16 00:46:47.715 [error] Error: Base path '' must be an absolute path   [ 9b26 →  9b27] StatusBarController.updateBlame — failed [1ms]
2026-05-16 00:46:47.765 [error] Error: Base path '' must be an absolute path   [ 9b31 →  9b32] StatusBarController.updateBlame — failed [1ms]
2026-05-16 00:46:51.743 [error] Error: Base path '' must be an absolute path   [ 9b36 →  9b37] StatusBarController.updateBlame — failed [2ms]
2026-05-16 00:46:51.798 [error] Error: Base path '' must be an absolute path   [ 9b42 →  9b43] StatusBarController.updateBlame — failed [1ms]
2026-05-16 00:46:51.799 [error] Error: Base path '' must be an absolute path   [ 9b4b →  9b4c] StatusBarController.updateBlame — failed [0ms]
2026-05-16 00:46:52.767 [error] Error: Base path '' must be an absolute path   [ 9b5f →  9b60] StatusBarController.updateBlame — failed [1ms]
2026-05-16 00:46:52.786 [error] Error: Base path '' must be an absolute path   [ 9b64 →  9b65] StatusBarController.updateBlame — failed [1ms]
2026-05-16 00:46:52.840 [error] Error: Base path '' must be an absolute path   [ 9b70 →  9b71] StatusBarController.updateBlame — failed [0ms]
2026-05-16 00:46:52.841 [error] Error: Base path '' must be an absolute path   [ 9b79 →  9b7a] StatusBarController.updateBlame — failed [0ms]
2026-05-16 00:46:53.582 [error] Error: Base path '' must be an absolute path   [ 9b82 →  9b83] StatusBarController.updateBlame — failed [1ms]
2026-05-16 00:46:53.632 [error] Error: Base path '' must be an absolute path   [ 9b8d →  9b8e] StatusBarController.updateBlame — failed [1ms]
2026-05-16 00:46:53.856 [error] Error: Base path '' must be an absolute path   [ 9b96 →  9b97] StatusBarController.updateBlame — failed [1ms]
2026-05-16 00:46:53.906 [error] Error: Base path '' must be an absolute path   [ 9ba1 →  9ba2] StatusBarController.updateBlame — failed [0ms]
2026-05-16 00:46:54.023 [error] Error: Base path '' must be an absolute path   [ 9ba6 →  9ba7] StatusBarController.updateBlame — failed [1ms]
2026-05-16 00:46:54.073 [error] Error: Base path '' must be an absolute path   [ 9bb1 →  9bb2] StatusBarController.updateBlame — failed [0ms]
2026-05-16 00:46:54.241 [error] Error: Base path '' must be an absolute path   [ 9bb6 →  9bb7] StatusBarController.updateBlame — failed [1ms]
2026-05-16 00:46:54.291 [error] Error: Base path '' must be an absolute path   [ 9bc1 →  9bc2] StatusBarController.updateBlame — failed [0ms]
2026-05-16 00:46:54.405 [error] Error: Base path '' must be an absolute path   [ 9bc6 →  9bc7] StatusBarController.updateBlame — failed [2ms]
2026-05-16 00:46:54.454 [error] Error: Base path '' must be an absolute path   [ 9bd1 →  9bd2] StatusBarController.updateBlame — failed [1ms]
2026-05-16 00:46:54.892 [error] Error: Base path '' must be an absolute path   [ 9bda →  9bdb] StatusBarController.updateBlame — failed [3ms]
2026-05-16 00:46:54.942 [error] Error: Base path '' must be an absolute path   [ 9be5 →  9be6] StatusBarController.updateBlame — failed [1ms]
2026-05-16 00:46:55.671 [error] Error: Base path '' must be an absolute path   [ 9bee →  9bef] StatusBarController.updateBlame — failed [1ms]
2026-05-16 00:46:55.723 [error] Error: Base path '' must be an absolute path   [ 9bf9 →  9bfa] StatusBarController.updateBlame — failed [1ms]
2026-05-16 00:46:56.039 [error] Error: Base path '' must be an absolute path   [ 9c02 →  9c03] StatusBarController.updateBlame — failed [2ms]
2026-05-16 00:46:56.089 [error] Error: Base path '' must be an absolute path   [ 9c0d →  9c0e] StatusBarController.updateBlame — failed [0ms]
2026-05-16 00:46:56.459 [error] Error: Base path '' must be an absolute path   [ 9c16 →  9c17] StatusBarController.updateBlame — failed [2ms]
2026-05-16 00:46:56.510 [error] Error: Base path '' must be an absolute path   [ 9c21 →  9c22] StatusBarController.updateBlame — failed [1ms]
2026-05-16 00:46:56.820 [error] Error: Base path '' must be an absolute path   [ 9c2a →  9c2b] StatusBarController.updateBlame — failed [2ms]
2026-05-16 00:46:56.871 [error] Error: Base path '' must be an absolute path   [ 9c35 →  9c36] StatusBarController.updateBlame — failed [1ms]
2026-05-16 00:46:57.586 [error] Error: Base path '' must be an absolute path   [ 9c3e →  9c3f] StatusBarController.updateBlame — failed [1ms]
2026-05-16 00:46:57.638 [error] Error: Base path '' must be an absolute path   [ 9c49 →  9c4a] StatusBarController.updateBlame — failed [1ms]
2026-05-16 00:46:58.091 [error] Error: Base path '' must be an absolute path   [ 9c52 →  9c53] StatusBarController.updateBlame — failed [1ms]
2026-05-16 00:46:58.142 [error] Error: Base path '' must be an absolute path   [ 9c5d →  9c5e] StatusBarController.updateBlame — failed [1ms]
2026-05-16 00:46:58.521 [error] Error: Base path '' must be an absolute path   [ 9c66 →  9c67] StatusBarController.updateBlame — failed [1ms]
2026-05-16 00:46:58.570 [error] Error: Base path '' must be an absolute path   [ 9c71 →  9c72] StatusBarController.updateBlame — failed [0ms]
2026-05-16 00:46:58.660 [error] Error: Base path '' must be an absolute path   [ 9c76 →  9c77] StatusBarController.updateBlame — failed [1ms]
2026-05-16 00:46:58.712 [error] Error: Base path '' must be an absolute path   [ 9c81 →  9c82] StatusBarController.updateBlame — failed [1ms]
2026-05-16 00:46:58.843 [error] Error: Base path '' must be an absolute path   [ 9c86 →  9c87] StatusBarController.updateBlame — failed [1ms]
2026-05-16 00:46:58.893 [error] Error: Base path '' must be an absolute path   [ 9c91 →  9c92] StatusBarController.updateBlame — failed [1ms]
2026-05-16 00:46:59.070 [error] Error: Base path '' must be an absolute path   [ 9c96 →  9c97] StatusBarController.updateBlame — failed [1ms]
2026-05-16 00:46:59.122 [error] Error: Base path '' must be an absolute path   [ 9ca1 →  9ca2] StatusBarController.updateBlame — failed [1ms]
2026-05-16 00:46:59.225 [error] Error: Base path '' must be an absolute path   [ 9ca6 →  9ca7] StatusBarController.updateBlame — failed [2ms]
2026-05-16 00:46:59.275 [error] Error: Base path '' must be an absolute path   [ 9cb1 →  9cb2] StatusBarController.updateBlame — failed [1ms]
2026-05-16 00:46:59.370 [error] Error: Base path '' must be an absolute path   [ 9cb6 →  9cb7] StatusBarController.updateBlame — failed [2ms]
2026-05-16 00:46:59.421 [error] Error: Base path '' must be an absolute path   [ 9cc1 →  9cc2] StatusBarController.updateBlame — failed [1ms]
2026-05-16 00:46:59.498 [error] Error: Base path '' must be an absolute path   [ 9cc6 →  9cc7] StatusBarController.updateBlame — failed [1ms]
2026-05-16 00:46:59.548 [error] Error: Base path '' must be an absolute path   [ 9cd1 →  9cd2] StatusBarController.updateBlame — failed [1ms]
2026-05-16 00:46:59.709 [error] Error: Base path '' must be an absolute path   [ 9cd6 →  9cd7] StatusBarController.updateBlame — failed [1ms]
2026-05-16 00:46:59.760 [error] Error: Base path '' must be an absolute path   [ 9ce1 →  9ce2] StatusBarController.updateBlame — failed [1ms]
2026-05-16 00:47:00.350 [error] Error: Base path '' must be an absolute path   [ 9cea →  9ceb] StatusBarController.updateBlame — failed [2ms]
2026-05-16 00:47:00.399 [error] Error: Base path '' must be an absolute path   [ 9cf5 →  9cf6] StatusBarController.updateBlame — failed [0ms]
2026-05-16 00:47:00.518 [error] Error: Base path '' must be an absolute path   [ 9cfa →  9cfb] StatusBarController.updateBlame — failed [1ms]
2026-05-16 00:47:00.570 [error] Error: Base path '' must be an absolute path   [ 9d05 →  9d06] StatusBarController.updateBlame — failed [1ms]
2026-05-16 00:47:00.741 [error] Error: Base path '' must be an absolute path   [ 9d0a →  9d0b] StatusBarController.updateBlame — failed [2ms]
2026-05-16 00:47:00.792 [error] Error: Base path '' must be an absolute path   [ 9d15 →  9d16] StatusBarController.updateBlame — failed [1ms]
2026-05-16 00:47:00.924 [error] Error: Base path '' must be an absolute path   [ 9d1a →  9d1b] StatusBarController.updateBlame — failed [1ms]
2026-05-16 00:47:00.974 [error] Error: Base path '' must be an absolute path   [ 9d25 →  9d26] StatusBarController.updateBlame — failed [0ms]
2026-05-16 00:47:01.074 [error] Error: Base path '' must be an absolute path   [ 9d2a →  9d2b] StatusBarController.updateBlame — failed [2ms]
2026-05-16 00:47:01.125 [error] Error: Base path '' must be an absolute path   [ 9d35 →  9d36] StatusBarController.updateBlame — failed [1ms]
2026-05-16 00:47:01.327 [error] Error: Base path '' must be an absolute path   [ 9d3a →  9d3b] StatusBarController.updateBlame — failed [2ms]
2026-05-16 00:47:01.377 [error] Error: Base path '' must be an absolute path   [ 9d45 →  9d46] StatusBarController.updateBlame — failed [1ms]
2026-05-16 00:47:01.463 [error] Error: Base path '' must be an absolute path   [ 9d4a →  9d4b] StatusBarController.updateBlame — failed [2ms]
2026-05-16 00:47:01.514 [error] Error: Base path '' must be an absolute path   [ 9d55 →  9d56] StatusBarController.updateBlame — failed [1ms]
2026-05-16 00:47:01.627 [error] Error: Base path '' must be an absolute path   [ 9d5a →  9d5b] StatusBarController.updateBlame — failed [1ms]
2026-05-16 00:47:01.678 [error] Error: Base path '' must be an absolute path   [ 9d65 →  9d66] StatusBarController.updateBlame — failed [1ms]
2026-05-16 00:47:01.907 [error] Error: Base path '' must be an absolute path   [ 9d6e →  9d6f] StatusBarController.updateBlame — failed [2ms]
2026-05-16 00:47:01.957 [error] Error: Base path '' must be an absolute path   [ 9d79 →  9d7a] StatusBarController.updateBlame — failed [0ms]
2026-05-16 00:47:02.929 [error] Error: Base path '' must be an absolute path   [ 9d8d →  9d8e] StatusBarController.updateBlame — failed [1ms]
2026-05-16 00:47:02.979 [error] Error: Base path '' must be an absolute path   [ 9d98 →  9d99] StatusBarController.updateBlame — failed [1ms]
2026-05-16 00:47:03.791 [error] Error: Base path '' must be an absolute path   [ 9d9d →  9d9e] StatusBarController.updateBlame — failed [2ms]
2026-05-16 00:47:03.845 [error] Error: Base path '' must be an absolute path   [ 9da9 →  9daa] StatusBarController.updateBlame — failed [0ms]
2026-05-16 00:47:03.846 [error] Error: Base path '' must be an absolute path   [ 9db2 →  9db3] StatusBarController.updateBlame — failed [1ms]
2026-05-16 00:47:04.812 [error] Error: Base path '' must be an absolute path   [ 9dc6 →  9dc7] StatusBarController.updateBlame — failed [1ms]
2026-05-16 00:47:04.861 [error] Error: Base path '' must be an absolute path   [ 9dd1 →  9dd2] StatusBarController.updateBlame — failed [1ms]
2026-05-16 00:47:05.408 [error] Error: Base path '' must be an absolute path   [ 9dd6 →  9dd7] StatusBarController.updateBlame — failed [1ms]
2026-05-16 00:47:05.463 [error] Error: Base path '' must be an absolute path   [ 9de2 →  9de3] StatusBarController.updateBlame — failed [1ms]
2026-05-16 00:47:05.465 [error] Error: Base path '' must be an absolute path   [ 9deb →  9dec] StatusBarController.updateBlame — failed [1ms]
2026-05-16 00:47:06.428 [error] Error: Base path '' must be an absolute path   [ 9dff →  9e00] StatusBarController.updateBlame — failed [1ms]
2026-05-16 00:47:06.479 [error] Error: Base path '' must be an absolute path   [ 9e0a →  9e0b] StatusBarController.updateBlame — failed [1ms]
2026-05-16 00:47:20.183 [error] Error: Base path '' must be an absolute path   [ 9e1f →  9e20] StatusBarController.updateBlame — failed [1ms]
2026-05-16 00:47:20.237 [error] Error: Base path '' must be an absolute path   [ 9e2b →  9e2c] StatusBarController.updateBlame — failed [1ms]
2026-05-16 00:47:20.239 [error] Error: Base path '' must be an absolute path   [ 9e34 →  9e35] StatusBarController.updateBlame — failed [1ms]
2026-05-16 00:47:20.849 [error] Error: Base path '' must be an absolute path   [ 9e3d →  9e3e] StatusBarController.updateBlame — failed [1ms]
2026-05-16 00:47:20.899 [error] Error: Base path '' must be an absolute path   [ 9e48 →  9e49] StatusBarController.updateBlame — failed [0ms]
2026-05-16 00:47:21.869 [error] Error: Base path '' must be an absolute path   [ 9e61 →  9e62] StatusBarController.updateBlame — failed [1ms]
2026-05-16 00:47:21.920 [error] Error: Base path '' must be an absolute path   [ 9e6c →  9e6d] StatusBarController.updateBlame — failed [1ms]
2026-05-16 00:47:27.642 [error] Error: Base path '' must be an absolute path   [ 9e7c →  9e7d] StatusBarController.updateBlame — failed [2ms]
2026-05-16 00:47:27.699 [error] Error: Base path '' must be an absolute path   [ 9e88 →  9e89] StatusBarController.updateBlame — failed [1ms]
2026-05-16 00:47:27.700 [error] Error: Base path '' must be an absolute path   [ 9e91 →  9e92] StatusBarController.updateBlame — failed [1ms]
2026-05-16 00:47:27.903 [info]    [GIT      11ms] [/home/amar/Code/CAN] git ls-files -- main.c [11ms]
2026-05-16 00:47:28.661 [error] Error: Base path '' must be an absolute path   [ 9ea6 →  9ea7] StatusBarController.updateBlame — failed [1ms]
2026-05-16 00:47:28.711 [error] Error: Base path '' must be an absolute path   [ 9eb1 →  9eb2] StatusBarController.updateBlame — failed [1ms]
2026-05-16 00:47:29.013 [error] Error: Base path '' must be an absolute path   [ 9eb6 →  9eb7] StatusBarController.updateBlame — failed [1ms]
2026-05-16 00:47:29.068 [error] Error: Base path '' must be an absolute path   [ 9ec2 →  9ec3] StatusBarController.updateBlame — failed [1ms]
2026-05-16 00:47:29.069 [error] Error: Base path '' must be an absolute path   [ 9ecb →  9ecc] StatusBarController.updateBlame — failed [1ms]
2026-05-16 00:47:30.050 [error] Error: Base path '' must be an absolute path   [ 9ee4 →  9ee5] StatusBarController.updateBlame — failed [1ms]
2026-05-16 00:47:30.099 [error] Error: Base path '' must be an absolute path   [ 9eef →  9ef0] StatusBarController.updateBlame — failed [1ms]
2026-05-16 00:47:42.178 [error] Error: Base path '' must be an absolute path   [ 9eff →  9f00] StatusBarController.updateBlame — failed [2ms]
2026-05-16 00:47:42.233 [error] Error: Base path '' must be an absolute path   [ 9f0b →  9f0c] StatusBarController.updateBlame — failed [1ms]
2026-05-16 00:47:42.234 [error] Error: Base path '' must be an absolute path   [ 9f14 →  9f15] StatusBarController.updateBlame — failed [0ms]
2026-05-16 00:47:42.476 [error] Error: Base path '' must be an absolute path   [ 9f1d →  9f1e] StatusBarController.updateBlame — failed [2ms]
2026-05-16 00:47:42.527 [error] Error: Base path '' must be an absolute path   [ 9f28 →  9f29] StatusBarController.updateBlame — failed [1ms]
2026-05-16 00:47:42.658 [error] Error: Base path '' must be an absolute path   [ 9f2d →  9f2e] StatusBarController.updateBlame — failed [1ms]
2026-05-16 00:47:42.708 [error] Error: Base path '' must be an absolute path   [ 9f38 →  9f39] StatusBarController.updateBlame — failed [1ms]
2026-05-16 00:47:43.676 [error] Error: Base path '' must be an absolute path   [ 9f51 →  9f52] StatusBarController.updateBlame — failed [0ms]
2026-05-16 00:47:43.727 [error] Error: Base path '' must be an absolute path   [ 9f5c →  9f5d] StatusBarController.updateBlame — failed [1ms]
2026-05-16 00:47:50.498 [error] Error: Base path '' must be an absolute path   [ 9f6c →  9f6d] StatusBarController.updateBlame — failed [1ms]
2026-05-16 00:47:50.555 [error] Error: Base path '' must be an absolute path   [ 9f78 →  9f79] StatusBarController.updateBlame — failed [1ms]
2026-05-16 00:47:50.556 [error] Error: Base path '' must be an absolute path   [ 9f81 →  9f82] StatusBarController.updateBlame — failed [1ms]
2026-05-16 00:47:50.921 [error] Error: Base path '' must be an absolute path   [ 9f8a →  9f8b] StatusBarController.updateBlame — failed [2ms]
2026-05-16 00:47:50.969 [error] Error: Base path '' must be an absolute path   [ 9f95 →  9f96] StatusBarController.updateBlame — failed [1ms]
2026-05-16 00:47:51.079 [error] Error: Base path '' must be an absolute path   [ 9f9a →  9f9b] StatusBarController.updateBlame — failed [2ms]
2026-05-16 00:47:51.129 [error] Error: Base path '' must be an absolute path   [ 9fa5 →  9fa6] StatusBarController.updateBlame — failed [1ms]
2026-05-16 00:47:51.637 [error] Error: Base path '' must be an absolute path   [ 9fae →  9faf] StatusBarController.updateBlame — failed [2ms]
2026-05-16 00:47:51.687 [error] Error: Base path '' must be an absolute path   [ 9fb9 →  9fba] StatusBarController.updateBlame — failed [1ms]
2026-05-16 00:47:52.663 [error] Error: Base path '' must be an absolute path   [ 9fcd →  9fce] StatusBarController.updateBlame — failed [1ms]
2026-05-16 00:47:52.712 [error] Error: Base path '' must be an absolute path   [ 9fd8 →  9fd9] StatusBarController.updateBlame — failed [1ms]
2026-05-16 00:47:53.519 [error] Error: Base path '' must be an absolute path   [ 9fdd →  9fde] StatusBarController.updateBlame — failed [2ms]
2026-05-16 00:47:53.575 [error] Error: Base path '' must be an absolute path   [ 9fe9 →  9fea] StatusBarController.updateBlame — failed [1ms]
2026-05-16 00:47:53.577 [error] Error: Base path '' must be an absolute path   [ 9ff2 →  9ff3] StatusBarController.updateBlame — failed [1ms]
2026-05-16 00:47:53.663 [error] Error: Base path '' must be an absolute path   [ 9ff7 →  9ff8] StatusBarController.updateBlame — failed [2ms]
2026-05-16 00:47:53.713 [error] Error: Base path '' must be an absolute path   [ a002 →  a003] StatusBarController.updateBlame — failed [1ms]
2026-05-16 00:47:54.686 [error] Error: Base path '' must be an absolute path   [ a016 →  a017] StatusBarController.updateBlame — failed [0ms]
2026-05-16 00:47:54.737 [error] Error: Base path '' must be an absolute path   [ a021 →  a022] StatusBarController.updateBlame — failed [1ms]
2026-05-16 00:47:54.752 [error] Error: Base path '' must be an absolute path   [ a026 →  a027] StatusBarController.updateBlame — failed [1ms]
2026-05-16 00:47:54.807 [error] Error: Base path '' must be an absolute path   [ a032 →  a033] StatusBarController.updateBlame — failed [1ms]
2026-05-16 00:47:54.809 [error] Error: Base path '' must be an absolute path   [ a03b →  a03c] StatusBarController.updateBlame — failed [1ms]
2026-05-16 00:47:55.051 [error] Error: Base path '' must be an absolute path   [ a044 →  a045] StatusBarController.updateBlame — failed [2ms]
2026-05-16 00:47:55.099 [error] Error: Base path '' must be an absolute path   [ a04f →  a050] StatusBarController.updateBlame — failed [0ms]
2026-05-16 00:47:56.070 [error] Error: Base path '' must be an absolute path   [ a068 →  a069] StatusBarController.updateBlame — failed [1ms]
2026-05-16 00:47:56.119 [error] Error: Base path '' must be an absolute path   [ a073 →  a074] StatusBarController.updateBlame — failed [1ms]
2026-05-16 00:48:30.661 [error] Error: Base path '' must be an absolute path   [ a08d →  a08e] StatusBarController.updateBlame — failed [2ms]
2026-05-16 00:48:31.567 [error] Error: Base path '' must be an absolute path   [ a092 →  a093] StatusBarController.updateBlame — failed [2ms]
2026-05-16 00:48:31.573 [error] Error: Base path '' must be an absolute path   [ a09d →  a09e] StatusBarController.updateBlame — failed [1ms]
2026-05-16 00:48:31.624 [error] Error: Base path '' must be an absolute path   [ a0ab →  a0ac] StatusBarController.updateBlame — failed [2ms]
2026-05-16 00:48:31.626 [error] Error: Base path '' must be an absolute path   [ a0b6 →  a0b7] StatusBarController.updateBlame — failed [1ms]
2026-05-16 00:48:31.829 [info]    [GIT      12ms] [/home/amar/Code/CAN] git ls-files -- main.c [12ms]
2026-05-16 00:48:32.364 [error] Error: Base path '' must be an absolute path   [ a0c0 →  a0c1] StatusBarController.updateBlame — failed [2ms]
2026-05-16 00:48:32.369 [error] Error: Base path '' must be an absolute path   [ a0cb →  a0cc] StatusBarController.updateBlame — failed [2ms]
2026-05-16 00:48:32.414 [error] Error: Base path '' must be an absolute path   [ a0d8 →  a0d9] StatusBarController.updateBlame — failed [1ms]
2026-05-16 00:48:32.665 [error] Error: Base path '' must be an absolute path   [ a0e1 →  a0e2] StatusBarController.updateBlame — failed [1ms]
2026-05-16 00:48:32.716 [error] Error: Base path '' must be an absolute path   [ a0ec →  a0ed] StatusBarController.updateBlame — failed [1ms]
2026-05-16 00:48:32.798 [error] Error: Base path '' must be an absolute path   [ a0f1 →  a0f2] StatusBarController.updateBlame — failed [1ms]
2026-05-16 00:48:32.848 [error] Error: Base path '' must be an absolute path   [ a0fc →  a0fd] StatusBarController.updateBlame — failed [0ms]
2026-05-16 00:48:33.377 [error] Error: Base path '' must be an absolute path   [ a105 →  a106] StatusBarController.updateBlame — failed [2ms]
2026-05-16 00:48:33.427 [error] Error: Base path '' must be an absolute path   [ a110 →  a111] StatusBarController.updateBlame — failed [1ms]
2026-05-16 00:48:33.515 [error] Error: Base path '' must be an absolute path   [ a115 →  a116] StatusBarController.updateBlame — failed [2ms]
2026-05-16 00:48:33.565 [error] Error: Base path '' must be an absolute path   [ a120 →  a121] StatusBarController.updateBlame — failed [1ms]
2026-05-16 00:48:33.660 [error] Error: Base path '' must be an absolute path   [ a125 →  a126] StatusBarController.updateBlame — failed [1ms]
2026-05-16 00:48:33.710 [error] Error: Base path '' must be an absolute path   [ a130 →  a131] StatusBarController.updateBlame — failed [1ms]
2026-05-16 00:48:34.353 [error] Error: Base path '' must be an absolute path   [ a15f →  a160] StatusBarController.updateBlame — failed [1ms]
2026-05-16 00:48:34.403 [error] Error: Base path '' must be an absolute path   [ a16a →  a16b] StatusBarController.updateBlame — failed [1ms]
2026-05-16 00:48:34.730 [error] Error: Base path '' must be an absolute path   [ a173 →  a174] StatusBarController.updateBlame — failed [1ms]
2026-05-16 00:48:34.732 [error] Error: Base path '' must be an absolute path   [ a17e →  a17f] StatusBarController.updateBlame — failed [1ms]
2026-05-16 00:48:34.782 [error] Error: Base path '' must be an absolute path   [ a18b →  a18c] StatusBarController.updateBlame — failed [2ms]
2026-05-16 00:48:35.377 [error] Error: Base path '' must be an absolute path   [ a194 →  a195] StatusBarController.updateBlame — failed [1ms]
2026-05-16 00:48:35.428 [error] Error: Base path '' must be an absolute path   [ a19f →  a1a0] StatusBarController.updateBlame — failed [1ms]
2026-05-16 00:48:35.524 [error] Error: Base path '' must be an absolute path   [ a1a4 →  a1a5] StatusBarController.updateBlame — failed [2ms]
2026-05-16 00:48:35.573 [error] Error: Base path '' must be an absolute path   [ a1af →  a1b0] StatusBarController.updateBlame — failed [1ms]
2026-05-16 00:48:36.524 [error] Error: Base path '' must be an absolute path   [ a1b8 →  a1b9] StatusBarController.updateBlame — failed [1ms]
2026-05-16 00:48:36.575 [error] Error: Base path '' must be an absolute path   [ a1c3 →  a1c4] StatusBarController.updateBlame — failed [0ms]
2026-05-16 00:48:36.719 [error] Error: Base path '' must be an absolute path   [ a1c8 →  a1c9] StatusBarController.updateBlame — failed [1ms]
2026-05-16 00:48:36.771 [error] Error: Base path '' must be an absolute path   [ a1d3 →  a1d4] StatusBarController.updateBlame — failed [1ms]
2026-05-16 00:48:36.934 [error] Error: Base path '' must be an absolute path   [ a1d8 →  a1d9] StatusBarController.updateBlame — failed [1ms]
2026-05-16 00:48:36.985 [error] Error: Base path '' must be an absolute path   [ a1e3 →  a1e4] StatusBarController.updateBlame — failed [2ms]
2026-05-16 00:48:37.148 [error] Error: Base path '' must be an absolute path   [ a1e8 →  a1e9] StatusBarController.updateBlame — failed [2ms]
2026-05-16 00:48:37.153 [error] Error: Base path '' must be an absolute path   [ a1f3 →  a1f4] StatusBarController.updateBlame — failed [1ms]
2026-05-16 00:48:37.198 [error] Error: Base path '' must be an absolute path   [ a200 →  a201] StatusBarController.updateBlame — failed [2ms]
2026-05-16 00:48:38.169 [error] Error: Base path '' must be an absolute path   [ a216 →  a217] StatusBarController.updateBlame — failed [1ms]
2026-05-16 00:48:38.219 [error] Error: Base path '' must be an absolute path   [ a223 →  a224] StatusBarController.updateBlame — failed [1ms]
2026-05-16 00:48:38.305 [error] Error: Base path '' must be an absolute path   [ a228 →  a229] StatusBarController.updateBlame — failed [1ms]
2026-05-16 00:48:38.359 [error] Error: Base path '' must be an absolute path   [ a234 →  a235] StatusBarController.updateBlame — failed [1ms]
2026-05-16 00:48:38.360 [error] Error: Base path '' must be an absolute path   [ a23d →  a23e] StatusBarController.updateBlame — failed [0ms]
2026-05-16 00:48:39.327 [error] Error: Base path '' must be an absolute path   [ a251 →  a252] StatusBarController.updateBlame — failed [1ms]
2026-05-16 00:48:39.378 [error] Error: Base path '' must be an absolute path   [ a25c →  a25d] StatusBarController.updateBlame — failed [1ms]
2026-05-16 00:48:42.860 [error] Error: Base path '' must be an absolute path   [ a261 →  a262] StatusBarController.updateBlame — failed [1ms]
2026-05-16 00:48:42.915 [error] Error: Base path '' must be an absolute path   [ a26d →  a26e] StatusBarController.updateBlame — failed [1ms]
2026-05-16 00:48:42.917 [error] Error: Base path '' must be an absolute path   [ a276 →  a277] StatusBarController.updateBlame — failed [1ms]
2026-05-16 00:48:43.044 [error] Error: Base path '' must be an absolute path   [ a27b →  a27c] StatusBarController.updateBlame — failed [1ms]
2026-05-16 00:48:43.095 [error] Error: Base path '' must be an absolute path   [ a286 →  a287] StatusBarController.updateBlame — failed [1ms]
2026-05-16 00:48:43.211 [error] Error: Base path '' must be an absolute path   [ a28b →  a28c] StatusBarController.updateBlame — failed [2ms]
2026-05-16 00:48:43.261 [error] Error: Base path '' must be an absolute path   [ a296 →  a297] StatusBarController.updateBlame — failed [0ms]
2026-05-16 00:48:43.330 [error] Error: Base path '' must be an absolute path   [ a29b →  a29c] StatusBarController.updateBlame — failed [2ms]
2026-05-16 00:48:43.381 [error] Error: Base path '' must be an absolute path   [ a2a6 →  a2a7] StatusBarController.updateBlame — failed [1ms]
2026-05-16 00:48:43.575 [error] Error: Base path '' must be an absolute path   [ a2ab →  a2ac] StatusBarController.updateBlame — failed [1ms]
2026-05-16 00:48:43.626 [error] Error: Base path '' must be an absolute path   [ a2b6 →  a2b7] StatusBarController.updateBlame — failed [1ms]
2026-05-16 00:48:44.597 [error] Error: Base path '' must be an absolute path   [ a2ca →  a2cb] StatusBarController.updateBlame — failed [1ms]
2026-05-16 00:48:44.659 [error] Error: Base path '' must be an absolute path   [ a2d5 →  a2d6] StatusBarController.updateBlame — failed [9ms]
2026-05-16 00:48:46.104 [error] Error: Base path '' must be an absolute path   [ a2da →  a2db] StatusBarController.updateBlame — failed [2ms]
2026-05-16 00:48:46.160 [error] Error: Base path '' must be an absolute path   [ a2e6 →  a2e7] StatusBarController.updateBlame — failed [1ms]
2026-05-16 00:48:46.161 [error] Error: Base path '' must be an absolute path   [ a2ef →  a2f0] StatusBarController.updateBlame — failed [1ms]
2026-05-16 00:48:46.545 [error] Error: Base path '' must be an absolute path   [ a2f8 →  a2f9] StatusBarController.updateBlame — failed [2ms]
2026-05-16 00:48:46.595 [error] Error: Base path '' must be an absolute path   [ a303 →  a304] StatusBarController.updateBlame — failed [1ms]
2026-05-16 00:48:47.563 [error] Error: Base path '' must be an absolute path   [ a317 →  a318] StatusBarController.updateBlame — failed [0ms]
2026-05-16 00:48:47.614 [error] Error: Base path '' must be an absolute path   [ a322 →  a323] StatusBarController.updateBlame — failed [1ms]
2026-05-16 00:50:05.017 [error] Error: Base path '' must be an absolute path   [ a361 →  a362] StatusBarController.updateBlame — failed [2ms]
2026-05-16 00:50:06.133 [error] Error: Base path '' must be an absolute path   [ a36c →  a36d] StatusBarController.updateBlame — failed [1ms]
2026-05-16 00:50:06.596 [error] Error: Base path '' must be an absolute path   [ a377 →  a378] StatusBarController.updateBlame — failed [2ms]
2026-05-16 00:50:07.143 [error] Error: Base path '' must be an absolute path   [ a382 →  a383] StatusBarController.updateBlame — failed [1ms]
2026-05-16 00:50:08.209 [info]    [GIT      12ms] [/home/amar/Code/CAN] git ls-files -- main.c [12ms]
2026-05-16 00:50:08.973 [info]    [GIT       9ms] [/home/amar/Code/CAN] git show --textconv HEAD:./main.c -- [9ms]
2026-05-16 00:50:09.755 [error] Error: Base path '' must be an absolute path   [ a3e1 →  a3e2] StatusBarController.updateBlame — failed [2ms]
