2026-05-15 23:32:22.927 [info] [main] Log level: Info
2026-05-15 23:32:22.927 [info] [main] Validating found git in: "git"
2026-05-15 23:32:22.927 [info] [main] Using git "2.54.0" from "git"
2026-05-15 23:32:22.927 [info] [Model][doInitialScan] Initial repository scan started
2026-05-15 23:32:22.927 [info] > git rev-parse --show-toplevel [17ms]
2026-05-15 23:32:22.927 [info] fatal: not a git repository (or any of the parent directories): .git
2026-05-15 23:32:22.927 [info] > git rev-parse --show-toplevel [11ms]
2026-05-15 23:32:22.927 [info] fatal: not a git repository (or any of the parent directories): .git
2026-05-15 23:32:22.943 [info] > git rev-parse --show-toplevel [5ms]
2026-05-15 23:32:22.943 [info] fatal: not a git repository (or any of the parent directories): .git
2026-05-15 23:32:22.959 [info] > git rev-parse --show-toplevel [5ms]
2026-05-15 23:32:22.959 [info] fatal: not a git repository (or any of the parent directories): .git
2026-05-15 23:32:23.995 [info] > git rev-parse --show-toplevel [389ms]
2026-05-15 23:32:23.996 [info] fatal: not a git repository (or any of the parent directories): .git
2026-05-15 23:32:24.194 [info] > git rev-parse --show-toplevel [110ms]
2026-05-15 23:32:24.242 [info] > git rev-parse --git-dir --git-common-dir --show-superproject-working-tree [24ms]
2026-05-15 23:32:24.349 [info] [Model][openRepository] Opened repository (path): /home/amar/Code/batcheck
2026-05-15 23:32:24.349 [info] [Model][openRepository] Opened repository (real path): /home/amar/Code/batcheck
2026-05-15 23:32:24.350 [info] [Model][openRepository] Opened repository (kind): repository
2026-05-15 23:32:24.409 [info] > git config --get --local core.virtualfilesystem [42ms]
2026-05-15 23:32:24.409 [warning] [Git][config] git config failed: Failed to execute git
2026-05-15 23:32:24.449 [info] > git rev-parse --show-toplevel [41ms]
2026-05-15 23:32:24.450 [info] > git config --get commit.template [48ms]
2026-05-15 23:32:24.512 [info] > git rev-parse --git-dir --git-common-dir --show-superproject-working-tree [13ms]
2026-05-15 23:32:24.524 [info] > git for-each-ref --format=%(refname)%00%(upstream:short)%00%(objectname)%00%(upstream:track)%00%(upstream:remotename)%00%(upstream:remoteref) refs/heads/master refs/remotes/master [15ms]
2026-05-15 23:32:24.551 [info] > git status -z -uall [15ms]
2026-05-15 23:32:24.576 [info] [Model][openRepository] Opened repository (path): /home/amar/Code/first-contributions
2026-05-15 23:32:24.576 [info] [Model][openRepository] Opened repository (real path): /home/amar/Code/first-contributions
2026-05-15 23:32:24.576 [info] [Model][openRepository] Opened repository (kind): repository
2026-05-15 23:32:24.601 [info] > git for-each-ref --sort -committerdate --format %(refname)%00%(objectname)%00%(*objectname) [54ms]
2026-05-15 23:32:24.645 [info] > git for-each-ref --format=%(refname)%00%(upstream:short)%00%(objectname)%00%(upstream:track)%00%(upstream:remotename)%00%(upstream:remoteref) refs/heads/master refs/remotes/master [25ms]
2026-05-15 23:32:24.654 [info] > git rev-parse --show-toplevel [53ms]
2026-05-15 23:32:24.654 [info] > git config --get commit.template [60ms]
2026-05-15 23:32:24.655 [info] > git config --get --local core.virtualfilesystem [70ms]
2026-05-15 23:32:24.655 [warning] [Git][config] git config failed: Failed to execute git
2026-05-15 23:32:24.675 [info] > git config --get --local branch.master.vscode-merge-base [21ms]
2026-05-15 23:32:24.675 [warning] [Git][config] git config failed: Failed to execute git
2026-05-15 23:32:24.682 [info] > git config --get commit.template [38ms]
2026-05-15 23:32:24.706 [info] > git rev-parse --git-dir --git-common-dir --show-superproject-working-tree [32ms]
2026-05-15 23:32:24.720 [info] > git for-each-ref --format=%(refname)%00%(upstream:short)%00%(objectname)%00%(upstream:track)%00%(upstream:remotename)%00%(upstream:remoteref) refs/heads/amar refs/remotes/amar [17ms]
2026-05-15 23:32:24.720 [info] > git reflog master --grep-reflog=branch: Created from *. [38ms]
2026-05-15 23:32:24.733 [info] > git symbolic-ref --short refs/remotes/origin/HEAD [5ms]
2026-05-15 23:32:24.740 [info] > git for-each-ref --format=%(refname)%00%(upstream:short)%00%(objectname)%00%(upstream:track)%00%(upstream:remotename)%00%(upstream:remoteref) refs/heads/master refs/remotes/master [20ms]
2026-05-15 23:32:24.771 [info] > git for-each-ref --format=%(refname)%00%(upstream:short)%00%(objectname)%00%(upstream:track)%00%(upstream:remotename)%00%(upstream:remoteref) refs/heads/origin/master refs/remotes/origin/master [32ms]
2026-05-15 23:32:24.787 [info] > git config --add --local branch.master.vscode-merge-base origin/master [9ms]
2026-05-15 23:32:24.838 [info] [Model][openRepository] Opened repository (path): /home/amar/Code/helotui
2026-05-15 23:32:24.838 [info] [Model][openRepository] Opened repository (real path): /home/amar/Code/helotui
2026-05-15 23:32:24.838 [info] [Model][openRepository] Opened repository (kind): repository
2026-05-15 23:32:24.865 [info] > git status -z -uall [56ms]
2026-05-15 23:32:24.866 [info] > git fetch [29ms]
2026-05-15 23:32:24.875 [info] > git config --get commit.template [52ms]
2026-05-15 23:32:24.875 [info] > git for-each-ref --sort -committerdate --format %(refname)%00%(objectname)%00%(*objectname) [59ms]
2026-05-15 23:32:24.932 [info] > git for-each-ref --format=%(refname)%00%(upstream:short)%00%(objectname)%00%(upstream:track)%00%(upstream:remotename)%00%(upstream:remoteref) refs/heads/amar refs/remotes/amar [46ms]
2026-05-15 23:32:24.941 [info] > git config --get --local core.virtualfilesystem [67ms]
2026-05-15 23:32:24.941 [warning] [Git][config] git config failed: Failed to execute git
2026-05-15 23:32:24.941 [info] > git rev-parse --show-toplevel [77ms]
2026-05-15 23:32:24.941 [info] fatal: not a git repository (or any of the parent directories): .git
2026-05-15 23:32:24.942 [info] [Model][doInitialScan] Initial repository scan completed - repositories (3), closed repositories (0), parent repositories (0), unsafe repositories (0)
2026-05-15 23:32:24.943 [info] > git config --get commit.template [86ms]
2026-05-15 23:32:24.943 [info] > git config --get --local core.virtualfilesystem [99ms]
2026-05-15 23:32:24.943 [warning] [Git][config] git config failed: Failed to execute git
2026-05-15 23:32:24.960 [info] > git config --get --local branch.amar.vscode-merge-base [20ms]
2026-05-15 23:32:24.970 [info] > git config --get commit.template [51ms]
2026-05-15 23:32:24.970 [info] > git config --get commit.template [60ms]
2026-05-15 23:32:24.980 [info] [Git][getRemotes] No remotes found in the git config file
2026-05-15 23:32:24.981 [info] > git for-each-ref --format=%(refname)%00%(upstream:short)%00%(objectname)%00%(upstream:track)%00%(upstream:remotename)%00%(upstream:remoteref) refs/heads/origin/main refs/remotes/origin/main [14ms]
2026-05-15 23:32:24.993 [info] > git rev-parse --show-toplevel [34ms]
2026-05-15 23:32:24.993 [info] fatal: not a git repository (or any of the parent directories): .git
2026-05-15 23:32:24.994 [info] > git for-each-ref --format=%(refname)%00%(upstream:short)%00%(objectname)%00%(upstream:track)%00%(upstream:remotename)%00%(upstream:remoteref) refs/heads/master refs/remotes/master [42ms]
2026-05-15 23:32:25.003 [info] [Git][getRemotes] No remotes found in the git config file
2026-05-15 23:32:25.023 [info] > git merge-base refs/heads/amar refs/remotes/origin/amar [31ms]
2026-05-15 23:32:25.031 [info] > git for-each-ref --format=%(refname)%00%(upstream:short)%00%(objectname)%00%(upstream:track)%00%(upstream:remotename)%00%(upstream:remoteref) refs/heads/master refs/remotes/master [51ms]
2026-05-15 23:32:25.031 [warning] [Git][getBranch] No such branch: master
2026-05-15 23:32:25.052 [info] > git for-each-ref --format=%(refname)%00%(upstream:short)%00%(objectname)%00%(upstream:track)%00%(upstream:remotename)%00%(upstream:remoteref) refs/heads/master refs/remotes/master [13ms]
2026-05-15 23:32:25.052 [warning] [Git][getBranch] No such branch: master
2026-05-15 23:32:25.053 [error] [GitHistoryProvider][resolveHEADMergeBase] Failed to resolve merge base for master: Error: No such branch: master.
2026-05-15 23:32:25.053 [info] > git diff --raw --numstat --diff-filter=ADMR -z --find-renames=50% 2c3c1f1979d0459a43d31f3424d0f4a2bf354246...refs/remotes/origin/amar -- [23ms]
2026-05-15 23:32:25.054 [info] > git rev-parse --show-toplevel [32ms]
2026-05-15 23:32:25.054 [info] fatal: not a git repository (or any of the parent directories): .git
2026-05-15 23:32:25.055 [info] > git for-each-ref --format=%(refname)%00%(upstream:short)%00%(objectname)%00%(upstream:track)%00%(upstream:remotename)%00%(upstream:remoteref) refs/heads/amar refs/remotes/amar [40ms]
2026-05-15 23:32:25.055 [info] > git for-each-ref --format=%(refname)%00%(upstream:short)%00%(objectname)%00%(upstream:track)%00%(upstream:remotename)%00%(upstream:remoteref) refs/heads/master refs/remotes/master [46ms]
2026-05-15 23:32:25.055 [warning] [Git][getBranch] No such branch: master
2026-05-15 23:32:25.076 [info] > git config --get commit.template [24ms]
2026-05-15 23:32:25.105 [info] > git status -z -uall [9ms]
2026-05-15 23:32:25.106 [info] > git rev-parse --show-toplevel [38ms]
2026-05-15 23:32:25.106 [info] fatal: not a git repository (or any of the parent directories): .git
2026-05-15 23:32:25.115 [info] [Git][getRemotes] No remotes found in the git config file
2026-05-15 23:32:25.150 [info] > git rev-parse --show-toplevel [27ms]
2026-05-15 23:32:25.150 [info] fatal: not a git repository (or any of the parent directories): .git
2026-05-15 23:32:25.150 [info] > git for-each-ref --format=%(refname)%00%(upstream:short)%00%(objectname)%00%(upstream:track)%00%(upstream:remotename)%00%(upstream:remoteref) refs/heads/master refs/remotes/master [35ms]
2026-05-15 23:32:25.150 [warning] [Git][getBranch] No such branch: master
2026-05-15 23:32:25.164 [info] > git for-each-ref --sort -committerdate --format %(refname)%00%(objectname)%00%(*objectname) [60ms]
2026-05-15 23:32:25.185 [info] > git status -z -uall [43ms]
2026-05-15 23:32:25.185 [info] > git status -z -uall [28ms]
2026-05-15 23:32:25.185 [info] > git merge-base refs/heads/master refs/remotes/origin/master [11ms]
2026-05-15 23:32:25.193 [info] > git for-each-ref --sort -committerdate --format %(refname)%00%(objectname)%00%(*objectname) [29ms]
2026-05-15 23:32:25.199 [info] > git for-each-ref --sort -committerdate --format %(refname)%00%(objectname)%00%(*objectname) [50ms]
2026-05-15 23:32:25.218 [info] > git diff --raw --numstat --diff-filter=ADMR -z --find-renames=50% 8a879742d4dac74892d24b9fae776d408c4a1750...refs/remotes/origin/master -- [25ms]
2026-05-15 23:32:25.219 [info] > git merge-base refs/heads/master refs/remotes/origin/master [38ms]
2026-05-15 23:32:25.235 [info] > git diff --raw --numstat --diff-filter=ADMR -z --find-renames=50% 8a879742d4dac74892d24b9fae776d408c4a1750...refs/remotes/origin/master -- [8ms]
2026-05-15 23:32:26.399 [info] [Git][getRemotes] No remotes found in the git config file
2026-05-15 23:32:26.409 [info] > git config --get commit.template [12ms]
2026-05-15 23:32:26.410 [info] > git for-each-ref --format=%(refname)%00%(upstream:short)%00%(objectname)%00%(upstream:track)%00%(upstream:remotename)%00%(upstream:remoteref) refs/heads/master refs/remotes/master [2ms]
2026-05-15 23:32:26.410 [warning] [Git][getBranch] No such branch: master
2026-05-15 23:32:26.425 [info] > git status -z -uall [8ms]
2026-05-15 23:32:26.427 [info] > git for-each-ref --sort -committerdate --format %(refname)%00%(objectname)%00%(*objectname) [3ms]
2026-05-15 23:32:29.083 [info] > git fetch [4735ms]
2026-05-15 23:32:29.100 [info] > git config --get commit.template [9ms]
2026-05-15 23:32:29.101 [info] > git for-each-ref --format=%(refname)%00%(upstream:short)%00%(objectname)%00%(upstream:track)%00%(upstream:remotename)%00%(upstream:remoteref) refs/heads/master refs/remotes/master [3ms]
2026-05-15 23:32:29.117 [info] > git status -z -uall [8ms]
2026-05-15 23:32:29.119 [info] > git for-each-ref --sort -committerdate --format %(refname)%00%(objectname)%00%(*objectname) [3ms]
2026-05-15 23:32:29.493 [info] > git fetch [4917ms]
2026-05-15 23:32:29.511 [info] > git config --get commit.template [8ms]
2026-05-15 23:32:29.514 [info] > git for-each-ref --format=%(refname)%00%(upstream:short)%00%(objectname)%00%(upstream:track)%00%(upstream:remotename)%00%(upstream:remoteref) refs/heads/amar refs/remotes/amar [4ms]
2026-05-15 23:32:29.532 [info] > git status -z -uall [10ms]
2026-05-15 23:32:29.533 [info] > git for-each-ref --sort -committerdate --format %(refname)%00%(objectname)%00%(*objectname) [4ms]
2026-05-15 23:32:36.144 [info] > git check-ignore -v -z --stdin [18ms]
2026-05-15 23:32:36.144 [info] > git check-ignore -v -z --stdin [12ms]
2026-05-15 23:32:36.145 [info] > git check-ignore -v -z --stdin [4ms]
2026-05-15 23:32:49.746 [info] > git rev-parse --show-toplevel [5ms]
2026-05-15 23:32:49.746 [info] fatal: not a git repository (or any of the parent directories): .git
2026-05-15 23:32:59.338 [info] > git rev-parse --show-toplevel [42ms]
2026-05-15 23:32:59.338 [info] fatal: not a git repository (or any of the parent directories): .git
2026-05-15 23:37:16.776 [info] > git fetch [27ms]
2026-05-15 23:37:16.803 [info] [Git][getRemotes] No remotes found in the git config file
2026-05-15 23:37:16.806 [info] > git config --get commit.template [14ms]
2026-05-15 23:37:16.807 [info] > git for-each-ref --format=%(refname)%00%(upstream:short)%00%(objectname)%00%(upstream:track)%00%(upstream:remotename)%00%(upstream:remoteref) refs/heads/master refs/remotes/master [4ms]
2026-05-15 23:37:16.807 [warning] [Git][getBranch] No such branch: master
2026-05-15 23:37:16.830 [info] > git status -z -uall [12ms]
2026-05-15 23:37:16.832 [info] > git for-each-ref --sort -committerdate --format %(refname)%00%(objectname)%00%(*objectname) [5ms]
2026-05-15 23:37:21.808 [info] > git fetch [5046ms]
2026-05-15 23:37:21.821 [info] > git fetch [5047ms]
2026-05-15 23:37:21.834 [info] > git config --get commit.template [14ms]
2026-05-15 23:37:21.845 [info] > git config --get commit.template [12ms]
2026-05-15 23:37:21.856 [info] > git for-each-ref --format=%(refname)%00%(upstream:short)%00%(objectname)%00%(upstream:track)%00%(upstream:remotename)%00%(upstream:remoteref) refs/heads/master refs/remotes/master [12ms]
2026-05-15 23:37:21.879 [info] > git status -z -uall [13ms]
2026-05-15 23:37:21.880 [info] > git for-each-ref --format=%(refname)%00%(upstream:short)%00%(objectname)%00%(upstream:track)%00%(upstream:remotename)%00%(upstream:remoteref) refs/heads/amar refs/remotes/amar [26ms]
2026-05-15 23:37:21.881 [info] > git for-each-ref --sort -committerdate --format %(refname)%00%(objectname)%00%(*objectname) [4ms]
2026-05-15 23:37:21.904 [info] > git status -z -uall [12ms]
2026-05-15 23:37:21.906 [info] > git for-each-ref --sort -committerdate --format %(refname)%00%(objectname)%00%(*objectname) [5ms]
2026-05-15 23:46:24.300 [info] > git fetch [39ms]
2026-05-15 23:46:24.313 [info] > git config --get commit.template [13ms]
2026-05-15 23:46:24.321 [info] [Git][getRemotes] No remotes found in the git config file
2026-05-15 23:46:24.322 [info] [Git][getRemotes] No remotes found in the git config file
2026-05-15 23:46:24.333 [info] > git for-each-ref --format=%(refname)%00%(upstream:short)%00%(objectname)%00%(upstream:track)%00%(upstream:remotename)%00%(upstream:remoteref) refs/heads/master refs/remotes/master [13ms]
2026-05-15 23:46:24.333 [warning] [Git][getBranch] No such branch: master
2026-05-15 23:46:24.337 [info] > git config --get commit.template [25ms]
2026-05-15 23:46:24.338 [info] > git for-each-ref --format=%(refname)%00%(upstream:short)%00%(objectname)%00%(upstream:track)%00%(upstream:remotename)%00%(upstream:remoteref) refs/heads/master refs/remotes/master [8ms]
2026-05-15 23:46:24.338 [warning] [Git][getBranch] No such branch: master
2026-05-15 23:46:24.357 [info] > git status -z -uall [11ms]
2026-05-15 23:46:24.360 [info] > git for-each-ref --sort -committerdate --format %(refname)%00%(objectname)%00%(*objectname) [4ms]
2026-05-15 23:46:29.096 [info] > git fetch [4823ms]
2026-05-15 23:46:29.106 [info] > git fetch [4819ms]
2026-05-15 23:46:29.115 [info] > git config --get commit.template [11ms]
2026-05-15 23:46:29.132 [info] > git config --get commit.template [18ms]
2026-05-15 23:46:29.133 [info] > git for-each-ref --format=%(refname)%00%(upstream:short)%00%(objectname)%00%(upstream:track)%00%(upstream:remotename)%00%(upstream:remoteref) refs/heads/master refs/remotes/master [11ms]
2026-05-15 23:46:29.150 [info] > git status -z -uall [9ms]
2026-05-15 23:46:29.151 [info] > git for-each-ref --format=%(refname)%00%(upstream:short)%00%(objectname)%00%(upstream:track)%00%(upstream:remotename)%00%(upstream:remoteref) refs/heads/amar refs/remotes/amar [20ms]
2026-05-15 23:46:29.167 [info] > git for-each-ref --sort -committerdate --format %(refname)%00%(objectname)%00%(*objectname) [18ms]
2026-05-15 23:46:29.171 [info] > git status -z -uall [13ms]
2026-05-15 23:46:29.171 [info] > git for-each-ref --sort -committerdate --format %(refname)%00%(objectname)%00%(*objectname) [5ms]
2026-05-15 23:47:07.192 [info] > git rev-parse --show-toplevel [3ms]
2026-05-15 23:47:07.192 [info] fatal: not a git repository (or any of the parent directories): .git
2026-05-15 23:48:12.823 [info] > git rev-parse --show-toplevel [3ms]
2026-05-15 23:48:12.823 [info] fatal: not a git repository (or any of the parent directories): .git
2026-05-15 23:50:13.545 [info] > git fetch [24ms]
2026-05-15 23:50:13.568 [info] [Git][getRemotes] No remotes found in the git config file
2026-05-15 23:50:13.569 [info] > git config --get commit.template [11ms]
2026-05-15 23:50:13.570 [info] > git for-each-ref --format=%(refname)%00%(upstream:short)%00%(objectname)%00%(upstream:track)%00%(upstream:remotename)%00%(upstream:remoteref) refs/heads/master refs/remotes/master [3ms]
2026-05-15 23:50:13.571 [warning] [Git][getBranch] No such branch: master
2026-05-15 23:50:13.590 [info] > git status -z -uall [13ms]
2026-05-15 23:50:13.592 [info] > git for-each-ref --sort -committerdate --format %(refname)%00%(objectname)%00%(*objectname) [5ms]
2026-05-15 23:50:14.623 [info] [Git][getRemotes] No remotes found in the git config file
2026-05-15 23:50:14.625 [info] > git config --get commit.template [10ms]
2026-05-15 23:50:14.625 [info] > git for-each-ref --format=%(refname)%00%(upstream:short)%00%(objectname)%00%(upstream:track)%00%(upstream:remotename)%00%(upstream:remoteref) refs/heads/master refs/remotes/master [2ms]
2026-05-15 23:50:14.625 [warning] [Git][getBranch] No such branch: master
2026-05-15 23:50:14.640 [info] > git status -z -uall [8ms]
2026-05-15 23:50:14.642 [info] > git for-each-ref --sort -committerdate --format %(refname)%00%(objectname)%00%(*objectname) [3ms]
2026-05-15 23:50:18.444 [info] > git fetch [4912ms]
2026-05-15 23:50:18.455 [info] > git fetch [4911ms]
2026-05-15 23:50:18.466 [info] > git config --get commit.template [12ms]
2026-05-15 23:50:18.476 [info] > git config --get commit.template [10ms]
2026-05-15 23:50:18.486 [info] > git for-each-ref --format=%(refname)%00%(upstream:short)%00%(objectname)%00%(upstream:track)%00%(upstream:remotename)%00%(upstream:remoteref) refs/heads/master refs/remotes/master [12ms]
2026-05-15 23:50:18.488 [info] > git for-each-ref --format=%(refname)%00%(upstream:short)%00%(objectname)%00%(upstream:track)%00%(upstream:remotename)%00%(upstream:remoteref) refs/heads/amar refs/remotes/amar [4ms]
2026-05-15 23:50:18.508 [info] > git status -z -uall [11ms]
2026-05-15 23:50:18.527 [info] > git for-each-ref --sort -committerdate --format %(refname)%00%(objectname)%00%(*objectname) [21ms]
2026-05-15 23:50:18.532 [info] > git status -z -uall [14ms]
2026-05-15 23:50:18.532 [info] > git for-each-ref --sort -committerdate --format %(refname)%00%(objectname)%00%(*objectname) [6ms]
2026-05-15 23:50:21.032 [info] > git rev-parse --show-toplevel [5ms]
2026-05-15 23:50:21.032 [info] fatal: not a git repository (or any of the parent directories): .git
2026-05-15 23:51:37.435 [info] > git rev-parse --show-toplevel [4ms]
2026-05-15 23:51:37.435 [info] fatal: not a git repository (or any of the parent directories): .git
2026-05-15 23:52:05.869 [info] > git rev-parse --show-toplevel [3ms]
2026-05-15 23:52:05.869 [info] fatal: not a git repository (or any of the parent directories): .git
2026-05-15 23:53:16.588 [info] > git fetch [8ms]
2026-05-15 23:53:16.608 [info] [Git][getRemotes] No remotes found in the git config file
2026-05-15 23:53:16.610 [info] > git config --get commit.template [11ms]
2026-05-15 23:53:16.610 [info] > git for-each-ref --format=%(refname)%00%(upstream:short)%00%(objectname)%00%(upstream:track)%00%(upstream:remotename)%00%(upstream:remoteref) refs/heads/master refs/remotes/master [3ms]
2026-05-15 23:53:16.610 [warning] [Git][getBranch] No such branch: master
2026-05-15 23:53:16.632 [info] > git status -z -uall [12ms]
2026-05-15 23:53:16.633 [info] > git for-each-ref --sort -committerdate --format %(refname)%00%(objectname)%00%(*objectname) [3ms]
2026-05-15 23:53:31.737 [info] > git config --get commit.template [3ms]
2026-05-15 23:53:31.748 [info] [Git][getRemotes] No remotes found in the git config file
2026-05-15 23:53:31.751 [info] > git for-each-ref --format=%(refname)%00%(upstream:short)%00%(objectname)%00%(upstream:track)%00%(upstream:remotename)%00%(upstream:remoteref) refs/heads/master refs/remotes/master [4ms]
2026-05-15 23:53:31.751 [warning] [Git][getBranch] No such branch: master
2026-05-15 23:53:31.775 [info] > git status -z -uall [14ms]
2026-05-15 23:53:31.777 [info] > git for-each-ref --sort -committerdate --format %(refname)%00%(objectname)%00%(*objectname) [5ms]
2026-05-15 23:53:36.639 [info] > git fetch [4930ms]
2026-05-15 23:53:36.640 [info] > git fetch [4919ms]
2026-05-15 23:53:36.662 [info] > git config --get commit.template [11ms]
2026-05-15 23:53:36.663 [info] > git config --get commit.template [3ms]
2026-05-15 23:53:36.684 [info] > git for-each-ref --format=%(refname)%00%(upstream:short)%00%(objectname)%00%(upstream:track)%00%(upstream:remotename)%00%(upstream:remoteref) refs/heads/master refs/remotes/master [12ms]
2026-05-15 23:53:36.687 [info] > git for-each-ref --format=%(refname)%00%(upstream:short)%00%(objectname)%00%(upstream:track)%00%(upstream:remotename)%00%(upstream:remoteref) refs/heads/amar refs/remotes/amar [5ms]
2026-05-15 23:53:36.704 [info] > git status -z -uall [9ms]
2026-05-15 23:53:36.704 [info] > git for-each-ref --sort -committerdate --format %(refname)%00%(objectname)%00%(*objectname) [3ms]
2026-05-15 23:53:36.730 [info] > git status -z -uall [8ms]
2026-05-15 23:53:36.733 [info] > git for-each-ref --sort -committerdate --format %(refname)%00%(objectname)%00%(*objectname) [4ms]
2026-05-15 23:58:43.931 [info] > git fetch [23ms]
2026-05-15 23:58:43.947 [info] [Git][getRemotes] No remotes found in the git config file
2026-05-15 23:58:43.958 [info] > git config --get commit.template [13ms]
2026-05-15 23:58:43.960 [info] > git for-each-ref --format=%(refname)%00%(upstream:short)%00%(objectname)%00%(upstream:track)%00%(upstream:remotename)%00%(upstream:remoteref) refs/heads/master refs/remotes/master [4ms]
2026-05-15 23:58:43.960 [warning] [Git][getBranch] No such branch: master
2026-05-15 23:58:43.986 [info] > git status -z -uall [15ms]
2026-05-15 23:58:43.988 [info] > git for-each-ref --sort -committerdate --format %(refname)%00%(objectname)%00%(*objectname) [6ms]
2026-05-15 23:58:45.014 [info] [Git][getRemotes] No remotes found in the git config file
2026-05-15 23:58:45.015 [info] > git config --get commit.template [10ms]
2026-05-15 23:58:45.017 [info] > git for-each-ref --format=%(refname)%00%(upstream:short)%00%(objectname)%00%(upstream:track)%00%(upstream:remotename)%00%(upstream:remoteref) refs/heads/master refs/remotes/master [3ms]
2026-05-15 23:58:45.017 [warning] [Git][getBranch] No such branch: master
2026-05-15 23:58:45.035 [info] > git status -z -uall [12ms]
2026-05-15 23:58:45.036 [info] > git for-each-ref --sort -committerdate --format %(refname)%00%(objectname)%00%(*objectname) [4ms]
2026-05-15 23:58:58.209 [info] > git fetch [14292ms]
2026-05-15 23:58:58.223 [info] > git fetch [14294ms]
2026-05-15 23:58:58.234 [info] > git config --get commit.template [14ms]
2026-05-15 23:58:58.236 [info] > git config --get commit.template [2ms]
2026-05-15 23:58:58.253 [info] > git for-each-ref --format=%(refname)%00%(upstream:short)%00%(objectname)%00%(upstream:track)%00%(upstream:remotename)%00%(upstream:remoteref) refs/heads/master refs/remotes/master [8ms]
2026-05-15 23:58:58.269 [info] > git status -z -uall [7ms]
2026-05-15 23:58:58.269 [info] > git for-each-ref --format=%(refname)%00%(upstream:short)%00%(objectname)%00%(upstream:track)%00%(upstream:remotename)%00%(upstream:remoteref) refs/heads/amar refs/remotes/amar [17ms]
2026-05-15 23:58:58.287 [info] > git for-each-ref --sort -committerdate --format %(refname)%00%(objectname)%00%(*objectname) [19ms]
2026-05-15 23:58:58.291 [info] > git status -z -uall [12ms]
2026-05-15 23:58:58.291 [info] > git for-each-ref --sort -committerdate --format %(refname)%00%(objectname)%00%(*objectname) [5ms]
2026-05-16 00:01:48.955 [info] > git fetch [8ms]
2026-05-16 00:01:48.971 [info] > git config --get commit.template [2ms]
2026-05-16 00:01:48.981 [info] [Git][getRemotes] No remotes found in the git config file
2026-05-16 00:01:48.983 [info] > git for-each-ref --format=%(refname)%00%(upstream:short)%00%(objectname)%00%(upstream:track)%00%(upstream:remotename)%00%(upstream:remoteref) refs/heads/master refs/remotes/master [3ms]
2026-05-16 00:01:48.983 [warning] [Git][getBranch] No such branch: master
2026-05-16 00:01:49.004 [info] > git status -z -uall [12ms]
2026-05-16 00:01:49.006 [info] > git for-each-ref --sort -committerdate --format %(refname)%00%(objectname)%00%(*objectname) [3ms]
2026-05-16 00:01:50.040 [info] [Git][getRemotes] No remotes found in the git config file
2026-05-16 00:01:50.048 [info] > git config --get commit.template [10ms]
2026-05-16 00:01:50.050 [info] > git for-each-ref --format=%(refname)%00%(upstream:short)%00%(objectname)%00%(upstream:track)%00%(upstream:remotename)%00%(upstream:remoteref) refs/heads/master refs/remotes/master [3ms]
2026-05-16 00:01:50.050 [warning] [Git][getBranch] No such branch: master
2026-05-16 00:01:50.067 [info] > git status -z -uall [9ms]
2026-05-16 00:01:50.070 [info] > git for-each-ref --sort -committerdate --format %(refname)%00%(objectname)%00%(*objectname) [4ms]
2026-05-16 00:02:22.241 [info] > git fetch [14698ms]
2026-05-16 00:02:22.253 [info] > git fetch [14700ms]
2026-05-16 00:02:22.266 [info] > git config --get commit.template [13ms]
2026-05-16 00:02:22.268 [info] > git config --get commit.template [3ms]
2026-05-16 00:02:22.290 [info] > git for-each-ref --format=%(refname)%00%(upstream:short)%00%(objectname)%00%(upstream:track)%00%(upstream:remotename)%00%(upstream:remoteref) refs/heads/master refs/remotes/master [12ms]
2026-05-16 00:02:22.292 [info] > git for-each-ref --format=%(refname)%00%(upstream:short)%00%(objectname)%00%(upstream:track)%00%(upstream:remotename)%00%(upstream:remoteref) refs/heads/amar refs/remotes/amar [3ms]
2026-05-16 00:02:22.335 [info] > git status -z -uall [33ms]
2026-05-16 00:02:22.335 [info] > git status -z -uall [12ms]
2026-05-16 00:02:22.338 [info] > git for-each-ref --sort -committerdate --format %(refname)%00%(objectname)%00%(*objectname) [25ms]
2026-05-16 00:02:22.345 [info] > git for-each-ref --sort -committerdate --format %(refname)%00%(objectname)%00%(*objectname) [11ms]
2026-05-16 00:04:49.028 [info] > git fetch [8ms]
2026-05-16 00:04:49.043 [info] [Git][getRemotes] No remotes found in the git config file
2026-05-16 00:04:49.044 [info] > git config --get commit.template [8ms]
2026-05-16 00:04:49.046 [info] > git for-each-ref --format=%(refname)%00%(upstream:short)%00%(objectname)%00%(upstream:track)%00%(upstream:remotename)%00%(upstream:remoteref) refs/heads/master refs/remotes/master [3ms]
2026-05-16 00:04:49.046 [warning] [Git][getBranch] No such branch: master
2026-05-16 00:04:49.061 [info] > git status -z -uall [7ms]
2026-05-16 00:04:49.063 [info] > git for-each-ref --sort -committerdate --format %(refname)%00%(objectname)%00%(*objectname) [3ms]
2026-05-16 00:04:50.115 [info] > git config --get commit.template [3ms]
2026-05-16 00:04:50.122 [info] [Git][getRemotes] No remotes found in the git config file
2026-05-16 00:04:50.125 [info] > git for-each-ref --format=%(refname)%00%(upstream:short)%00%(objectname)%00%(upstream:track)%00%(upstream:remotename)%00%(upstream:remoteref) refs/heads/master refs/remotes/master [3ms]
2026-05-16 00:04:50.125 [warning] [Git][getBranch] No such branch: master
2026-05-16 00:04:50.143 [info] > git status -z -uall [10ms]
2026-05-16 00:04:50.144 [info] > git for-each-ref --sort -committerdate --format %(refname)%00%(objectname)%00%(*objectname) [3ms]
2026-05-16 00:05:36.230 [info] > git fetch [13870ms]
2026-05-16 00:05:36.244 [info] > git fetch [13892ms]
2026-05-16 00:05:36.253 [info] > git config --get commit.template [12ms]
2026-05-16 00:05:36.268 [info] > git config --get commit.template [16ms]
2026-05-16 00:05:36.269 [info] > git for-each-ref --format=%(refname)%00%(upstream:short)%00%(objectname)%00%(upstream:track)%00%(upstream:remotename)%00%(upstream:remoteref) refs/heads/amar refs/remotes/amar [9ms]
2026-05-16 00:05:36.285 [info] > git status -z -uall [7ms]
2026-05-16 00:05:36.285 [info] > git for-each-ref --format=%(refname)%00%(upstream:short)%00%(objectname)%00%(upstream:track)%00%(upstream:remotename)%00%(upstream:remoteref) refs/heads/master refs/remotes/master [17ms]
2026-05-16 00:05:36.301 [info] > git status -z -uall [8ms]
2026-05-16 00:05:36.302 [info] > git for-each-ref --sort -committerdate --format %(refname)%00%(objectname)%00%(*objectname) [18ms]
2026-05-16 00:05:36.304 [info] > git for-each-ref --sort -committerdate --format %(refname)%00%(objectname)%00%(*objectname) [4ms]
2026-05-16 00:07:53.202 [info] > git fetch [8ms]
2026-05-16 00:07:53.217 [info] > git config --get commit.template [4ms]
2026-05-16 00:07:53.228 [info] [Git][getRemotes] No remotes found in the git config file
2026-05-16 00:07:53.231 [info] > git for-each-ref --format=%(refname)%00%(upstream:short)%00%(objectname)%00%(upstream:track)%00%(upstream:remotename)%00%(upstream:remoteref) refs/heads/master refs/remotes/master [4ms]
2026-05-16 00:07:53.231 [warning] [Git][getBranch] No such branch: master
2026-05-16 00:07:53.250 [info] > git status -z -uall [11ms]
2026-05-16 00:07:53.252 [info] > git for-each-ref --sort -committerdate --format %(refname)%00%(objectname)%00%(*objectname) [3ms]
2026-05-16 00:07:54.294 [info] [Git][getRemotes] No remotes found in the git config file
2026-05-16 00:07:54.295 [info] > git config --get commit.template [9ms]
2026-05-16 00:07:54.297 [info] > git for-each-ref --format=%(refname)%00%(upstream:short)%00%(objectname)%00%(upstream:track)%00%(upstream:remotename)%00%(upstream:remoteref) refs/heads/master refs/remotes/master [3ms]
2026-05-16 00:07:54.297 [warning] [Git][getBranch] No such branch: master
2026-05-16 00:07:54.315 [info] > git status -z -uall [11ms]
2026-05-16 00:07:54.316 [info] > git for-each-ref --sort -committerdate --format %(refname)%00%(objectname)%00%(*objectname) [3ms]
2026-05-16 00:08:12.879 [info] > git rev-parse --show-toplevel [2ms]
2026-05-16 00:08:12.903 [info] > git rev-parse --git-dir --git-common-dir --show-superproject-working-tree [10ms]
2026-05-16 00:08:12.914 [info] [Model][openRepository] Opened repository (path): /home/amar/Code/CAN
2026-05-16 00:08:12.914 [info] [Model][openRepository] Opened repository (real path): /home/amar/Code/CAN
2026-05-16 00:08:12.914 [info] [Model][openRepository] Opened repository (kind): repository
2026-05-16 00:08:12.935 [info] > git config --get --local core.virtualfilesystem [12ms]
2026-05-16 00:08:12.935 [warning] [Git][config] git config failed: Failed to execute git
2026-05-16 00:08:12.936 [info] > git config --get commit.template [4ms]
2026-05-16 00:08:12.944 [info] [Git][getRemotes] No remotes found in the git config file
2026-05-16 00:08:12.948 [info] > git for-each-ref --format=%(refname)%00%(upstream:short)%00%(objectname)%00%(upstream:track)%00%(upstream:remotename)%00%(upstream:remoteref) refs/heads/master refs/remotes/master [4ms]
2026-05-16 00:08:12.948 [warning] [Git][getBranch] No such branch: master
2026-05-16 00:08:12.966 [info] > git status -z -uall [10ms]
2026-05-16 00:08:12.969 [info] > git for-each-ref --sort -committerdate --format %(refname)%00%(objectname)%00%(*objectname) [4ms]
2026-05-16 00:08:12.994 [info] > git for-each-ref --format=%(refname)%00%(upstream:short)%00%(objectname)%00%(upstream:track)%00%(upstream:remotename)%00%(upstream:remoteref) refs/heads/master refs/remotes/master [12ms]
2026-05-16 00:08:12.994 [warning] [Git][getBranch] No such branch: master
2026-05-16 00:08:12.994 [error] [GitHistoryProvider][resolveHEADMergeBase] Failed to resolve merge base for master: Error: No such branch: master.
2026-05-16 00:08:12.997 [info] > git config --get commit.template [4ms]
2026-05-16 00:08:13.013 [info] [Git][getRemotes] No remotes found in the git config file
2026-05-16 00:08:13.016 [info] > git for-each-ref --format=%(refname)%00%(upstream:short)%00%(objectname)%00%(upstream:track)%00%(upstream:remotename)%00%(upstream:remoteref) refs/heads/master refs/remotes/master [3ms]
2026-05-16 00:08:13.016 [warning] [Git][getBranch] No such branch: master
2026-05-16 00:08:13.033 [info] > git status -z -uall [9ms]
2026-05-16 00:08:13.035 [info] > git for-each-ref --sort -committerdate --format %(refname)%00%(objectname)%00%(*objectname) [2ms]
2026-05-16 00:08:13.501 [info] > git check-ignore -v -z --stdin [23ms]
2026-05-16 00:08:13.501 [info] > git check-ignore -v -z --stdin [17ms]
2026-05-16 00:08:13.502 [info] > git check-ignore -v -z --stdin [10ms]
2026-05-16 00:08:13.502 [info] > git check-ignore -v -z --stdin [3ms]
2026-05-16 00:10:59.654 [info] > git check-ignore -v -z --stdin [2ms]
2026-05-16 00:11:18.450 [info] > git fetch [48ms]
2026-05-16 00:11:18.464 [info] > git config --get commit.template [15ms]
2026-05-16 00:11:18.464 [info] > git fetch [29ms]
2026-05-16 00:11:18.477 [info] > git config --get commit.template [14ms]
2026-05-16 00:11:18.487 [info] [Git][getRemotes] No remotes found in the git config file
2026-05-16 00:11:18.488 [info] > git config --get commit.template [12ms]
2026-05-16 00:11:18.499 [info] [Git][getRemotes] No remotes found in the git config file
2026-05-16 00:11:18.500 [info] > git for-each-ref --format=%(refname)%00%(upstream:short)%00%(objectname)%00%(upstream:track)%00%(upstream:remotename)%00%(upstream:remoteref) refs/heads/master refs/remotes/master [14ms]
2026-05-16 00:11:18.500 [warning] [Git][getBranch] No such branch: master
2026-05-16 00:11:18.504 [info] [Git][getRemotes] No remotes found in the git config file
2026-05-16 00:11:18.513 [info] > git for-each-ref --format=%(refname)%00%(upstream:short)%00%(objectname)%00%(upstream:track)%00%(upstream:remotename)%00%(upstream:remoteref) refs/heads/master refs/remotes/master [15ms]
2026-05-16 00:11:18.513 [warning] [Git][getBranch] No such branch: master
2026-05-16 00:11:18.534 [info] > git status -z -uall [12ms]
2026-05-16 00:11:18.535 [info] > git for-each-ref --format=%(refname)%00%(upstream:short)%00%(objectname)%00%(upstream:track)%00%(upstream:remotename)%00%(upstream:remoteref) refs/heads/master refs/remotes/master [23ms]
2026-05-16 00:11:18.535 [warning] [Git][getBranch] No such branch: master
2026-05-16 00:11:18.550 [info] > git status -z -uall [8ms]
2026-05-16 00:11:18.551 [info] > git for-each-ref --sort -committerdate --format %(refname)%00%(objectname)%00%(*objectname) [19ms]
2026-05-16 00:11:18.553 [info] > git for-each-ref --sort -committerdate --format %(refname)%00%(objectname)%00%(*objectname) [5ms]
2026-05-16 00:11:19.579 [info] > git config --get commit.template [2ms]
2026-05-16 00:11:19.580 [info] [Git][getRemotes] No remotes found in the git config file
2026-05-16 00:11:19.588 [info] > git for-each-ref --format=%(refname)%00%(upstream:short)%00%(objectname)%00%(upstream:track)%00%(upstream:remotename)%00%(upstream:remoteref) refs/heads/master refs/remotes/master [2ms]
2026-05-16 00:11:19.588 [warning] [Git][getBranch] No such branch: master
2026-05-16 00:11:19.602 [info] > git status -z -uall [7ms]
2026-05-16 00:11:19.603 [info] > git for-each-ref --sort -committerdate --format %(refname)%00%(objectname)%00%(*objectname) [2ms]
2026-05-16 00:11:23.521 [info] [Git][getRemotes] No remotes found in the git config file
2026-05-16 00:11:23.523 [info] > git config --get commit.template [9ms]
2026-05-16 00:11:23.524 [info] > git for-each-ref --format=%(refname)%00%(upstream:short)%00%(objectname)%00%(upstream:track)%00%(upstream:remotename)%00%(upstream:remoteref) refs/heads/master refs/remotes/master [3ms]
2026-05-16 00:11:23.524 [warning] [Git][getBranch] No such branch: master
2026-05-16 00:11:23.540 [info] > git status -z -uall [9ms]
2026-05-16 00:11:23.541 [info] > git for-each-ref --sort -committerdate --format %(refname)%00%(objectname)%00%(*objectname) [3ms]
2026-05-16 00:11:25.736 [info] > git check-ignore -v -z --stdin [23ms]
2026-05-16 00:11:25.737 [info] > git check-ignore -v -z --stdin [16ms]
2026-05-16 00:11:25.738 [info] > git check-ignore -v -z --stdin [9ms]
2026-05-16 00:11:25.738 [info] > git check-ignore -v -z --stdin [3ms]
2026-05-16 00:11:28.554 [info] [Git][getRemotes] No remotes found in the git config file
2026-05-16 00:11:28.563 [info] > git config --get commit.template [10ms]
2026-05-16 00:11:28.563 [info] > git for-each-ref --format=%(refname)%00%(upstream:short)%00%(objectname)%00%(upstream:track)%00%(upstream:remotename)%00%(upstream:remoteref) refs/heads/master refs/remotes/master [2ms]
2026-05-16 00:11:28.563 [warning] [Git][getBranch] No such branch: master
2026-05-16 00:11:28.577 [info] > git status -z -uall [7ms]
2026-05-16 00:11:28.579 [info] > git for-each-ref --sort -committerdate --format %(refname)%00%(objectname)%00%(*objectname) [2ms]
2026-05-16 00:11:32.335 [info] > git fetch [13911ms]
2026-05-16 00:11:32.346 [info] > git fetch [13933ms]
2026-05-16 00:11:32.355 [info] > git config --get commit.template [9ms]
2026-05-16 00:11:32.370 [info] > git config --get commit.template [16ms]
2026-05-16 00:11:32.370 [info] > git for-each-ref --format=%(refname)%00%(upstream:short)%00%(objectname)%00%(upstream:track)%00%(upstream:remotename)%00%(upstream:remoteref) refs/heads/master refs/remotes/master [8ms]
2026-05-16 00:11:32.388 [info] > git status -z -uall [9ms]
2026-05-16 00:11:32.388 [info] > git for-each-ref --format=%(refname)%00%(upstream:short)%00%(objectname)%00%(upstream:track)%00%(upstream:remotename)%00%(upstream:remoteref) refs/heads/amar refs/remotes/amar [19ms]
2026-05-16 00:11:32.390 [info] > git for-each-ref --sort -committerdate --format %(refname)%00%(objectname)%00%(*objectname) [5ms]
2026-05-16 00:11:32.413 [info] > git for-each-ref --sort -committerdate --format %(refname)%00%(objectname)%00%(*objectname) [3ms]
2026-05-16 00:11:32.415 [info] > git status -z -uall [11ms]
2026-05-16 00:11:45.078 [info] > git config --get commit.template [2ms]
2026-05-16 00:11:45.079 [info] [Git][getRemotes] No remotes found in the git config file
2026-05-16 00:11:45.092 [info] > git for-each-ref --format=%(refname)%00%(upstream:short)%00%(objectname)%00%(upstream:track)%00%(upstream:remotename)%00%(upstream:remoteref) refs/heads/master refs/remotes/master [4ms]
2026-05-16 00:11:45.113 [info] > git status -z -uall [12ms]
2026-05-16 00:11:45.114 [info] > git for-each-ref --sort -committerdate --format %(refname)%00%(objectname)%00%(*objectname) [3ms]
2026-05-16 00:11:45.434 [info] > git check-ignore -v -z --stdin [3ms]
2026-05-16 00:11:45.458 [info] > git show --textconv :main.c [10ms]
2026-05-16 00:11:45.459 [info] > git ls-files --stage -- main.c [2ms]
2026-05-16 00:11:45.470 [info] > git cat-file -s 4f525f867080249e480fd9538caff00f8d6ec702 [3ms]
2026-05-16 00:11:45.507 [info] > git blame --root --incremental 24919d7b0fe1ec41175941d59f657c95f5f08970 -- main.c [4ms]
2026-05-16 00:12:34.103 [info] [Git][getRemotes] No remotes found in the git config file
2026-05-16 00:12:34.105 [info] > git config --get commit.template [13ms]
2026-05-16 00:12:34.105 [info] > git for-each-ref --format=%(refname)%00%(upstream:short)%00%(objectname)%00%(upstream:track)%00%(upstream:remotename)%00%(upstream:remoteref) refs/heads/master refs/remotes/master [2ms]
2026-05-16 00:12:34.125 [info] > git status -z -uall [11ms]
2026-05-16 00:12:34.127 [info] > git for-each-ref --sort -committerdate --format %(refname)%00%(objectname)%00%(*objectname) [3ms]
2026-05-16 00:12:58.078 [info] > git check-ignore -v -z --stdin [3ms]
2026-05-16 00:12:59.095 [info] > git check-ignore -v -z --stdin [3ms]
2026-05-16 00:13:00.041 [info] > git check-ignore -v -z --stdin [3ms]
2026-05-16 00:13:00.288 [info] > git check-ignore -v -z --stdin [3ms]
2026-05-16 00:13:01.036 [info] > git check-ignore -v -z --stdin [3ms]
2026-05-16 00:13:01.760 [info] > git check-ignore -v -z --stdin [3ms]
2026-05-16 00:13:02.003 [info] > git check-ignore -v -z --stdin [4ms]
2026-05-16 00:13:03.139 [info] > git check-ignore -v -z --stdin [3ms]
2026-05-16 00:13:03.809 [info] > git check-ignore -v -z --stdin [2ms]
2026-05-16 00:13:03.903 [info] [Git][getRemotes] No remotes found in the git config file
2026-05-16 00:13:03.904 [info] > git config --get commit.template [11ms]
2026-05-16 00:13:03.906 [info] > git for-each-ref --format=%(refname)%00%(upstream:short)%00%(objectname)%00%(upstream:track)%00%(upstream:remotename)%00%(upstream:remoteref) refs/heads/master refs/remotes/master [3ms]
2026-05-16 00:13:03.923 [info] > git status -z -uall [9ms]
2026-05-16 00:13:03.926 [info] > git for-each-ref --sort -committerdate --format %(refname)%00%(objectname)%00%(*objectname) [4ms]
2026-05-16 00:13:04.314 [info] > git check-ignore -v -z --stdin [6ms]
2026-05-16 00:13:04.670 [info] > git check-ignore -v -z --stdin [3ms]
2026-05-16 00:13:05.899 [info] > git check-ignore -v -z --stdin [1ms]
2026-05-16 00:13:06.191 [info] > git check-ignore -v -z --stdin [3ms]
2026-05-16 00:13:08.948 [info] [Git][getRemotes] No remotes found in the git config file
2026-05-16 00:13:08.949 [info] > git config --get commit.template [8ms]
2026-05-16 00:13:08.950 [info] > git for-each-ref --format=%(refname)%00%(upstream:short)%00%(objectname)%00%(upstream:track)%00%(upstream:remotename)%00%(upstream:remoteref) refs/heads/master refs/remotes/master [2ms]
2026-05-16 00:13:08.966 [info] > git status -z -uall [9ms]
2026-05-16 00:13:08.967 [info] > git for-each-ref --sort -committerdate --format %(refname)%00%(objectname)%00%(*objectname) [3ms]
2026-05-16 00:13:10.088 [info] > git check-ignore -v -z --stdin [4ms]
2026-05-16 00:13:10.303 [info] > git check-ignore -v -z --stdin [3ms]
2026-05-16 00:13:10.588 [info] > git check-ignore -v -z --stdin [3ms]
2026-05-16 00:13:11.787 [info] > git check-ignore -v -z --stdin [3ms]
2026-05-16 00:13:12.634 [info] > git check-ignore -v -z --stdin [3ms]
2026-05-16 00:13:13.636 [info] > git check-ignore -v -z --stdin [3ms]
2026-05-16 00:13:13.985 [info] [Git][getRemotes] No remotes found in the git config file
2026-05-16 00:13:13.986 [info] > git config --get commit.template [9ms]
2026-05-16 00:13:13.988 [info] > git for-each-ref --format=%(refname)%00%(upstream:short)%00%(objectname)%00%(upstream:track)%00%(upstream:remotename)%00%(upstream:remoteref) refs/heads/master refs/remotes/master [3ms]
2026-05-16 00:13:14.002 [info] > git status -z -uall [8ms]
2026-05-16 00:13:14.004 [info] > git for-each-ref --sort -committerdate --format %(refname)%00%(objectname)%00%(*objectname) [3ms]
2026-05-16 00:13:14.417 [info] > git check-ignore -v -z --stdin [2ms]
2026-05-16 00:13:16.830 [info] > git check-ignore -v -z --stdin [3ms]
2026-05-16 00:13:19.025 [info] [Git][getRemotes] No remotes found in the git config file
2026-05-16 00:13:19.027 [info] > git config --get commit.template [10ms]
2026-05-16 00:13:19.028 [info] > git for-each-ref --format=%(refname)%00%(upstream:short)%00%(objectname)%00%(upstream:track)%00%(upstream:remotename)%00%(upstream:remoteref) refs/heads/master refs/remotes/master [3ms]
2026-05-16 00:13:19.046 [info] > git status -z -uall [11ms]
2026-05-16 00:13:19.047 [info] > git for-each-ref --sort -committerdate --format %(refname)%00%(objectname)%00%(*objectname) [3ms]
2026-05-16 00:13:21.536 [info] > git check-ignore -v -z --stdin [4ms]
2026-05-16 00:13:21.740 [info] > git check-ignore -v -z --stdin [2ms]
2026-05-16 00:13:22.040 [info] > git check-ignore -v -z --stdin [3ms]
2026-05-16 00:13:22.938 [info] > git check-ignore -v -z --stdin [2ms]
2026-05-16 00:13:23.199 [info] > git check-ignore -v -z --stdin [3ms]
2026-05-16 00:13:24.508 [info] > git check-ignore -v -z --stdin [2ms]
2026-05-16 00:13:25.082 [info] > git config --get commit.template [2ms]
2026-05-16 00:13:25.090 [info] [Git][getRemotes] No remotes found in the git config file
2026-05-16 00:13:25.092 [info] > git for-each-ref --format=%(refname)%00%(upstream:short)%00%(objectname)%00%(upstream:track)%00%(upstream:remotename)%00%(upstream:remoteref) refs/heads/master refs/remotes/master [3ms]
2026-05-16 00:13:25.107 [info] > git status -z -uall [7ms]
2026-05-16 00:13:25.108 [info] > git for-each-ref --sort -committerdate --format %(refname)%00%(objectname)%00%(*objectname) [3ms]
2026-05-16 00:13:29.183 [info] > git check-ignore -v -z --stdin [3ms]
2026-05-16 00:13:30.126 [info] [Git][getRemotes] No remotes found in the git config file
2026-05-16 00:13:30.127 [info] > git config --get commit.template [7ms]
2026-05-16 00:13:30.128 [info] > git for-each-ref --format=%(refname)%00%(upstream:short)%00%(objectname)%00%(upstream:track)%00%(upstream:remotename)%00%(upstream:remoteref) refs/heads/master refs/remotes/master [2ms]
2026-05-16 00:13:30.143 [info] > git status -z -uall [8ms]
2026-05-16 00:13:30.145 [info] > git for-each-ref --sort -committerdate --format %(refname)%00%(objectname)%00%(*objectname) [3ms]
2026-05-16 00:13:35.159 [info] > git config --get commit.template [2ms]
2026-05-16 00:13:35.167 [info] [Git][getRemotes] No remotes found in the git config file
2026-05-16 00:13:35.169 [info] > git for-each-ref --format=%(refname)%00%(upstream:short)%00%(objectname)%00%(upstream:track)%00%(upstream:remotename)%00%(upstream:remoteref) refs/heads/master refs/remotes/master [2ms]
2026-05-16 00:13:35.185 [info] > git status -z -uall [10ms]
2026-05-16 00:13:35.187 [info] > git for-each-ref --sort -committerdate --format %(refname)%00%(objectname)%00%(*objectname) [3ms]
2026-05-16 00:15:26.123 [info] > git fetch [23ms]
2026-05-16 00:15:26.125 [info] > git fetch [36ms]
2026-05-16 00:15:26.148 [info] > git config --get commit.template [10ms]
2026-05-16 00:15:26.149 [info] > git config --get commit.template [3ms]
2026-05-16 00:15:26.159 [info] [Git][getRemotes] No remotes found in the git config file
2026-05-16 00:15:26.167 [info] [Git][getRemotes] No remotes found in the git config file
2026-05-16 00:15:26.169 [info] > git for-each-ref --format=%(refname)%00%(upstream:short)%00%(objectname)%00%(upstream:track)%00%(upstream:remotename)%00%(upstream:remoteref) refs/heads/master refs/remotes/master [10ms]
2026-05-16 00:15:26.169 [warning] [Git][getBranch] No such branch: master
2026-05-16 00:15:26.185 [info] > git status -z -uall [9ms]
2026-05-16 00:15:26.186 [info] > git for-each-ref --format=%(refname)%00%(upstream:short)%00%(objectname)%00%(upstream:track)%00%(upstream:remotename)%00%(upstream:remoteref) refs/heads/master refs/remotes/master [19ms]
2026-05-16 00:15:26.205 [info] > git status -z -uall [12ms]
2026-05-16 00:15:26.205 [info] > git for-each-ref --sort -committerdate --format %(refname)%00%(objectname)%00%(*objectname) [22ms]
2026-05-16 00:15:26.208 [info] > git for-each-ref --sort -committerdate --format %(refname)%00%(objectname)%00%(*objectname) [7ms]
2026-05-16 00:15:26.525 [info] > git check-ignore -v -z --stdin [2ms]
2026-05-16 00:15:27.267 [info] [Git][getRemotes] No remotes found in the git config file
2026-05-16 00:15:27.275 [info] > git config --get commit.template [10ms]
2026-05-16 00:15:27.276 [info] > git for-each-ref --format=%(refname)%00%(upstream:short)%00%(objectname)%00%(upstream:track)%00%(upstream:remotename)%00%(upstream:remoteref) refs/heads/master refs/remotes/master [2ms]
2026-05-16 00:15:27.276 [warning] [Git][getBranch] No such branch: master
2026-05-16 00:15:27.290 [info] > git status -z -uall [7ms]
2026-05-16 00:15:27.293 [info] > git for-each-ref --sort -committerdate --format %(refname)%00%(objectname)%00%(*objectname) [3ms]
2026-05-16 00:15:27.371 [info] > git ls-files --stage -- main.c [3ms]
2026-05-16 00:15:27.380 [info] > git cat-file -s 4f525f867080249e480fd9538caff00f8d6ec702 [2ms]
2026-05-16 00:15:27.399 [info] > git show --textconv :main.c [5ms]
2026-05-16 00:15:27.617 [info] > git check-ignore -v -z --stdin [3ms]
2026-05-16 00:15:40.338 [info] > git fetch [14218ms]
2026-05-16 00:15:40.339 [info] > git fetch [14229ms]
2026-05-16 00:15:40.356 [info] > git config --get commit.template [8ms]
2026-05-16 00:15:40.373 [info] > git for-each-ref --format=%(refname)%00%(upstream:short)%00%(objectname)%00%(upstream:track)%00%(upstream:remotename)%00%(upstream:remoteref) refs/heads/amar refs/remotes/amar [10ms]
2026-05-16 00:15:40.373 [info] > git config --get commit.template [18ms]
2026-05-16 00:15:40.375 [info] > git for-each-ref --format=%(refname)%00%(upstream:short)%00%(objectname)%00%(upstream:track)%00%(upstream:remotename)%00%(upstream:remoteref) refs/heads/master refs/remotes/master [5ms]
2026-05-16 00:15:40.413 [info] > git status -z -uall [29ms]
2026-05-16 00:15:40.413 [info] > git status -z -uall [9ms]
2026-05-16 00:15:40.415 [info] > git for-each-ref --sort -committerdate --format %(refname)%00%(objectname)%00%(*objectname) [3ms]
2026-05-16 00:15:40.419 [info] > git for-each-ref --sort -committerdate --format %(refname)%00%(objectname)%00%(*objectname) [25ms]
2026-05-16 00:15:42.183 [info] > git check-ignore -v -z --stdin [4ms]
2026-05-16 00:15:42.412 [info] > git check-ignore -v -z --stdin [2ms]
2026-05-16 00:15:43.556 [info] > git check-ignore -v -z --stdin [3ms]
2026-05-16 00:15:45.005 [info] > git check-ignore -v -z --stdin [2ms]
2026-05-16 00:15:45.455 [info] [Git][getRemotes] No remotes found in the git config file
2026-05-16 00:15:45.462 [info] > git config --get commit.template [8ms]
2026-05-16 00:15:45.465 [info] > git for-each-ref --format=%(refname)%00%(upstream:short)%00%(objectname)%00%(upstream:track)%00%(upstream:remotename)%00%(upstream:remoteref) refs/heads/master refs/remotes/master [4ms]
2026-05-16 00:15:45.485 [info] > git status -z -uall [11ms]
2026-05-16 00:15:45.487 [info] > git for-each-ref --sort -committerdate --format %(refname)%00%(objectname)%00%(*objectname) [4ms]
2026-05-16 00:15:48.395 [info] > git check-ignore -v -z --stdin [3ms]
2026-05-16 00:15:50.503 [info] [Git][getRemotes] No remotes found in the git config file
2026-05-16 00:15:50.510 [info] > git config --get commit.template [8ms]
2026-05-16 00:15:50.513 [info] > git for-each-ref --format=%(refname)%00%(upstream:short)%00%(objectname)%00%(upstream:track)%00%(upstream:remotename)%00%(upstream:remoteref) refs/heads/master refs/remotes/master [3ms]
2026-05-16 00:15:50.526 [info] > git status -z -uall [8ms]
2026-05-16 00:15:50.529 [info] > git for-each-ref --sort -committerdate --format %(refname)%00%(objectname)%00%(*objectname) [3ms]
2026-05-16 00:15:51.185 [info] > git check-ignore -v -z --stdin [4ms]
2026-05-16 00:15:55.198 [info] > git check-ignore -v -z --stdin [3ms]
2026-05-16 00:15:55.528 [info] > git check-ignore -v -z --stdin [2ms]
2026-05-16 00:15:55.541 [info] > git config --get commit.template [2ms]
2026-05-16 00:15:55.541 [info] [Git][getRemotes] No remotes found in the git config file
2026-05-16 00:15:55.551 [info] > git for-each-ref --format=%(refname)%00%(upstream:short)%00%(objectname)%00%(upstream:track)%00%(upstream:remotename)%00%(upstream:remoteref) refs/heads/master refs/remotes/master [3ms]
2026-05-16 00:15:55.566 [info] > git status -z -uall [8ms]
2026-05-16 00:15:55.568 [info] > git for-each-ref --sort -committerdate --format %(refname)%00%(objectname)%00%(*objectname) [3ms]
2026-05-16 00:16:10.887 [info] [Git][getRemotes] No remotes found in the git config file
2026-05-16 00:16:10.889 [info] > git config --get commit.template [13ms]
2026-05-16 00:16:10.890 [info] > git for-each-ref --format=%(refname)%00%(upstream:short)%00%(objectname)%00%(upstream:track)%00%(upstream:remotename)%00%(upstream:remoteref) refs/heads/master refs/remotes/master [4ms]
2026-05-16 00:16:10.914 [info] > git status -z -uall [13ms]
2026-05-16 00:16:10.917 [info] > git for-each-ref --sort -committerdate --format %(refname)%00%(objectname)%00%(*objectname) [5ms]
2026-05-16 00:16:13.148 [info] > git check-ignore -v -z --stdin [2ms]
2026-05-16 00:16:14.948 [info] > git check-ignore -v -z --stdin [1ms]
2026-05-16 00:16:15.207 [info] > git check-ignore -v -z --stdin [2ms]
2026-05-16 00:16:15.934 [info] [Git][getRemotes] No remotes found in the git config file
2026-05-16 00:16:15.941 [info] > git config --get commit.template [8ms]
2026-05-16 00:16:15.942 [info] > git for-each-ref --format=%(refname)%00%(upstream:short)%00%(objectname)%00%(upstream:track)%00%(upstream:remotename)%00%(upstream:remoteref) refs/heads/master refs/remotes/master [2ms]
2026-05-16 00:16:15.958 [info] > git status -z -uall [9ms]
2026-05-16 00:16:15.959 [info] > git for-each-ref --sort -committerdate --format %(refname)%00%(objectname)%00%(*objectname) [3ms]
2026-05-16 00:16:17.296 [info] > git check-ignore -v -z --stdin [3ms]
2026-05-16 00:16:17.535 [info] > git check-ignore -v -z --stdin [3ms]
2026-05-16 00:16:19.103 [info] > git check-ignore -v -z --stdin [2ms]
2026-05-16 00:16:19.777 [info] > git check-ignore -v -z --stdin [2ms]
2026-05-16 00:16:20.217 [info] > git check-ignore -v -z --stdin [3ms]
2026-05-16 00:16:20.979 [info] [Git][getRemotes] No remotes found in the git config file
2026-05-16 00:16:20.979 [info] > git config --get commit.template [7ms]
2026-05-16 00:16:20.980 [info] > git for-each-ref --format=%(refname)%00%(upstream:short)%00%(objectname)%00%(upstream:track)%00%(upstream:remotename)%00%(upstream:remoteref) refs/heads/master refs/remotes/master [2ms]
2026-05-16 00:16:20.995 [info] > git status -z -uall [9ms]
2026-05-16 00:16:20.997 [info] > git for-each-ref --sort -committerdate --format %(refname)%00%(objectname)%00%(*objectname) [3ms]
2026-05-16 00:16:24.325 [info] > git check-ignore -v -z --stdin [3ms]
2026-05-16 00:16:24.669 [info] > git check-ignore -v -z --stdin [3ms]
2026-05-16 00:16:25.800 [info] > git check-ignore -v -z --stdin [3ms]
2026-05-16 00:16:26.023 [info] [Git][getRemotes] No remotes found in the git config file
2026-05-16 00:16:26.024 [info] > git config --get commit.template [13ms]
2026-05-16 00:16:26.025 [info] > git for-each-ref --format=%(refname)%00%(upstream:short)%00%(objectname)%00%(upstream:track)%00%(upstream:remotename)%00%(upstream:remoteref) refs/heads/master refs/remotes/master [3ms]
2026-05-16 00:16:26.046 [info] > git status -z -uall [10ms]
2026-05-16 00:16:26.048 [info] > git for-each-ref --sort -committerdate --format %(refname)%00%(objectname)%00%(*objectname) [4ms]
2026-05-16 00:17:16.305 [info] [Git][getRemotes] No remotes found in the git config file
2026-05-16 00:17:16.307 [info] > git config --get commit.template [16ms]
2026-05-16 00:17:16.308 [info] > git for-each-ref --format=%(refname)%00%(upstream:short)%00%(objectname)%00%(upstream:track)%00%(upstream:remotename)%00%(upstream:remoteref) refs/heads/master refs/remotes/master [4ms]
2026-05-16 00:17:16.327 [info] > git status -z -uall [9ms]
2026-05-16 00:17:16.329 [info] > git for-each-ref --sort -committerdate --format %(refname)%00%(objectname)%00%(*objectname) [3ms]
2026-05-16 00:17:18.374 [info] > git check-ignore -v -z --stdin [3ms]
2026-05-16 00:17:19.903 [info] > git check-ignore -v -z --stdin [2ms]
2026-05-16 00:17:20.295 [info] > git check-ignore -v -z --stdin [3ms]
2026-05-16 00:17:22.193 [info] > git config --get commit.template [4ms]
2026-05-16 00:17:22.195 [info] [Git][getRemotes] No remotes found in the git config file
2026-05-16 00:17:22.207 [info] > git for-each-ref --format=%(refname)%00%(upstream:short)%00%(objectname)%00%(upstream:track)%00%(upstream:remotename)%00%(upstream:remoteref) refs/heads/master refs/remotes/master [5ms]
2026-05-16 00:17:22.231 [info] > git status -z -uall [14ms]
2026-05-16 00:17:22.246 [info] > git for-each-ref --sort -committerdate --format %(refname)%00%(objectname)%00%(*objectname) [17ms]
2026-05-16 00:17:22.649 [info] > git check-ignore -v -z --stdin [3ms]
2026-05-16 00:17:24.469 [info] > git check-ignore -v -z --stdin [2ms]
2026-05-16 00:17:24.692 [info] > git check-ignore -v -z --stdin [3ms]
2026-05-16 00:17:24.909 [info] > git check-ignore -v -z --stdin [3ms]
2026-05-16 00:17:25.484 [info] > git check-ignore -v -z --stdin [2ms]
2026-05-16 00:17:27.115 [info] > git check-ignore -v -z --stdin [3ms]
2026-05-16 00:17:27.267 [info] [Git][getRemotes] No remotes found in the git config file
2026-05-16 00:17:27.269 [info] > git config --get commit.template [10ms]
2026-05-16 00:17:27.270 [info] > git for-each-ref --format=%(refname)%00%(upstream:short)%00%(objectname)%00%(upstream:track)%00%(upstream:remotename)%00%(upstream:remoteref) refs/heads/master refs/remotes/master [3ms]
2026-05-16 00:17:27.288 [info] > git status -z -uall [10ms]
2026-05-16 00:17:27.290 [info] > git for-each-ref --sort -committerdate --format %(refname)%00%(objectname)%00%(*objectname) [4ms]
2026-05-16 00:17:27.407 [info] > git check-ignore -v -z --stdin [2ms]
2026-05-16 00:17:28.153 [info] > git check-ignore -v -z --stdin [3ms]
2026-05-16 00:17:29.181 [info] > git check-ignore -v -z --stdin [3ms]
2026-05-16 00:17:29.408 [info] > git check-ignore -v -z --stdin [3ms]
2026-05-16 00:17:30.115 [info] > git check-ignore -v -z --stdin [2ms]
2026-05-16 00:17:32.311 [info] [Git][getRemotes] No remotes found in the git config file
2026-05-16 00:17:32.315 [info] > git for-each-ref --format=%(refname)%00%(upstream:short)%00%(objectname)%00%(upstream:track)%00%(upstream:remotename)%00%(upstream:remoteref) refs/heads/master refs/remotes/master [3ms]
2026-05-16 00:17:32.315 [info] > git config --get commit.template [11ms]
2026-05-16 00:17:32.335 [info] > git status -z -uall [11ms]
2026-05-16 00:17:32.336 [info] > git for-each-ref --sort -committerdate --format %(refname)%00%(objectname)%00%(*objectname) [2ms]
2026-05-16 00:17:32.917 [info] > git check-ignore -v -z --stdin [4ms]
2026-05-16 00:17:37.348 [info] [Git][getRemotes] No remotes found in the git config file
2026-05-16 00:17:37.355 [info] > git config --get commit.template [8ms]
2026-05-16 00:17:37.358 [info] > git for-each-ref --format=%(refname)%00%(upstream:short)%00%(objectname)%00%(upstream:track)%00%(upstream:remotename)%00%(upstream:remoteref) refs/heads/master refs/remotes/master [4ms]
2026-05-16 00:17:37.375 [info] > git status -z -uall [8ms]
2026-05-16 00:17:37.376 [info] > git for-each-ref --sort -committerdate --format %(refname)%00%(objectname)%00%(*objectname) [2ms]
2026-05-16 00:18:11.041 [info] > git check-ignore -v -z --stdin [2ms]
2026-05-16 00:18:11.756 [info] > git check-ignore -v -z --stdin [3ms]
2026-05-16 00:18:11.992 [info] > git check-ignore -v -z --stdin [3ms]
2026-05-16 00:18:12.726 [info] > git check-ignore -v -z --stdin [5ms]
2026-05-16 00:18:13.067 [info] > git check-ignore -v -z --stdin [3ms]
2026-05-16 00:18:14.951 [info] > git config --get commit.template [2ms]
2026-05-16 00:18:14.958 [info] [Git][getRemotes] No remotes found in the git config file
2026-05-16 00:18:14.960 [info] > git for-each-ref --format=%(refname)%00%(upstream:short)%00%(objectname)%00%(upstream:track)%00%(upstream:remotename)%00%(upstream:remoteref) refs/heads/master refs/remotes/master [2ms]
2026-05-16 00:18:14.973 [info] > git status -z -uall [7ms]
2026-05-16 00:18:14.974 [info] > git for-each-ref --sort -committerdate --format %(refname)%00%(objectname)%00%(*objectname) [2ms]
2026-05-16 00:18:17.797 [info] > git check-ignore -v -z --stdin [2ms]
2026-05-16 00:18:19.206 [info] > git check-ignore -v -z --stdin [2ms]
2026-05-16 00:18:19.529 [info] > git check-ignore -v -z --stdin [2ms]
2026-05-16 00:18:21.417 [info] [Git][getRemotes] No remotes found in the git config file
2026-05-16 00:18:21.418 [info] > git config --get commit.template [10ms]
2026-05-16 00:18:21.420 [info] > git for-each-ref --format=%(refname)%00%(upstream:short)%00%(objectname)%00%(upstream:track)%00%(upstream:remotename)%00%(upstream:remoteref) refs/heads/master refs/remotes/master [3ms]
2026-05-16 00:18:21.435 [info] > git status -z -uall [8ms]
2026-05-16 00:18:21.437 [info] > git for-each-ref --sort -committerdate --format %(refname)%00%(objectname)%00%(*objectname) [3ms]
2026-05-16 00:18:22.790 [info] > git check-ignore -v -z --stdin [2ms]
2026-05-16 00:18:23.602 [info] > git check-ignore -v -z --stdin [2ms]
2026-05-16 00:18:24.333 [info] > git check-ignore -v -z --stdin [2ms]
2026-05-16 00:18:24.803 [info] > git check-ignore -v -z --stdin [3ms]
2026-05-16 00:19:02.710 [info] > git fetch [36ms]
2026-05-16 00:19:02.711 [info] > git fetch [48ms]
2026-05-16 00:19:02.733 [info] > git config --get commit.template [25ms]
2026-05-16 00:19:02.734 [info] > git config --get commit.template [2ms]
2026-05-16 00:19:02.734 [info] > git config --get commit.template [11ms]
2026-05-16 00:19:02.740 [info] [Git][getRemotes] No remotes found in the git config file
2026-05-16 00:19:02.748 [info] [Git][getRemotes] No remotes found in the git config file
2026-05-16 00:19:02.755 [info] [Git][getRemotes] No remotes found in the git config file
2026-05-16 00:19:02.758 [info] > git for-each-ref --format=%(refname)%00%(upstream:short)%00%(objectname)%00%(upstream:track)%00%(upstream:remotename)%00%(upstream:remoteref) refs/heads/master refs/remotes/master [3ms]
2026-05-16 00:19:02.758 [warning] [Git][getBranch] No such branch: master
2026-05-16 00:19:02.773 [info] > git for-each-ref --format=%(refname)%00%(upstream:short)%00%(objectname)%00%(upstream:track)%00%(upstream:remotename)%00%(upstream:remoteref) refs/heads/master refs/remotes/master [25ms]
2026-05-16 00:19:02.786 [info] > git for-each-ref --format=%(refname)%00%(upstream:short)%00%(objectname)%00%(upstream:track)%00%(upstream:remotename)%00%(upstream:remoteref) refs/heads/master refs/remotes/master [46ms]
2026-05-16 00:19:02.789 [info] > git status -z -uall [23ms]
2026-05-16 00:19:02.789 [info] > git status -z -uall [10ms]
2026-05-16 00:19:02.789 [info] > git for-each-ref --sort -committerdate --format %(refname)%00%(objectname)%00%(*objectname) [17ms]
2026-05-16 00:19:02.792 [info] > git for-each-ref --sort -committerdate --format %(refname)%00%(objectname)%00%(*objectname) [6ms]
2026-05-16 00:19:03.109 [info] > git check-ignore -v -z --stdin [3ms]
2026-05-16 00:19:03.949 [info] > git ls-files --stage -- main.c [4ms]
2026-05-16 00:19:03.959 [info] > git cat-file -s 4f525f867080249e480fd9538caff00f8d6ec702 [4ms]
2026-05-16 00:19:03.975 [info] > git show --textconv :main.c [3ms]
2026-05-16 00:19:05.263 [info] > git check-ignore -v -z --stdin [3ms]
2026-05-16 00:19:06.077 [info] > git check-ignore -v -z --stdin [2ms]
2026-05-16 00:19:08.467 [info] [Git][getRemotes] No remotes found in the git config file
2026-05-16 00:19:08.476 [info] > git config --get commit.template [10ms]
2026-05-16 00:19:08.478 [info] > git for-each-ref --format=%(refname)%00%(upstream:short)%00%(objectname)%00%(upstream:track)%00%(upstream:remotename)%00%(upstream:remoteref) refs/heads/master refs/remotes/master [3ms]
2026-05-16 00:19:08.494 [info] > git status -z -uall [8ms]
2026-05-16 00:19:08.496 [info] > git for-each-ref --sort -committerdate --format %(refname)%00%(objectname)%00%(*objectname) [3ms]
2026-05-16 00:19:13.516 [info] [Git][getRemotes] No remotes found in the git config file
2026-05-16 00:19:13.517 [info] > git config --get commit.template [9ms]
2026-05-16 00:19:13.519 [info] > git for-each-ref --format=%(refname)%00%(upstream:short)%00%(objectname)%00%(upstream:track)%00%(upstream:remotename)%00%(upstream:remoteref) refs/heads/master refs/remotes/master [3ms]
2026-05-16 00:19:13.533 [info] > git status -z -uall [7ms]
2026-05-16 00:19:13.536 [info] > git for-each-ref --sort -committerdate --format %(refname)%00%(objectname)%00%(*objectname) [4ms]
2026-05-16 00:19:15.300 [info] > git fetch [12613ms]
2026-05-16 00:19:15.313 [info] > git fetch [12616ms]
2026-05-16 00:19:15.321 [info] > git config --get commit.template [10ms]
2026-05-16 00:19:15.334 [info] > git config --get commit.template [14ms]
2026-05-16 00:19:15.335 [info] > git for-each-ref --format=%(refname)%00%(upstream:short)%00%(objectname)%00%(upstream:track)%00%(upstream:remotename)%00%(upstream:remoteref) refs/heads/master refs/remotes/master [8ms]
2026-05-16 00:19:15.336 [info] > git for-each-ref --format=%(refname)%00%(upstream:short)%00%(objectname)%00%(upstream:track)%00%(upstream:remotename)%00%(upstream:remoteref) refs/heads/amar refs/remotes/amar [3ms]
2026-05-16 00:19:15.350 [info] > git status -z -uall [8ms]
2026-05-16 00:19:15.368 [info] > git status -z -uall [11ms]
2026-05-16 00:19:15.369 [info] > git for-each-ref --sort -committerdate --format %(refname)%00%(objectname)%00%(*objectname) [20ms]
2026-05-16 00:19:15.373 [info] > git for-each-ref --sort -committerdate --format %(refname)%00%(objectname)%00%(*objectname) [7ms]
2026-05-16 00:19:17.477 [info] > git check-ignore -v -z --stdin [2ms]
2026-05-16 00:19:17.697 [info] > git check-ignore -v -z --stdin [3ms]
2026-05-16 00:19:17.927 [info] > git check-ignore -v -z --stdin [2ms]
2026-05-16 00:19:19.754 [info] > git check-ignore -v -z --stdin [3ms]
2026-05-16 00:19:19.820 [info] [Git][getRemotes] No remotes found in the git config file
2026-05-16 00:19:19.821 [info] > git config --get commit.template [11ms]
2026-05-16 00:19:19.822 [info] > git for-each-ref --format=%(refname)%00%(upstream:short)%00%(objectname)%00%(upstream:track)%00%(upstream:remotename)%00%(upstream:remoteref) refs/heads/master refs/remotes/master [3ms]
2026-05-16 00:19:19.837 [info] > git status -z -uall [8ms]
2026-05-16 00:19:19.840 [info] > git for-each-ref --sort -committerdate --format %(refname)%00%(objectname)%00%(*objectname) [3ms]
2026-05-16 00:19:20.084 [info] > git check-ignore -v -z --stdin [3ms]
2026-05-16 00:19:20.669 [info] > git check-ignore -v -z --stdin [3ms]
2026-05-16 00:19:22.743 [info] > git check-ignore -v -z --stdin [4ms]
2026-05-16 00:19:22.963 [info] > git check-ignore -v -z --stdin [9ms]
2026-05-16 00:19:23.169 [info] > git check-ignore -v -z --stdin [4ms]
2026-05-16 00:19:23.374 [info] > git check-ignore -v -z --stdin [3ms]
2026-05-16 00:19:24.854 [info] [Git][getRemotes] No remotes found in the git config file
2026-05-16 00:19:24.865 [info] > git config --get commit.template [13ms]
2026-05-16 00:19:24.867 [info] > git for-each-ref --format=%(refname)%00%(upstream:short)%00%(objectname)%00%(upstream:track)%00%(upstream:remotename)%00%(upstream:remoteref) refs/heads/master refs/remotes/master [4ms]
2026-05-16 00:19:24.888 [info] > git status -z -uall [12ms]
2026-05-16 00:19:24.895 [info] > git for-each-ref --sort -committerdate --format %(refname)%00%(objectname)%00%(*objectname) [9ms]
2026-05-16 00:19:25.095 [info] > git check-ignore -v -z --stdin [2ms]
2026-05-16 00:19:26.031 [info] > git check-ignore -v -z --stdin [2ms]
2026-05-16 00:19:26.508 [info] > git check-ignore -v -z --stdin [2ms]
2026-05-16 00:19:27.077 [info] > git check-ignore -v -z --stdin [3ms]
2026-05-16 00:19:27.681 [info] > git check-ignore -v -z --stdin [3ms]
2026-05-16 00:19:28.335 [info] > git check-ignore -v -z --stdin [2ms]
2026-05-16 00:19:28.876 [info] > git check-ignore -v -z --stdin [3ms]
2026-05-16 00:19:29.916 [info] [Git][getRemotes] No remotes found in the git config file
2026-05-16 00:19:29.917 [info] > git config --get commit.template [8ms]
2026-05-16 00:19:29.919 [info] > git for-each-ref --format=%(refname)%00%(upstream:short)%00%(objectname)%00%(upstream:track)%00%(upstream:remotename)%00%(upstream:remoteref) refs/heads/master refs/remotes/master [3ms]
2026-05-16 00:19:29.935 [info] > git status -z -uall [7ms]
2026-05-16 00:19:29.938 [info] > git for-each-ref --sort -committerdate --format %(refname)%00%(objectname)%00%(*objectname) [3ms]
2026-05-16 00:19:34.505 [info] [Git][getRemotes] No remotes found in the git config file
2026-05-16 00:19:34.506 [info] > git config --get commit.template [9ms]
2026-05-16 00:19:34.507 [info] > git for-each-ref --format=%(refname)%00%(upstream:short)%00%(objectname)%00%(upstream:track)%00%(upstream:remotename)%00%(upstream:remoteref) refs/heads/master refs/remotes/master [3ms]
2026-05-16 00:19:34.522 [info] > git status -z -uall [8ms]
2026-05-16 00:19:34.525 [info] > git for-each-ref --sort -committerdate --format %(refname)%00%(objectname)%00%(*objectname) [4ms]
2026-05-16 00:19:47.989 [info] > git check-ignore -v -z --stdin [3ms]
2026-05-16 00:19:48.753 [info] > git check-ignore -v -z --stdin [3ms]
2026-05-16 00:19:49.287 [info] > git check-ignore -v -z --stdin [3ms]
2026-05-16 00:19:49.558 [info] > git check-ignore -v -z --stdin [3ms]
2026-05-16 00:19:50.080 [info] > git check-ignore -v -z --stdin [2ms]
2026-05-16 00:19:51.455 [info] > git check-ignore -v -z --stdin [3ms]
2026-05-16 00:19:51.699 [info] > git check-ignore -v -z --stdin [3ms]
2026-05-16 00:19:51.981 [info] [Git][getRemotes] No remotes found in the git config file
2026-05-16 00:19:51.989 [info] > git config --get commit.template [9ms]
2026-05-16 00:19:51.991 [info] > git for-each-ref --format=%(refname)%00%(upstream:short)%00%(objectname)%00%(upstream:track)%00%(upstream:remotename)%00%(upstream:remoteref) refs/heads/master refs/remotes/master [3ms]
2026-05-16 00:19:52.010 [info] > git status -z -uall [9ms]
2026-05-16 00:19:52.011 [info] > git for-each-ref --sort -committerdate --format %(refname)%00%(objectname)%00%(*objectname) [2ms]
2026-05-16 00:19:52.784 [info] > git check-ignore -v -z --stdin [2ms]
2026-05-16 00:19:54.086 [info] > git check-ignore -v -z --stdin [3ms]
2026-05-16 00:19:54.364 [info] > git check-ignore -v -z --stdin [3ms]
2026-05-16 00:19:54.913 [info] > git check-ignore -v -z --stdin [3ms]
2026-05-16 00:19:55.335 [info] > git check-ignore -v -z --stdin [3ms]
2026-05-16 00:19:56.063 [info] > git check-ignore -v -z --stdin [3ms]
2026-05-16 00:19:57.028 [info] > git config --get commit.template [3ms]
2026-05-16 00:19:57.035 [info] [Git][getRemotes] No remotes found in the git config file
2026-05-16 00:19:57.038 [info] > git for-each-ref --format=%(refname)%00%(upstream:short)%00%(objectname)%00%(upstream:track)%00%(upstream:remotename)%00%(upstream:remoteref) refs/heads/master refs/remotes/master [3ms]
2026-05-16 00:19:57.053 [info] > git status -z -uall [8ms]
2026-05-16 00:19:57.055 [info] > git for-each-ref --sort -committerdate --format %(refname)%00%(objectname)%00%(*objectname) [3ms]
2026-05-16 00:20:02.074 [info] [Git][getRemotes] No remotes found in the git config file
2026-05-16 00:20:02.075 [info] > git config --get commit.template [8ms]
2026-05-16 00:20:02.076 [info] > git for-each-ref --format=%(refname)%00%(upstream:short)%00%(objectname)%00%(upstream:track)%00%(upstream:remotename)%00%(upstream:remoteref) refs/heads/master refs/remotes/master [2ms]
2026-05-16 00:20:02.090 [info] > git status -z -uall [8ms]
2026-05-16 00:20:02.092 [info] > git for-each-ref --sort -committerdate --format %(refname)%00%(objectname)%00%(*objectname) [3ms]
2026-05-16 00:20:51.970 [info] > git check-ignore -v -z --stdin [2ms]
2026-05-16 00:20:53.655 [info] > git check-ignore -v -z --stdin [3ms]
2026-05-16 00:20:53.967 [info] > git check-ignore -v -z --stdin [3ms]
2026-05-16 00:20:55.294 [info] > git check-ignore -v -z --stdin [3ms]
2026-05-16 00:20:55.853 [info] [Git][getRemotes] No remotes found in the git config file
2026-05-16 00:20:55.861 [info] > git config --get commit.template [10ms]
2026-05-16 00:20:55.863 [info] > git for-each-ref --format=%(refname)%00%(upstream:short)%00%(objectname)%00%(upstream:track)%00%(upstream:remotename)%00%(upstream:remoteref) refs/heads/master refs/remotes/master [3ms]
2026-05-16 00:20:55.878 [info] > git status -z -uall [8ms]
2026-05-16 00:20:55.880 [info] > git for-each-ref --sort -committerdate --format %(refname)%00%(objectname)%00%(*objectname) [3ms]
2026-05-16 00:21:00.845 [info] > git check-ignore -v -z --stdin [4ms]
2026-05-16 00:21:00.903 [info] [Git][getRemotes] No remotes found in the git config file
2026-05-16 00:21:00.904 [info] > git config --get commit.template [9ms]
2026-05-16 00:21:00.905 [info] > git for-each-ref --format=%(refname)%00%(upstream:short)%00%(objectname)%00%(upstream:track)%00%(upstream:remotename)%00%(upstream:remoteref) refs/heads/master refs/remotes/master [2ms]
2026-05-16 00:21:00.923 [info] > git status -z -uall [11ms]
2026-05-16 00:21:00.924 [info] > git for-each-ref --sort -committerdate --format %(refname)%00%(objectname)%00%(*objectname) [3ms]
2026-05-16 00:21:02.248 [info] > git check-ignore -v -z --stdin [3ms]
2026-05-16 00:21:03.079 [info] > git check-ignore -v -z --stdin [2ms]
2026-05-16 00:21:04.010 [info] > git check-ignore -v -z --stdin [2ms]
2026-05-16 00:21:04.500 [info] > git check-ignore -v -z --stdin [3ms]
2026-05-16 00:21:05.127 [info] > git check-ignore -v -z --stdin [3ms]
2026-05-16 00:21:07.048 [info] [Git][getRemotes] No remotes found in the git config file
2026-05-16 00:21:07.049 [info] > git config --get commit.template [8ms]
2026-05-16 00:21:07.051 [info] > git for-each-ref --format=%(refname)%00%(upstream:short)%00%(objectname)%00%(upstream:track)%00%(upstream:remotename)%00%(upstream:remoteref) refs/heads/master refs/remotes/master [2ms]
2026-05-16 00:21:07.065 [info] > git status -z -uall [8ms]
2026-05-16 00:21:07.067 [info] > git for-each-ref --sort -committerdate --format %(refname)%00%(objectname)%00%(*objectname) [3ms]
2026-05-16 00:21:09.469 [info] > git check-ignore -v -z --stdin [3ms]
2026-05-16 00:21:09.733 [info] > git check-ignore -v -z --stdin [3ms]
2026-05-16 00:21:10.458 [info] > git check-ignore -v -z --stdin [2ms]
2026-05-16 00:21:11.877 [info] > git config --get commit.template [4ms]
2026-05-16 00:21:11.888 [info] [Git][getRemotes] No remotes found in the git config file
2026-05-16 00:21:11.895 [info] > git for-each-ref --format=%(refname)%00%(upstream:short)%00%(objectname)%00%(upstream:track)%00%(upstream:remotename)%00%(upstream:remoteref) refs/heads/master refs/remotes/master [8ms]
2026-05-16 00:21:11.915 [info] > git status -z -uall [11ms]
2026-05-16 00:21:11.918 [info] > git for-each-ref --sort -committerdate --format %(refname)%00%(objectname)%00%(*objectname) [6ms]
2026-05-16 00:21:12.354 [info] > git check-ignore -v -z --stdin [2ms]
2026-05-16 00:21:14.253 [info] > git check-ignore -v -z --stdin [3ms]
2026-05-16 00:21:14.834 [info] > git check-ignore -v -z --stdin [3ms]
2026-05-16 00:21:16.190 [info] > git check-ignore -v -z --stdin [3ms]
2026-05-16 00:21:16.557 [info] > git check-ignore -v -z --stdin [2ms]
2026-05-16 00:21:16.938 [info] > git config --get commit.template [4ms]
2026-05-16 00:21:16.939 [info] [Git][getRemotes] No remotes found in the git config file
2026-05-16 00:21:16.950 [info] > git for-each-ref --format=%(refname)%00%(upstream:short)%00%(objectname)%00%(upstream:track)%00%(upstream:remotename)%00%(upstream:remoteref) refs/heads/master refs/remotes/master [4ms]
2026-05-16 00:21:16.970 [info] > git status -z -uall [10ms]
2026-05-16 00:21:16.973 [info] > git for-each-ref --sort -committerdate --format %(refname)%00%(objectname)%00%(*objectname) [5ms]
2026-05-16 00:21:17.147 [info] > git check-ignore -v -z --stdin [3ms]
2026-05-16 00:21:17.757 [info] > git check-ignore -v -z --stdin [3ms]
2026-05-16 00:21:18.473 [info] > git check-ignore -v -z --stdin [3ms]
2026-05-16 00:21:18.709 [info] > git check-ignore -v -z --stdin [7ms]
2026-05-16 00:21:19.056 [info] > git check-ignore -v -z --stdin [2ms]
2026-05-16 00:21:20.371 [info] > git check-ignore -v -z --stdin [2ms]
2026-05-16 00:21:21.990 [info] [Git][getRemotes] No remotes found in the git config file
2026-05-16 00:21:22.000 [info] > git config --get commit.template [12ms]
2026-05-16 00:21:22.002 [info] > git for-each-ref --format=%(refname)%00%(upstream:short)%00%(objectname)%00%(upstream:track)%00%(upstream:remotename)%00%(upstream:remoteref) refs/heads/master refs/remotes/master [3ms]
2026-05-16 00:21:22.023 [info] > git status -z -uall [13ms]
2026-05-16 00:21:22.025 [info] > git for-each-ref --sort -committerdate --format %(refname)%00%(objectname)%00%(*objectname) [6ms]
2026-05-16 00:21:27.047 [info] [Git][getRemotes] No remotes found in the git config file
2026-05-16 00:21:27.048 [info] > git config --get commit.template [10ms]
2026-05-16 00:21:27.050 [info] > git for-each-ref --format=%(refname)%00%(upstream:short)%00%(objectname)%00%(upstream:track)%00%(upstream:remotename)%00%(upstream:remoteref) refs/heads/master refs/remotes/master [3ms]
2026-05-16 00:21:27.064 [info] > git status -z -uall [8ms]
2026-05-16 00:21:27.067 [info] > git for-each-ref --sort -committerdate --format %(refname)%00%(objectname)%00%(*objectname) [4ms]
2026-05-16 00:21:42.941 [info] > git check-ignore -v -z --stdin [2ms]
2026-05-16 00:21:43.622 [info] > git check-ignore -v -z --stdin [3ms]
2026-05-16 00:21:44.914 [info] > git check-ignore -v -z --stdin [2ms]
2026-05-16 00:21:45.514 [info] [Git][getRemotes] No remotes found in the git config file
2026-05-16 00:21:45.515 [info] > git config --get commit.template [9ms]
2026-05-16 00:21:45.517 [info] > git for-each-ref --format=%(refname)%00%(upstream:short)%00%(objectname)%00%(upstream:track)%00%(upstream:remotename)%00%(upstream:remoteref) refs/heads/master refs/remotes/master [3ms]
2026-05-16 00:21:45.535 [info] > git status -z -uall [12ms]
2026-05-16 00:21:45.536 [info] > git for-each-ref --sort -committerdate --format %(refname)%00%(objectname)%00%(*objectname) [3ms]
2026-05-16 00:21:46.018 [info] > git check-ignore -v -z --stdin [3ms]
2026-05-16 00:21:46.335 [info] > git check-ignore -v -z --stdin [4ms]
2026-05-16 00:21:46.505 [info] > git check-ignore -v -z --stdin [3ms]
2026-05-16 00:21:47.243 [info] > git check-ignore -v -z --stdin [1ms]
2026-05-16 00:21:47.977 [info] > git check-ignore -v -z --stdin [3ms]
2026-05-16 00:21:48.912 [info] > git check-ignore -v -z --stdin [3ms]
2026-05-16 00:21:50.244 [info] > git check-ignore -v -z --stdin [2ms]
2026-05-16 00:21:50.806 [info] [Git][getRemotes] No remotes found in the git config file
2026-05-16 00:21:50.807 [info] > git config --get commit.template [11ms]
2026-05-16 00:21:50.809 [info] > git for-each-ref --format=%(refname)%00%(upstream:short)%00%(objectname)%00%(upstream:track)%00%(upstream:remotename)%00%(upstream:remoteref) refs/heads/master refs/remotes/master [3ms]
2026-05-16 00:21:50.828 [info] > git status -z -uall [12ms]
2026-05-16 00:21:50.829 [info] > git for-each-ref --sort -committerdate --format %(refname)%00%(objectname)%00%(*objectname) [3ms]
2026-05-16 00:21:50.900 [info] > git check-ignore -v -z --stdin [3ms]
2026-05-16 00:21:51.122 [info] > git check-ignore -v -z --stdin [3ms]
2026-05-16 00:21:51.352 [info] > git check-ignore -v -z --stdin [3ms]
2026-05-16 00:21:52.115 [info] > git check-ignore -v -z --stdin [2ms]
2026-05-16 00:21:53.090 [info] > git check-ignore -v -z --stdin [1ms]
2026-05-16 00:21:53.409 [info] > git check-ignore -v -z --stdin [3ms]
2026-05-16 00:21:55.468 [info] > git check-ignore -v -z --stdin [3ms]
2026-05-16 00:21:55.849 [info] [Git][getRemotes] No remotes found in the git config file
2026-05-16 00:21:55.850 [info] > git config --get commit.template [9ms]
2026-05-16 00:21:55.852 [info] > git for-each-ref --format=%(refname)%00%(upstream:short)%00%(objectname)%00%(upstream:track)%00%(upstream:remotename)%00%(upstream:remoteref) refs/heads/master refs/remotes/master [3ms]
2026-05-16 00:21:55.866 [info] > git status -z -uall [7ms]
2026-05-16 00:21:55.869 [info] > git for-each-ref --sort -committerdate --format %(refname)%00%(objectname)%00%(*objectname) [3ms]
2026-05-16 00:21:56.204 [info] > git check-ignore -v -z --stdin [3ms]
2026-05-16 00:21:56.445 [info] > git check-ignore -v -z --stdin [3ms]
2026-05-16 00:21:59.861 [info] > git check-ignore -v -z --stdin [3ms]
2026-05-16 00:22:00.495 [info] > git check-ignore -v -z --stdin [2ms]
2026-05-16 00:22:00.888 [info] [Git][getRemotes] No remotes found in the git config file
2026-05-16 00:22:00.889 [info] > git config --get commit.template [9ms]
2026-05-16 00:22:00.891 [info] > git for-each-ref --format=%(refname)%00%(upstream:short)%00%(objectname)%00%(upstream:track)%00%(upstream:remotename)%00%(upstream:remoteref) refs/heads/master refs/remotes/master [3ms]
2026-05-16 00:22:00.906 [info] > git status -z -uall [8ms]
2026-05-16 00:22:00.908 [info] > git for-each-ref --sort -committerdate --format %(refname)%00%(objectname)%00%(*objectname) [3ms]
2026-05-16 00:22:01.188 [info] > git check-ignore -v -z --stdin [3ms]
2026-05-16 00:22:01.858 [info] > git check-ignore -v -z --stdin [3ms]
2026-05-16 00:22:01.881 [info] > git fetch [9ms]
2026-05-16 00:22:01.889 [info] > git fetch [9ms]
2026-05-16 00:22:01.904 [info] [Git][getRemotes] No remotes found in the git config file
2026-05-16 00:22:01.905 [info] > git config --get commit.template [17ms]
2026-05-16 00:22:01.907 [info] > git config --get commit.template [9ms]
2026-05-16 00:22:01.907 [info] [Git][getRemotes] No remotes found in the git config file
2026-05-16 00:22:01.914 [info] > git for-each-ref --format=%(refname)%00%(upstream:short)%00%(objectname)%00%(upstream:track)%00%(upstream:remotename)%00%(upstream:remoteref) refs/heads/master refs/remotes/master [10ms]
2026-05-16 00:22:01.915 [warning] [Git][getBranch] No such branch: master
2026-05-16 00:22:01.931 [info] > git status -z -uall [9ms]
2026-05-16 00:22:01.931 [info] > git for-each-ref --format=%(refname)%00%(upstream:short)%00%(objectname)%00%(upstream:track)%00%(upstream:remotename)%00%(upstream:remoteref) refs/heads/master refs/remotes/master [17ms]
2026-05-16 00:22:01.947 [info] > git status -z -uall [9ms]
2026-05-16 00:22:01.948 [info] > git for-each-ref --sort -committerdate --format %(refname)%00%(objectname)%00%(*objectname) [19ms]
2026-05-16 00:22:01.952 [info] > git for-each-ref --sort -committerdate --format %(refname)%00%(objectname)%00%(*objectname) [6ms]
2026-05-16 00:22:02.265 [info] > git check-ignore -v -z --stdin [3ms]
2026-05-16 00:22:02.826 [info] > git check-ignore -v -z --stdin [3ms]
2026-05-16 00:22:02.973 [info] [Git][getRemotes] No remotes found in the git config file
2026-05-16 00:22:02.974 [info] > git config --get commit.template [8ms]
2026-05-16 00:22:02.976 [info] > git for-each-ref --format=%(refname)%00%(upstream:short)%00%(objectname)%00%(upstream:track)%00%(upstream:remotename)%00%(upstream:remoteref) refs/heads/master refs/remotes/master [3ms]
2026-05-16 00:22:02.976 [warning] [Git][getBranch] No such branch: master
2026-05-16 00:22:02.991 [info] > git status -z -uall [8ms]
2026-05-16 00:22:02.994 [info] > git for-each-ref --sort -committerdate --format %(refname)%00%(objectname)%00%(*objectname) [4ms]
2026-05-16 00:22:03.071 [info] > git ls-files --stage -- main.c [3ms]
2026-05-16 00:22:03.080 [info] > git cat-file -s 4f525f867080249e480fd9538caff00f8d6ec702 [3ms]
2026-05-16 00:22:03.098 [info] > git show --textconv :main.c [5ms]
2026-05-16 00:22:03.311 [info] > git check-ignore -v -z --stdin [3ms]
2026-05-16 00:22:04.115 [info] > git check-ignore -v -z --stdin [3ms]
2026-05-16 00:22:04.439 [info] > git check-ignore -v -z --stdin [3ms]
2026-05-16 00:22:05.929 [info] [Git][getRemotes] No remotes found in the git config file
2026-05-16 00:22:05.930 [info] > git config --get commit.template [9ms]
2026-05-16 00:22:05.931 [info] > git for-each-ref --format=%(refname)%00%(upstream:short)%00%(objectname)%00%(upstream:track)%00%(upstream:remotename)%00%(upstream:remoteref) refs/heads/master refs/remotes/master [3ms]
2026-05-16 00:22:05.946 [info] > git status -z -uall [8ms]
2026-05-16 00:22:05.948 [info] > git for-each-ref --sort -committerdate --format %(refname)%00%(objectname)%00%(*objectname) [3ms]
2026-05-16 00:22:12.832 [info] [Git][getRemotes] No remotes found in the git config file
2026-05-16 00:22:12.834 [info] > git config --get commit.template [14ms]
2026-05-16 00:22:12.836 [info] > git for-each-ref --format=%(refname)%00%(upstream:short)%00%(objectname)%00%(upstream:track)%00%(upstream:remotename)%00%(upstream:remoteref) refs/heads/master refs/remotes/master [4ms]
2026-05-16 00:22:12.857 [info] > git status -z -uall [12ms]
2026-05-16 00:22:12.859 [info] > git for-each-ref --sort -committerdate --format %(refname)%00%(objectname)%00%(*objectname) [3ms]
2026-05-16 00:22:16.373 [info] > git check-ignore -v -z --stdin [2ms]
2026-05-16 00:22:16.639 [info] > git check-ignore -v -z --stdin [3ms]
2026-05-16 00:22:17.623 [info] > git check-ignore -v -z --stdin [3ms]
2026-05-16 00:22:18.535 [info] > git check-ignore -v -z --stdin [4ms]
2026-05-16 00:22:18.839 [info] > git check-ignore -v -z --stdin [3ms]
2026-05-16 00:22:19.071 [info] > git check-ignore -v -z --stdin [2ms]
2026-05-16 00:22:20.964 [info] [Git][getRemotes] No remotes found in the git config file
2026-05-16 00:22:20.966 [info] > git config --get commit.template [11ms]
2026-05-16 00:22:20.967 [info] > git for-each-ref --format=%(refname)%00%(upstream:short)%00%(objectname)%00%(upstream:track)%00%(upstream:remotename)%00%(upstream:remoteref) refs/heads/master refs/remotes/master [4ms]
2026-05-16 00:22:20.981 [info] > git status -z -uall [6ms]
2026-05-16 00:22:20.982 [info] > git for-each-ref --sort -committerdate --format %(refname)%00%(objectname)%00%(*objectname) [2ms]
2026-05-16 00:22:26.374 [info] > git fetch [11917ms]
2026-05-16 00:22:26.387 [info] > git fetch [11921ms]
2026-05-16 00:22:26.395 [info] > git config --get commit.template [11ms]
2026-05-16 00:22:26.409 [info] > git config --get commit.template [14ms]
2026-05-16 00:22:26.411 [info] > git for-each-ref --format=%(refname)%00%(upstream:short)%00%(objectname)%00%(upstream:track)%00%(upstream:remotename)%00%(upstream:remoteref) refs/heads/master refs/remotes/master [8ms]
2026-05-16 00:22:26.426 [info] > git status -z -uall [7ms]
2026-05-16 00:22:26.426 [info] > git for-each-ref --format=%(refname)%00%(upstream:short)%00%(objectname)%00%(upstream:track)%00%(upstream:remotename)%00%(upstream:remoteref) refs/heads/amar refs/remotes/amar [17ms]
2026-05-16 00:22:26.427 [info] > git for-each-ref --sort -committerdate --format %(refname)%00%(objectname)%00%(*objectname) [2ms]
2026-05-16 00:22:26.447 [info] > git status -z -uall [10ms]
2026-05-16 00:22:26.449 [info] > git for-each-ref --sort -committerdate --format %(refname)%00%(objectname)%00%(*objectname) [5ms]
2026-05-16 00:22:28.750 [info] > git check-ignore -v -z --stdin [9ms]
2026-05-16 00:22:28.952 [info] > git check-ignore -v -z --stdin [2ms]
2026-05-16 00:22:29.289 [info] > git check-ignore -v -z --stdin [3ms]
2026-05-16 00:22:29.856 [info] > git check-ignore -v -z --stdin [3ms]
2026-05-16 00:22:31.758 [info] [Git][getRemotes] No remotes found in the git config file
2026-05-16 00:22:31.759 [info] > git config --get commit.template [9ms]
2026-05-16 00:22:31.761 [info] > git for-each-ref --format=%(refname)%00%(upstream:short)%00%(objectname)%00%(upstream:track)%00%(upstream:remotename)%00%(upstream:remoteref) refs/heads/master refs/remotes/master [3ms]
2026-05-16 00:22:31.775 [info] > git status -z -uall [8ms]
2026-05-16 00:22:31.777 [info] > git for-each-ref --sort -committerdate --format %(refname)%00%(objectname)%00%(*objectname) [3ms]
2026-05-16 00:22:39.435 [info] > git check-ignore -v -z --stdin [2ms]
2026-05-16 00:22:40.433 [info] > git check-ignore -v -z --stdin [3ms]
2026-05-16 00:22:41.321 [info] > git check-ignore -v -z --stdin [3ms]
2026-05-16 00:22:41.565 [info] > git check-ignore -v -z --stdin [3ms]
2026-05-16 00:22:42.078 [info] > git check-ignore -v -z --stdin [3ms]
2026-05-16 00:22:42.318 [info] > git check-ignore -v -z --stdin [3ms]
2026-05-16 00:22:42.680 [info] > git check-ignore -v -z --stdin [2ms]
2026-05-16 00:22:43.625 [info] > git check-ignore -v -z --stdin [3ms]
2026-05-16 00:22:43.857 [info] > git check-ignore -v -z --stdin [3ms]
2026-05-16 00:22:45.748 [info] > git config --get commit.template [3ms]
2026-05-16 00:22:45.757 [info] [Git][getRemotes] No remotes found in the git config file
2026-05-16 00:22:45.759 [info] > git for-each-ref --format=%(refname)%00%(upstream:short)%00%(objectname)%00%(upstream:track)%00%(upstream:remotename)%00%(upstream:remoteref) refs/heads/master refs/remotes/master [2ms]
2026-05-16 00:22:45.782 [info] > git status -z -uall [15ms]
2026-05-16 00:22:45.782 [info] > git for-each-ref --sort -committerdate --format %(refname)%00%(objectname)%00%(*objectname) [4ms]
2026-05-16 00:22:47.904 [info] > git check-ignore -v -z --stdin [3ms]
2026-05-16 00:22:48.160 [info] > git check-ignore -v -z --stdin [3ms]
2026-05-16 00:22:51.024 [info] > git check-ignore -v -z --stdin [3ms]
2026-05-16 00:22:51.239 [info] [Git][getRemotes] No remotes found in the git config file
2026-05-16 00:22:51.240 [info] > git config --get commit.template [9ms]
2026-05-16 00:22:51.242 [info] > git for-each-ref --format=%(refname)%00%(upstream:short)%00%(objectname)%00%(upstream:track)%00%(upstream:remotename)%00%(upstream:remoteref) refs/heads/master refs/remotes/master [3ms]
2026-05-16 00:22:51.256 [info] > git status -z -uall [7ms]
2026-05-16 00:22:51.259 [info] > git for-each-ref --sort -committerdate --format %(refname)%00%(objectname)%00%(*objectname) [3ms]
2026-05-16 00:22:52.575 [info] > git check-ignore -v -z --stdin [3ms]
2026-05-16 00:22:56.276 [info] [Git][getRemotes] No remotes found in the git config file
2026-05-16 00:22:56.287 [info] > git config --get commit.template [12ms]
2026-05-16 00:22:56.289 [info] > git for-each-ref --format=%(refname)%00%(upstream:short)%00%(objectname)%00%(upstream:track)%00%(upstream:remotename)%00%(upstream:remoteref) refs/heads/master refs/remotes/master [4ms]
2026-05-16 00:22:56.309 [info] > git status -z -uall [10ms]
2026-05-16 00:22:56.310 [info] > git for-each-ref --sort -committerdate --format %(refname)%00%(objectname)%00%(*objectname) [3ms]
2026-05-16 00:22:57.347 [info] > git check-ignore -v -z --stdin [3ms]
2026-05-16 00:22:58.164 [info] > git check-ignore -v -z --stdin [3ms]
2026-05-16 00:23:01.332 [info] [Git][getRemotes] No remotes found in the git config file
2026-05-16 00:23:01.333 [info] > git config --get commit.template [9ms]
2026-05-16 00:23:01.335 [info] > git for-each-ref --format=%(refname)%00%(upstream:short)%00%(objectname)%00%(upstream:track)%00%(upstream:remotename)%00%(upstream:remoteref) refs/heads/master refs/remotes/master [3ms]
2026-05-16 00:23:01.349 [info] > git status -z -uall [8ms]
2026-05-16 00:23:01.352 [info] > git for-each-ref --sort -committerdate --format %(refname)%00%(objectname)%00%(*objectname) [4ms]
2026-05-16 00:23:28.532 [info] > git check-ignore -v -z --stdin [2ms]
2026-05-16 00:23:28.978 [info] > git check-ignore -v -z --stdin [2ms]
2026-05-16 00:23:30.867 [info] > git config --get commit.template [3ms]
2026-05-16 00:23:30.868 [info] [Git][getRemotes] No remotes found in the git config file
2026-05-16 00:23:30.880 [info] > git for-each-ref --format=%(refname)%00%(upstream:short)%00%(objectname)%00%(upstream:track)%00%(upstream:remotename)%00%(upstream:remoteref) refs/heads/master refs/remotes/master [3ms]
2026-05-16 00:23:30.901 [info] > git status -z -uall [11ms]
2026-05-16 00:23:30.903 [info] > git for-each-ref --sort -committerdate --format %(refname)%00%(objectname)%00%(*objectname) [5ms]
2026-05-16 00:23:35.381 [info] > git check-ignore -v -z --stdin [3ms]
2026-05-16 00:23:35.618 [info] > git check-ignore -v -z --stdin [2ms]
2026-05-16 00:23:36.076 [info] > git check-ignore -v -z --stdin [3ms]
2026-05-16 00:23:37.134 [info] > git check-ignore -v -z --stdin [3ms]
2026-05-16 00:23:37.672 [info] > git check-ignore -v -z --stdin [2ms]
2026-05-16 00:23:37.992 [info] [Git][getRemotes] No remotes found in the git config file
2026-05-16 00:23:37.994 [info] > git config --get commit.template [12ms]
2026-05-16 00:23:37.995 [info] > git for-each-ref --format=%(refname)%00%(upstream:short)%00%(objectname)%00%(upstream:track)%00%(upstream:remotename)%00%(upstream:remoteref) refs/heads/master refs/remotes/master [4ms]
2026-05-16 00:23:38.011 [info] > git status -z -uall [10ms]
2026-05-16 00:23:38.013 [info] > git for-each-ref --sort -committerdate --format %(refname)%00%(objectname)%00%(*objectname) [3ms]
2026-05-16 00:23:38.413 [info] > git check-ignore -v -z --stdin [3ms]
2026-05-16 00:23:38.697 [info] > git check-ignore -v -z --stdin [3ms]
2026-05-16 00:23:39.452 [info] > git check-ignore -v -z --stdin [3ms]
2026-05-16 00:23:40.303 [info] > git check-ignore -v -z --stdin [7ms]
2026-05-16 00:23:40.645 [info] > git check-ignore -v -z --stdin [3ms]
2026-05-16 00:23:40.915 [info] > git check-ignore -v -z --stdin [2ms]
2026-05-16 00:23:42.731 [info] > git check-ignore -v -z --stdin [2ms]
2026-05-16 00:23:43.035 [info] [Git][getRemotes] No remotes found in the git config file
2026-05-16 00:23:43.036 [info] > git config --get commit.template [10ms]
2026-05-16 00:23:43.038 [info] > git for-each-ref --format=%(refname)%00%(upstream:short)%00%(objectname)%00%(upstream:track)%00%(upstream:remotename)%00%(upstream:remoteref) refs/heads/master refs/remotes/master [3ms]
2026-05-16 00:23:43.058 [info] > git status -z -uall [13ms]
2026-05-16 00:23:43.060 [info] > git for-each-ref --sort -committerdate --format %(refname)%00%(objectname)%00%(*objectname) [6ms]
2026-05-16 00:23:48.078 [info] > git config --get commit.template [3ms]
2026-05-16 00:23:48.086 [info] [Git][getRemotes] No remotes found in the git config file
2026-05-16 00:23:48.089 [info] > git for-each-ref --format=%(refname)%00%(upstream:short)%00%(objectname)%00%(upstream:track)%00%(upstream:remotename)%00%(upstream:remoteref) refs/heads/master refs/remotes/master [3ms]
2026-05-16 00:23:48.103 [info] > git status -z -uall [8ms]
2026-05-16 00:23:48.106 [info] > git for-each-ref --sort -committerdate --format %(refname)%00%(objectname)%00%(*objectname) [4ms]
2026-05-16 00:23:51.564 [info] > git check-ignore -v -z --stdin [2ms]
2026-05-16 00:23:53.461 [info] > git config --get commit.template [15ms]
2026-05-16 00:23:53.478 [info] [Git][getRemotes] No remotes found in the git config file
2026-05-16 00:23:53.483 [info] > git for-each-ref --format=%(refname)%00%(upstream:short)%00%(objectname)%00%(upstream:track)%00%(upstream:remotename)%00%(upstream:remoteref) refs/heads/master refs/remotes/master [5ms]
2026-05-16 00:23:53.504 [info] > git status -z -uall [12ms]
2026-05-16 00:23:53.506 [info] > git for-each-ref --sort -committerdate --format %(refname)%00%(objectname)%00%(*objectname) [6ms]
2026-05-16 00:23:53.916 [info] > git check-ignore -v -z --stdin [3ms]
2026-05-16 00:23:54.642 [info] > git check-ignore -v -z --stdin [3ms]
2026-05-16 00:23:54.865 [info] > git check-ignore -v -z --stdin [3ms]
2026-05-16 00:23:56.358 [info] > git check-ignore -v -z --stdin [2ms]
2026-05-16 00:23:57.121 [info] > git check-ignore -v -z --stdin [3ms]
2026-05-16 00:23:58.530 [info] [Git][getRemotes] No remotes found in the git config file
2026-05-16 00:23:58.531 [info] > git config --get commit.template [9ms]
2026-05-16 00:23:58.532 [info] > git for-each-ref --format=%(refname)%00%(upstream:short)%00%(objectname)%00%(upstream:track)%00%(upstream:remotename)%00%(upstream:remoteref) refs/heads/master refs/remotes/master [2ms]
2026-05-16 00:23:58.547 [info] > git status -z -uall [7ms]
2026-05-16 00:23:58.549 [info] > git for-each-ref --sort -committerdate --format %(refname)%00%(objectname)%00%(*objectname) [3ms]
2026-05-16 00:23:58.576 [info] > git check-ignore -v -z --stdin [3ms]
2026-05-16 00:23:58.858 [info] > git check-ignore -v -z --stdin [3ms]
2026-05-16 00:24:03.564 [info] > git config --get commit.template [2ms]
2026-05-16 00:24:03.573 [info] [Git][getRemotes] No remotes found in the git config file
2026-05-16 00:24:03.577 [info] > git for-each-ref --format=%(refname)%00%(upstream:short)%00%(objectname)%00%(upstream:track)%00%(upstream:remotename)%00%(upstream:remoteref) refs/heads/master refs/remotes/master [4ms]
2026-05-16 00:24:03.592 [info] > git status -z -uall [8ms]
2026-05-16 00:24:03.595 [info] > git for-each-ref --sort -committerdate --format %(refname)%00%(objectname)%00%(*objectname) [3ms]
2026-05-16 00:24:04.116 [info] > git check-ignore -v -z --stdin [3ms]
2026-05-16 00:24:05.732 [info] > git check-ignore -v -z --stdin [3ms]
2026-05-16 00:24:06.949 [info] > git check-ignore -v -z --stdin [3ms]
2026-05-16 00:24:08.194 [info] > git check-ignore -v -z --stdin [2ms]
2026-05-16 00:24:08.607 [info] [Git][getRemotes] No remotes found in the git config file
2026-05-16 00:24:08.614 [info] > git config --get commit.template [8ms]
2026-05-16 00:24:08.617 [info] > git for-each-ref --format=%(refname)%00%(upstream:short)%00%(objectname)%00%(upstream:track)%00%(upstream:remotename)%00%(upstream:remoteref) refs/heads/master refs/remotes/master [3ms]
2026-05-16 00:24:08.631 [info] > git status -z -uall [9ms]
2026-05-16 00:24:08.633 [info] > git for-each-ref --sort -committerdate --format %(refname)%00%(objectname)%00%(*objectname) [3ms]
2026-05-16 00:24:10.760 [info] > git check-ignore -v -z --stdin [3ms]
2026-05-16 00:24:11.670 [info] > git check-ignore -v -z --stdin [3ms]
2026-05-16 00:24:11.936 [info] > git check-ignore -v -z --stdin [2ms]
2026-05-16 00:24:12.917 [info] > git check-ignore -v -z --stdin [2ms]
2026-05-16 00:24:13.162 [info] > git check-ignore -v -z --stdin [2ms]
2026-05-16 00:24:13.653 [info] [Git][getRemotes] No remotes found in the git config file
2026-05-16 00:24:13.654 [info] > git config --get commit.template [7ms]
2026-05-16 00:24:13.654 [info] > git for-each-ref --format=%(refname)%00%(upstream:short)%00%(objectname)%00%(upstream:track)%00%(upstream:remotename)%00%(upstream:remoteref) refs/heads/master refs/remotes/master [2ms]
2026-05-16 00:24:13.669 [info] > git status -z -uall [8ms]
2026-05-16 00:24:13.672 [info] > git for-each-ref --sort -committerdate --format %(refname)%00%(objectname)%00%(*objectname) [3ms]
2026-05-16 00:24:16.977 [info] > git check-ignore -v -z --stdin [3ms]
2026-05-16 00:24:18.698 [info] [Git][getRemotes] No remotes found in the git config file
2026-05-16 00:24:18.699 [info] > git config --get commit.template [12ms]
2026-05-16 00:24:18.700 [info] > git for-each-ref --format=%(refname)%00%(upstream:short)%00%(objectname)%00%(upstream:track)%00%(upstream:remotename)%00%(upstream:remoteref) refs/heads/master refs/remotes/master [3ms]
2026-05-16 00:24:18.716 [info] > git status -z -uall [8ms]
2026-05-16 00:24:18.719 [info] > git for-each-ref --sort -committerdate --format %(refname)%00%(objectname)%00%(*objectname) [3ms]
2026-05-16 00:24:21.026 [info] > git check-ignore -v -z --stdin [2ms]
2026-05-16 00:24:21.814 [info] > git check-ignore -v -z --stdin [2ms]
2026-05-16 00:24:22.933 [info] > git check-ignore -v -z --stdin [2ms]
2026-05-16 00:24:23.741 [info] [Git][getRemotes] No remotes found in the git config file
2026-05-16 00:24:23.743 [info] > git config --get commit.template [11ms]
2026-05-16 00:24:23.746 [info] > git for-each-ref --format=%(refname)%00%(upstream:short)%00%(objectname)%00%(upstream:track)%00%(upstream:remotename)%00%(upstream:remoteref) refs/heads/master refs/remotes/master [5ms]
2026-05-16 00:24:23.761 [info] > git status -z -uall [9ms]
2026-05-16 00:24:23.762 [info] > git for-each-ref --sort -committerdate --format %(refname)%00%(objectname)%00%(*objectname) [3ms]
2026-05-16 00:24:29.793 [info] [Git][getRemotes] No remotes found in the git config file
2026-05-16 00:24:29.806 [info] > git config --get commit.template [15ms]
2026-05-16 00:24:29.808 [info] > git for-each-ref --format=%(refname)%00%(upstream:short)%00%(objectname)%00%(upstream:track)%00%(upstream:remotename)%00%(upstream:remoteref) refs/heads/master refs/remotes/master [4ms]
2026-05-16 00:24:29.829 [info] > git status -z -uall [12ms]
2026-05-16 00:24:29.830 [info] > git for-each-ref --sort -committerdate --format %(refname)%00%(objectname)%00%(*objectname) [4ms]
2026-05-16 00:25:16.670 [info] > git fetch [12ms]
2026-05-16 00:25:16.687 [info] > git fetch [19ms]
2026-05-16 00:25:16.700 [info] > git config --get commit.template [14ms]
2026-05-16 00:25:16.709 [info] [Git][getRemotes] No remotes found in the git config file
2026-05-16 00:25:16.711 [info] > git config --get commit.template [12ms]
2026-05-16 00:25:16.718 [info] [Git][getRemotes] No remotes found in the git config file
2026-05-16 00:25:16.720 [info] > git for-each-ref --format=%(refname)%00%(upstream:short)%00%(objectname)%00%(upstream:track)%00%(upstream:remotename)%00%(upstream:remoteref) refs/heads/master refs/remotes/master [11ms]
2026-05-16 00:25:16.720 [warning] [Git][getBranch] No such branch: master
2026-05-16 00:25:16.738 [info] > git status -z -uall [11ms]
2026-05-16 00:25:16.739 [info] > git for-each-ref --format=%(refname)%00%(upstream:short)%00%(objectname)%00%(upstream:track)%00%(upstream:remotename)%00%(upstream:remoteref) refs/heads/master refs/remotes/master [21ms]
2026-05-16 00:25:16.760 [info] > git status -z -uall [12ms]
2026-05-16 00:25:16.760 [info] > git for-each-ref --sort -committerdate --format %(refname)%00%(objectname)%00%(*objectname) [24ms]
2026-05-16 00:25:16.764 [info] > git for-each-ref --sort -committerdate --format %(refname)%00%(objectname)%00%(*objectname) [5ms]
2026-05-16 00:25:17.079 [info] > git check-ignore -v -z --stdin [3ms]
2026-05-16 00:25:17.783 [info] [Git][getRemotes] No remotes found in the git config file
2026-05-16 00:25:17.784 [info] > git config --get commit.template [9ms]
2026-05-16 00:25:17.786 [info] > git for-each-ref --format=%(refname)%00%(upstream:short)%00%(objectname)%00%(upstream:track)%00%(upstream:remotename)%00%(upstream:remoteref) refs/heads/master refs/remotes/master [3ms]
2026-05-16 00:25:17.786 [warning] [Git][getBranch] No such branch: master
2026-05-16 00:25:17.800 [info] > git status -z -uall [8ms]
2026-05-16 00:25:17.802 [info] > git for-each-ref --sort -committerdate --format %(refname)%00%(objectname)%00%(*objectname) [3ms]
2026-05-16 00:25:17.882 [info] > git ls-files --stage -- main.c [4ms]
2026-05-16 00:25:17.894 [info] > git cat-file -s 4f525f867080249e480fd9538caff00f8d6ec702 [4ms]
2026-05-16 00:25:17.906 [info] > git show --textconv :main.c [3ms]
2026-05-16 00:25:18.119 [info] > git check-ignore -v -z --stdin [3ms]
2026-05-16 00:25:21.405 [info] > git check-ignore -v -z --stdin [3ms]
2026-05-16 00:25:22.052 [info] > git check-ignore -v -z --stdin [2ms]
2026-05-16 00:25:22.968 [info] > git check-ignore -v -z --stdin [2ms]
2026-05-16 00:25:24.099 [info] > git check-ignore -v -z --stdin [2ms]
2026-05-16 00:25:24.878 [info] [Git][getRemotes] No remotes found in the git config file
2026-05-16 00:25:24.879 [info] > git config --get commit.template [9ms]
2026-05-16 00:25:24.881 [info] > git for-each-ref --format=%(refname)%00%(upstream:short)%00%(objectname)%00%(upstream:track)%00%(upstream:remotename)%00%(upstream:remoteref) refs/heads/master refs/remotes/master [3ms]
2026-05-16 00:25:24.895 [info] > git status -z -uall [8ms]
2026-05-16 00:25:24.896 [info] > git for-each-ref --sort -committerdate --format %(refname)%00%(objectname)%00%(*objectname) [2ms]
2026-05-16 00:25:25.470 [info] > git check-ignore -v -z --stdin [3ms]
2026-05-16 00:25:26.876 [info] > git check-ignore -v -z --stdin [3ms]
2026-05-16 00:25:27.974 [info] > git check-ignore -v -z --stdin [3ms]
2026-05-16 00:25:28.363 [info] > git check-ignore -v -z --stdin [2ms]
2026-05-16 00:25:29.171 [info] > git check-ignore -v -z --stdin [2ms]
2026-05-16 00:25:29.920 [info] [Git][getRemotes] No remotes found in the git config file
2026-05-16 00:25:29.921 [info] > git config --get commit.template [11ms]
2026-05-16 00:25:29.922 [info] > git for-each-ref --format=%(refname)%00%(upstream:short)%00%(objectname)%00%(upstream:track)%00%(upstream:remotename)%00%(upstream:remoteref) refs/heads/master refs/remotes/master [3ms]
2026-05-16 00:25:29.939 [info] > git status -z -uall [9ms]
2026-05-16 00:25:29.940 [info] > git for-each-ref --sort -committerdate --format %(refname)%00%(objectname)%00%(*objectname) [3ms]
2026-05-16 00:25:30.477 [info] > git check-ignore -v -z --stdin [3ms]
2026-05-16 00:25:32.157 [info] > git check-ignore -v -z --stdin [4ms]
2026-05-16 00:25:33.568 [info] > git check-ignore -v -z --stdin [3ms]
2026-05-16 00:25:34.064 [info] > git check-ignore -v -z --stdin [2ms]
2026-05-16 00:25:34.403 [info] > git check-ignore -v -z --stdin [3ms]
2026-05-16 00:25:34.733 [info] > git check-ignore -v -z --stdin [3ms]
2026-05-16 00:25:34.957 [info] [Git][getRemotes] No remotes found in the git config file
2026-05-16 00:25:34.964 [info] > git config --get commit.template [9ms]
2026-05-16 00:25:34.965 [info] > git for-each-ref --format=%(refname)%00%(upstream:short)%00%(objectname)%00%(upstream:track)%00%(upstream:remotename)%00%(upstream:remoteref) refs/heads/master refs/remotes/master [2ms]
2026-05-16 00:25:34.979 [info] > git status -z -uall [8ms]
2026-05-16 00:25:34.981 [info] > git for-each-ref --sort -committerdate --format %(refname)%00%(objectname)%00%(*objectname) [3ms]
2026-05-16 00:25:35.454 [info] > git check-ignore -v -z --stdin [2ms]
2026-05-16 00:25:38.055 [info] > git check-ignore -v -z --stdin [3ms]
2026-05-16 00:25:39.433 [info] > git check-ignore -v -z --stdin [3ms]
2026-05-16 00:25:39.869 [info] > git check-ignore -v -z --stdin [2ms]
2026-05-16 00:25:39.995 [info] [Git][getRemotes] No remotes found in the git config file
2026-05-16 00:25:40.002 [info] > git config --get commit.template [8ms]
2026-05-16 00:25:40.004 [info] > git for-each-ref --format=%(refname)%00%(upstream:short)%00%(objectname)%00%(upstream:track)%00%(upstream:remotename)%00%(upstream:remoteref) refs/heads/master refs/remotes/master [3ms]
2026-05-16 00:25:40.020 [info] > git status -z -uall [9ms]
2026-05-16 00:25:40.022 [info] > git for-each-ref --sort -committerdate --format %(refname)%00%(objectname)%00%(*objectname) [3ms]
2026-05-16 00:25:41.042 [info] > git check-ignore -v -z --stdin [2ms]
2026-05-16 00:25:41.323 [info] > git fetch [14943ms]
2026-05-16 00:25:41.336 [info] > git fetch [14932ms]
2026-05-16 00:25:41.349 [info] > git config --get commit.template [14ms]
2026-05-16 00:25:41.351 [info] > git config --get commit.template [3ms]
2026-05-16 00:25:41.374 [info] > git for-each-ref --format=%(refname)%00%(upstream:short)%00%(objectname)%00%(upstream:track)%00%(upstream:remotename)%00%(upstream:remoteref) refs/heads/master refs/remotes/master [14ms]
2026-05-16 00:25:41.395 [info] > git status -z -uall [11ms]
2026-05-16 00:25:41.396 [info] > git for-each-ref --format=%(refname)%00%(upstream:short)%00%(objectname)%00%(upstream:track)%00%(upstream:remotename)%00%(upstream:remoteref) refs/heads/amar refs/remotes/amar [23ms]
2026-05-16 00:25:41.398 [info] > git for-each-ref --sort -committerdate --format %(refname)%00%(objectname)%00%(*objectname) [5ms]
2026-05-16 00:25:41.421 [info] > git status -z -uall [8ms]
2026-05-16 00:25:41.422 [info] > git for-each-ref --sort -committerdate --format %(refname)%00%(objectname)%00%(*objectname) [4ms]
2026-05-16 00:25:41.658 [info] > git check-ignore -v -z --stdin [3ms]
2026-05-16 00:25:42.856 [info] > git check-ignore -v -z --stdin [3ms]
2026-05-16 00:25:45.045 [info] > git config --get commit.template [5ms]
2026-05-16 00:25:45.055 [info] [Git][getRemotes] No remotes found in the git config file
2026-05-16 00:25:45.059 [info] > git for-each-ref --format=%(refname)%00%(upstream:short)%00%(objectname)%00%(upstream:track)%00%(upstream:remotename)%00%(upstream:remoteref) refs/heads/master refs/remotes/master [4ms]
2026-05-16 00:25:45.080 [info] > git status -z -uall [13ms]
2026-05-16 00:25:45.082 [info] > git for-each-ref --sort -committerdate --format %(refname)%00%(objectname)%00%(*objectname) [5ms]
2026-05-16 00:25:45.183 [info] > git check-ignore -v -z --stdin [3ms]
2026-05-16 00:25:46.503 [info] > git check-ignore -v -z --stdin [3ms]
2026-05-16 00:25:47.919 [info] > git check-ignore -v -z --stdin [3ms]
2026-05-16 00:25:48.600 [info] > git check-ignore -v -z --stdin [3ms]
2026-05-16 00:25:49.937 [info] > git check-ignore -v -z --stdin [2ms]
2026-05-16 00:25:50.103 [info] [Git][getRemotes] No remotes found in the git config file
2026-05-16 00:25:50.104 [info] > git config --get commit.template [9ms]
2026-05-16 00:25:50.105 [info] > git for-each-ref --format=%(refname)%00%(upstream:short)%00%(objectname)%00%(upstream:track)%00%(upstream:remotename)%00%(upstream:remoteref) refs/heads/master refs/remotes/master [2ms]
2026-05-16 00:25:50.117 [info] > git status -z -uall [7ms]
2026-05-16 00:25:50.118 [info] > git for-each-ref --sort -committerdate --format %(refname)%00%(objectname)%00%(*objectname) [2ms]
2026-05-16 00:25:55.141 [info] [Git][getRemotes] No remotes found in the git config file
2026-05-16 00:25:55.143 [info] > git config --get commit.template [12ms]
2026-05-16 00:25:55.144 [info] > git for-each-ref --format=%(refname)%00%(upstream:short)%00%(objectname)%00%(upstream:track)%00%(upstream:remotename)%00%(upstream:remoteref) refs/heads/master refs/remotes/master [4ms]
2026-05-16 00:25:55.157 [info] > git status -z -uall [8ms]
2026-05-16 00:25:55.160 [info] > git for-each-ref --sort -committerdate --format %(refname)%00%(objectname)%00%(*objectname) [4ms]
2026-05-16 00:26:14.700 [info] [Git][getRemotes] No remotes found in the git config file
2026-05-16 00:26:14.709 [info] > git config --get commit.template [11ms]
2026-05-16 00:26:14.711 [info] > git for-each-ref --format=%(refname)%00%(upstream:short)%00%(objectname)%00%(upstream:track)%00%(upstream:remotename)%00%(upstream:remoteref) refs/heads/master refs/remotes/master [3ms]
2026-05-16 00:26:14.727 [info] > git status -z -uall [8ms]
2026-05-16 00:26:14.730 [info] > git for-each-ref --sort -committerdate --format %(refname)%00%(objectname)%00%(*objectname) [3ms]
2026-05-16 00:26:52.446 [info] > git check-ignore -v -z --stdin [3ms]
2026-05-16 00:26:53.787 [info] > git check-ignore -v -z --stdin [3ms]
2026-05-16 00:26:54.089 [info] > git check-ignore -v -z --stdin [3ms]
2026-05-16 00:26:54.328 [info] > git config --get commit.template [1ms]
2026-05-16 00:26:54.336 [info] [Git][getRemotes] No remotes found in the git config file
2026-05-16 00:26:54.345 [info] > git for-each-ref --format=%(refname)%00%(upstream:short)%00%(objectname)%00%(upstream:track)%00%(upstream:remotename)%00%(upstream:remoteref) refs/heads/master refs/remotes/master [9ms]
2026-05-16 00:26:54.363 [info] > git check-ignore -v -z --stdin [19ms]
2026-05-16 00:26:54.363 [info] > git status -z -uall [11ms]
2026-05-16 00:26:54.364 [info] > git for-each-ref --sort -committerdate --format %(refname)%00%(objectname)%00%(*objectname) [3ms]
2026-05-16 00:26:54.574 [info] > git check-ignore -v -z --stdin [2ms]
2026-05-16 00:26:56.012 [info] > git check-ignore -v -z --stdin [3ms]
2026-05-16 00:26:56.307 [info] > git check-ignore -v -z --stdin [3ms]
2026-05-16 00:26:56.713 [info] > git check-ignore -v -z --stdin [2ms]
2026-05-16 00:26:58.021 [info] > git check-ignore -v -z --stdin [2ms]
2026-05-16 00:26:58.383 [info] > git check-ignore -v -z --stdin [2ms]
2026-05-16 00:26:59.247 [info] > git check-ignore -v -z --stdin [3ms]
2026-05-16 00:26:59.385 [info] [Git][getRemotes] No remotes found in the git config file
2026-05-16 00:26:59.386 [info] > git config --get commit.template [9ms]
2026-05-16 00:26:59.387 [info] > git for-each-ref --format=%(refname)%00%(upstream:short)%00%(objectname)%00%(upstream:track)%00%(upstream:remotename)%00%(upstream:remoteref) refs/heads/master refs/remotes/master [3ms]
2026-05-16 00:26:59.408 [info] > git status -z -uall [12ms]
2026-05-16 00:26:59.410 [info] > git for-each-ref --sort -committerdate --format %(refname)%00%(objectname)%00%(*objectname) [3ms]
2026-05-16 00:27:00.648 [info] > git check-ignore -v -z --stdin [3ms]
2026-05-16 00:27:04.430 [info] [Git][getRemotes] No remotes found in the git config file
2026-05-16 00:27:04.432 [info] > git config --get commit.template [10ms]
2026-05-16 00:27:04.433 [info] > git for-each-ref --format=%(refname)%00%(upstream:short)%00%(objectname)%00%(upstream:track)%00%(upstream:remotename)%00%(upstream:remoteref) refs/heads/master refs/remotes/master [3ms]
2026-05-16 00:27:04.449 [info] > git status -z -uall [9ms]
2026-05-16 00:27:04.450 [info] > git for-each-ref --sort -committerdate --format %(refname)%00%(objectname)%00%(*objectname) [2ms]
2026-05-16 00:28:10.984 [info] > git check-ignore -v -z --stdin [2ms]
2026-05-16 00:28:12.561 [info] > git check-ignore -v -z --stdin [3ms]
2026-05-16 00:28:12.797 [info] > git check-ignore -v -z --stdin [4ms]
2026-05-16 00:28:12.870 [info] > git config --get commit.template [2ms]
2026-05-16 00:28:12.876 [info] [Git][getRemotes] No remotes found in the git config file
2026-05-16 00:28:12.878 [info] > git for-each-ref --format=%(refname)%00%(upstream:short)%00%(objectname)%00%(upstream:track)%00%(upstream:remotename)%00%(upstream:remoteref) refs/heads/master refs/remotes/master [2ms]
2026-05-16 00:28:12.897 [info] > git status -z -uall [11ms]
2026-05-16 00:28:12.899 [info] > git for-each-ref --sort -committerdate --format %(refname)%00%(objectname)%00%(*objectname) [3ms]
2026-05-16 00:28:13.190 [info] > git check-ignore -v -z --stdin [3ms]
2026-05-16 00:28:14.015 [info] > git check-ignore -v -z --stdin [3ms]
2026-05-16 00:28:16.742 [info] > git check-ignore -v -z --stdin [4ms]
2026-05-16 00:28:16.781 [info] > git fetch [11ms]
2026-05-16 00:28:16.795 [info] > git fetch [14ms]
2026-05-16 00:28:16.809 [info] > git config --get commit.template [15ms]
2026-05-16 00:28:16.821 [info] [Git][getRemotes] No remotes found in the git config file
2026-05-16 00:28:16.822 [info] > git config --get commit.template [14ms]
2026-05-16 00:28:16.824 [info] > git for-each-ref --format=%(refname)%00%(upstream:short)%00%(objectname)%00%(upstream:track)%00%(upstream:remotename)%00%(upstream:remoteref) refs/heads/master refs/remotes/master [4ms]
2026-05-16 00:28:16.824 [warning] [Git][getBranch] No such branch: master
2026-05-16 00:28:16.853 [info] [Git][getRemotes] No remotes found in the git config file
2026-05-16 00:28:16.854 [info] > git status -z -uall [22ms]
2026-05-16 00:28:16.857 [info] > git for-each-ref --format=%(refname)%00%(upstream:short)%00%(objectname)%00%(upstream:track)%00%(upstream:remotename)%00%(upstream:remoteref) refs/heads/master refs/remotes/master [4ms]
2026-05-16 00:28:16.872 [info] > git for-each-ref --sort -committerdate --format %(refname)%00%(objectname)%00%(*objectname) [30ms]
2026-05-16 00:28:16.875 [info] > git status -z -uall [10ms]
2026-05-16 00:28:16.876 [info] > git for-each-ref --sort -committerdate --format %(refname)%00%(objectname)%00%(*objectname) [4ms]
2026-05-16 00:28:16.968 [info] > git check-ignore -v -z --stdin [3ms]
2026-05-16 00:28:17.192 [info] > git check-ignore -v -z --stdin [3ms]
2026-05-16 00:28:17.468 [info] > git check-ignore -v -z --stdin [2ms]
2026-05-16 00:28:17.902 [info] [Git][getRemotes] No remotes found in the git config file
2026-05-16 00:28:17.915 [info] > git for-each-ref --format=%(refname)%00%(upstream:short)%00%(objectname)%00%(upstream:track)%00%(upstream:remotename)%00%(upstream:remoteref) refs/heads/master refs/remotes/master [13ms]
2026-05-16 00:28:17.915 [warning] [Git][getBranch] No such branch: master
2026-05-16 00:28:17.916 [info] > git config --get commit.template [24ms]
2026-05-16 00:28:17.932 [info] > git status -z -uall [8ms]
2026-05-16 00:28:17.933 [info] > git config --get commit.template [19ms]
2026-05-16 00:28:17.935 [info] [Git][getRemotes] No remotes found in the git config file
2026-05-16 00:28:17.943 [info] > git for-each-ref --sort -committerdate --format %(refname)%00%(objectname)%00%(*objectname) [12ms]
2026-05-16 00:28:17.946 [info] > git for-each-ref --format=%(refname)%00%(upstream:short)%00%(objectname)%00%(upstream:track)%00%(upstream:remotename)%00%(upstream:remoteref) refs/heads/master refs/remotes/master [4ms]
2026-05-16 00:28:17.967 [info] > git status -z -uall [13ms]
2026-05-16 00:28:17.972 [info] > git for-each-ref --sort -committerdate --format %(refname)%00%(objectname)%00%(*objectname) [7ms]
2026-05-16 00:28:17.999 [info] > git ls-files --stage -- main.c [5ms]
2026-05-16 00:28:18.013 [info] > git cat-file -s 4f525f867080249e480fd9538caff00f8d6ec702 [5ms]
2026-05-16 00:28:18.091 [info] > git show --textconv :main.c [24ms]
2026-05-16 00:28:18.317 [info] > git check-ignore -v -z --stdin [2ms]
2026-05-16 00:28:22.989 [info] [Git][getRemotes] No remotes found in the git config file
2026-05-16 00:28:22.998 [info] > git config --get commit.template [11ms]
2026-05-16 00:28:22.998 [info] > git for-each-ref --format=%(refname)%00%(upstream:short)%00%(objectname)%00%(upstream:track)%00%(upstream:remotename)%00%(upstream:remoteref) refs/heads/master refs/remotes/master [3ms]
2026-05-16 00:28:23.013 [info] > git status -z -uall [8ms]
2026-05-16 00:28:23.016 [info] > git for-each-ref --sort -committerdate --format %(refname)%00%(objectname)%00%(*objectname) [3ms]
2026-05-16 00:28:27.868 [info] > git check-ignore -v -z --stdin [2ms]
2026-05-16 00:28:29.755 [info] > git config --get commit.template [3ms]
2026-05-16 00:28:29.764 [info] [Git][getRemotes] No remotes found in the git config file
2026-05-16 00:28:29.767 [info] > git for-each-ref --format=%(refname)%00%(upstream:short)%00%(objectname)%00%(upstream:track)%00%(upstream:remotename)%00%(upstream:remoteref) refs/heads/master refs/remotes/master [3ms]
2026-05-16 00:28:29.786 [info] > git status -z -uall [10ms]
2026-05-16 00:28:29.788 [info] > git for-each-ref --sort -committerdate --format %(refname)%00%(objectname)%00%(*objectname) [4ms]
2026-05-16 00:28:31.654 [info] > git check-ignore -v -z --stdin [3ms]
2026-05-16 00:28:32.602 [info] > git check-ignore -v -z --stdin [6ms]
2026-05-16 00:28:32.969 [info] > git check-ignore -v -z --stdin [3ms]
2026-05-16 00:28:33.159 [info] > git check-ignore -v -z --stdin [5ms]
2026-05-16 00:28:33.485 [info] > git check-ignore -v -z --stdin [2ms]
2026-05-16 00:28:33.926 [info] > git check-ignore -v -z --stdin [3ms]
2026-05-16 00:28:34.793 [info] > git check-ignore -v -z --stdin [3ms]
2026-05-16 00:28:35.150 [info] > git check-ignore -v -z --stdin [3ms]
2026-05-16 00:28:35.739 [info] > git check-ignore -v -z --stdin [4ms]
2026-05-16 00:28:36.653 [info] > git check-ignore -v -z --stdin [2ms]
2026-05-16 00:28:37.162 [info] > git check-ignore -v -z --stdin [3ms]
2026-05-16 00:28:39.053 [info] [Git][getRemotes] No remotes found in the git config file
2026-05-16 00:28:39.054 [info] > git config --get commit.template [9ms]
2026-05-16 00:28:39.056 [info] > git for-each-ref --format=%(refname)%00%(upstream:short)%00%(objectname)%00%(upstream:track)%00%(upstream:remotename)%00%(upstream:remoteref) refs/heads/master refs/remotes/master [3ms]
2026-05-16 00:28:39.071 [info] > git status -z -uall [8ms]
2026-05-16 00:28:39.074 [info] > git for-each-ref --sort -committerdate --format %(refname)%00%(objectname)%00%(*objectname) [3ms]
2026-05-16 00:28:54.284 [info] > git fetch [12872ms]
2026-05-16 00:28:54.297 [info] > git fetch [12859ms]
2026-05-16 00:28:54.308 [info] > git config --get commit.template [12ms]
2026-05-16 00:28:54.309 [info] > git config --get commit.template [2ms]
2026-05-16 00:28:54.331 [info] > git for-each-ref --format=%(refname)%00%(upstream:short)%00%(objectname)%00%(upstream:track)%00%(upstream:remotename)%00%(upstream:remoteref) refs/heads/master refs/remotes/master [13ms]
2026-05-16 00:28:54.352 [info] > git status -z -uall [11ms]
2026-05-16 00:28:54.353 [info] > git for-each-ref --format=%(refname)%00%(upstream:short)%00%(objectname)%00%(upstream:track)%00%(upstream:remotename)%00%(upstream:remoteref) refs/heads/amar refs/remotes/amar [24ms]
2026-05-16 00:28:54.354 [info] > git for-each-ref --sort -committerdate --format %(refname)%00%(objectname)%00%(*objectname) [4ms]
2026-05-16 00:28:54.381 [info] > git status -z -uall [11ms]
2026-05-16 00:28:54.383 [info] > git for-each-ref --sort -committerdate --format %(refname)%00%(objectname)%00%(*objectname) [5ms]
2026-05-16 00:30:20.234 [info] > git check-ignore -v -z --stdin [3ms]
2026-05-16 00:30:22.118 [info] > git config --get commit.template [2ms]
2026-05-16 00:30:22.127 [info] [Git][getRemotes] No remotes found in the git config file
2026-05-16 00:30:22.129 [info] > git for-each-ref --format=%(refname)%00%(upstream:short)%00%(objectname)%00%(upstream:track)%00%(upstream:remotename)%00%(upstream:remoteref) refs/heads/master refs/remotes/master [2ms]
2026-05-16 00:30:22.148 [info] > git status -z -uall [10ms]
2026-05-16 00:30:22.150 [info] > git for-each-ref --sort -committerdate --format %(refname)%00%(objectname)%00%(*objectname) [3ms]
2026-05-16 00:30:24.819 [info] > git check-ignore -v -z --stdin [3ms]
2026-05-16 00:30:25.379 [info] > git check-ignore -v -z --stdin [3ms]
2026-05-16 00:30:25.581 [info] > git check-ignore -v -z --stdin [2ms]
2026-05-16 00:30:27.478 [info] [Git][getRemotes] No remotes found in the git config file
2026-05-16 00:30:27.479 [info] > git config --get commit.template [11ms]
2026-05-16 00:30:27.480 [info] > git for-each-ref --format=%(refname)%00%(upstream:short)%00%(objectname)%00%(upstream:track)%00%(upstream:remotename)%00%(upstream:remoteref) refs/heads/master refs/remotes/master [3ms]
2026-05-16 00:30:27.495 [info] > git status -z -uall [8ms]
2026-05-16 00:30:27.497 [info] > git for-each-ref --sort -committerdate --format %(refname)%00%(objectname)%00%(*objectname) [3ms]
2026-05-16 00:30:28.323 [info] > git check-ignore -v -z --stdin [3ms]
2026-05-16 00:30:29.000 [info] > git check-ignore -v -z --stdin [3ms]
2026-05-16 00:30:29.960 [info] > git check-ignore -v -z --stdin [2ms]
2026-05-16 00:30:30.936 [info] > git check-ignore -v -z --stdin [1ms]
2026-05-16 00:30:31.173 [info] > git check-ignore -v -z --stdin [3ms]
2026-05-16 00:30:33.064 [info] [Git][getRemotes] No remotes found in the git config file
2026-05-16 00:30:33.065 [info] > git config --get commit.template [12ms]
2026-05-16 00:30:33.066 [info] > git for-each-ref --format=%(refname)%00%(upstream:short)%00%(objectname)%00%(upstream:track)%00%(upstream:remotename)%00%(upstream:remoteref) refs/heads/master refs/remotes/master [3ms]
2026-05-16 00:30:33.082 [info] > git status -z -uall [10ms]
2026-05-16 00:30:33.085 [info] > git for-each-ref --sort -committerdate --format %(refname)%00%(objectname)%00%(*objectname) [3ms]
2026-05-16 00:30:34.816 [info] > git check-ignore -v -z --stdin [4ms]
2026-05-16 00:30:35.228 [info] > git check-ignore -v -z --stdin [3ms]
2026-05-16 00:30:35.486 [info] > git check-ignore -v -z --stdin [2ms]
2026-05-16 00:30:35.863 [info] > git check-ignore -v -z --stdin [3ms]
2026-05-16 00:30:36.354 [info] > git check-ignore -v -z --stdin [3ms]
2026-05-16 00:30:38.242 [info] > git config --get commit.template [2ms]
2026-05-16 00:30:38.242 [info] [Git][getRemotes] No remotes found in the git config file
2026-05-16 00:30:38.252 [info] > git for-each-ref --format=%(refname)%00%(upstream:short)%00%(objectname)%00%(upstream:track)%00%(upstream:remotename)%00%(upstream:remoteref) refs/heads/master refs/remotes/master [3ms]
2026-05-16 00:30:38.266 [info] > git status -z -uall [7ms]
2026-05-16 00:30:38.269 [info] > git for-each-ref --sort -committerdate --format %(refname)%00%(objectname)%00%(*objectname) [3ms]
2026-05-16 00:30:46.683 [info] > git check-ignore -v -z --stdin [3ms]
2026-05-16 00:30:47.072 [info] > git check-ignore -v -z --stdin [3ms]
2026-05-16 00:30:48.967 [info] [Git][getRemotes] No remotes found in the git config file
2026-05-16 00:30:48.968 [info] > git config --get commit.template [11ms]
2026-05-16 00:30:48.971 [info] > git for-each-ref --format=%(refname)%00%(upstream:short)%00%(objectname)%00%(upstream:track)%00%(upstream:remotename)%00%(upstream:remoteref) refs/heads/master refs/remotes/master [4ms]
2026-05-16 00:30:48.986 [info] > git status -z -uall [8ms]
2026-05-16 00:30:48.989 [info] > git for-each-ref --sort -committerdate --format %(refname)%00%(objectname)%00%(*objectname) [4ms]
2026-05-16 00:30:50.515 [info] > git check-ignore -v -z --stdin [2ms]
2026-05-16 00:30:51.526 [info] > git check-ignore -v -z --stdin [3ms]
2026-05-16 00:30:53.387 [info] > git check-ignore -v -z --stdin [2ms]
2026-05-16 00:30:54.012 [info] [Git][getRemotes] No remotes found in the git config file
2026-05-16 00:30:54.013 [info] > git config --get commit.template [9ms]
2026-05-16 00:30:54.014 [info] > git for-each-ref --format=%(refname)%00%(upstream:short)%00%(objectname)%00%(upstream:track)%00%(upstream:remotename)%00%(upstream:remoteref) refs/heads/master refs/remotes/master [2ms]
2026-05-16 00:30:54.030 [info] > git status -z -uall [9ms]
2026-05-16 00:30:54.033 [info] > git for-each-ref --sort -committerdate --format %(refname)%00%(objectname)%00%(*objectname) [4ms]
2026-05-16 00:30:55.408 [info] > git check-ignore -v -z --stdin [3ms]
2026-05-16 00:30:58.481 [info] > git check-ignore -v -z --stdin [2ms]
2026-05-16 00:30:59.056 [info] [Git][getRemotes] No remotes found in the git config file
2026-05-16 00:30:59.057 [info] > git config --get commit.template [10ms]
2026-05-16 00:30:59.059 [info] > git for-each-ref --format=%(refname)%00%(upstream:short)%00%(objectname)%00%(upstream:track)%00%(upstream:remotename)%00%(upstream:remoteref) refs/heads/master refs/remotes/master [4ms]
2026-05-16 00:30:59.076 [info] > git status -z -uall [8ms]
2026-05-16 00:30:59.080 [info] > git for-each-ref --sort -committerdate --format %(refname)%00%(objectname)%00%(*objectname) [5ms]
2026-05-16 00:30:59.609 [info] > git check-ignore -v -z --stdin [3ms]
2026-05-16 00:31:00.314 [info] > git check-ignore -v -z --stdin [3ms]
2026-05-16 00:31:01.083 [info] > git check-ignore -v -z --stdin [2ms]
2026-05-16 00:31:02.223 [info] > git check-ignore -v -z --stdin [3ms]
2026-05-16 00:31:04.095 [info] [Git][getRemotes] No remotes found in the git config file
2026-05-16 00:31:04.104 [info] > git config --get commit.template [10ms]
2026-05-16 00:31:04.107 [info] > git for-each-ref --format=%(refname)%00%(upstream:short)%00%(objectname)%00%(upstream:track)%00%(upstream:remotename)%00%(upstream:remoteref) refs/heads/master refs/remotes/master [3ms]
2026-05-16 00:31:04.125 [info] > git status -z -uall [8ms]
2026-05-16 00:31:04.126 [info] > git for-each-ref --sort -committerdate --format %(refname)%00%(objectname)%00%(*objectname) [3ms]
2026-05-16 00:31:09.153 [info] [Git][getRemotes] No remotes found in the git config file
2026-05-16 00:31:09.153 [info] > git config --get commit.template [11ms]
2026-05-16 00:31:09.156 [info] > git for-each-ref --format=%(refname)%00%(upstream:short)%00%(objectname)%00%(upstream:track)%00%(upstream:remotename)%00%(upstream:remoteref) refs/heads/master refs/remotes/master [4ms]
2026-05-16 00:31:09.170 [info] > git status -z -uall [8ms]
2026-05-16 00:31:09.173 [info] > git for-each-ref --sort -committerdate --format %(refname)%00%(objectname)%00%(*objectname) [3ms]
2026-05-16 00:31:10.167 [info] > git check-ignore -v -z --stdin [3ms]
2026-05-16 00:31:11.311 [info] > git check-ignore -v -z --stdin [3ms]
2026-05-16 00:31:12.108 [info] > git check-ignore -v -z --stdin [3ms]
2026-05-16 00:31:12.646 [info] > git check-ignore -v -z --stdin [3ms]
2026-05-16 00:31:14.197 [info] [Git][getRemotes] No remotes found in the git config file
2026-05-16 00:31:14.199 [info] > git config --get commit.template [12ms]
2026-05-16 00:31:14.199 [info] > git for-each-ref --format=%(refname)%00%(upstream:short)%00%(objectname)%00%(upstream:track)%00%(upstream:remotename)%00%(upstream:remoteref) refs/heads/master refs/remotes/master [2ms]
2026-05-16 00:31:14.215 [info] > git status -z -uall [7ms]
2026-05-16 00:31:14.218 [info] > git for-each-ref --sort -committerdate --format %(refname)%00%(objectname)%00%(*objectname) [4ms]
2026-05-16 00:31:14.775 [info] > git check-ignore -v -z --stdin [3ms]
2026-05-16 00:31:15.525 [info] > git check-ignore -v -z --stdin [2ms]
2026-05-16 00:31:15.938 [info] > git check-ignore -v -z --stdin [4ms]
2026-05-16 00:31:16.863 [info] > git fetch [12ms]
2026-05-16 00:31:16.876 [info] > git fetch [14ms]
2026-05-16 00:31:16.887 [info] > git config --get commit.template [12ms]
2026-05-16 00:31:16.894 [info] [Git][getRemotes] No remotes found in the git config file
2026-05-16 00:31:16.895 [info] > git config --get commit.template [9ms]
2026-05-16 00:31:16.902 [info] [Git][getRemotes] No remotes found in the git config file
2026-05-16 00:31:16.903 [info] > git for-each-ref --format=%(refname)%00%(upstream:short)%00%(objectname)%00%(upstream:track)%00%(upstream:remotename)%00%(upstream:remoteref) refs/heads/master refs/remotes/master [9ms]
2026-05-16 00:31:16.903 [warning] [Git][getBranch] No such branch: master
2026-05-16 00:31:16.919 [info] > git status -z -uall [9ms]
2026-05-16 00:31:16.919 [info] > git for-each-ref --format=%(refname)%00%(upstream:short)%00%(objectname)%00%(upstream:track)%00%(upstream:remotename)%00%(upstream:remoteref) refs/heads/master refs/remotes/master [17ms]
2026-05-16 00:31:16.934 [info] > git status -z -uall [8ms]
2026-05-16 00:31:16.935 [info] > git for-each-ref --sort -committerdate --format %(refname)%00%(objectname)%00%(*objectname) [17ms]
2026-05-16 00:31:16.938 [info] > git for-each-ref --sort -committerdate --format %(refname)%00%(objectname)%00%(*objectname) [5ms]
2026-05-16 00:31:17.252 [info] > git check-ignore -v -z --stdin [3ms]
2026-05-16 00:31:18.011 [info] [Git][getRemotes] No remotes found in the git config file
2026-05-16 00:31:18.012 [info] > git config --get commit.template [8ms]
2026-05-16 00:31:18.014 [info] > git for-each-ref --format=%(refname)%00%(upstream:short)%00%(objectname)%00%(upstream:track)%00%(upstream:remotename)%00%(upstream:remoteref) refs/heads/master refs/remotes/master [3ms]
2026-05-16 00:31:18.014 [warning] [Git][getBranch] No such branch: master
2026-05-16 00:31:18.031 [info] > git status -z -uall [11ms]
2026-05-16 00:31:18.032 [info] > git for-each-ref --sort -committerdate --format %(refname)%00%(objectname)%00%(*objectname) [2ms]
2026-05-16 00:31:18.116 [info] > git ls-files --stage -- main.c [3ms]
2026-05-16 00:31:18.127 [info] > git cat-file -s 4f525f867080249e480fd9538caff00f8d6ec702 [2ms]
2026-05-16 00:31:18.144 [info] > git show --textconv :main.c [3ms]
2026-05-16 00:31:18.358 [info] > git check-ignore -v -z --stdin [2ms]
2026-05-16 00:31:18.730 [info] > git check-ignore -v -z --stdin [2ms]
2026-05-16 00:31:19.233 [info] [Git][getRemotes] No remotes found in the git config file
2026-05-16 00:31:19.239 [info] > git config --get commit.template [7ms]
2026-05-16 00:31:19.240 [info] > git for-each-ref --format=%(refname)%00%(upstream:short)%00%(objectname)%00%(upstream:track)%00%(upstream:remotename)%00%(upstream:remoteref) refs/heads/master refs/remotes/master [2ms]
2026-05-16 00:31:19.254 [info] > git status -z -uall [7ms]
2026-05-16 00:31:19.255 [info] > git for-each-ref --sort -committerdate --format %(refname)%00%(objectname)%00%(*objectname) [1ms]
2026-05-16 00:31:19.608 [info] > git check-ignore -v -z --stdin [2ms]
2026-05-16 00:31:20.246 [info] > git check-ignore -v -z --stdin [1ms]
2026-05-16 00:31:20.472 [info] > git check-ignore -v -z --stdin [3ms]
2026-05-16 00:31:24.281 [info] [Git][getRemotes] No remotes found in the git config file
2026-05-16 00:31:24.282 [info] > git config --get commit.template [12ms]
2026-05-16 00:31:24.283 [info] > git for-each-ref --format=%(refname)%00%(upstream:short)%00%(objectname)%00%(upstream:track)%00%(upstream:remotename)%00%(upstream:remoteref) refs/heads/master refs/remotes/master [3ms]
2026-05-16 00:31:24.297 [info] > git status -z -uall [7ms]
2026-05-16 00:31:24.299 [info] > git for-each-ref --sort -committerdate --format %(refname)%00%(objectname)%00%(*objectname) [3ms]
2026-05-16 00:31:27.478 [info] > git check-ignore -v -z --stdin [4ms]
2026-05-16 00:31:29.367 [info] > git config --get commit.template [3ms]
2026-05-16 00:31:29.377 [info] [Git][getRemotes] No remotes found in the git config file
2026-05-16 00:31:29.378 [info] > git for-each-ref --format=%(refname)%00%(upstream:short)%00%(objectname)%00%(upstream:track)%00%(upstream:remotename)%00%(upstream:remoteref) refs/heads/master refs/remotes/master [2ms]
2026-05-16 00:31:29.395 [info] > git status -z -uall [8ms]
2026-05-16 00:31:29.397 [info] > git for-each-ref --sort -committerdate --format %(refname)%00%(objectname)%00%(*objectname) [3ms]
2026-05-16 00:31:29.801 [info] > git check-ignore -v -z --stdin [3ms]
2026-05-16 00:31:30.877 [info] > git check-ignore -v -z --stdin [7ms]
2026-05-16 00:31:31.083 [info] > git check-ignore -v -z --stdin [2ms]
2026-05-16 00:31:31.549 [info] > git check-ignore -v -z --stdin [3ms]
2026-05-16 00:31:31.786 [info] > git check-ignore -v -z --stdin [3ms]
2026-05-16 00:31:32.326 [info] > git check-ignore -v -z --stdin [3ms]
2026-05-16 00:31:32.543 [info] > git check-ignore -v -z --stdin [2ms]
2026-05-16 00:31:34.421 [info] > git config --get commit.template [7ms]
2026-05-16 00:31:34.430 [info] [Git][getRemotes] No remotes found in the git config file
2026-05-16 00:31:34.433 [info] > git for-each-ref --format=%(refname)%00%(upstream:short)%00%(objectname)%00%(upstream:track)%00%(upstream:remotename)%00%(upstream:remoteref) refs/heads/master refs/remotes/master [3ms]
2026-05-16 00:31:34.451 [info] > git status -z -uall [10ms]
2026-05-16 00:31:34.454 [info] > git for-each-ref --sort -committerdate --format %(refname)%00%(objectname)%00%(*objectname) [4ms]
2026-05-16 00:31:34.618 [info] > git check-ignore -v -z --stdin [5ms]
2026-05-16 00:31:34.855 [info] > git check-ignore -v -z --stdin [3ms]
2026-05-16 00:31:35.871 [info] > git check-ignore -v -z --stdin [2ms]
2026-05-16 00:31:36.169 [info] > git check-ignore -v -z --stdin [3ms]
2026-05-16 00:31:39.468 [info] > git config --get commit.template [2ms]
2026-05-16 00:31:39.469 [info] [Git][getRemotes] No remotes found in the git config file
2026-05-16 00:31:39.476 [info] > git for-each-ref --format=%(refname)%00%(upstream:short)%00%(objectname)%00%(upstream:track)%00%(upstream:remotename)%00%(upstream:remoteref) refs/heads/master refs/remotes/master [2ms]
2026-05-16 00:31:39.490 [info] > git status -z -uall [7ms]
2026-05-16 00:31:39.493 [info] > git for-each-ref --sort -committerdate --format %(refname)%00%(objectname)%00%(*objectname) [3ms]
2026-05-16 00:31:41.754 [info] > git check-ignore -v -z --stdin [3ms]
2026-05-16 00:31:43.483 [info] > git check-ignore -v -z --stdin [3ms]
2026-05-16 00:31:43.990 [info] > git check-ignore -v -z --stdin [2ms]
2026-05-16 00:31:44.512 [info] [Git][getRemotes] No remotes found in the git config file
2026-05-16 00:31:44.513 [info] > git config --get commit.template [8ms]
2026-05-16 00:31:44.514 [info] > git for-each-ref --format=%(refname)%00%(upstream:short)%00%(objectname)%00%(upstream:track)%00%(upstream:remotename)%00%(upstream:remoteref) refs/heads/master refs/remotes/master [2ms]
2026-05-16 00:31:44.528 [info] > git status -z -uall [8ms]
2026-05-16 00:31:44.530 [info] > git for-each-ref --sort -committerdate --format %(refname)%00%(objectname)%00%(*objectname) [3ms]
2026-05-16 00:31:45.648 [info] > git check-ignore -v -z --stdin [2ms]
2026-05-16 00:31:47.288 [info] > git check-ignore -v -z --stdin [1ms]
2026-05-16 00:31:48.093 [info] > git check-ignore -v -z --stdin [2ms]
2026-05-16 00:31:48.722 [info] > git check-ignore -v -z --stdin [2ms]
2026-05-16 00:31:49.558 [info] > git config --get commit.template [16ms]
2026-05-16 00:31:49.566 [info] [Git][getRemotes] No remotes found in the git config file
2026-05-16 00:31:49.569 [info] > git for-each-ref --format=%(refname)%00%(upstream:short)%00%(objectname)%00%(upstream:track)%00%(upstream:remotename)%00%(upstream:remoteref) refs/heads/master refs/remotes/master [3ms]
2026-05-16 00:31:49.584 [info] > git status -z -uall [8ms]
2026-05-16 00:31:49.587 [info] > git for-each-ref --sort -committerdate --format %(refname)%00%(objectname)%00%(*objectname) [4ms]
2026-05-16 00:31:54.415 [info] > git check-ignore -v -z --stdin [3ms]
2026-05-16 00:31:54.612 [info] [Git][getRemotes] No remotes found in the git config file
2026-05-16 00:31:54.616 [info] > git for-each-ref --format=%(refname)%00%(upstream:short)%00%(objectname)%00%(upstream:track)%00%(upstream:remotename)%00%(upstream:remoteref) refs/heads/master refs/remotes/master [5ms]
2026-05-16 00:31:54.616 [info] > git config --get commit.template [15ms]
2026-05-16 00:31:54.632 [info] > git status -z -uall [8ms]
2026-05-16 00:31:54.634 [info] > git for-each-ref --sort -committerdate --format %(refname)%00%(objectname)%00%(*objectname) [3ms]
2026-05-16 00:31:56.852 [info] > git check-ignore -v -z --stdin [2ms]
2026-05-16 00:31:59.657 [info] [Git][getRemotes] No remotes found in the git config file
2026-05-16 00:31:59.657 [info] > git config --get commit.template [8ms]
2026-05-16 00:31:59.659 [info] > git for-each-ref --format=%(refname)%00%(upstream:short)%00%(objectname)%00%(upstream:track)%00%(upstream:remotename)%00%(upstream:remoteref) refs/heads/master refs/remotes/master [3ms]
2026-05-16 00:31:59.674 [info] > git status -z -uall [8ms]
2026-05-16 00:31:59.676 [info] > git for-each-ref --sort -committerdate --format %(refname)%00%(objectname)%00%(*objectname) [3ms]
2026-05-16 00:32:00.241 [info] > git check-ignore -v -z --stdin [3ms]
2026-05-16 00:32:00.539 [info] > git check-ignore -v -z --stdin [3ms]
2026-05-16 00:32:04.670 [info] > git check-ignore -v -z --stdin [5ms]
2026-05-16 00:32:04.701 [info] [Git][getRemotes] No remotes found in the git config file
2026-05-16 00:32:04.703 [info] > git config --get commit.template [12ms]
2026-05-16 00:32:04.704 [info] > git for-each-ref --format=%(refname)%00%(upstream:short)%00%(objectname)%00%(upstream:track)%00%(upstream:remotename)%00%(upstream:remoteref) refs/heads/master refs/remotes/master [4ms]
2026-05-16 00:32:04.726 [info] > git status -z -uall [13ms]
2026-05-16 00:32:04.728 [info] > git for-each-ref --sort -committerdate --format %(refname)%00%(objectname)%00%(*objectname) [7ms]
2026-05-16 00:32:04.876 [info] > git check-ignore -v -z --stdin [2ms]
2026-05-16 00:32:05.183 [info] > git check-ignore -v -z --stdin [3ms]
2026-05-16 00:32:06.309 [info] > git check-ignore -v -z --stdin [2ms]
2026-05-16 00:32:07.273 [info] > git fetch [12910ms]
2026-05-16 00:32:07.275 [info] > git fetch [12940ms]
2026-05-16 00:32:07.293 [info] > git config --get commit.template [8ms]
2026-05-16 00:32:07.295 [info] > git config --get commit.template [3ms]
2026-05-16 00:32:07.313 [info] > git for-each-ref --format=%(refname)%00%(upstream:short)%00%(objectname)%00%(upstream:track)%00%(upstream:remotename)%00%(upstream:remoteref) refs/heads/amar refs/remotes/amar [9ms]
2026-05-16 00:32:07.335 [info] > git status -z -uall [12ms]
2026-05-16 00:32:07.336 [info] > git for-each-ref --format=%(refname)%00%(upstream:short)%00%(objectname)%00%(upstream:track)%00%(upstream:remotename)%00%(upstream:remoteref) refs/heads/master refs/remotes/master [25ms]
2026-05-16 00:32:07.355 [info] > git status -z -uall [10ms]
2026-05-16 00:32:07.356 [info] > git for-each-ref --sort -committerdate --format %(refname)%00%(objectname)%00%(*objectname) [23ms]
2026-05-16 00:32:07.360 [info] > git for-each-ref --sort -committerdate --format %(refname)%00%(objectname)%00%(*objectname) [6ms]
2026-05-16 00:32:09.747 [info] [Git][getRemotes] No remotes found in the git config file
2026-05-16 00:32:09.748 [info] > git config --get commit.template [9ms]
2026-05-16 00:32:09.750 [info] > git for-each-ref --format=%(refname)%00%(upstream:short)%00%(objectname)%00%(upstream:track)%00%(upstream:remotename)%00%(upstream:remoteref) refs/heads/master refs/remotes/master [3ms]
2026-05-16 00:32:09.764 [info] > git status -z -uall [8ms]
2026-05-16 00:32:09.767 [info] > git for-each-ref --sort -committerdate --format %(refname)%00%(objectname)%00%(*objectname) [3ms]
2026-05-16 00:32:20.166 [info] > git check-ignore -v -z --stdin [3ms]
2026-05-16 00:32:21.539 [info] > git check-ignore -v -z --stdin [2ms]
2026-05-16 00:32:22.057 [info] > git config --get commit.template [2ms]
2026-05-16 00:32:22.058 [info] [Git][getRemotes] No remotes found in the git config file
2026-05-16 00:32:22.068 [info] > git for-each-ref --format=%(refname)%00%(upstream:short)%00%(objectname)%00%(upstream:track)%00%(upstream:remotename)%00%(upstream:remoteref) refs/heads/master refs/remotes/master [2ms]
2026-05-16 00:32:22.085 [info] > git status -z -uall [10ms]
2026-05-16 00:32:22.086 [info] > git for-each-ref --sort -committerdate --format %(refname)%00%(objectname)%00%(*objectname) [3ms]
2026-05-16 00:32:24.307 [info] > git check-ignore -v -z --stdin [4ms]
2026-05-16 00:32:26.284 [info] > git check-ignore -v -z --stdin [2ms]
2026-05-16 00:32:26.525 [info] > git check-ignore -v -z --stdin [1ms]
2026-05-16 00:32:27.112 [info] [Git][getRemotes] No remotes found in the git config file
2026-05-16 00:32:27.114 [info] > git config --get commit.template [13ms]
2026-05-16 00:32:27.115 [info] > git for-each-ref --format=%(refname)%00%(upstream:short)%00%(objectname)%00%(upstream:track)%00%(upstream:remotename)%00%(upstream:remoteref) refs/heads/master refs/remotes/master [4ms]
2026-05-16 00:32:27.132 [info] > git status -z -uall [8ms]
2026-05-16 00:32:27.140 [info] > git for-each-ref --sort -committerdate --format %(refname)%00%(objectname)%00%(*objectname) [8ms]
2026-05-16 00:32:27.142 [info] > git check-ignore -v -z --stdin [4ms]
2026-05-16 00:32:27.775 [info] > git check-ignore -v -z --stdin [3ms]
2026-05-16 00:32:28.280 [info] > git check-ignore -v -z --stdin [3ms]
2026-05-16 00:32:28.776 [info] > git check-ignore -v -z --stdin [6ms]
2026-05-16 00:32:28.986 [info] > git check-ignore -v -z --stdin [3ms]
2026-05-16 00:32:29.557 [info] > git check-ignore -v -z --stdin [2ms]
2026-05-16 00:32:30.076 [info] > git check-ignore -v -z --stdin [3ms]
2026-05-16 00:32:30.440 [info] > git check-ignore -v -z --stdin [3ms]
2026-05-16 00:32:30.693 [info] > git check-ignore -v -z --stdin [3ms]
2026-05-16 00:32:32.589 [info] [Git][getRemotes] No remotes found in the git config file
2026-05-16 00:32:32.590 [info] > git config --get commit.template [11ms]
2026-05-16 00:32:32.591 [info] > git for-each-ref --format=%(refname)%00%(upstream:short)%00%(objectname)%00%(upstream:track)%00%(upstream:remotename)%00%(upstream:remoteref) refs/heads/master refs/remotes/master [3ms]
2026-05-16 00:32:32.605 [info] > git status -z -uall [8ms]
2026-05-16 00:32:32.608 [info] > git for-each-ref --sort -committerdate --format %(refname)%00%(objectname)%00%(*objectname) [3ms]
2026-05-16 00:32:38.428 [info] > git check-ignore -v -z --stdin [3ms]
2026-05-16 00:32:38.692 [info] > git check-ignore -v -z --stdin [3ms]
2026-05-16 00:32:40.300 [info] > git check-ignore -v -z --stdin [2ms]
2026-05-16 00:32:40.582 [info] [Git][getRemotes] No remotes found in the git config file
2026-05-16 00:32:40.582 [info] > git config --get commit.template [7ms]
2026-05-16 00:32:40.583 [info] > git for-each-ref --format=%(refname)%00%(upstream:short)%00%(objectname)%00%(upstream:track)%00%(upstream:remotename)%00%(upstream:remoteref) refs/heads/master refs/remotes/master [2ms]
2026-05-16 00:32:40.598 [info] > git status -z -uall [8ms]
2026-05-16 00:32:40.601 [info] > git for-each-ref --sort -committerdate --format %(refname)%00%(objectname)%00%(*objectname) [4ms]
2026-05-16 00:32:41.448 [info] > git check-ignore -v -z --stdin [3ms]
2026-05-16 00:32:41.812 [info] > git check-ignore -v -z --stdin [2ms]
2026-05-16 00:32:42.415 [info] > git check-ignore -v -z --stdin [2ms]
2026-05-16 00:32:43.135 [info] > git check-ignore -v -z --stdin [8ms]
2026-05-16 00:32:43.343 [info] > git check-ignore -v -z --stdin [2ms]
2026-05-16 00:32:43.726 [info] > git check-ignore -v -z --stdin [3ms]
2026-05-16 00:32:45.621 [info] [Git][getRemotes] No remotes found in the git config file
2026-05-16 00:32:45.622 [info] > git config --get commit.template [9ms]
2026-05-16 00:32:45.622 [info] > git for-each-ref --format=%(refname)%00%(upstream:short)%00%(objectname)%00%(upstream:track)%00%(upstream:remotename)%00%(upstream:remoteref) refs/heads/master refs/remotes/master [1ms]
2026-05-16 00:32:45.636 [info] > git status -z -uall [7ms]
2026-05-16 00:32:45.639 [info] > git for-each-ref --sort -committerdate --format %(refname)%00%(objectname)%00%(*objectname) [3ms]
2026-05-16 00:32:46.092 [info] > git check-ignore -v -z --stdin [4ms]
2026-05-16 00:32:46.329 [info] > git check-ignore -v -z --stdin [2ms]
2026-05-16 00:32:48.256 [info] > git check-ignore -v -z --stdin [3ms]
2026-05-16 00:32:48.542 [info] > git check-ignore -v -z --stdin [3ms]
2026-05-16 00:32:50.654 [info] > git config --get commit.template [3ms]
2026-05-16 00:32:50.661 [info] [Git][getRemotes] No remotes found in the git config file
2026-05-16 00:32:50.664 [info] > git for-each-ref --format=%(refname)%00%(upstream:short)%00%(objectname)%00%(upstream:track)%00%(upstream:remotename)%00%(upstream:remoteref) refs/heads/master refs/remotes/master [3ms]
2026-05-16 00:32:50.682 [info] > git status -z -uall [11ms]
2026-05-16 00:32:50.684 [info] > git for-each-ref --sort -committerdate --format %(refname)%00%(objectname)%00%(*objectname) [3ms]
2026-05-16 00:32:51.998 [info] > git check-ignore -v -z --stdin [3ms]
2026-05-16 00:32:55.124 [info] > git check-ignore -v -z --stdin [1ms]
2026-05-16 00:32:55.697 [info] [Git][getRemotes] No remotes found in the git config file
2026-05-16 00:32:55.705 [info] > git config --get commit.template [9ms]
2026-05-16 00:32:55.707 [info] > git for-each-ref --format=%(refname)%00%(upstream:short)%00%(objectname)%00%(upstream:track)%00%(upstream:remotename)%00%(upstream:remoteref) refs/heads/master refs/remotes/master [3ms]
2026-05-16 00:32:55.722 [info] > git status -z -uall [9ms]
2026-05-16 00:32:55.724 [info] > git for-each-ref --sort -committerdate --format %(refname)%00%(objectname)%00%(*objectname) [3ms]
2026-05-16 00:32:56.060 [info] > git check-ignore -v -z --stdin [2ms]
2026-05-16 00:32:57.035 [info] > git check-ignore -v -z --stdin [2ms]
2026-05-16 00:32:58.360 [info] > git check-ignore -v -z --stdin [2ms]
2026-05-16 00:33:00.746 [info] [Git][getRemotes] No remotes found in the git config file
2026-05-16 00:33:00.747 [info] > git config --get commit.template [8ms]
2026-05-16 00:33:00.749 [info] > git for-each-ref --format=%(refname)%00%(upstream:short)%00%(objectname)%00%(upstream:track)%00%(upstream:remotename)%00%(upstream:remoteref) refs/heads/master refs/remotes/master [3ms]
2026-05-16 00:33:00.763 [info] > git status -z -uall [7ms]
2026-05-16 00:33:00.766 [info] > git for-each-ref --sort -committerdate --format %(refname)%00%(objectname)%00%(*objectname) [4ms]
2026-05-16 00:33:06.518 [info] > git check-ignore -v -z --stdin [3ms]
2026-05-16 00:33:08.411 [info] [Git][getRemotes] No remotes found in the git config file
2026-05-16 00:33:08.413 [info] > git config --get commit.template [12ms]
2026-05-16 00:33:08.414 [info] > git for-each-ref --format=%(refname)%00%(upstream:short)%00%(objectname)%00%(upstream:track)%00%(upstream:remotename)%00%(upstream:remoteref) refs/heads/master refs/remotes/master [3ms]
2026-05-16 00:33:08.433 [info] > git status -z -uall [11ms]
2026-05-16 00:33:08.435 [info] > git for-each-ref --sort -committerdate --format %(refname)%00%(objectname)%00%(*objectname) [3ms]
2026-05-16 00:33:11.371 [info] > git check-ignore -v -z --stdin [3ms]
2026-05-16 00:33:12.204 [info] > git check-ignore -v -z --stdin [3ms]
2026-05-16 00:33:12.530 [info] > git check-ignore -v -z --stdin [3ms]
2026-05-16 00:33:14.415 [info] > git config --get commit.template [3ms]
2026-05-16 00:33:14.422 [info] [Git][getRemotes] No remotes found in the git config file
2026-05-16 00:33:14.423 [info] > git for-each-ref --format=%(refname)%00%(upstream:short)%00%(objectname)%00%(upstream:track)%00%(upstream:remotename)%00%(upstream:remoteref) refs/heads/master refs/remotes/master [2ms]
2026-05-16 00:33:14.438 [info] > git status -z -uall [8ms]
2026-05-16 00:33:14.440 [info] > git for-each-ref --sort -committerdate --format %(refname)%00%(objectname)%00%(*objectname) [3ms]
2026-05-16 00:33:17.382 [info] > git check-ignore -v -z --stdin [3ms]
2026-05-16 00:33:17.607 [info] > git check-ignore -v -z --stdin [3ms]
2026-05-16 00:33:18.259 [info] > git check-ignore -v -z --stdin [2ms]
2026-05-16 00:33:18.562 [info] > git check-ignore -v -z --stdin [3ms]
2026-05-16 00:33:19.166 [info] > git check-ignore -v -z --stdin [3ms]
2026-05-16 00:33:20.280 [info] > git check-ignore -v -z --stdin [2ms]
2026-05-16 00:33:20.846 [info] > git check-ignore -v -z --stdin [3ms]
2026-05-16 00:33:21.406 [info] > git check-ignore -v -z --stdin [3ms]
2026-05-16 00:33:22.472 [info] > git check-ignore -v -z --stdin [3ms]
2026-05-16 00:33:23.117 [info] > git check-ignore -v -z --stdin [3ms]
2026-05-16 00:33:23.296 [info] > git config --get commit.template [2ms]
2026-05-16 00:33:23.297 [info] [Git][getRemotes] No remotes found in the git config file
2026-05-16 00:33:23.308 [info] > git for-each-ref --format=%(refname)%00%(upstream:short)%00%(objectname)%00%(upstream:track)%00%(upstream:remotename)%00%(upstream:remoteref) refs/heads/master refs/remotes/master [3ms]
2026-05-16 00:33:23.324 [info] > git status -z -uall [9ms]
2026-05-16 00:33:23.326 [info] > git for-each-ref --sort -committerdate --format %(refname)%00%(objectname)%00%(*objectname) [4ms]
2026-05-16 00:33:28.058 [info] > git check-ignore -v -z --stdin [3ms]
2026-05-16 00:33:28.342 [info] > git config --get commit.template [2ms]
2026-05-16 00:33:28.343 [info] [Git][getRemotes] No remotes found in the git config file
2026-05-16 00:33:28.354 [info] > git for-each-ref --format=%(refname)%00%(upstream:short)%00%(objectname)%00%(upstream:track)%00%(upstream:remotename)%00%(upstream:remoteref) refs/heads/master refs/remotes/master [3ms]
2026-05-16 00:33:28.375 [info] > git status -z -uall [11ms]
2026-05-16 00:33:28.377 [info] > git for-each-ref --sort -committerdate --format %(refname)%00%(objectname)%00%(*objectname) [4ms]
2026-05-16 00:33:29.033 [info] > git check-ignore -v -z --stdin [3ms]
2026-05-16 00:33:29.270 [info] > git check-ignore -v -z --stdin [2ms]
2026-05-16 00:33:29.857 [info] > git check-ignore -v -z --stdin [2ms]
2026-05-16 00:33:31.430 [info] > git check-ignore -v -z --stdin [3ms]
2026-05-16 00:33:31.818 [info] > git check-ignore -v -z --stdin [2ms]
2026-05-16 00:33:33.391 [info] > git config --get commit.template [2ms]
2026-05-16 00:33:33.392 [info] [Git][getRemotes] No remotes found in the git config file
2026-05-16 00:33:33.402 [info] > git for-each-ref --format=%(refname)%00%(upstream:short)%00%(objectname)%00%(upstream:track)%00%(upstream:remotename)%00%(upstream:remoteref) refs/heads/master refs/remotes/master [2ms]
2026-05-16 00:33:33.417 [info] > git status -z -uall [8ms]
2026-05-16 00:33:33.420 [info] > git for-each-ref --sort -committerdate --format %(refname)%00%(objectname)%00%(*objectname) [4ms]
2026-05-16 00:33:38.441 [info] > git config --get commit.template [3ms]
2026-05-16 00:33:38.449 [info] [Git][getRemotes] No remotes found in the git config file
2026-05-16 00:33:38.452 [info] > git for-each-ref --format=%(refname)%00%(upstream:short)%00%(objectname)%00%(upstream:track)%00%(upstream:remotename)%00%(upstream:remoteref) refs/heads/master refs/remotes/master [4ms]
2026-05-16 00:33:38.467 [info] > git status -z -uall [8ms]
2026-05-16 00:33:38.470 [info] > git for-each-ref --sort -committerdate --format %(refname)%00%(objectname)%00%(*objectname) [4ms]
2026-05-16 00:33:39.812 [info] > git check-ignore -v -z --stdin [3ms]
2026-05-16 00:33:43.487 [info] > git config --get commit.template [3ms]
2026-05-16 00:33:43.497 [info] [Git][getRemotes] No remotes found in the git config file
2026-05-16 00:33:43.499 [info] > git for-each-ref --format=%(refname)%00%(upstream:short)%00%(objectname)%00%(upstream:track)%00%(upstream:remotename)%00%(upstream:remoteref) refs/heads/master refs/remotes/master [3ms]
2026-05-16 00:33:43.518 [info] > git status -z -uall [10ms]
2026-05-16 00:33:43.520 [info] > git for-each-ref --sort -committerdate --format %(refname)%00%(objectname)%00%(*objectname) [3ms]
2026-05-16 00:33:47.150 [info] > git check-ignore -v -z --stdin [3ms]
2026-05-16 00:33:47.383 [info] > git check-ignore -v -z --stdin [2ms]
2026-05-16 00:33:48.156 [info] > git check-ignore -v -z --stdin [2ms]
2026-05-16 00:33:48.512 [info] > git check-ignore -v -z --stdin [2ms]
2026-05-16 00:33:49.330 [info] > git check-ignore -v -z --stdin [2ms]
2026-05-16 00:33:49.715 [info] > git check-ignore -v -z --stdin [1ms]
2026-05-16 00:33:50.499 [info] > git check-ignore -v -z --stdin [4ms]
2026-05-16 00:33:51.605 [info] > git check-ignore -v -z --stdin [2ms]
2026-05-16 00:33:51.843 [info] > git check-ignore -v -z --stdin [3ms]
2026-05-16 00:33:52.381 [info] [Git][getRemotes] No remotes found in the git config file
2026-05-16 00:33:52.388 [info] > git config --get commit.template [8ms]
2026-05-16 00:33:52.391 [info] > git for-each-ref --format=%(refname)%00%(upstream:short)%00%(objectname)%00%(upstream:track)%00%(upstream:remotename)%00%(upstream:remoteref) refs/heads/master refs/remotes/master [4ms]
2026-05-16 00:33:52.411 [info] > git status -z -uall [12ms]
2026-05-16 00:33:52.413 [info] > git for-each-ref --sort -committerdate --format %(refname)%00%(objectname)%00%(*objectname) [3ms]
2026-05-16 00:33:52.636 [info] > git check-ignore -v -z --stdin [2ms]
2026-05-16 00:33:52.986 [info] > git check-ignore -v -z --stdin [4ms]
2026-05-16 00:33:57.434 [info] [Git][getRemotes] No remotes found in the git config file
2026-05-16 00:33:57.435 [info] > git config --get commit.template [8ms]
2026-05-16 00:33:57.436 [info] > git for-each-ref --format=%(refname)%00%(upstream:short)%00%(objectname)%00%(upstream:track)%00%(upstream:remotename)%00%(upstream:remoteref) refs/heads/master refs/remotes/master [2ms]
2026-05-16 00:33:57.451 [info] > git status -z -uall [8ms]
2026-05-16 00:33:57.453 [info] > git for-each-ref --sort -committerdate --format %(refname)%00%(objectname)%00%(*objectname) [3ms]
2026-05-16 00:33:58.045 [info] > git check-ignore -v -z --stdin [3ms]
2026-05-16 00:33:58.791 [info] > git check-ignore -v -z --stdin [1ms]
2026-05-16 00:33:59.528 [info] > git check-ignore -v -z --stdin [2ms]
2026-05-16 00:34:00.258 [info] > git check-ignore -v -z --stdin [1ms]
2026-05-16 00:34:01.817 [info] > git check-ignore -v -z --stdin [4ms]
2026-05-16 00:34:02.473 [info] > git check-ignore -v -z --stdin [3ms]
2026-05-16 00:34:03.650 [info] > git check-ignore -v -z --stdin [3ms]
2026-05-16 00:34:04.110 [info] > git check-ignore -v -z --stdin [2ms]
2026-05-16 00:34:04.367 [info] [Git][getRemotes] No remotes found in the git config file
2026-05-16 00:34:04.369 [info] > git config --get commit.template [9ms]
2026-05-16 00:34:04.369 [info] > git for-each-ref --format=%(refname)%00%(upstream:short)%00%(objectname)%00%(upstream:track)%00%(upstream:remotename)%00%(upstream:remoteref) refs/heads/master refs/remotes/master [2ms]
2026-05-16 00:34:04.386 [info] > git status -z -uall [8ms]
2026-05-16 00:34:04.389 [info] > git for-each-ref --sort -committerdate --format %(refname)%00%(objectname)%00%(*objectname) [4ms]
2026-05-16 00:34:07.832 [info] > git check-ignore -v -z --stdin [2ms]
2026-05-16 00:34:09.414 [info] > git config --get commit.template [4ms]
2026-05-16 00:34:09.422 [info] [Git][getRemotes] No remotes found in the git config file
2026-05-16 00:34:09.423 [info] > git for-each-ref --format=%(refname)%00%(upstream:short)%00%(objectname)%00%(upstream:track)%00%(upstream:remotename)%00%(upstream:remoteref) refs/heads/master refs/remotes/master [2ms]
2026-05-16 00:34:09.443 [info] > git status -z -uall [12ms]
2026-05-16 00:34:09.445 [info] > git for-each-ref --sort -committerdate --format %(refname)%00%(objectname)%00%(*objectname) [4ms]
2026-05-16 00:34:09.550 [info] > git check-ignore -v -z --stdin [3ms]
2026-05-16 00:34:10.301 [info] > git check-ignore -v -z --stdin [4ms]
2026-05-16 00:34:12.738 [info] > git check-ignore -v -z --stdin [3ms]
2026-05-16 00:34:14.470 [info] [Git][getRemotes] No remotes found in the git config file
2026-05-16 00:34:14.471 [info] > git config --get commit.template [10ms]
2026-05-16 00:34:14.471 [info] > git for-each-ref --format=%(refname)%00%(upstream:short)%00%(objectname)%00%(upstream:track)%00%(upstream:remotename)%00%(upstream:remoteref) refs/heads/master refs/remotes/master [2ms]
2026-05-16 00:34:14.486 [info] > git status -z -uall [8ms]
2026-05-16 00:34:14.488 [info] > git for-each-ref --sort -committerdate --format %(refname)%00%(objectname)%00%(*objectname) [3ms]
2026-05-16 00:34:15.491 [info] > git check-ignore -v -z --stdin [8ms]
2026-05-16 00:34:15.701 [info] > git check-ignore -v -z --stdin [3ms]
2026-05-16 00:34:16.620 [info] > git check-ignore -v -z --stdin [2ms]
2026-05-16 00:34:16.920 [info] > git check-ignore -v -z --stdin [2ms]
2026-05-16 00:34:16.954 [info] > git fetch [8ms]
2026-05-16 00:34:16.963 [info] > git fetch [9ms]
2026-05-16 00:34:16.972 [info] > git config --get commit.template [10ms]
2026-05-16 00:34:16.980 [info] [Git][getRemotes] No remotes found in the git config file
2026-05-16 00:34:16.982 [info] > git config --get commit.template [10ms]
2026-05-16 00:34:16.983 [info] > git for-each-ref --format=%(refname)%00%(upstream:short)%00%(objectname)%00%(upstream:track)%00%(upstream:remotename)%00%(upstream:remoteref) refs/heads/master refs/remotes/master [3ms]
2026-05-16 00:34:16.983 [warning] [Git][getBranch] No such branch: master
2026-05-16 00:34:16.997 [info] [Git][getRemotes] No remotes found in the git config file
2026-05-16 00:34:17.004 [info] > git status -z -uall [14ms]
2026-05-16 00:34:17.005 [info] > git for-each-ref --sort -committerdate --format %(refname)%00%(objectname)%00%(*objectname) [9ms]
2026-05-16 00:34:17.008 [info] > git for-each-ref --format=%(refname)%00%(upstream:short)%00%(objectname)%00%(upstream:track)%00%(upstream:remotename)%00%(upstream:remoteref) refs/heads/master refs/remotes/master [5ms]
2026-05-16 00:34:17.023 [info] > git status -z -uall [8ms]
2026-05-16 00:34:17.024 [info] > git for-each-ref --sort -committerdate --format %(refname)%00%(objectname)%00%(*objectname) [3ms]
2026-05-16 00:34:17.324 [info] > git check-ignore -v -z --stdin [2ms]
2026-05-16 00:34:17.732 [info] > git check-ignore -v -z --stdin [4ms]
2026-05-16 00:34:18.040 [info] > git config --get commit.template [3ms]
2026-05-16 00:34:18.049 [info] [Git][getRemotes] No remotes found in the git config file
2026-05-16 00:34:18.053 [info] > git for-each-ref --format=%(refname)%00%(upstream:short)%00%(objectname)%00%(upstream:track)%00%(upstream:remotename)%00%(upstream:remoteref) refs/heads/master refs/remotes/master [4ms]
2026-05-16 00:34:18.053 [warning] [Git][getBranch] No such branch: master
2026-05-16 00:34:18.072 [info] > git status -z -uall [11ms]
2026-05-16 00:34:18.074 [info] > git for-each-ref --sort -committerdate --format %(refname)%00%(objectname)%00%(*objectname) [2ms]
2026-05-16 00:34:18.144 [info] > git ls-files --stage -- main.c [3ms]
2026-05-16 00:34:18.154 [info] > git cat-file -s 4f525f867080249e480fd9538caff00f8d6ec702 [3ms]
2026-05-16 00:34:18.169 [info] > git show --textconv :main.c [4ms]
2026-05-16 00:34:18.392 [info] > git check-ignore -v -z --stdin [3ms]
2026-05-16 00:34:19.507 [info] [Git][getRemotes] No remotes found in the git config file
2026-05-16 00:34:19.509 [info] > git config --get commit.template [9ms]
2026-05-16 00:34:19.510 [info] > git for-each-ref --format=%(refname)%00%(upstream:short)%00%(objectname)%00%(upstream:track)%00%(upstream:remotename)%00%(upstream:remoteref) refs/heads/master refs/remotes/master [2ms]
2026-05-16 00:34:19.531 [info] > git status -z -uall [13ms]
2026-05-16 00:34:19.532 [info] > git for-each-ref --sort -committerdate --format %(refname)%00%(objectname)%00%(*objectname) [4ms]
2026-05-16 00:34:24.555 [info] [Git][getRemotes] No remotes found in the git config file
2026-05-16 00:34:24.556 [info] > git config --get commit.template [11ms]
2026-05-16 00:34:24.558 [info] > git for-each-ref --format=%(refname)%00%(upstream:short)%00%(objectname)%00%(upstream:track)%00%(upstream:remotename)%00%(upstream:remoteref) refs/heads/master refs/remotes/master [3ms]
2026-05-16 00:34:24.572 [info] > git status -z -uall [8ms]
2026-05-16 00:34:24.574 [info] > git for-each-ref --sort -committerdate --format %(refname)%00%(objectname)%00%(*objectname) [3ms]
2026-05-16 00:34:37.655 [info] > git check-ignore -v -z --stdin [2ms]
2026-05-16 00:34:39.551 [info] [Git][getRemotes] No remotes found in the git config file
2026-05-16 00:34:39.552 [info] > git config --get commit.template [10ms]
2026-05-16 00:34:39.554 [info] > git for-each-ref --format=%(refname)%00%(upstream:short)%00%(objectname)%00%(upstream:track)%00%(upstream:remotename)%00%(upstream:remoteref) refs/heads/master refs/remotes/master [3ms]
2026-05-16 00:34:39.568 [info] > git status -z -uall [8ms]
2026-05-16 00:34:39.569 [info] > git for-each-ref --sort -committerdate --format %(refname)%00%(objectname)%00%(*objectname) [3ms]
2026-05-16 00:34:42.717 [info] > git check-ignore -v -z --stdin [2ms]
2026-05-16 00:34:43.543 [info] > git check-ignore -v -z --stdin [3ms]
2026-05-16 00:34:43.994 [info] > git check-ignore -v -z --stdin [3ms]
2026-05-16 00:34:44.234 [info] > git check-ignore -v -z --stdin [2ms]
2026-05-16 00:34:45.036 [info] > git check-ignore -v -z --stdin [3ms]
2026-05-16 00:34:45.255 [info] > git check-ignore -v -z --stdin [2ms]
2026-05-16 00:34:46.124 [info] > git check-ignore -v -z --stdin [3ms]
2026-05-16 00:34:46.962 [info] > git check-ignore -v -z --stdin [3ms]
2026-05-16 00:34:47.305 [info] > git check-ignore -v -z --stdin [3ms]
2026-05-16 00:34:48.031 [info] > git check-ignore -v -z --stdin [2ms]
2026-05-16 00:34:49.951 [info] [Git][getRemotes] No remotes found in the git config file
2026-05-16 00:34:49.951 [info] > git config --get commit.template [9ms]
2026-05-16 00:34:49.953 [info] > git for-each-ref --format=%(refname)%00%(upstream:short)%00%(objectname)%00%(upstream:track)%00%(upstream:remotename)%00%(upstream:remoteref) refs/heads/master refs/remotes/master [3ms]
2026-05-16 00:34:49.967 [info] > git status -z -uall [7ms]
2026-05-16 00:34:49.970 [info] > git for-each-ref --sort -committerdate --format %(refname)%00%(objectname)%00%(*objectname) [3ms]
2026-05-16 00:34:52.244 [info] > git check-ignore -v -z --stdin [3ms]
2026-05-16 00:34:52.962 [info] > git check-ignore -v -z --stdin [3ms]
2026-05-16 00:34:54.164 [info] > git check-ignore -v -z --stdin [2ms]
2026-05-16 00:34:54.603 [info] > git check-ignore -v -z --stdin [2ms]
2026-05-16 00:34:54.991 [info] [Git][getRemotes] No remotes found in the git config file
2026-05-16 00:34:54.992 [info] > git config --get commit.template [9ms]
2026-05-16 00:34:54.994 [info] > git for-each-ref --format=%(refname)%00%(upstream:short)%00%(objectname)%00%(upstream:track)%00%(upstream:remotename)%00%(upstream:remoteref) refs/heads/master refs/remotes/master [3ms]
2026-05-16 00:34:55.010 [info] > git status -z -uall [8ms]
2026-05-16 00:34:55.013 [info] > git for-each-ref --sort -committerdate --format %(refname)%00%(objectname)%00%(*objectname) [4ms]
2026-05-16 00:34:56.133 [info] > git check-ignore -v -z --stdin [3ms]
2026-05-16 00:35:00.027 [info] [Git][getRemotes] No remotes found in the git config file
2026-05-16 00:35:00.034 [info] > git config --get commit.template [8ms]
2026-05-16 00:35:00.037 [info] > git for-each-ref --format=%(refname)%00%(upstream:short)%00%(objectname)%00%(upstream:track)%00%(upstream:remotename)%00%(upstream:remoteref) refs/heads/master refs/remotes/master [4ms]
2026-05-16 00:35:00.056 [info] > git status -z -uall [11ms]
2026-05-16 00:35:00.058 [info] > git for-each-ref --sort -committerdate --format %(refname)%00%(objectname)%00%(*objectname) [4ms]
2026-05-16 00:35:04.968 [info] > git check-ignore -v -z --stdin [3ms]
2026-05-16 00:35:06.852 [info] > git config --get commit.template [2ms]
2026-05-16 00:35:06.861 [info] [Git][getRemotes] No remotes found in the git config file
2026-05-16 00:35:06.863 [info] > git for-each-ref --format=%(refname)%00%(upstream:short)%00%(objectname)%00%(upstream:track)%00%(upstream:remotename)%00%(upstream:remoteref) refs/heads/master refs/remotes/master [2ms]
2026-05-16 00:35:06.884 [info] > git status -z -uall [13ms]
2026-05-16 00:35:06.886 [info] > git for-each-ref --sort -committerdate --format %(refname)%00%(objectname)%00%(*objectname) [4ms]
2026-05-16 00:35:21.257 [info] > git fetch [13880ms]
2026-05-16 00:35:21.267 [info] > git fetch [13898ms]
2026-05-16 00:35:21.274 [info] > git config --get commit.template [8ms]
2026-05-16 00:35:21.281 [info] > git config --get commit.template [8ms]
2026-05-16 00:35:21.289 [info] > git for-each-ref --format=%(refname)%00%(upstream:short)%00%(objectname)%00%(upstream:track)%00%(upstream:remotename)%00%(upstream:remoteref) refs/heads/master refs/remotes/master [8ms]
2026-05-16 00:35:21.308 [info] > git status -z -uall [11ms]
2026-05-16 00:35:21.308 [info] > git for-each-ref --format=%(refname)%00%(upstream:short)%00%(objectname)%00%(upstream:track)%00%(upstream:remotename)%00%(upstream:remoteref) refs/heads/amar refs/remotes/amar [20ms]
2026-05-16 00:35:21.309 [info] > git for-each-ref --sort -committerdate --format %(refname)%00%(objectname)%00%(*objectname) [3ms]
2026-05-16 00:35:21.328 [info] > git status -z -uall [9ms]
2026-05-16 00:35:21.330 [info] > git for-each-ref --sort -committerdate --format %(refname)%00%(objectname)%00%(*objectname) [4ms]
2026-05-16 00:35:21.597 [info] > git check-ignore -v -z --stdin [3ms]
2026-05-16 00:35:21.873 [info] > git check-ignore -v -z --stdin [3ms]
2026-05-16 00:35:22.629 [info] > git check-ignore -v -z --stdin [2ms]
2026-05-16 00:35:24.515 [info] [Git][getRemotes] No remotes found in the git config file
2026-05-16 00:35:24.522 [info] > git config --get commit.template [8ms]
2026-05-16 00:35:24.524 [info] > git for-each-ref --format=%(refname)%00%(upstream:short)%00%(objectname)%00%(upstream:track)%00%(upstream:remotename)%00%(upstream:remoteref) refs/heads/master refs/remotes/master [3ms]
2026-05-16 00:35:24.544 [info] > git status -z -uall [12ms]
2026-05-16 00:35:24.546 [info] > git for-each-ref --sort -committerdate --format %(refname)%00%(objectname)%00%(*objectname) [4ms]
2026-05-16 00:35:25.902 [info] > git check-ignore -v -z --stdin [3ms]
2026-05-16 00:35:26.812 [info] > git check-ignore -v -z --stdin [3ms]
2026-05-16 00:35:27.150 [info] > git check-ignore -v -z --stdin [3ms]
2026-05-16 00:35:29.565 [info] > git config --get commit.template [3ms]
2026-05-16 00:35:29.567 [info] [Git][getRemotes] No remotes found in the git config file
2026-05-16 00:35:29.577 [info] > git for-each-ref --format=%(refname)%00%(upstream:short)%00%(objectname)%00%(upstream:track)%00%(upstream:remotename)%00%(upstream:remoteref) refs/heads/master refs/remotes/master [2ms]
2026-05-16 00:35:29.591 [info] > git status -z -uall [7ms]
2026-05-16 00:35:29.594 [info] > git for-each-ref --sort -committerdate --format %(refname)%00%(objectname)%00%(*objectname) [3ms]
2026-05-16 00:35:36.642 [info] > git check-ignore -v -z --stdin [3ms]
2026-05-16 00:35:38.548 [info] [Git][getRemotes] No remotes found in the git config file
2026-05-16 00:35:38.549 [info] > git config --get commit.template [9ms]
2026-05-16 00:35:38.552 [info] > git for-each-ref --format=%(refname)%00%(upstream:short)%00%(objectname)%00%(upstream:track)%00%(upstream:remotename)%00%(upstream:remoteref) refs/heads/master refs/remotes/master [4ms]
2026-05-16 00:35:38.572 [info] > git status -z -uall [11ms]
2026-05-16 00:35:38.575 [info] > git for-each-ref --sort -committerdate --format %(refname)%00%(objectname)%00%(*objectname) [5ms]
2026-05-16 00:35:45.934 [info] > git check-ignore -v -z --stdin [3ms]
2026-05-16 00:35:46.209 [info] > git check-ignore -v -z --stdin [2ms]
2026-05-16 00:35:47.881 [info] > git check-ignore -v -z --stdin [3ms]
2026-05-16 00:35:48.114 [info] > git config --get commit.template [2ms]
2026-05-16 00:35:48.123 [info] [Git][getRemotes] No remotes found in the git config file
2026-05-16 00:35:48.125 [info] > git for-each-ref --format=%(refname)%00%(upstream:short)%00%(objectname)%00%(upstream:track)%00%(upstream:remotename)%00%(upstream:remoteref) refs/heads/master refs/remotes/master [2ms]
2026-05-16 00:35:48.142 [info] > git status -z -uall [9ms]
2026-05-16 00:35:48.144 [info] > git for-each-ref --sort -committerdate --format %(refname)%00%(objectname)%00%(*objectname) [4ms]
2026-05-16 00:35:49.338 [info] > git check-ignore -v -z --stdin [3ms]
2026-05-16 00:35:50.208 [info] > git check-ignore -v -z --stdin [3ms]
2026-05-16 00:35:50.995 [info] > git check-ignore -v -z --stdin [3ms]
2026-05-16 00:35:51.678 [info] > git check-ignore -v -z --stdin [2ms]
2026-05-16 00:35:53.156 [info] [Git][getRemotes] No remotes found in the git config file
2026-05-16 00:35:53.165 [info] > git config --get commit.template [11ms]
2026-05-16 00:35:53.166 [info] > git for-each-ref --format=%(refname)%00%(upstream:short)%00%(objectname)%00%(upstream:track)%00%(upstream:remotename)%00%(upstream:remoteref) refs/heads/master refs/remotes/master [2ms]
2026-05-16 00:35:53.182 [info] > git status -z -uall [9ms]
2026-05-16 00:35:53.184 [info] > git for-each-ref --sort -committerdate --format %(refname)%00%(objectname)%00%(*objectname) [3ms]
2026-05-16 00:35:54.064 [info] > git check-ignore -v -z --stdin [2ms]
2026-05-16 00:35:58.204 [info] [Git][getRemotes] No remotes found in the git config file
2026-05-16 00:35:58.206 [info] > git config --get commit.template [9ms]
2026-05-16 00:35:58.207 [info] > git for-each-ref --format=%(refname)%00%(upstream:short)%00%(objectname)%00%(upstream:track)%00%(upstream:remotename)%00%(upstream:remoteref) refs/heads/master refs/remotes/master [3ms]
2026-05-16 00:35:58.226 [info] > git status -z -uall [11ms]
2026-05-16 00:35:58.228 [info] > git for-each-ref --sort -committerdate --format %(refname)%00%(objectname)%00%(*objectname) [4ms]
2026-05-16 00:35:58.996 [info] > git check-ignore -v -z --stdin [2ms]
2026-05-16 00:36:03.244 [info] [Git][getRemotes] No remotes found in the git config file
2026-05-16 00:36:03.252 [info] > git config --get commit.template [10ms]
2026-05-16 00:36:03.252 [info] > git for-each-ref --format=%(refname)%00%(upstream:short)%00%(objectname)%00%(upstream:track)%00%(upstream:remotename)%00%(upstream:remoteref) refs/heads/master refs/remotes/master [2ms]
2026-05-16 00:36:03.271 [info] > git status -z -uall [11ms]
2026-05-16 00:36:03.273 [info] > git for-each-ref --sort -committerdate --format %(refname)%00%(objectname)%00%(*objectname) [3ms]
2026-05-16 00:36:04.343 [info] > git check-ignore -v -z --stdin [2ms]
2026-05-16 00:36:04.583 [info] > git check-ignore -v -z --stdin [2ms]
2026-05-16 00:36:05.111 [info] > git check-ignore -v -z --stdin [2ms]
2026-05-16 00:36:07.197 [info] > git check-ignore -v -z --stdin [3ms]
2026-05-16 00:36:08.291 [info] > git config --get commit.template [3ms]
2026-05-16 00:36:08.300 [info] [Git][getRemotes] No remotes found in the git config file
2026-05-16 00:36:08.303 [info] > git for-each-ref --format=%(refname)%00%(upstream:short)%00%(objectname)%00%(upstream:track)%00%(upstream:remotename)%00%(upstream:remoteref) refs/heads/master refs/remotes/master [3ms]
2026-05-16 00:36:08.323 [info] > git status -z -uall [11ms]
2026-05-16 00:36:08.324 [info] > git for-each-ref --sort -committerdate --format %(refname)%00%(objectname)%00%(*objectname) [3ms]
2026-05-16 00:36:09.454 [info] > git check-ignore -v -z --stdin [3ms]
2026-05-16 00:36:09.891 [info] > git check-ignore -v -z --stdin [2ms]
2026-05-16 00:36:11.281 [info] > git check-ignore -v -z --stdin [3ms]
2026-05-16 00:36:11.500 [info] > git check-ignore -v -z --stdin [2ms]
2026-05-16 00:36:11.783 [info] > git check-ignore -v -z --stdin [3ms]
2026-05-16 00:36:12.485 [info] > git check-ignore -v -z --stdin [2ms]
2026-05-16 00:36:13.344 [info] [Git][getRemotes] No remotes found in the git config file
2026-05-16 00:36:13.345 [info] > git config --get commit.template [9ms]
2026-05-16 00:36:13.349 [info] > git for-each-ref --format=%(refname)%00%(upstream:short)%00%(objectname)%00%(upstream:track)%00%(upstream:remotename)%00%(upstream:remoteref) refs/heads/master refs/remotes/master [5ms]
2026-05-16 00:36:13.366 [info] > git status -z -uall [9ms]
2026-05-16 00:36:13.368 [info] > git for-each-ref --sort -committerdate --format %(refname)%00%(objectname)%00%(*objectname) [4ms]
2026-05-16 00:36:15.398 [info] > git check-ignore -v -z --stdin [3ms]
2026-05-16 00:36:15.740 [info] > git check-ignore -v -z --stdin [2ms]
2026-05-16 00:36:16.540 [info] > git check-ignore -v -z --stdin [2ms]
2026-05-16 00:36:17.448 [info] > git check-ignore -v -z --stdin [3ms]
2026-05-16 00:36:18.081 [info] > git check-ignore -v -z --stdin [2ms]
2026-05-16 00:36:18.353 [info] > git check-ignore -v -z --stdin [2ms]
2026-05-16 00:36:18.385 [info] > git config --get commit.template [3ms]
2026-05-16 00:36:18.386 [info] [Git][getRemotes] No remotes found in the git config file
2026-05-16 00:36:18.395 [info] > git for-each-ref --format=%(refname)%00%(upstream:short)%00%(objectname)%00%(upstream:track)%00%(upstream:remotename)%00%(upstream:remoteref) refs/heads/master refs/remotes/master [3ms]
2026-05-16 00:36:18.411 [info] > git status -z -uall [8ms]
2026-05-16 00:36:18.413 [info] > git for-each-ref --sort -committerdate --format %(refname)%00%(objectname)%00%(*objectname) [3ms]
2026-05-16 00:36:19.097 [info] > git check-ignore -v -z --stdin [1ms]
2026-05-16 00:36:19.480 [info] > git check-ignore -v -z --stdin [3ms]
2026-05-16 00:36:20.792 [info] > git check-ignore -v -z --stdin [2ms]
2026-05-16 00:36:23.433 [info] [Git][getRemotes] No remotes found in the git config file
2026-05-16 00:36:23.434 [info] > git config --get commit.template [8ms]
2026-05-16 00:36:23.436 [info] > git for-each-ref --format=%(refname)%00%(upstream:short)%00%(objectname)%00%(upstream:track)%00%(upstream:remotename)%00%(upstream:remoteref) refs/heads/master refs/remotes/master [3ms]
2026-05-16 00:36:23.452 [info] > git status -z -uall [8ms]
2026-05-16 00:36:23.455 [info] > git for-each-ref --sort -committerdate --format %(refname)%00%(objectname)%00%(*objectname) [3ms]
2026-05-16 00:36:36.566 [info] > git check-ignore -v -z --stdin [2ms]
2026-05-16 00:36:37.497 [info] > git check-ignore -v -z --stdin [3ms]
2026-05-16 00:36:39.035 [info] > git check-ignore -v -z --stdin [3ms]
2026-05-16 00:36:39.403 [info] [Git][getRemotes] No remotes found in the git config file
2026-05-16 00:36:39.404 [info] > git config --get commit.template [9ms]
2026-05-16 00:36:39.406 [info] > git for-each-ref --format=%(refname)%00%(upstream:short)%00%(objectname)%00%(upstream:track)%00%(upstream:remotename)%00%(upstream:remoteref) refs/heads/master refs/remotes/master [3ms]
2026-05-16 00:36:39.420 [info] > git status -z -uall [8ms]
2026-05-16 00:36:39.423 [info] > git for-each-ref --sort -committerdate --format %(refname)%00%(objectname)%00%(*objectname) [4ms]
2026-05-16 00:36:40.805 [info] > git check-ignore -v -z --stdin [2ms]
2026-05-16 00:36:41.324 [info] > git check-ignore -v -z --stdin [2ms]
2026-05-16 00:36:44.197 [info] > git check-ignore -v -z --stdin [3ms]
2026-05-16 00:36:44.448 [info] [Git][getRemotes] No remotes found in the git config file
2026-05-16 00:36:44.450 [info] > git config --get commit.template [13ms]
2026-05-16 00:36:44.451 [info] > git for-each-ref --format=%(refname)%00%(upstream:short)%00%(objectname)%00%(upstream:track)%00%(upstream:remotename)%00%(upstream:remoteref) refs/heads/master refs/remotes/master [3ms]
2026-05-16 00:36:44.470 [info] > git status -z -uall [10ms]
2026-05-16 00:36:44.473 [info] > git for-each-ref --sort -committerdate --format %(refname)%00%(objectname)%00%(*objectname) [4ms]
2026-05-16 00:36:44.487 [info] > git check-ignore -v -z --stdin [4ms]
2026-05-16 00:36:46.175 [info] > git check-ignore -v -z --stdin [2ms]
2026-05-16 00:36:47.502 [info] > git check-ignore -v -z --stdin [1ms]
2026-05-16 00:36:49.103 [info] > git check-ignore -v -z --stdin [2ms]
2026-05-16 00:36:49.487 [info] [Git][getRemotes] No remotes found in the git config file
2026-05-16 00:36:49.494 [info] > git config --get commit.template [9ms]
2026-05-16 00:36:49.496 [info] > git for-each-ref --format=%(refname)%00%(upstream:short)%00%(objectname)%00%(upstream:track)%00%(upstream:remotename)%00%(upstream:remoteref) refs/heads/master refs/remotes/master [3ms]
2026-05-16 00:36:49.516 [info] > git status -z -uall [11ms]
2026-05-16 00:36:49.517 [info] > git for-each-ref --sort -committerdate --format %(refname)%00%(objectname)%00%(*objectname) [3ms]
2026-05-16 00:36:51.274 [info] > git check-ignore -v -z --stdin [2ms]
2026-05-16 00:36:54.538 [info] [Git][getRemotes] No remotes found in the git config file
2026-05-16 00:36:54.539 [info] > git config --get commit.template [9ms]
2026-05-16 00:36:54.541 [info] > git for-each-ref --format=%(refname)%00%(upstream:short)%00%(objectname)%00%(upstream:track)%00%(upstream:remotename)%00%(upstream:remoteref) refs/heads/master refs/remotes/master [3ms]
2026-05-16 00:36:54.555 [info] > git status -z -uall [8ms]
2026-05-16 00:36:54.557 [info] > git for-each-ref --sort -committerdate --format %(refname)%00%(objectname)%00%(*objectname) [2ms]
2026-05-16 00:37:17.023 [info] > git fetch [7ms]
2026-05-16 00:37:17.040 [info] > git config --get commit.template [8ms]
2026-05-16 00:37:17.048 [info] [Git][getRemotes] No remotes found in the git config file
2026-05-16 00:37:17.049 [info] > git fetch [10ms]
2026-05-16 00:37:17.057 [info] > git for-each-ref --format=%(refname)%00%(upstream:short)%00%(objectname)%00%(upstream:track)%00%(upstream:remotename)%00%(upstream:remoteref) refs/heads/master refs/remotes/master [9ms]
2026-05-16 00:37:17.057 [warning] [Git][getBranch] No such branch: master
2026-05-16 00:37:17.072 [info] > git status -z -uall [8ms]
2026-05-16 00:37:17.072 [info] > git config --get commit.template [15ms]
2026-05-16 00:37:17.073 [info] > git for-each-ref --sort -committerdate --format %(refname)%00%(objectname)%00%(*objectname) [2ms]
2026-05-16 00:37:17.083 [info] [Git][getRemotes] No remotes found in the git config file
2026-05-16 00:37:17.086 [info] > git for-each-ref --format=%(refname)%00%(upstream:short)%00%(objectname)%00%(upstream:track)%00%(upstream:remotename)%00%(upstream:remoteref) refs/heads/master refs/remotes/master [3ms]
2026-05-16 00:37:17.104 [info] > git status -z -uall [11ms]
2026-05-16 00:37:17.106 [info] > git for-each-ref --sort -committerdate --format %(refname)%00%(objectname)%00%(*objectname) [5ms]
2026-05-16 00:37:17.393 [info] > git check-ignore -v -z --stdin [2ms]
2026-05-16 00:37:18.121 [info] > git config --get commit.template [4ms]
2026-05-16 00:37:18.131 [info] [Git][getRemotes] No remotes found in the git config file
2026-05-16 00:37:18.133 [info] > git for-each-ref --format=%(refname)%00%(upstream:short)%00%(objectname)%00%(upstream:track)%00%(upstream:remotename)%00%(upstream:remoteref) refs/heads/master refs/remotes/master [3ms]
2026-05-16 00:37:18.134 [warning] [Git][getBranch] No such branch: master
2026-05-16 00:37:18.150 [info] > git status -z -uall [7ms]
2026-05-16 00:37:18.152 [info] > git for-each-ref --sort -committerdate --format %(refname)%00%(objectname)%00%(*objectname) [3ms]
2026-05-16 00:37:18.223 [info] > git ls-files --stage -- main.c [3ms]
2026-05-16 00:37:18.234 [info] > git cat-file -s 4f525f867080249e480fd9538caff00f8d6ec702 [4ms]
2026-05-16 00:37:18.247 [info] > git show --textconv :main.c [2ms]
2026-05-16 00:37:18.471 [info] > git check-ignore -v -z --stdin [3ms]
2026-05-16 00:37:19.880 [info] > git check-ignore -v -z --stdin [2ms]
2026-05-16 00:37:21.071 [info] > git check-ignore -v -z --stdin [3ms]
2026-05-16 00:37:21.796 [info] [Git][getRemotes] No remotes found in the git config file
2026-05-16 00:37:21.798 [info] > git config --get commit.template [12ms]
2026-05-16 00:37:21.799 [info] > git for-each-ref --format=%(refname)%00%(upstream:short)%00%(objectname)%00%(upstream:track)%00%(upstream:remotename)%00%(upstream:remoteref) refs/heads/master refs/remotes/master [3ms]
2026-05-16 00:37:21.819 [info] > git status -z -uall [12ms]
2026-05-16 00:37:21.819 [info] > git for-each-ref --sort -committerdate --format %(refname)%00%(objectname)%00%(*objectname) [4ms]
2026-05-16 00:37:22.025 [info] > git check-ignore -v -z --stdin [3ms]
2026-05-16 00:37:23.330 [info] > git check-ignore -v -z --stdin [4ms]
2026-05-16 00:37:24.327 [info] > git check-ignore -v -z --stdin [2ms]
2026-05-16 00:37:25.381 [info] > git check-ignore -v -z --stdin [2ms]
2026-05-16 00:37:25.939 [info] > git check-ignore -v -z --stdin [2ms]
2026-05-16 00:37:26.834 [info] [Git][getRemotes] No remotes found in the git config file
2026-05-16 00:37:26.845 [info] > git config --get commit.template [13ms]
2026-05-16 00:37:26.847 [info] > git for-each-ref --format=%(refname)%00%(upstream:short)%00%(objectname)%00%(upstream:track)%00%(upstream:remotename)%00%(upstream:remoteref) refs/heads/master refs/remotes/master [3ms]
2026-05-16 00:37:26.864 [info] > git status -z -uall [8ms]
2026-05-16 00:37:26.867 [info] > git for-each-ref --sort -committerdate --format %(refname)%00%(objectname)%00%(*objectname) [4ms]
2026-05-16 00:37:31.140 [info] > git check-ignore -v -z --stdin [3ms]
2026-05-16 00:37:31.881 [info] [Git][getRemotes] No remotes found in the git config file
2026-05-16 00:37:31.889 [info] > git config --get commit.template [8ms]
2026-05-16 00:37:31.890 [info] > git for-each-ref --format=%(refname)%00%(upstream:short)%00%(objectname)%00%(upstream:track)%00%(upstream:remotename)%00%(upstream:remoteref) refs/heads/master refs/remotes/master [4ms]
2026-05-16 00:37:31.906 [info] > git status -z -uall [8ms]
2026-05-16 00:37:31.913 [info] > git for-each-ref --sort -committerdate --format %(refname)%00%(objectname)%00%(*objectname) [8ms]
2026-05-16 00:37:31.917 [info] > git check-ignore -v -z --stdin [5ms]
2026-05-16 00:37:34.474 [info] > git check-ignore -v -z --stdin [2ms]
2026-05-16 00:37:34.763 [info] > git check-ignore -v -z --stdin [3ms]
2026-05-16 00:37:35.109 [info] > git check-ignore -v -z --stdin [3ms]
2026-05-16 00:37:35.080 [info] > git check-ignore -v -z --stdin [3ms]
2026-05-16 00:37:36.385 [info] [Git][getRemotes] No remotes found in the git config file
2026-05-16 00:37:36.386 [info] > git config --get commit.template [9ms]
2026-05-16 00:37:36.388 [info] > git for-each-ref --format=%(refname)%00%(upstream:short)%00%(objectname)%00%(upstream:track)%00%(upstream:remotename)%00%(upstream:remoteref) refs/heads/master refs/remotes/master [3ms]
2026-05-16 00:37:36.402 [info] > git status -z -uall [8ms]
2026-05-16 00:37:36.404 [info] > git for-each-ref --sort -committerdate --format %(refname)%00%(objectname)%00%(*objectname) [3ms]
2026-05-16 00:37:38.076 [info] > git check-ignore -v -z --stdin [3ms]
2026-05-16 00:37:39.479 [info] > git check-ignore -v -z --stdin [3ms]
2026-05-16 00:37:40.883 [info] > git check-ignore -v -z --stdin [4ms]
2026-05-16 00:37:41.069 [info] > git check-ignore -v -z --stdin [3ms]
2026-05-16 00:37:41.421 [info] [Git][getRemotes] No remotes found in the git config file
2026-05-16 00:37:41.429 [info] > git config --get commit.template [10ms]
2026-05-16 00:37:41.431 [info] > git for-each-ref --format=%(refname)%00%(upstream:short)%00%(objectname)%00%(upstream:track)%00%(upstream:remotename)%00%(upstream:remoteref) refs/heads/master refs/remotes/master [3ms]
2026-05-16 00:37:41.445 [info] > git status -z -uall [7ms]
2026-05-16 00:37:41.447 [info] > git for-each-ref --sort -committerdate --format %(refname)%00%(objectname)%00%(*objectname) [3ms]
2026-05-16 00:37:41.699 [info] > git check-ignore -v -z --stdin [4ms]
2026-05-16 00:37:45.045 [info] > git check-ignore -v -z --stdin [3ms]
2026-05-16 00:37:46.462 [info] [Git][getRemotes] No remotes found in the git config file
2026-05-16 00:37:46.470 [info] > git config --get commit.template [9ms]
2026-05-16 00:37:46.472 [info] > git for-each-ref --format=%(refname)%00%(upstream:short)%00%(objectname)%00%(upstream:track)%00%(upstream:remotename)%00%(upstream:remoteref) refs/heads/master refs/remotes/master [3ms]
2026-05-16 00:37:46.486 [info] > git status -z -uall [8ms]
2026-05-16 00:37:46.489 [info] > git for-each-ref --sort -committerdate --format %(refname)%00%(objectname)%00%(*objectname) [3ms]
2026-05-16 00:37:48.342 [info] > git check-ignore -v -z --stdin [2ms]
2026-05-16 00:37:49.370 [info] > git check-ignore -v -z --stdin [3ms]
2026-05-16 00:37:49.986 [info] > git check-ignore -v -z --stdin [2ms]
2026-05-16 00:37:50.503 [info] > git check-ignore -v -z --stdin [3ms]
2026-05-16 00:37:50.730 [info] > git check-ignore -v -z --stdin [2ms]
2026-05-16 00:37:51.060 [info] > git check-ignore -v -z --stdin [3ms]
2026-05-16 00:37:51.509 [info] [Git][getRemotes] No remotes found in the git config file
2026-05-16 00:37:51.510 [info] > git config --get commit.template [8ms]
2026-05-16 00:37:51.512 [info] > git for-each-ref --format=%(refname)%00%(upstream:short)%00%(objectname)%00%(upstream:track)%00%(upstream:remotename)%00%(upstream:remoteref) refs/heads/master refs/remotes/master [3ms]
2026-05-16 00:37:51.527 [info] > git status -z -uall [8ms]
2026-05-16 00:37:51.529 [info] > git for-each-ref --sort -committerdate --format %(refname)%00%(objectname)%00%(*objectname) [3ms]
2026-05-16 00:37:56.554 [info] [Git][getRemotes] No remotes found in the git config file
2026-05-16 00:37:56.554 [info] > git config --get commit.template [9ms]
2026-05-16 00:37:56.556 [info] > git for-each-ref --format=%(refname)%00%(upstream:short)%00%(objectname)%00%(upstream:track)%00%(upstream:remotename)%00%(upstream:remoteref) refs/heads/master refs/remotes/master [3ms]
2026-05-16 00:37:56.574 [info] > git status -z -uall [11ms]
2026-05-16 00:37:56.576 [info] > git for-each-ref --sort -committerdate --format %(refname)%00%(objectname)%00%(*objectname) [4ms]
2026-05-16 00:38:31.487 [info] > git check-ignore -v -z --stdin [2ms]
2026-05-16 00:38:32.526 [info] > git check-ignore -v -z --stdin [3ms]
2026-05-16 00:38:33.685 [info] > git check-ignore -v -z --stdin [2ms]
2026-05-16 00:38:34.440 [info] [Git][getRemotes] No remotes found in the git config file
2026-05-16 00:38:34.441 [info] > git config --get commit.template [10ms]
2026-05-16 00:38:34.442 [info] > git for-each-ref --format=%(refname)%00%(upstream:short)%00%(objectname)%00%(upstream:track)%00%(upstream:remotename)%00%(upstream:remoteref) refs/heads/master refs/remotes/master [3ms]
2026-05-16 00:38:34.462 [info] > git status -z -uall [11ms]
2026-05-16 00:38:34.463 [info] > git for-each-ref --sort -committerdate --format %(refname)%00%(objectname)%00%(*objectname) [3ms]
2026-05-16 00:38:35.183 [info] > git fetch [13982ms]
2026-05-16 00:38:35.195 [info] > git fetch [13973ms]
2026-05-16 00:38:35.209 [info] > git config --get commit.template [14ms]
2026-05-16 00:38:35.215 [info] > git config --get commit.template [8ms]
2026-05-16 00:38:35.233 [info] > git for-each-ref --format=%(refname)%00%(upstream:short)%00%(objectname)%00%(upstream:track)%00%(upstream:remotename)%00%(upstream:remoteref) refs/heads/master refs/remotes/master [9ms]
2026-05-16 00:38:35.253 [info] > git status -z -uall [11ms]
2026-05-16 00:38:35.254 [info] > git for-each-ref --format=%(refname)%00%(upstream:short)%00%(objectname)%00%(upstream:track)%00%(upstream:remotename)%00%(upstream:remoteref) refs/heads/amar refs/remotes/amar [22ms]
2026-05-16 00:38:35.255 [info] > git for-each-ref --sort -committerdate --format %(refname)%00%(objectname)%00%(*objectname) [4ms]
2026-05-16 00:38:35.281 [info] > git status -z -uall [15ms]
2026-05-16 00:38:35.281 [info] > git for-each-ref --sort -committerdate --format %(refname)%00%(objectname)%00%(*objectname) [8ms]
2026-05-16 00:38:35.418 [info] > git check-ignore -v -z --stdin [2ms]
2026-05-16 00:38:36.610 [info] > git check-ignore -v -z --stdin [2ms]
2026-05-16 00:38:37.646 [info] > git check-ignore -v -z --stdin [2ms]
2026-05-16 00:38:38.362 [info] > git check-ignore -v -z --stdin [3ms]
2026-05-16 00:38:38.727 [info] > git check-ignore -v -z --stdin [2ms]
2026-05-16 00:38:39.338 [info] > git check-ignore -v -z --stdin [3ms]
2026-05-16 00:38:39.487 [info] [Git][getRemotes] No remotes found in the git config file
2026-05-16 00:38:39.489 [info] > git config --get commit.template [9ms]
2026-05-16 00:38:39.490 [info] > git for-each-ref --format=%(refname)%00%(upstream:short)%00%(objectname)%00%(upstream:track)%00%(upstream:remotename)%00%(upstream:remoteref) refs/heads/master refs/remotes/master [3ms]
2026-05-16 00:38:39.505 [info] > git status -z -uall [8ms]
2026-05-16 00:38:39.508 [info] > git for-each-ref --sort -committerdate --format %(refname)%00%(objectname)%00%(*objectname) [4ms]
2026-05-16 00:38:41.120 [info] > git check-ignore -v -z --stdin [3ms]
2026-05-16 00:38:43.456 [info] > git check-ignore -v -z --stdin [5ms]
2026-05-16 00:38:43.662 [info] > git check-ignore -v -z --stdin [2ms]
2026-05-16 00:38:43.894 [info] > git check-ignore -v -z --stdin [3ms]
2026-05-16 00:38:44.531 [info] [Git][getRemotes] No remotes found in the git config file
2026-05-16 00:38:44.532 [info] > git config --get commit.template [9ms]
2026-05-16 00:38:44.534 [info] > git for-each-ref --format=%(refname)%00%(upstream:short)%00%(objectname)%00%(upstream:track)%00%(upstream:remotename)%00%(upstream:remoteref) refs/heads/master refs/remotes/master [3ms]
2026-05-16 00:38:44.549 [info] > git status -z -uall [8ms]
2026-05-16 00:38:44.552 [info] > git for-each-ref --sort -committerdate --format %(refname)%00%(objectname)%00%(*objectname) [3ms]
2026-05-16 00:38:45.827 [info] > git check-ignore -v -z --stdin [2ms]
2026-05-16 00:38:47.045 [info] > git check-ignore -v -z --stdin [3ms]
2026-05-16 00:38:49.568 [info] > git config --get commit.template [2ms]
2026-05-16 00:38:49.577 [info] [Git][getRemotes] No remotes found in the git config file
2026-05-16 00:38:49.580 [info] > git for-each-ref --format=%(refname)%00%(upstream:short)%00%(objectname)%00%(upstream:track)%00%(upstream:remotename)%00%(upstream:remoteref) refs/heads/master refs/remotes/master [2ms]
2026-05-16 00:38:49.598 [info] > git status -z -uall [10ms]
2026-05-16 00:38:49.600 [info] > git for-each-ref --sort -committerdate --format %(refname)%00%(objectname)%00%(*objectname) [4ms]
2026-05-16 00:39:13.262 [info] > git check-ignore -v -z --stdin [3ms]
2026-05-16 00:39:15.145 [info] [Git][getRemotes] No remotes found in the git config file
2026-05-16 00:39:15.153 [info] > git config --get commit.template [8ms]
2026-05-16 00:39:15.155 [info] > git for-each-ref --format=%(refname)%00%(upstream:short)%00%(objectname)%00%(upstream:track)%00%(upstream:remotename)%00%(upstream:remoteref) refs/heads/master refs/remotes/master [3ms]
2026-05-16 00:39:15.173 [info] > git status -z -uall [11ms]
2026-05-16 00:39:15.176 [info] > git for-each-ref --sort -committerdate --format %(refname)%00%(objectname)%00%(*objectname) [4ms]
2026-05-16 00:39:23.630 [info] > git check-ignore -v -z --stdin [3ms]
2026-05-16 00:39:23.866 [info] > git check-ignore -v -z --stdin [2ms]
2026-05-16 00:39:24.556 [info] > git check-ignore -v -z --stdin [3ms]
2026-05-16 00:39:25.468 [info] > git check-ignore -v -z --stdin [3ms]
2026-05-16 00:39:25.852 [info] > git check-ignore -v -z --stdin [3ms]
2026-05-16 00:39:26.566 [info] > git check-ignore -v -z --stdin [3ms]
2026-05-16 00:39:27.737 [info] > git check-ignore -v -z --stdin [3ms]
2026-05-16 00:39:27.979 [info] > git check-ignore -v -z --stdin [1ms]
2026-05-16 00:39:28.312 [info] > git check-ignore -v -z --stdin [3ms]
2026-05-16 00:39:28.471 [info] [Git][getRemotes] No remotes found in the git config file
2026-05-16 00:39:28.471 [info] > git config --get commit.template [10ms]
2026-05-16 00:39:28.473 [info] > git for-each-ref --format=%(refname)%00%(upstream:short)%00%(objectname)%00%(upstream:track)%00%(upstream:remotename)%00%(upstream:remoteref) refs/heads/master refs/remotes/master [2ms]
2026-05-16 00:39:28.487 [info] > git status -z -uall [8ms]
2026-05-16 00:39:28.490 [info] > git for-each-ref --sort -committerdate --format %(refname)%00%(objectname)%00%(*objectname) [4ms]
2026-05-16 00:39:33.503 [info] [Git][getRemotes] No remotes found in the git config file
2026-05-16 00:39:33.510 [info] > git config --get commit.template [8ms]
2026-05-16 00:39:33.512 [info] > git for-each-ref --format=%(refname)%00%(upstream:short)%00%(objectname)%00%(upstream:track)%00%(upstream:remotename)%00%(upstream:remoteref) refs/heads/master refs/remotes/master [3ms]
2026-05-16 00:39:33.527 [info] > git status -z -uall [8ms]
2026-05-16 00:39:33.529 [info] > git for-each-ref --sort -committerdate --format %(refname)%00%(objectname)%00%(*objectname) [2ms]
2026-05-16 00:39:38.314 [info] > git check-ignore -v -z --stdin [3ms]
2026-05-16 00:39:40.206 [info] [Git][getRemotes] No remotes found in the git config file
2026-05-16 00:39:40.209 [info] > git config --get commit.template [16ms]
2026-05-16 00:39:40.211 [info] > git for-each-ref --format=%(refname)%00%(upstream:short)%00%(objectname)%00%(upstream:track)%00%(upstream:remotename)%00%(upstream:remoteref) refs/heads/master refs/remotes/master [5ms]
2026-05-16 00:39:40.236 [info] > git status -z -uall [14ms]
2026-05-16 00:39:40.238 [info] > git for-each-ref --sort -committerdate --format %(refname)%00%(objectname)%00%(*objectname) [4ms]
2026-05-16 00:39:41.487 [info] > git check-ignore -v -z --stdin [2ms]
2026-05-16 00:39:42.349 [info] > git check-ignore -v -z --stdin [2ms]
2026-05-16 00:39:43.106 [info] > git check-ignore -v -z --stdin [2ms]
2026-05-16 00:39:43.737 [info] > git check-ignore -v -z --stdin [2ms]
2026-05-16 00:39:44.332 [info] > git check-ignore -v -z --stdin [2ms]
2026-05-16 00:39:44.709 [info] > git check-ignore -v -z --stdin [2ms]
2026-05-16 00:39:46.606 [info] [Git][getRemotes] No remotes found in the git config file
2026-05-16 00:39:46.607 [info] > git config --get commit.template [12ms]
2026-05-16 00:39:46.609 [info] > git for-each-ref --format=%(refname)%00%(upstream:short)%00%(objectname)%00%(upstream:track)%00%(upstream:remotename)%00%(upstream:remoteref) refs/heads/master refs/remotes/master [4ms]
2026-05-16 00:39:46.628 [info] > git status -z -uall [10ms]
2026-05-16 00:39:46.629 [info] > git for-each-ref --sort -committerdate --format %(refname)%00%(objectname)%00%(*objectname) [2ms]
2026-05-16 00:39:55.556 [info] > git check-ignore -v -z --stdin [3ms]
2026-05-16 00:39:57.450 [info] [Git][getRemotes] No remotes found in the git config file
2026-05-16 00:39:57.458 [info] > git config --get commit.template [9ms]
2026-05-16 00:39:57.460 [info] > git for-each-ref --format=%(refname)%00%(upstream:short)%00%(objectname)%00%(upstream:track)%00%(upstream:remotename)%00%(upstream:remoteref) refs/heads/master refs/remotes/master [3ms]
2026-05-16 00:39:57.475 [info] > git status -z -uall [8ms]
2026-05-16 00:39:57.477 [info] > git for-each-ref --sort -committerdate --format %(refname)%00%(objectname)%00%(*objectname) [3ms]
2026-05-16 00:39:58.090 [info] > git check-ignore -v -z --stdin [3ms]
2026-05-16 00:39:58.471 [info] > git check-ignore -v -z --stdin [1ms]
2026-05-16 00:39:59.075 [info] > git check-ignore -v -z --stdin [3ms]
2026-05-16 00:40:02.501 [info] [Git][getRemotes] No remotes found in the git config file
2026-05-16 00:40:02.503 [info] > git config --get commit.template [10ms]
2026-05-16 00:40:02.503 [info] > git for-each-ref --format=%(refname)%00%(upstream:short)%00%(objectname)%00%(upstream:track)%00%(upstream:remotename)%00%(upstream:remoteref) refs/heads/master refs/remotes/master [2ms]
2026-05-16 00:40:02.519 [info] > git status -z -uall [9ms]
2026-05-16 00:40:02.520 [info] > git for-each-ref --sort -committerdate --format %(refname)%00%(objectname)%00%(*objectname) [2ms]
2026-05-16 00:40:03.812 [info] > git check-ignore -v -z --stdin [3ms]
2026-05-16 00:40:04.741 [info] > git check-ignore -v -z --stdin [2ms]
2026-05-16 00:40:05.601 [info] > git check-ignore -v -z --stdin [3ms]
2026-05-16 00:40:06.202 [info] > git check-ignore -v -z --stdin [3ms]
2026-05-16 00:40:07.504 [info] > git check-ignore -v -z --stdin [3ms]
2026-05-16 00:40:07.876 [info] > git check-ignore -v -z --stdin [3ms]
2026-05-16 00:40:08.106 [info] [Git][getRemotes] No remotes found in the git config file
2026-05-16 00:40:08.107 [info] > git config --get commit.template [9ms]
2026-05-16 00:40:08.108 [info] > git for-each-ref --format=%(refname)%00%(upstream:short)%00%(objectname)%00%(upstream:track)%00%(upstream:remotename)%00%(upstream:remoteref) refs/heads/master refs/remotes/master [2ms]
2026-05-16 00:40:08.122 [info] > git status -z -uall [8ms]
2026-05-16 00:40:08.124 [info] > git for-each-ref --sort -committerdate --format %(refname)%00%(objectname)%00%(*objectname) [3ms]
2026-05-16 00:40:09.247 [info] > git check-ignore -v -z --stdin [3ms]
2026-05-16 00:40:10.005 [info] > git check-ignore -v -z --stdin [3ms]
2026-05-16 00:40:10.339 [info] > git check-ignore -v -z --stdin [2ms]
2026-05-16 00:40:13.139 [info] > git config --get commit.template [4ms]
2026-05-16 00:40:13.149 [info] [Git][getRemotes] No remotes found in the git config file
2026-05-16 00:40:13.153 [info] > git for-each-ref --format=%(refname)%00%(upstream:short)%00%(objectname)%00%(upstream:track)%00%(upstream:remotename)%00%(upstream:remoteref) refs/heads/master refs/remotes/master [4ms]
2026-05-16 00:40:13.169 [info] > git status -z -uall [7ms]
2026-05-16 00:40:13.172 [info] > git for-each-ref --sort -committerdate --format %(refname)%00%(objectname)%00%(*objectname) [4ms]
2026-05-16 00:40:13.593 [info] > git check-ignore -v -z --stdin [2ms]
2026-05-16 00:40:14.008 [info] > git check-ignore -v -z --stdin [2ms]
2026-05-16 00:40:14.269 [info] > git check-ignore -v -z --stdin [3ms]
2026-05-16 00:40:14.529 [info] > git check-ignore -v -z --stdin [3ms]
2026-05-16 00:40:15.014 [info] > git check-ignore -v -z --stdin [3ms]
2026-05-16 00:40:15.876 [info] > git check-ignore -v -z --stdin [4ms]
2026-05-16 00:40:16.328 [info] > git check-ignore -v -z --stdin [3ms]
2026-05-16 00:40:16.975 [info] > git fetch [8ms]
2026-05-16 00:40:16.997 [info] > git config --get commit.template [11ms]
2026-05-16 00:40:17.005 [info] [Git][getRemotes] No remotes found in the git config file
2026-05-16 00:40:17.006 [info] > git fetch [10ms]
2026-05-16 00:40:17.014 [info] > git for-each-ref --format=%(refname)%00%(upstream:short)%00%(objectname)%00%(upstream:track)%00%(upstream:remotename)%00%(upstream:remoteref) refs/heads/master refs/remotes/master [9ms]
2026-05-16 00:40:17.014 [warning] [Git][getBranch] No such branch: master
2026-05-16 00:40:17.030 [info] > git status -z -uall [9ms]
2026-05-16 00:40:17.031 [info] > git config --get commit.template [17ms]
2026-05-16 00:40:17.031 [info] > git for-each-ref --sort -committerdate --format %(refname)%00%(objectname)%00%(*objectname) [3ms]
2026-05-16 00:40:17.042 [info] [Git][getRemotes] No remotes found in the git config file
2026-05-16 00:40:17.044 [info] > git for-each-ref --format=%(refname)%00%(upstream:short)%00%(objectname)%00%(upstream:track)%00%(upstream:remotename)%00%(upstream:remoteref) refs/heads/master refs/remotes/master [2ms]
2026-05-16 00:40:17.060 [info] > git status -z -uall [9ms]
2026-05-16 00:40:17.062 [info] > git for-each-ref --sort -committerdate --format %(refname)%00%(objectname)%00%(*objectname) [3ms]
2026-05-16 00:40:17.351 [info] > git check-ignore -v -z --stdin [3ms]
2026-05-16 00:40:18.082 [info] [Git][getRemotes] No remotes found in the git config file
2026-05-16 00:40:18.084 [info] > git config --get commit.template [13ms]
2026-05-16 00:40:18.085 [info] > git for-each-ref --format=%(refname)%00%(upstream:short)%00%(objectname)%00%(upstream:track)%00%(upstream:remotename)%00%(upstream:remoteref) refs/heads/master refs/remotes/master [3ms]
2026-05-16 00:40:18.085 [warning] [Git][getBranch] No such branch: master
2026-05-16 00:40:18.101 [info] > git status -z -uall [8ms]
2026-05-16 00:40:18.104 [info] > git for-each-ref --sort -committerdate --format %(refname)%00%(objectname)%00%(*objectname) [3ms]
2026-05-16 00:40:18.114 [info] > git check-ignore -v -z --stdin [2ms]
2026-05-16 00:40:18.241 [info] > git ls-files --stage -- main.c [3ms]
2026-05-16 00:40:18.250 [info] > git cat-file -s 4f525f867080249e480fd9538caff00f8d6ec702 [3ms]
2026-05-16 00:40:18.272 [info] > git show --textconv :main.c [11ms]
2026-05-16 00:40:18.280 [info] [Git][getRemotes] No remotes found in the git config file
2026-05-16 00:40:18.280 [info] > git config --get commit.template [9ms]
2026-05-16 00:40:18.283 [info] > git for-each-ref --format=%(refname)%00%(upstream:short)%00%(objectname)%00%(upstream:track)%00%(upstream:remotename)%00%(upstream:remoteref) refs/heads/master refs/remotes/master [3ms]
2026-05-16 00:40:18.298 [info] > git status -z -uall [8ms]
2026-05-16 00:40:18.300 [info] > git for-each-ref --sort -committerdate --format %(refname)%00%(objectname)%00%(*objectname) [3ms]
2026-05-16 00:40:18.590 [info] > git check-ignore -v -z --stdin [3ms]
2026-05-16 00:40:19.673 [info] > git check-ignore -v -z --stdin [1ms]
2026-05-16 00:40:20.498 [info] > git check-ignore -v -z --stdin [3ms]
2026-05-16 00:40:21.706 [info] > git check-ignore -v -z --stdin [3ms]
2026-05-16 00:40:23.327 [info] [Git][getRemotes] No remotes found in the git config file
2026-05-16 00:40:23.328 [info] > git config --get commit.template [10ms]
2026-05-16 00:40:23.330 [info] > git for-each-ref --format=%(refname)%00%(upstream:short)%00%(objectname)%00%(upstream:track)%00%(upstream:remotename)%00%(upstream:remoteref) refs/heads/master refs/remotes/master [3ms]
2026-05-16 00:40:23.345 [info] > git status -z -uall [7ms]
2026-05-16 00:40:23.346 [info] > git for-each-ref --sort -committerdate --format %(refname)%00%(objectname)%00%(*objectname) [1ms]
2026-05-16 00:40:54.316 [info] [Git][getRemotes] No remotes found in the git config file
2026-05-16 00:40:54.317 [info] > git config --get commit.template [11ms]
2026-05-16 00:40:54.319 [info] > git for-each-ref --format=%(refname)%00%(upstream:short)%00%(objectname)%00%(upstream:track)%00%(upstream:remotename)%00%(upstream:remoteref) refs/heads/master refs/remotes/master [3ms]
2026-05-16 00:40:54.337 [info] > git status -z -uall [9ms]
2026-05-16 00:40:54.339 [info] > git for-each-ref --sort -committerdate --format %(refname)%00%(objectname)%00%(*objectname) [3ms]
2026-05-16 00:40:59.361 [info] [Git][getRemotes] No remotes found in the git config file
2026-05-16 00:40:59.362 [info] > git config --get commit.template [9ms]
2026-05-16 00:40:59.363 [info] > git for-each-ref --format=%(refname)%00%(upstream:short)%00%(objectname)%00%(upstream:track)%00%(upstream:remotename)%00%(upstream:remoteref) refs/heads/master refs/remotes/master [3ms]
2026-05-16 00:40:59.381 [info] > git status -z -uall [11ms]
2026-05-16 00:40:59.382 [info] > git for-each-ref --sort -committerdate --format %(refname)%00%(objectname)%00%(*objectname) [2ms]
2026-05-16 00:41:04.859 [info] [Git][getRemotes] No remotes found in the git config file
2026-05-16 00:41:04.861 [info] > git config --get commit.template [9ms]
2026-05-16 00:41:04.863 [info] > git for-each-ref --format=%(refname)%00%(upstream:short)%00%(objectname)%00%(upstream:track)%00%(upstream:remotename)%00%(upstream:remoteref) refs/heads/master refs/remotes/master [4ms]
2026-05-16 00:41:04.884 [info] > git status -z -uall [12ms]
2026-05-16 00:41:04.886 [info] > git for-each-ref --sort -committerdate --format %(refname)%00%(objectname)%00%(*objectname) [4ms]
2026-05-16 00:41:37.267 [info] > git check-ignore -v -z --stdin [3ms]
2026-05-16 00:41:37.661 [info] > git check-ignore -v -z --stdin [3ms]
2026-05-16 00:41:40.034 [info] > git fetch [4767ms]
2026-05-16 00:41:40.045 [info] > git fetch [4750ms]
2026-05-16 00:41:40.055 [info] > git config --get commit.template [11ms]
2026-05-16 00:41:40.071 [info] > git config --get commit.template [17ms]
2026-05-16 00:41:40.072 [info] > git for-each-ref --format=%(refname)%00%(upstream:short)%00%(objectname)%00%(upstream:track)%00%(upstream:remotename)%00%(upstream:remoteref) refs/heads/master refs/remotes/master [8ms]
2026-05-16 00:41:40.089 [info] > git status -z -uall [8ms]
2026-05-16 00:41:40.089 [info] > git for-each-ref --format=%(refname)%00%(upstream:short)%00%(objectname)%00%(upstream:track)%00%(upstream:remotename)%00%(upstream:remoteref) refs/heads/amar refs/remotes/amar [19ms]
2026-05-16 00:41:40.090 [info] > git for-each-ref --sort -committerdate --format %(refname)%00%(objectname)%00%(*objectname) [4ms]
2026-05-16 00:41:40.109 [info] > git status -z -uall [10ms]
2026-05-16 00:41:40.110 [info] > git for-each-ref --sort -committerdate --format %(refname)%00%(objectname)%00%(*objectname) [4ms]
2026-05-16 00:41:42.528 [info] [Git][getRemotes] No remotes found in the git config file
2026-05-16 00:41:42.530 [info] > git config --get commit.template [14ms]
2026-05-16 00:41:42.531 [info] > git for-each-ref --format=%(refname)%00%(upstream:short)%00%(objectname)%00%(upstream:track)%00%(upstream:remotename)%00%(upstream:remoteref) refs/heads/master refs/remotes/master [3ms]
2026-05-16 00:41:42.550 [info] > git status -z -uall [9ms]
2026-05-16 00:41:42.553 [info] > git for-each-ref --sort -committerdate --format %(refname)%00%(objectname)%00%(*objectname) [3ms]
2026-05-16 00:41:45.688 [info] > git check-ignore -v -z --stdin [3ms]
2026-05-16 00:41:46.111 [info] > git check-ignore -v -z --stdin [4ms]
2026-05-16 00:41:50.724 [info] > git config --get commit.template [3ms]
2026-05-16 00:41:50.734 [info] [Git][getRemotes] No remotes found in the git config file
2026-05-16 00:41:50.738 [info] > git for-each-ref --format=%(refname)%00%(upstream:short)%00%(objectname)%00%(upstream:track)%00%(upstream:remotename)%00%(upstream:remoteref) refs/heads/master refs/remotes/master [5ms]
2026-05-16 00:41:50.754 [info] > git status -z -uall [8ms]
2026-05-16 00:41:50.758 [info] > git for-each-ref --sort -committerdate --format %(refname)%00%(objectname)%00%(*objectname) [4ms]
2026-05-16 00:42:23.125 [info] > git check-ignore -v -z --stdin [3ms]
2026-05-16 00:42:24.259 [info] > git check-ignore -v -z --stdin [3ms]
2026-05-16 00:42:25.563 [info] > git check-ignore -v -z --stdin [3ms]
2026-05-16 00:42:25.813 [info] > git check-ignore -v -z --stdin [2ms]
2026-05-16 00:42:26.164 [info] > git config --get commit.template [2ms]
2026-05-16 00:42:26.173 [info] [Git][getRemotes] No remotes found in the git config file
2026-05-16 00:42:26.175 [info] > git for-each-ref --format=%(refname)%00%(upstream:short)%00%(objectname)%00%(upstream:track)%00%(upstream:remotename)%00%(upstream:remoteref) refs/heads/master refs/remotes/master [3ms]
2026-05-16 00:42:26.193 [info] > git status -z -uall [9ms]
2026-05-16 00:42:26.196 [info] > git for-each-ref --sort -committerdate --format %(refname)%00%(objectname)%00%(*objectname) [4ms]
2026-05-16 00:42:26.447 [info] > git check-ignore -v -z --stdin [2ms]
2026-05-16 00:42:27.697 [info] > git check-ignore -v -z --stdin [2ms]
2026-05-16 00:42:28.351 [info] > git check-ignore -v -z --stdin [1ms]
2026-05-16 00:42:29.590 [info] > git check-ignore -v -z --stdin [3ms]
2026-05-16 00:42:31.217 [info] [Git][getRemotes] No remotes found in the git config file
2026-05-16 00:42:31.217 [info] > git config --get commit.template [8ms]
2026-05-16 00:42:31.220 [info] > git for-each-ref --format=%(refname)%00%(upstream:short)%00%(objectname)%00%(upstream:track)%00%(upstream:remotename)%00%(upstream:remoteref) refs/heads/master refs/remotes/master [4ms]
2026-05-16 00:42:31.235 [info] > git status -z -uall [8ms]
2026-05-16 00:42:31.236 [info] > git for-each-ref --sort -committerdate --format %(refname)%00%(objectname)%00%(*objectname) [2ms]
2026-05-16 00:42:33.047 [info] > git check-ignore -v -z --stdin [3ms]
2026-05-16 00:42:34.825 [info] > git check-ignore -v -z --stdin [2ms]
2026-05-16 00:42:35.832 [info] > git check-ignore -v -z --stdin [3ms]
2026-05-16 00:42:36.257 [info] [Git][getRemotes] No remotes found in the git config file
2026-05-16 00:42:36.258 [info] > git config --get commit.template [9ms]
2026-05-16 00:42:36.260 [info] > git for-each-ref --format=%(refname)%00%(upstream:short)%00%(objectname)%00%(upstream:track)%00%(upstream:remotename)%00%(upstream:remoteref) refs/heads/master refs/remotes/master [3ms]
2026-05-16 00:42:36.278 [info] > git status -z -uall [8ms]
2026-05-16 00:42:36.280 [info] > git for-each-ref --sort -committerdate --format %(refname)%00%(objectname)%00%(*objectname) [3ms]
2026-05-16 00:42:38.009 [info] > git check-ignore -v -z --stdin [2ms]
2026-05-16 00:42:38.922 [info] > git check-ignore -v -z --stdin [2ms]
2026-05-16 00:42:39.849 [info] > git check-ignore -v -z --stdin [3ms]
2026-05-16 00:42:40.505 [info] > git check-ignore -v -z --stdin [2ms]
2026-05-16 00:42:41.301 [info] [Git][getRemotes] No remotes found in the git config file
2026-05-16 00:42:41.302 [info] > git config --get commit.template [10ms]
2026-05-16 00:42:41.302 [info] > git for-each-ref --format=%(refname)%00%(upstream:short)%00%(objectname)%00%(upstream:track)%00%(upstream:remotename)%00%(upstream:remoteref) refs/heads/master refs/remotes/master [2ms]
2026-05-16 00:42:41.317 [info] > git status -z -uall [8ms]
2026-05-16 00:42:41.321 [info] > git for-each-ref --sort -committerdate --format %(refname)%00%(objectname)%00%(*objectname) [5ms]
2026-05-16 00:42:43.951 [info] > git check-ignore -v -z --stdin [2ms]
2026-05-16 00:42:45.067 [info] > git check-ignore -v -z --stdin [3ms]
2026-05-16 00:42:46.341 [info] [Git][getRemotes] No remotes found in the git config file
2026-05-16 00:42:46.343 [info] > git config --get commit.template [9ms]
2026-05-16 00:42:46.344 [info] > git for-each-ref --format=%(refname)%00%(upstream:short)%00%(objectname)%00%(upstream:track)%00%(upstream:remotename)%00%(upstream:remoteref) refs/heads/master refs/remotes/master [3ms]
2026-05-16 00:42:46.358 [info] > git status -z -uall [7ms]
2026-05-16 00:42:46.361 [info] > git for-each-ref --sort -committerdate --format %(refname)%00%(objectname)%00%(*objectname) [3ms]
2026-05-16 00:43:19.410 [info] > git fetch [27ms]
2026-05-16 00:43:19.431 [info] > git config --get commit.template [22ms]
2026-05-16 00:43:19.432 [info] > git fetch [37ms]
2026-05-16 00:43:19.447 [info] > git config --get commit.template [19ms]
2026-05-16 00:43:19.459 [info] [Git][getRemotes] No remotes found in the git config file
2026-05-16 00:43:19.472 [info] [Git][getRemotes] No remotes found in the git config file
2026-05-16 00:43:19.473 [info] > git config --get commit.template [27ms]
2026-05-16 00:43:19.490 [info] [Git][getRemotes] No remotes found in the git config file
2026-05-16 00:43:19.492 [info] > git for-each-ref --format=%(refname)%00%(upstream:short)%00%(objectname)%00%(upstream:track)%00%(upstream:remotename)%00%(upstream:remoteref) refs/heads/master refs/remotes/master [21ms]
2026-05-16 00:43:19.492 [warning] [Git][getBranch] No such branch: master
2026-05-16 00:43:19.518 [info] > git for-each-ref --format=%(refname)%00%(upstream:short)%00%(objectname)%00%(upstream:track)%00%(upstream:remotename)%00%(upstream:remoteref) refs/heads/master refs/remotes/master [60ms]
2026-05-16 00:43:19.523 [info] > git status -z -uall [17ms]
2026-05-16 00:43:19.523 [info] > git for-each-ref --sort -committerdate --format %(refname)%00%(objectname)%00%(*objectname) [5ms]
2026-05-16 00:43:19.528 [info] > git for-each-ref --format=%(refname)%00%(upstream:short)%00%(objectname)%00%(upstream:track)%00%(upstream:remotename)%00%(upstream:remoteref) refs/heads/master refs/remotes/master [37ms]
2026-05-16 00:43:19.551 [info] > git status -z -uall [14ms]
2026-05-16 00:43:19.556 [info] > git for-each-ref --sort -committerdate --format %(refname)%00%(objectname)%00%(*objectname) [6ms]
2026-05-16 00:43:19.840 [info] > git check-ignore -v -z --stdin [2ms]
2026-05-16 00:43:20.592 [info] > git ls-files --stage -- main.c [3ms]
2026-05-16 00:43:20.603 [info] > git cat-file -s 4f525f867080249e480fd9538caff00f8d6ec702 [3ms]
2026-05-16 00:43:20.616 [info] > git show --textconv :main.c [3ms]
2026-05-16 00:43:24.539 [info] [Git][getRemotes] No remotes found in the git config file
2026-05-16 00:43:24.540 [info] > git config --get commit.template [8ms]
2026-05-16 00:43:24.543 [info] > git for-each-ref --format=%(refname)%00%(upstream:short)%00%(objectname)%00%(upstream:track)%00%(upstream:remotename)%00%(upstream:remoteref) refs/heads/master refs/remotes/master [4ms]
2026-05-16 00:43:24.558 [info] > git status -z -uall [8ms]
2026-05-16 00:43:24.559 [info] > git for-each-ref --sort -committerdate --format %(refname)%00%(objectname)%00%(*objectname) [2ms]
2026-05-16 00:44:32.139 [info] > git check-ignore -v -z --stdin [2ms]
2026-05-16 00:44:32.772 [info] > git check-ignore -v -z --stdin [3ms]
2026-05-16 00:44:34.681 [info] > git config --get commit.template [3ms]
2026-05-16 00:44:34.689 [info] [Git][getRemotes] No remotes found in the git config file
2026-05-16 00:44:34.690 [info] > git for-each-ref --format=%(refname)%00%(upstream:short)%00%(objectname)%00%(upstream:track)%00%(upstream:remotename)%00%(upstream:remoteref) refs/heads/master refs/remotes/master [2ms]
2026-05-16 00:44:34.705 [info] > git status -z -uall [8ms]
2026-05-16 00:44:34.708 [info] > git for-each-ref --sort -committerdate --format %(refname)%00%(objectname)%00%(*objectname) [4ms]
2026-05-16 00:44:45.545 [info] [Git][getRemotes] No remotes found in the git config file
2026-05-16 00:44:45.553 [info] > git config --get commit.template [9ms]
2026-05-16 00:44:45.555 [info] > git for-each-ref --format=%(refname)%00%(upstream:short)%00%(objectname)%00%(upstream:track)%00%(upstream:remotename)%00%(upstream:remoteref) refs/heads/master refs/remotes/master [3ms]
2026-05-16 00:44:45.572 [info] > git status -z -uall [9ms]
2026-05-16 00:44:45.573 [info] > git for-each-ref --sort -committerdate --format %(refname)%00%(objectname)%00%(*objectname) [4ms]
2026-05-16 00:44:58.162 [info] > git fetch [12628ms]
2026-05-16 00:44:58.164 [info] > git fetch [12639ms]
2026-05-16 00:44:58.185 [info] > git config --get commit.template [11ms]
2026-05-16 00:44:58.186 [info] > git config --get commit.template [3ms]
2026-05-16 00:44:58.204 [info] > git for-each-ref --format=%(refname)%00%(upstream:short)%00%(objectname)%00%(upstream:track)%00%(upstream:remotename)%00%(upstream:remoteref) refs/heads/amar refs/remotes/amar [10ms]
2026-05-16 00:44:58.205 [info] > git for-each-ref --format=%(refname)%00%(upstream:short)%00%(objectname)%00%(upstream:track)%00%(upstream:remotename)%00%(upstream:remoteref) refs/heads/master refs/remotes/master [3ms]
2026-05-16 00:44:58.225 [info] > git status -z -uall [10ms]
2026-05-16 00:44:58.245 [info] > git status -z -uall [10ms]
2026-05-16 00:44:58.246 [info] > git for-each-ref --sort -committerdate --format %(refname)%00%(objectname)%00%(*objectname) [22ms]
2026-05-16 00:44:58.254 [info] > git for-each-ref --sort -committerdate --format %(refname)%00%(objectname)%00%(*objectname) [11ms]
2026-05-16 00:45:01.112 [info] [Git][getRemotes] No remotes found in the git config file
2026-05-16 00:45:01.124 [info] > git config --get commit.template [14ms]
2026-05-16 00:45:01.125 [info] > git for-each-ref --format=%(refname)%00%(upstream:short)%00%(objectname)%00%(upstream:track)%00%(upstream:remotename)%00%(upstream:remoteref) refs/heads/master refs/remotes/master [3ms]
2026-05-16 00:45:01.144 [info] > git status -z -uall [9ms]
2026-05-16 00:45:01.146 [info] > git for-each-ref --sort -committerdate --format %(refname)%00%(objectname)%00%(*objectname) [3ms]
2026-05-16 00:45:18.545 [info] > git check-ignore -v -z --stdin [3ms]
2026-05-16 00:45:19.020 [info] > git check-ignore -v -z --stdin [3ms]
2026-05-16 00:45:53.961 [info] [Git][getRemotes] No remotes found in the git config file
2026-05-16 00:45:53.961 [info] > git config --get commit.template [13ms]
2026-05-16 00:45:53.964 [info] > git for-each-ref --format=%(refname)%00%(upstream:short)%00%(objectname)%00%(upstream:track)%00%(upstream:remotename)%00%(upstream:remoteref) refs/heads/master refs/remotes/master [4ms]
2026-05-16 00:45:53.987 [info] > git status -z -uall [12ms]
2026-05-16 00:45:53.989 [info] > git for-each-ref --sort -committerdate --format %(refname)%00%(objectname)%00%(*objectname) [3ms]
2026-05-16 00:46:03.000 [info] [Git][getRemotes] No remotes found in the git config file
2026-05-16 00:46:03.001 [info] > git config --get commit.template [13ms]
2026-05-16 00:46:03.002 [info] > git for-each-ref --format=%(refname)%00%(upstream:short)%00%(objectname)%00%(upstream:track)%00%(upstream:remotename)%00%(upstream:remoteref) refs/heads/master refs/remotes/master [3ms]
2026-05-16 00:46:03.023 [info] > git status -z -uall [11ms]
2026-05-16 00:46:03.025 [info] > git for-each-ref --sort -committerdate --format %(refname)%00%(objectname)%00%(*objectname) [3ms]
2026-05-16 00:46:19.544 [info] > git fetch [8ms]
2026-05-16 00:46:19.560 [info] [Git][getRemotes] No remotes found in the git config file
2026-05-16 00:46:19.569 [info] > git for-each-ref --format=%(refname)%00%(upstream:short)%00%(objectname)%00%(upstream:track)%00%(upstream:remotename)%00%(upstream:remoteref) refs/heads/master refs/remotes/master [9ms]
2026-05-16 00:46:19.569 [warning] [Git][getBranch] No such branch: master
2026-05-16 00:46:19.569 [info] > git config --get commit.template [17ms]
2026-05-16 00:46:19.584 [info] > git status -z -uall [8ms]
2026-05-16 00:46:19.586 [info] > git fetch [19ms]
2026-05-16 00:46:19.598 [info] > git for-each-ref --sort -committerdate --format %(refname)%00%(objectname)%00%(*objectname) [15ms]
2026-05-16 00:46:19.601 [info] > git config --get commit.template [4ms]
2026-05-16 00:46:19.610 [info] [Git][getRemotes] No remotes found in the git config file
2026-05-16 00:46:19.613 [info] > git for-each-ref --format=%(refname)%00%(upstream:short)%00%(objectname)%00%(upstream:track)%00%(upstream:remotename)%00%(upstream:remoteref) refs/heads/master refs/remotes/master [4ms]
2026-05-16 00:46:19.629 [info] > git status -z -uall [9ms]
2026-05-16 00:46:19.630 [info] > git for-each-ref --sort -committerdate --format %(refname)%00%(objectname)%00%(*objectname) [3ms]
2026-05-16 00:46:19.915 [info] > git check-ignore -v -z --stdin [2ms]
2026-05-16 00:46:20.648 [info] [Git][getRemotes] No remotes found in the git config file
2026-05-16 00:46:20.649 [info] > git config --get commit.template [9ms]
2026-05-16 00:46:20.651 [info] > git for-each-ref --format=%(refname)%00%(upstream:short)%00%(objectname)%00%(upstream:track)%00%(upstream:remotename)%00%(upstream:remoteref) refs/heads/master refs/remotes/master [3ms]
2026-05-16 00:46:20.651 [warning] [Git][getBranch] No such branch: master
2026-05-16 00:46:20.668 [info] > git status -z -uall [9ms]
2026-05-16 00:46:20.669 [info] > git for-each-ref --sort -committerdate --format %(refname)%00%(objectname)%00%(*objectname) [3ms]
2026-05-16 00:46:20.721 [info] [Git][getRemotes] No remotes found in the git config file
2026-05-16 00:46:20.722 [info] > git config --get commit.template [9ms]
2026-05-16 00:46:20.724 [info] > git for-each-ref --format=%(refname)%00%(upstream:short)%00%(objectname)%00%(upstream:track)%00%(upstream:remotename)%00%(upstream:remoteref) refs/heads/master refs/remotes/master [3ms]
2026-05-16 00:46:20.741 [info] > git status -z -uall [11ms]
2026-05-16 00:46:20.743 [info] > git for-each-ref --sort -committerdate --format %(refname)%00%(objectname)%00%(*objectname) [3ms]
2026-05-16 00:46:20.819 [info] > git ls-files --stage -- main.c [3ms]
2026-05-16 00:46:20.829 [info] > git cat-file -s 4f525f867080249e480fd9538caff00f8d6ec702 [3ms]
2026-05-16 00:46:20.843 [info] > git show --textconv :main.c [2ms]
2026-05-16 00:46:20.987 [info] > git check-ignore -v -z --stdin [2ms]
2026-05-16 00:46:23.245 [info] > git check-ignore -v -z --stdin [3ms]
2026-05-16 00:46:23.976 [info] > git check-ignore -v -z --stdin [2ms]
2026-05-16 00:46:24.700 [info] > git check-ignore -v -z --stdin [2ms]
2026-05-16 00:46:25.218 [info] > git check-ignore -v -z --stdin [3ms]
2026-05-16 00:46:25.734 [info] > git check-ignore -v -z --stdin [3ms]
2026-05-16 00:46:26.375 [info] > git check-ignore -v -z --stdin [2ms]
2026-05-16 00:46:27.651 [info] > git check-ignore -v -z --stdin [2ms]
2026-05-16 00:46:27.994 [info] > git check-ignore -v -z --stdin [4ms]
2026-05-16 00:46:29.819 [info] > git check-ignore -v -z --stdin [3ms]
2026-05-16 00:46:29.904 [info] [Git][getRemotes] No remotes found in the git config file
2026-05-16 00:46:29.904 [info] > git config --get commit.template [8ms]
2026-05-16 00:46:29.905 [info] > git for-each-ref --format=%(refname)%00%(upstream:short)%00%(objectname)%00%(upstream:track)%00%(upstream:remotename)%00%(upstream:remoteref) refs/heads/master refs/remotes/master [2ms]
2026-05-16 00:46:29.920 [info] > git status -z -uall [8ms]
2026-05-16 00:46:29.922 [info] > git for-each-ref --sort -committerdate --format %(refname)%00%(objectname)%00%(*objectname) [3ms]
2026-05-16 00:46:31.429 [info] > git check-ignore -v -z --stdin [2ms]
2026-05-16 00:46:32.189 [info] > git check-ignore -v -z --stdin [3ms]
2026-05-16 00:46:34.941 [info] [Git][getRemotes] No remotes found in the git config file
2026-05-16 00:46:34.942 [info] > git config --get commit.template [8ms]
2026-05-16 00:46:34.945 [info] > git for-each-ref --format=%(refname)%00%(upstream:short)%00%(objectname)%00%(upstream:track)%00%(upstream:remotename)%00%(upstream:remoteref) refs/heads/master refs/remotes/master [4ms]
2026-05-16 00:46:34.963 [info] > git status -z -uall [10ms]
2026-05-16 00:46:34.965 [info] > git for-each-ref --sort -committerdate --format %(refname)%00%(objectname)%00%(*objectname) [3ms]
2026-05-16 00:46:38.104 [info] > git check-ignore -v -z --stdin [3ms]
2026-05-16 00:46:39.270 [info] > git check-ignore -v -z --stdin [3ms]
2026-05-16 00:46:39.971 [info] > git check-ignore -v -z --stdin [2ms]
2026-05-16 00:46:40.014 [info] [Git][getRemotes] No remotes found in the git config file
2026-05-16 00:46:40.016 [info] > git config --get commit.template [12ms]
2026-05-16 00:46:40.017 [info] > git for-each-ref --format=%(refname)%00%(upstream:short)%00%(objectname)%00%(upstream:track)%00%(upstream:remotename)%00%(upstream:remoteref) refs/heads/master refs/remotes/master [3ms]
2026-05-16 00:46:40.033 [info] > git status -z -uall [9ms]
2026-05-16 00:46:40.035 [info] > git for-each-ref --sort -committerdate --format %(refname)%00%(objectname)%00%(*objectname) [5ms]
2026-05-16 00:46:40.930 [info] > git check-ignore -v -z --stdin [3ms]
2026-05-16 00:46:41.333 [info] > git check-ignore -v -z --stdin [1ms]
2026-05-16 00:46:43.788 [info] > git check-ignore -v -z --stdin [3ms]
2026-05-16 00:46:44.398 [info] > git check-ignore -v -z --stdin [3ms]
2026-05-16 00:46:45.057 [info] [Git][getRemotes] No remotes found in the git config file
2026-05-16 00:46:45.058 [info] > git config --get commit.template [9ms]
2026-05-16 00:46:45.060 [info] > git for-each-ref --format=%(refname)%00%(upstream:short)%00%(objectname)%00%(upstream:track)%00%(upstream:remotename)%00%(upstream:remoteref) refs/heads/master refs/remotes/master [3ms]
2026-05-16 00:46:45.075 [info] > git status -z -uall [9ms]
2026-05-16 00:46:45.076 [info] > git for-each-ref --sort -committerdate --format %(refname)%00%(objectname)%00%(*objectname) [3ms]
2026-05-16 00:46:46.902 [info] > git check-ignore -v -z --stdin [2ms]
2026-05-16 00:46:50.089 [info] [Git][getRemotes] No remotes found in the git config file
2026-05-16 00:46:50.096 [info] > git config --get commit.template [8ms]
2026-05-16 00:46:50.097 [info] > git for-each-ref --format=%(refname)%00%(upstream:short)%00%(objectname)%00%(upstream:track)%00%(upstream:remotename)%00%(upstream:remoteref) refs/heads/master refs/remotes/master [2ms]
2026-05-16 00:46:50.118 [info] > git status -z -uall [13ms]
2026-05-16 00:46:50.119 [info] > git for-each-ref --sort -committerdate --format %(refname)%00%(objectname)%00%(*objectname) [4ms]
2026-05-16 00:46:51.954 [info] > git check-ignore -v -z --stdin [3ms]
2026-05-16 00:46:52.996 [info] > git check-ignore -v -z --stdin [2ms]
2026-05-16 00:46:53.794 [info] > git check-ignore -v -z --stdin [2ms]
2026-05-16 00:46:54.234 [info] > git check-ignore -v -z --stdin [2ms]
2026-05-16 00:46:54.616 [info] > git check-ignore -v -z --stdin [3ms]
2026-05-16 00:46:55.102 [info] > git check-ignore -v -z --stdin [3ms]
2026-05-16 00:46:55.132 [info] [Git][getRemotes] No remotes found in the git config file
2026-05-16 00:46:55.139 [info] > git config --get commit.template [8ms]
2026-05-16 00:46:55.142 [info] > git for-each-ref --format=%(refname)%00%(upstream:short)%00%(objectname)%00%(upstream:track)%00%(upstream:remotename)%00%(upstream:remoteref) refs/heads/master refs/remotes/master [4ms]
2026-05-16 00:46:55.157 [info] > git status -z -uall [8ms]
2026-05-16 00:46:55.160 [info] > git for-each-ref --sort -committerdate --format %(refname)%00%(objectname)%00%(*objectname) [4ms]
2026-05-16 00:46:55.883 [info] > git check-ignore -v -z --stdin [2ms]
2026-05-16 00:46:56.250 [info] > git check-ignore -v -z --stdin [2ms]
2026-05-16 00:46:56.670 [info] > git check-ignore -v -z --stdin [2ms]
2026-05-16 00:46:57.032 [info] > git check-ignore -v -z --stdin [3ms]
2026-05-16 00:46:57.797 [info] > git check-ignore -v -z --stdin [2ms]
2026-05-16 00:46:58.303 [info] > git check-ignore -v -z --stdin [3ms]
2026-05-16 00:46:59.056 [info] > git check-ignore -v -z --stdin [3ms]
2026-05-16 00:46:59.709 [info] > git check-ignore -v -z --stdin [3ms]
2026-05-16 00:46:59.916 [info] > git check-ignore -v -z --stdin [3ms]
2026-05-16 00:47:00.732 [info] > git check-ignore -v -z --stdin [3ms]
2026-05-16 00:47:01.285 [info] > git check-ignore -v -z --stdin [3ms]
2026-05-16 00:47:01.837 [info] > git check-ignore -v -z --stdin [2ms]
2026-05-16 00:47:02.117 [info] > git check-ignore -v -z --stdin [3ms]
2026-05-16 00:47:04.009 [info] > git check-ignore -v -z --stdin [10ms]
2026-05-16 00:47:04.011 [info] > git config --get commit.template [2ms]
2026-05-16 00:47:04.018 [info] [Git][getRemotes] No remotes found in the git config file
2026-05-16 00:47:04.020 [info] > git for-each-ref --format=%(refname)%00%(upstream:short)%00%(objectname)%00%(upstream:track)%00%(upstream:remotename)%00%(upstream:remoteref) refs/heads/master refs/remotes/master [2ms]
2026-05-16 00:47:04.035 [info] > git status -z -uall [7ms]
2026-05-16 00:47:04.037 [info] > git for-each-ref --sort -committerdate --format %(refname)%00%(objectname)%00%(*objectname) [3ms]
2026-05-16 00:47:05.621 [info] > git check-ignore -v -z --stdin [3ms]
2026-05-16 00:47:14.749 [info] [Git][getRemotes] No remotes found in the git config file
2026-05-16 00:47:14.750 [info] > git config --get commit.template [11ms]
2026-05-16 00:47:14.752 [info] > git for-each-ref --format=%(refname)%00%(upstream:short)%00%(objectname)%00%(upstream:track)%00%(upstream:remotename)%00%(upstream:remoteref) refs/heads/master refs/remotes/master [3ms]
2026-05-16 00:47:14.770 [info] > git status -z -uall [10ms]
2026-05-16 00:47:14.772 [info] > git for-each-ref --sort -committerdate --format %(refname)%00%(objectname)%00%(*objectname) [3ms]
2026-05-16 00:47:19.786 [info] [Git][getRemotes] No remotes found in the git config file
2026-05-16 00:47:19.794 [info] > git config --get commit.template [9ms]
2026-05-16 00:47:19.796 [info] > git for-each-ref --format=%(refname)%00%(upstream:short)%00%(objectname)%00%(upstream:track)%00%(upstream:remotename)%00%(upstream:remoteref) refs/heads/master refs/remotes/master [3ms]
2026-05-16 00:47:19.811 [info] > git status -z -uall [8ms]
2026-05-16 00:47:19.813 [info] > git for-each-ref --sort -committerdate --format %(refname)%00%(objectname)%00%(*objectname) [3ms]
2026-05-16 00:47:20.397 [info] > git check-ignore -v -z --stdin [2ms]
2026-05-16 00:47:21.063 [info] > git check-ignore -v -z --stdin [2ms]
2026-05-16 00:47:26.246 [info] [Git][getRemotes] No remotes found in the git config file
2026-05-16 00:47:26.258 [info] > git config --get commit.template [13ms]
2026-05-16 00:47:26.259 [info] > git for-each-ref --format=%(refname)%00%(upstream:short)%00%(objectname)%00%(upstream:track)%00%(upstream:remotename)%00%(upstream:remoteref) refs/heads/master refs/remotes/master [3ms]
2026-05-16 00:47:26.279 [info] > git status -z -uall [12ms]
2026-05-16 00:47:26.281 [info] > git for-each-ref --sort -committerdate --format %(refname)%00%(objectname)%00%(*objectname) [4ms]
2026-05-16 00:47:27.852 [info] > git check-ignore -v -z --stdin [3ms]
2026-05-16 00:47:29.226 [info] > git check-ignore -v -z --stdin [3ms]
2026-05-16 00:47:40.130 [info] > git config --get commit.template [3ms]
2026-05-16 00:47:40.139 [info] [Git][getRemotes] No remotes found in the git config file
2026-05-16 00:47:40.142 [info] > git for-each-ref --format=%(refname)%00%(upstream:short)%00%(objectname)%00%(upstream:track)%00%(upstream:remotename)%00%(upstream:remoteref) refs/heads/master refs/remotes/master [3ms]
2026-05-16 00:47:40.156 [info] > git status -z -uall [7ms]
2026-05-16 00:47:40.158 [info] > git for-each-ref --sort -committerdate --format %(refname)%00%(objectname)%00%(*objectname) [2ms]
2026-05-16 00:47:42.389 [info] > git check-ignore -v -z --stdin [2ms]
2026-05-16 00:47:42.869 [info] > git check-ignore -v -z --stdin [3ms]
2026-05-16 00:47:49.153 [info] [Git][getRemotes] No remotes found in the git config file
2026-05-16 00:47:49.164 [info] > git config --get commit.template [13ms]
2026-05-16 00:47:49.165 [info] > git for-each-ref --format=%(refname)%00%(upstream:short)%00%(objectname)%00%(upstream:track)%00%(upstream:remotename)%00%(upstream:remoteref) refs/heads/master refs/remotes/master [3ms]
2026-05-16 00:47:49.186 [info] > git status -z -uall [12ms]
2026-05-16 00:47:49.188 [info] > git for-each-ref --sort -committerdate --format %(refname)%00%(objectname)%00%(*objectname) [3ms]
2026-05-16 00:47:50.711 [info] > git check-ignore -v -z --stdin [2ms]
2026-05-16 00:47:51.291 [info] > git check-ignore -v -z --stdin [2ms]
2026-05-16 00:47:51.846 [info] > git check-ignore -v -z --stdin [3ms]
2026-05-16 00:47:53.873 [info] > git check-ignore -v -z --stdin [3ms]
2026-05-16 00:47:54.209 [info] [Git][getRemotes] No remotes found in the git config file
2026-05-16 00:47:54.210 [info] > git config --get commit.template [9ms]
2026-05-16 00:47:54.212 [info] > git for-each-ref --format=%(refname)%00%(upstream:short)%00%(objectname)%00%(upstream:track)%00%(upstream:remotename)%00%(upstream:remoteref) refs/heads/master refs/remotes/master [3ms]
2026-05-16 00:47:54.226 [info] > git status -z -uall [7ms]
2026-05-16 00:47:54.229 [info] > git for-each-ref --sort -committerdate --format %(refname)%00%(objectname)%00%(*objectname) [3ms]
2026-05-16 00:47:54.965 [info] > git check-ignore -v -z --stdin [3ms]
2026-05-16 00:47:55.263 [info] > git check-ignore -v -z --stdin [2ms]
2026-05-16 00:48:16.111 [info] [Git][getRemotes] No remotes found in the git config file
2026-05-16 00:48:16.111 [info] > git config --get commit.template [11ms]
2026-05-16 00:48:16.115 [info] > git for-each-ref --format=%(refname)%00%(upstream:short)%00%(objectname)%00%(upstream:track)%00%(upstream:remotename)%00%(upstream:remoteref) refs/heads/master refs/remotes/master [4ms]
2026-05-16 00:48:16.135 [info] > git status -z -uall [11ms]
2026-05-16 00:48:16.137 [info] > git for-each-ref --sort -committerdate --format %(refname)%00%(objectname)%00%(*objectname) [3ms]
2026-05-16 00:48:29.707 [info] > git fetch [13633ms]
2026-05-16 00:48:29.716 [info] > git fetch [13630ms]
2026-05-16 00:48:29.727 [info] > git config --get commit.template [12ms]
2026-05-16 00:48:29.735 [info] > git config --get commit.template [9ms]
2026-05-16 00:48:29.743 [info] > git for-each-ref --format=%(refname)%00%(upstream:short)%00%(objectname)%00%(upstream:track)%00%(upstream:remotename)%00%(upstream:remoteref) refs/heads/amar refs/remotes/amar [9ms]
2026-05-16 00:48:29.744 [info] > git for-each-ref --format=%(refname)%00%(upstream:short)%00%(objectname)%00%(upstream:track)%00%(upstream:remotename)%00%(upstream:remoteref) refs/heads/master refs/remotes/master [3ms]
2026-05-16 00:48:29.764 [info] > git status -z -uall [10ms]
2026-05-16 00:48:29.781 [info] > git status -z -uall [10ms]
2026-05-16 00:48:29.781 [info] > git for-each-ref --sort -committerdate --format %(refname)%00%(objectname)%00%(*objectname) [3ms]
2026-05-16 00:48:29.787 [info] > git for-each-ref --sort -committerdate --format %(refname)%00%(objectname)%00%(*objectname) [25ms]
2026-05-16 00:48:31.777 [info] > git check-ignore -v -z --stdin [2ms]
2026-05-16 00:48:32.572 [info] > git check-ignore -v -z --stdin [2ms]
2026-05-16 00:48:33.013 [info] > git check-ignore -v -z --stdin [3ms]
2026-05-16 00:48:33.871 [info] > git check-ignore -v -z --stdin [3ms]
2026-05-16 00:48:34.195 [info] > git check-ignore -v -z --stdin [2ms]
2026-05-16 00:48:34.563 [info] > git check-ignore -v -z --stdin [3ms]
2026-05-16 00:48:34.941 [info] > git check-ignore -v -z --stdin [2ms]
2026-05-16 00:48:35.734 [info] > git check-ignore -v -z --stdin [2ms]
2026-05-16 00:48:36.934 [info] > git check-ignore -v -z --stdin [4ms]
2026-05-16 00:48:37.141 [info] > git check-ignore -v -z --stdin [2ms]
2026-05-16 00:48:37.360 [info] > git check-ignore -v -z --stdin [3ms]
2026-05-16 00:48:38.518 [info] > git check-ignore -v -z --stdin [2ms]
2026-05-16 00:48:39.243 [info] [Git][getRemotes] No remotes found in the git config file
2026-05-16 00:48:39.250 [info] > git config --get commit.template [8ms]
2026-05-16 00:48:39.252 [info] > git for-each-ref --format=%(refname)%00%(upstream:short)%00%(objectname)%00%(upstream:track)%00%(upstream:remotename)%00%(upstream:remoteref) refs/heads/master refs/remotes/master [3ms]
2026-05-16 00:48:39.267 [info] > git status -z -uall [8ms]
2026-05-16 00:48:39.270 [info] > git for-each-ref --sort -committerdate --format %(refname)%00%(objectname)%00%(*objectname) [4ms]
2026-05-16 00:48:43.541 [info] > git check-ignore -v -z --stdin [3ms]
2026-05-16 00:48:43.789 [info] > git check-ignore -v -z --stdin [2ms]
2026-05-16 00:48:44.292 [info] [Git][getRemotes] No remotes found in the git config file
2026-05-16 00:48:44.293 [info] > git config --get commit.template [8ms]
2026-05-16 00:48:44.293 [info] > git for-each-ref --format=%(refname)%00%(upstream:short)%00%(objectname)%00%(upstream:track)%00%(upstream:remotename)%00%(upstream:remoteref) refs/heads/master refs/remotes/master [2ms]
2026-05-16 00:48:44.308 [info] > git status -z -uall [8ms]
2026-05-16 00:48:44.311 [info] > git for-each-ref --sort -committerdate --format %(refname)%00%(objectname)%00%(*objectname) [4ms]
2026-05-16 00:48:46.316 [info] > git check-ignore -v -z --stdin [3ms]
2026-05-16 00:48:46.756 [info] > git check-ignore -v -z --stdin [2ms]
2026-05-16 00:48:49.325 [info] [Git][getRemotes] No remotes found in the git config file
2026-05-16 00:48:49.332 [info] > git config --get commit.template [8ms]
2026-05-16 00:48:49.332 [info] > git for-each-ref --format=%(refname)%00%(upstream:short)%00%(objectname)%00%(upstream:track)%00%(upstream:remotename)%00%(upstream:remoteref) refs/heads/master refs/remotes/master [1ms]
2026-05-16 00:48:49.347 [info] > git status -z -uall [8ms]
2026-05-16 00:48:49.349 [info] > git for-each-ref --sort -committerdate --format %(refname)%00%(objectname)%00%(*objectname) [3ms]
2026-05-16 00:48:57.161 [info] [Git][getRemotes] No remotes found in the git config file
2026-05-16 00:48:57.164 [info] > git config --get commit.template [15ms]
2026-05-16 00:48:57.165 [info] > git for-each-ref --format=%(refname)%00%(upstream:short)%00%(objectname)%00%(upstream:track)%00%(upstream:remotename)%00%(upstream:remoteref) refs/heads/master refs/remotes/master [5ms]
2026-05-16 00:48:57.182 [info] > git status -z -uall [9ms]
2026-05-16 00:48:57.185 [info] > git for-each-ref --sort -committerdate --format %(refname)%00%(objectname)%00%(*objectname) [4ms]
2026-05-16 00:49:26.005 [info] > git fetch [13ms]
2026-05-16 00:49:26.019 [info] > git fetch [15ms]
2026-05-16 00:49:26.032 [info] > git config --get commit.template [15ms]
2026-05-16 00:49:26.040 [info] [Git][getRemotes] No remotes found in the git config file
2026-05-16 00:49:26.041 [info] > git config --get commit.template [11ms]
2026-05-16 00:49:26.048 [info] [Git][getRemotes] No remotes found in the git config file
2026-05-16 00:49:26.049 [info] > git for-each-ref --format=%(refname)%00%(upstream:short)%00%(objectname)%00%(upstream:track)%00%(upstream:remotename)%00%(upstream:remoteref) refs/heads/master refs/remotes/master [9ms]
2026-05-16 00:49:26.049 [warning] [Git][getBranch] No such branch: master
2026-05-16 00:49:26.067 [info] > git status -z -uall [10ms]
2026-05-16 00:49:26.068 [info] > git for-each-ref --format=%(refname)%00%(upstream:short)%00%(objectname)%00%(upstream:track)%00%(upstream:remotename)%00%(upstream:remoteref) refs/heads/master refs/remotes/master [20ms]
2026-05-16 00:49:26.090 [info] > git status -z -uall [13ms]
2026-05-16 00:49:26.091 [info] > git for-each-ref --sort -committerdate --format %(refname)%00%(objectname)%00%(*objectname) [25ms]
2026-05-16 00:49:26.093 [info] > git for-each-ref --sort -committerdate --format %(refname)%00%(objectname)%00%(*objectname) [6ms]
2026-05-16 00:49:26.412 [info] > git check-ignore -v -z --stdin [3ms]
2026-05-16 00:49:27.116 [info] [Git][getRemotes] No remotes found in the git config file
2026-05-16 00:49:27.118 [info] > git config --get commit.template [11ms]
2026-05-16 00:49:27.119 [info] > git for-each-ref --format=%(refname)%00%(upstream:short)%00%(objectname)%00%(upstream:track)%00%(upstream:remotename)%00%(upstream:remoteref) refs/heads/master refs/remotes/master [3ms]
2026-05-16 00:49:27.119 [warning] [Git][getBranch] No such branch: master
2026-05-16 00:49:27.136 [info] > git status -z -uall [11ms]
2026-05-16 00:49:27.137 [info] > git for-each-ref --sort -committerdate --format %(refname)%00%(objectname)%00%(*objectname) [2ms]
2026-05-16 00:49:27.214 [info] > git ls-files --stage -- main.c [3ms]
2026-05-16 00:49:27.229 [info] > git cat-file -s 4f525f867080249e480fd9538caff00f8d6ec702 [3ms]
2026-05-16 00:49:27.249 [info] > git show --textconv :main.c [5ms]
2026-05-16 00:49:27.465 [info] > git check-ignore -v -z --stdin [3ms]
2026-05-16 00:50:08.158 [info] > git check-ignore -v -z --stdin [3ms]
2026-05-16 00:50:10.049 [info] [Git][getRemotes] No remotes found in the git config file
2026-05-16 00:50:10.050 [info] > git config --get commit.template [8ms]
2026-05-16 00:50:10.051 [info] > git for-each-ref --format=%(refname)%00%(upstream:short)%00%(objectname)%00%(upstream:track)%00%(upstream:remotename)%00%(upstream:remoteref) refs/heads/master refs/remotes/master [3ms]
2026-05-16 00:50:10.068 [info] > git status -z -uall [8ms]
2026-05-16 00:50:10.071 [info] > git for-each-ref --sort -committerdate --format %(refname)%00%(objectname)%00%(*objectname) [4ms]
2026-05-16 00:58:01.791 [info] > git fetch [12ms]
2026-05-16 00:58:01.802 [info] > git fetch [12ms]
2026-05-16 00:58:01.820 [info] [Git][getRemotes] No remotes found in the git config file
2026-05-16 00:58:01.822 [info] > git config --get commit.template [21ms]
2026-05-16 00:58:01.824 [info] > git for-each-ref --format=%(refname)%00%(upstream:short)%00%(objectname)%00%(upstream:track)%00%(upstream:remotename)%00%(upstream:remoteref) refs/heads/master refs/remotes/master [4ms]
2026-05-16 00:58:01.824 [warning] [Git][getBranch] No such branch: master
2026-05-16 00:58:01.843 [info] > git config --get commit.template [32ms]
2026-05-16 00:58:01.844 [info] [Git][getRemotes] No remotes found in the git config file
2026-05-16 00:58:01.853 [info] > git status -z -uall [20ms]
2026-05-16 00:58:01.858 [info] > git for-each-ref --format=%(refname)%00%(upstream:short)%00%(objectname)%00%(upstream:track)%00%(upstream:remotename)%00%(upstream:remoteref) refs/heads/master refs/remotes/master [6ms]
2026-05-16 00:58:01.877 [info] > git for-each-ref --sort -committerdate --format %(refname)%00%(objectname)%00%(*objectname) [35ms]
2026-05-16 00:58:01.882 [info] > git status -z -uall [16ms]
2026-05-16 00:58:01.882 [info] > git for-each-ref --sort -committerdate --format %(refname)%00%(objectname)%00%(*objectname) [5ms]
2026-05-16 00:58:02.212 [info] > git check-ignore -v -z --stdin [3ms]
2026-05-16 00:58:03.067 [info] > git config --get commit.template [13ms]
2026-05-16 00:58:03.078 [info] > git ls-files --stage -- main.c [3ms]
2026-05-16 00:58:03.087 [info] > git config --get commit.template [22ms]
2026-05-16 00:58:03.097 [info] [Git][getRemotes] No remotes found in the git config file
2026-05-16 00:58:03.104 [info] [Git][getRemotes] No remotes found in the git config file
2026-05-16 00:58:03.104 [info] > git cat-file -s 4f525f867080249e480fd9538caff00f8d6ec702 [17ms]
2026-05-16 00:58:03.106 [info] > git for-each-ref --format=%(refname)%00%(upstream:short)%00%(objectname)%00%(upstream:track)%00%(upstream:remotename)%00%(upstream:remoteref) refs/heads/master refs/remotes/master [3ms]
2026-05-16 00:58:03.122 [info] > git for-each-ref --format=%(refname)%00%(upstream:short)%00%(objectname)%00%(upstream:track)%00%(upstream:remotename)%00%(upstream:remoteref) refs/heads/master refs/remotes/master [25ms]
2026-05-16 00:58:03.122 [warning] [Git][getBranch] No such branch: master
2026-05-16 00:58:03.139 [info] > git status -z -uall [27ms]
2026-05-16 00:58:03.139 [info] > git status -z -uall [11ms]
2026-05-16 00:58:03.140 [info] > git for-each-ref --sort -committerdate --format %(refname)%00%(objectname)%00%(*objectname) [18ms]
2026-05-16 00:58:03.154 [info] > git for-each-ref --sort -committerdate --format %(refname)%00%(objectname)%00%(*objectname) [19ms]
2026-05-16 00:58:03.157 [info] > git show --textconv :main.c [4ms]
2026-05-16 00:58:03.477 [info] > git check-ignore -v -z --stdin [3ms]
2026-05-16 00:58:13.234 [info] > git fetch [11465ms]
2026-05-16 00:58:13.248 [info] > git fetch [11492ms]
2026-05-16 00:58:13.258 [info] > git config --get commit.template [12ms]
2026-05-16 00:58:13.273 [info] > git config --get commit.template [16ms]
2026-05-16 00:58:13.274 [info] > git for-each-ref --format=%(refname)%00%(upstream:short)%00%(objectname)%00%(upstream:track)%00%(upstream:remotename)%00%(upstream:remoteref) refs/heads/amar refs/remotes/amar [9ms]
2026-05-16 00:58:13.289 [info] > git status -z -uall [7ms]
2026-05-16 00:58:13.289 [info] > git for-each-ref --format=%(refname)%00%(upstream:short)%00%(objectname)%00%(upstream:track)%00%(upstream:remotename)%00%(upstream:remoteref) refs/heads/master refs/remotes/master [17ms]
2026-05-16 00:58:13.292 [info] > git for-each-ref --sort -committerdate --format %(refname)%00%(objectname)%00%(*objectname) [4ms]
2026-05-16 00:58:13.313 [info] > git status -z -uall [7ms]
2026-05-16 00:58:13.315 [info] > git for-each-ref --sort -committerdate --format %(refname)%00%(objectname)%00%(*objectname) [2ms]
