2026-05-22 15:05:24.362 [info] [main] Log level: Info
2026-05-22 15:05:24.362 [info] [main] Validating found git in: "git"
2026-05-22 15:05:24.362 [info] [main] Using git "2.54.0" from "git"
2026-05-22 15:05:24.362 [info] [Model][doInitialScan] Initial repository scan started
2026-05-22 15:05:24.362 [info] > git rev-parse --show-toplevel [5ms]
2026-05-22 15:05:24.362 [info] fatal: not a git repository (or any of the parent directories): .git
2026-05-22 15:05:24.362 [info] > git rev-parse --show-toplevel [7ms]
2026-05-22 15:05:24.362 [info] fatal: not a git repository (or any of the parent directories): .git
2026-05-22 15:05:24.379 [info] > git rev-parse --show-toplevel [6ms]
2026-05-22 15:05:24.379 [info] fatal: not a git repository (or any of the parent directories): .git
2026-05-22 15:05:24.397 [info] > git rev-parse --show-toplevel [8ms]
2026-05-22 15:05:24.417 [info] > git rev-parse --git-dir --git-common-dir --show-superproject-working-tree [8ms]
2026-05-22 15:05:25.333 [info] [Model][openRepository] Opened repository (path): /home/amar/Code/CAN
2026-05-22 15:05:25.334 [info] [Model][openRepository] Opened repository (real path): /home/amar/Code/CAN
2026-05-22 15:05:25.334 [info] [Model][openRepository] Opened repository (kind): repository
2026-05-22 15:05:25.899 [info] > git config --get --local core.virtualfilesystem [552ms]
2026-05-22 15:05:25.900 [warning] [Git][config] git config failed: Failed to execute git
2026-05-22 15:05:26.137 [info] > git rev-parse --show-toplevel [372ms]
2026-05-22 15:05:26.137 [info] fatal: not a git repository (or any of the parent directories): .git
2026-05-22 15:05:26.138 [info] > git config --get commit.template [380ms]
2026-05-22 15:05:26.376 [info] [Git][getRemotes] No remotes found in the git config file
2026-05-22 15:05:26.381 [info] > git rev-parse --show-toplevel [131ms]
2026-05-22 15:05:26.381 [info] fatal: not a git repository (or any of the parent directories): .git
2026-05-22 15:05:26.441 [info] > git for-each-ref --format=%(refname)%00%(upstream:short)%00%(objectname)%00%(upstream:track)%00%(upstream:remotename)%00%(upstream:remoteref) refs/heads/master refs/remotes/master [65ms]
2026-05-22 15:05:26.533 [info] > git status -z -uall [76ms]
2026-05-22 15:05:26.534 [info] > git for-each-ref --sort -committerdate --format %(refname)%00%(objectname)%00%(*objectname) [61ms]
2026-05-22 15:05:26.584 [info] > git rev-parse --show-toplevel [146ms]
2026-05-22 15:05:26.623 [info] > git for-each-ref --format=%(refname)%00%(upstream:short)%00%(objectname)%00%(upstream:track)%00%(upstream:remotename)%00%(upstream:remoteref) refs/heads/master refs/remotes/master [51ms]
2026-05-22 15:05:26.658 [info] > git config --get --local branch.master.vscode-merge-base [23ms]
2026-05-22 15:05:26.658 [warning] [Git][config] git config failed: Failed to execute git
2026-05-22 15:05:26.668 [info] > git rev-parse --git-dir --git-common-dir --show-superproject-working-tree [47ms]
2026-05-22 15:05:26.669 [info] > git config --get commit.template [56ms]
2026-05-22 15:05:26.683 [info] > git reflog master --grep-reflog=branch: Created from *. [14ms]
2026-05-22 15:05:26.725 [info] [Git][getRemotes] No remotes found in the git config file
2026-05-22 15:05:26.756 [info] > git for-each-ref --format=%(refname)%00%(upstream:short)%00%(objectname)%00%(upstream:track)%00%(upstream:remotename)%00%(upstream:remoteref) refs/heads/master refs/remotes/master [32ms]
2026-05-22 15:05:26.781 [info] > git status -z -uall [16ms]
2026-05-22 15:05:26.786 [info] > git for-each-ref --sort -committerdate --format %(refname)%00%(objectname)%00%(*objectname) [9ms]
2026-05-22 15:05:26.837 [info] [Model][openRepository] Opened repository (path): /home/amar/Code/batcheck
2026-05-22 15:05:26.837 [info] [Model][openRepository] Opened repository (real path): /home/amar/Code/batcheck
2026-05-22 15:05:26.837 [info] [Model][openRepository] Opened repository (kind): repository
2026-05-22 15:05:26.892 [info] > git config --get commit.template [25ms]
2026-05-22 15:05:26.893 [info] > git config --get --local core.virtualfilesystem [40ms]
2026-05-22 15:05:26.893 [warning] [Git][config] git config failed: Failed to execute git
2026-05-22 15:05:26.931 [info] > git rev-parse --show-toplevel [41ms]
2026-05-22 15:05:26.967 [info] > git rev-parse --git-dir --git-common-dir --show-superproject-working-tree [16ms]
2026-05-22 15:05:26.967 [info] > git for-each-ref --format=%(refname)%00%(upstream:short)%00%(objectname)%00%(upstream:track)%00%(upstream:remotename)%00%(upstream:remoteref) refs/heads/master refs/remotes/master [26ms]
2026-05-22 15:05:27.006 [info] > git status -z -uall [25ms]
2026-05-22 15:05:27.006 [info] > git for-each-ref --sort -committerdate --format %(refname)%00%(objectname)%00%(*objectname) [15ms]
2026-05-22 15:05:27.049 [info] > git for-each-ref --format=%(refname)%00%(upstream:short)%00%(objectname)%00%(upstream:track)%00%(upstream:remotename)%00%(upstream:remoteref) refs/heads/master refs/remotes/master [21ms]
2026-05-22 15:05:27.076 [info] [Model][openRepository] Opened repository (path): /home/amar/Code/first-contributions
2026-05-22 15:05:27.076 [info] [Model][openRepository] Opened repository (real path): /home/amar/Code/first-contributions
2026-05-22 15:05:27.076 [info] [Model][openRepository] Opened repository (kind): repository
2026-05-22 15:05:27.127 [info] > git config --get --local core.virtualfilesystem [40ms]
2026-05-22 15:05:27.127 [warning] [Git][config] git config failed: Failed to execute git
2026-05-22 15:05:27.127 [info] > git config --get --local branch.master.vscode-merge-base [68ms]
2026-05-22 15:05:27.134 [info] > git config --get commit.template [87ms]
2026-05-22 15:05:27.149 [info] > git for-each-ref --format=%(refname)%00%(upstream:short)%00%(objectname)%00%(upstream:track)%00%(upstream:remotename)%00%(upstream:remoteref) refs/heads/origin/master refs/remotes/origin/master [15ms]
2026-05-22 15:05:27.161 [info] > git rev-parse --show-toplevel [53ms]
2026-05-22 15:05:27.161 [info] fatal: not a git repository (or any of the parent directories): .git
2026-05-22 15:05:27.162 [info] > git config --get commit.template [62ms]
2026-05-22 15:05:27.182 [info] > git merge-base refs/heads/master refs/remotes/origin/master [23ms]
2026-05-22 15:05:27.222 [info] > git rev-parse --show-toplevel [42ms]
2026-05-22 15:05:27.223 [info] > git for-each-ref --format=%(refname)%00%(upstream:short)%00%(objectname)%00%(upstream:track)%00%(upstream:remotename)%00%(upstream:remoteref) refs/heads/master refs/remotes/master [53ms]
2026-05-22 15:05:27.243 [info] > git for-each-ref --format=%(refname)%00%(upstream:short)%00%(objectname)%00%(upstream:track)%00%(upstream:remotename)%00%(upstream:remoteref) refs/heads/amar refs/remotes/amar [27ms]
2026-05-22 15:05:27.244 [info] > git diff --raw --numstat --diff-filter=ADMR -z --find-renames=50% 8a879742d4dac74892d24b9fae776d408c4a1750...refs/remotes/origin/master -- [53ms]
2026-05-22 15:05:27.249 [info] > git rev-parse --git-dir --git-common-dir --show-superproject-working-tree [8ms]
2026-05-22 15:05:27.302 [info] > git status -z -uall [45ms]
2026-05-22 15:05:27.303 [info] > git status -z -uall [24ms]
2026-05-22 15:05:27.306 [info] > git for-each-ref --sort -committerdate --format %(refname)%00%(objectname)%00%(*objectname) [18ms]
2026-05-22 15:05:27.321 [info] > git for-each-ref --sort -committerdate --format %(refname)%00%(objectname)%00%(*objectname) [52ms]
2026-05-22 15:05:27.334 [info] > git for-each-ref --format=%(refname)%00%(upstream:short)%00%(objectname)%00%(upstream:track)%00%(upstream:remotename)%00%(upstream:remoteref) refs/heads/amar refs/remotes/amar [15ms]
2026-05-22 15:05:27.345 [info] > git config --get commit.template [12ms]
2026-05-22 15:05:27.346 [info] > git config --get --local branch.amar.vscode-merge-base [4ms]
2026-05-22 15:05:27.382 [info] > git for-each-ref --format=%(refname)%00%(upstream:short)%00%(objectname)%00%(upstream:track)%00%(upstream:remotename)%00%(upstream:remoteref) refs/heads/amar refs/remotes/amar [21ms]
2026-05-22 15:05:27.382 [info] > git for-each-ref --format=%(refname)%00%(upstream:short)%00%(objectname)%00%(upstream:track)%00%(upstream:remotename)%00%(upstream:remoteref) refs/heads/origin/main refs/remotes/origin/main [29ms]
2026-05-22 15:05:27.397 [info] [Model][openRepository] Opened repository (path): /home/amar/Code/helotui
2026-05-22 15:05:27.397 [info] [Model][openRepository] Opened repository (real path): /home/amar/Code/helotui
2026-05-22 15:05:27.397 [info] [Model][openRepository] Opened repository (kind): repository
2026-05-22 15:05:27.425 [info] > git config --get --local core.virtualfilesystem [19ms]
2026-05-22 15:05:27.425 [warning] [Git][config] git config failed: Failed to execute git
2026-05-22 15:05:27.425 [info] > git merge-base refs/heads/amar refs/remotes/origin/amar [36ms]
2026-05-22 15:05:27.438 [info] > git diff --raw --numstat --diff-filter=ADMR -z --find-renames=50% 2c3c1f1979d0459a43d31f3424d0f4a2bf354246...refs/remotes/origin/amar -- [7ms]
2026-05-22 15:05:27.439 [info] > git rev-parse --show-toplevel [15ms]
2026-05-22 15:05:27.440 [info] > git config --get commit.template [22ms]
2026-05-22 15:05:27.478 [info] [Git][getRemotes] No remotes found in the git config file
2026-05-22 15:05:27.479 [info] > git status -z -uall [19ms]
2026-05-22 15:05:27.479 [info] > git for-each-ref --sort -committerdate --format %(refname)%00%(objectname)%00%(*objectname) [9ms]
2026-05-22 15:05:27.483 [info] > git rev-parse --git-dir --git-common-dir --show-superproject-working-tree [35ms]
2026-05-22 15:05:27.484 [info] > git for-each-ref --format=%(refname)%00%(upstream:short)%00%(objectname)%00%(upstream:track)%00%(upstream:remotename)%00%(upstream:remoteref) refs/heads/master refs/remotes/master [7ms]
2026-05-22 15:05:27.484 [warning] [Git][getBranch] No such branch: master
2026-05-22 15:05:27.503 [info] > git status -z -uall [11ms]
2026-05-22 15:05:27.536 [info] > git for-each-ref --sort -committerdate --format %(refname)%00%(objectname)%00%(*objectname) [35ms]
2026-05-22 15:05:27.596 [info] > git for-each-ref --format=%(refname)%00%(upstream:short)%00%(objectname)%00%(upstream:track)%00%(upstream:remotename)%00%(upstream:remoteref) refs/heads/master refs/remotes/master [43ms]
2026-05-22 15:05:27.596 [warning] [Git][getBranch] No such branch: master
2026-05-22 15:05:27.597 [error] [GitHistoryProvider][resolveHEADMergeBase] Failed to resolve merge base for master: Error: No such branch: master.
2026-05-22 15:05:27.609 [info] > git config --get commit.template [14ms]
2026-05-22 15:05:27.615 [info] [Model][openRepository] Opened repository (path): /home/amar/Code/http
2026-05-22 15:05:27.615 [info] [Model][openRepository] Opened repository (real path): /home/amar/Code/http
2026-05-22 15:05:27.615 [info] [Model][openRepository] Opened repository (kind): repository
2026-05-22 15:05:27.645 [info] > git config --get --local core.virtualfilesystem [22ms]
2026-05-22 15:05:27.646 [warning] [Git][config] git config failed: Failed to execute git
2026-05-22 15:05:27.672 [info] [Git][getRemotes] No remotes found in the git config file
2026-05-22 15:05:27.674 [info] > git rev-parse --show-toplevel [30ms]
2026-05-22 15:05:27.674 [info] fatal: not a git repository (or any of the parent directories): .git
2026-05-22 15:05:27.675 [info] > git config --get commit.template [40ms]
2026-05-22 15:05:27.694 [info] > git for-each-ref --format=%(refname)%00%(upstream:short)%00%(objectname)%00%(upstream:track)%00%(upstream:remotename)%00%(upstream:remoteref) refs/heads/master refs/remotes/master [22ms]
2026-05-22 15:05:27.694 [warning] [Git][getBranch] No such branch: master
2026-05-22 15:05:27.739 [info] > git status -z -uall [38ms]
2026-05-22 15:05:27.739 [info] > git for-each-ref --sort -committerdate --format %(refname)%00%(objectname)%00%(*objectname) [29ms]
2026-05-22 15:05:27.743 [info] > git rev-parse --show-toplevel [51ms]
2026-05-22 15:05:27.743 [info] fatal: not a git repository (or any of the parent directories): .git
2026-05-22 15:05:27.744 [info] [Model][doInitialScan] Initial repository scan completed - repositories (5), closed repositories (0), parent repositories (0), unsafe repositories (0)
2026-05-22 15:05:27.756 [info] > git for-each-ref --format=%(refname)%00%(upstream:short)%00%(objectname)%00%(upstream:track)%00%(upstream:remotename)%00%(upstream:remoteref) refs/heads/master refs/remotes/master [29ms]
2026-05-22 15:05:27.757 [info] > git rev-parse --show-toplevel [4ms]
2026-05-22 15:05:27.757 [info] fatal: not a git repository (or any of the parent directories): .git
2026-05-22 15:05:27.784 [info] > git status -z -uall [12ms]
2026-05-22 15:05:27.785 [info] > git rev-parse --show-toplevel [21ms]
2026-05-22 15:05:27.785 [info] fatal: not a git repository (or any of the parent directories): .git
2026-05-22 15:05:27.794 [info] > git for-each-ref --sort -committerdate --format %(refname)%00%(objectname)%00%(*objectname) [13ms]
2026-05-22 15:05:27.818 [info] > git rev-parse --show-toplevel [25ms]
2026-05-22 15:05:27.818 [info] fatal: not a git repository (or any of the parent directories): .git
2026-05-22 15:05:27.853 [info] > git config --get commit.template [35ms]
2026-05-22 15:05:27.853 [info] > git for-each-ref --format=%(refname)%00%(upstream:short)%00%(objectname)%00%(upstream:track)%00%(upstream:remotename)%00%(upstream:remoteref) refs/heads/master refs/remotes/master [46ms]
2026-05-22 15:05:27.897 [info] > git config --get --local branch.master.vscode-merge-base [35ms]
2026-05-22 15:05:27.905 [info] > git rev-parse --show-toplevel [54ms]
2026-05-22 15:05:27.905 [info] fatal: not a git repository (or any of the parent directories): .git
2026-05-22 15:05:27.929 [info] > git for-each-ref --format=%(refname)%00%(upstream:short)%00%(objectname)%00%(upstream:track)%00%(upstream:remotename)%00%(upstream:remoteref) refs/heads/origin/master refs/remotes/origin/master [24ms]
2026-05-22 15:05:27.945 [info] > git rev-parse --show-toplevel [16ms]
2026-05-22 15:05:27.945 [info] fatal: not a git repository (or any of the parent directories): .git
2026-05-22 15:05:27.945 [info] > git for-each-ref --format=%(refname)%00%(upstream:short)%00%(objectname)%00%(upstream:track)%00%(upstream:remotename)%00%(upstream:remoteref) refs/heads/master refs/remotes/master [27ms]
2026-05-22 15:05:27.946 [info] > git merge-base refs/heads/master refs/remotes/origin/master [5ms]
2026-05-22 15:05:27.974 [info] > git status -z -uall [11ms]
2026-05-22 15:05:27.975 [info] > git diff --raw --numstat --diff-filter=ADMR -z --find-renames=50% 0b6eb6b7a253c89e0ffce6da3ca6171a38da9a69...refs/remotes/origin/master -- [20ms]
2026-05-22 15:05:27.978 [info] > git for-each-ref --sort -committerdate --format %(refname)%00%(objectname)%00%(*objectname) [6ms]
2026-05-22 15:05:28.131 [info] > git rev-parse --show-toplevel [3ms]
2026-05-22 15:05:28.131 [info] fatal: not a git repository (or any of the parent directories): .git
2026-05-22 15:05:40.245 [info] > git fetch [12ms]
2026-05-22 15:05:40.247 [info] > git fetch [46ms]
2026-05-22 15:05:40.265 [info] > git config --get commit.template [9ms]
2026-05-22 15:05:40.266 [info] > git config --get commit.template [3ms]
2026-05-22 15:05:40.273 [info] [Git][getRemotes] No remotes found in the git config file
2026-05-22 15:05:40.281 [info] [Git][getRemotes] No remotes found in the git config file
2026-05-22 15:05:40.283 [info] > git for-each-ref --format=%(refname)%00%(upstream:short)%00%(objectname)%00%(upstream:track)%00%(upstream:remotename)%00%(upstream:remoteref) refs/heads/master refs/remotes/master [9ms]
2026-05-22 15:05:40.283 [warning] [Git][getBranch] No such branch: master
2026-05-22 15:05:40.306 [info] > git status -z -uall [14ms]
2026-05-22 15:05:40.306 [info] > git for-each-ref --sort -committerdate --format %(refname)%00%(objectname)%00%(*objectname) [7ms]
2026-05-22 15:05:40.312 [info] > git for-each-ref --format=%(refname)%00%(upstream:short)%00%(objectname)%00%(upstream:track)%00%(upstream:remotename)%00%(upstream:remoteref) refs/heads/master refs/remotes/master [31ms]
2026-05-22 15:05:40.327 [info] > git status -z -uall [6ms]
2026-05-22 15:05:40.331 [info] > git for-each-ref --sort -committerdate --format %(refname)%00%(objectname)%00%(*objectname) [5ms]
2026-05-22 15:05:41.406 [info] [Git][getRemotes] No remotes found in the git config file
2026-05-22 15:05:41.407 [info] > git config --get commit.template [18ms]
2026-05-22 15:05:41.410 [info] > git for-each-ref --format=%(refname)%00%(upstream:short)%00%(objectname)%00%(upstream:track)%00%(upstream:remotename)%00%(upstream:remoteref) refs/heads/master refs/remotes/master [3ms]
2026-05-22 15:05:41.410 [warning] [Git][getBranch] No such branch: master
2026-05-22 15:05:41.429 [info] > git status -z -uall [11ms]
2026-05-22 15:05:41.431 [info] > git for-each-ref --sort -committerdate --format %(refname)%00%(objectname)%00%(*objectname) [3ms]
2026-05-22 15:05:44.052 [info] > git check-ignore -v -z --stdin [36ms]
2026-05-22 15:05:44.054 [info] > git check-ignore -v -z --stdin [30ms]
2026-05-22 15:05:44.054 [info] > git check-ignore -v -z --stdin [21ms]
2026-05-22 15:05:44.055 [info] > git check-ignore -v -z --stdin [13ms]
2026-05-22 15:05:44.055 [info] > git check-ignore -v -z --stdin [5ms]
2026-05-22 15:05:44.666 [info] > git fetch [4423ms]
2026-05-22 15:05:44.668 [info] > git fetch [4444ms]
2026-05-22 15:05:44.684 [info] > git fetch [4470ms]
2026-05-22 15:05:44.693 [info] > git config --get commit.template [16ms]
2026-05-22 15:05:44.694 [info] > git config --get commit.template [10ms]
2026-05-22 15:05:44.711 [info] > git config --get commit.template [19ms]
2026-05-22 15:05:44.719 [info] > git for-each-ref --format=%(refname)%00%(upstream:short)%00%(objectname)%00%(upstream:track)%00%(upstream:remotename)%00%(upstream:remoteref) refs/heads/master refs/remotes/master [18ms]
2026-05-22 15:05:44.720 [info] > git for-each-ref --format=%(refname)%00%(upstream:short)%00%(objectname)%00%(upstream:track)%00%(upstream:remotename)%00%(upstream:remoteref) refs/heads/amar refs/remotes/amar [11ms]
2026-05-22 15:05:44.738 [info] > git status -z -uall [10ms]
2026-05-22 15:05:44.738 [info] > git for-each-ref --format=%(refname)%00%(upstream:short)%00%(objectname)%00%(upstream:track)%00%(upstream:remotename)%00%(upstream:remoteref) refs/heads/master refs/remotes/master [20ms]
2026-05-22 15:05:44.757 [info] > git for-each-ref --sort -committerdate --format %(refname)%00%(objectname)%00%(*objectname) [21ms]
2026-05-22 15:05:44.762 [info] > git status -z -uall [16ms]
2026-05-22 15:05:44.762 [info] > git for-each-ref --sort -committerdate --format %(refname)%00%(objectname)%00%(*objectname) [7ms]
2026-05-22 15:05:44.781 [info] > git status -z -uall [10ms]
2026-05-22 15:05:44.783 [info] > git for-each-ref --sort -committerdate --format %(refname)%00%(objectname)%00%(*objectname) [4ms]
2026-05-22 15:06:05.666 [info] > git rev-parse --show-toplevel [3ms]
2026-05-22 15:06:05.666 [info] fatal: not a git repository (or any of the parent directories): .git
2026-05-22 15:09:46.382 [info] > git fetch [38ms]
2026-05-22 15:09:46.384 [info] > git fetch [53ms]
2026-05-22 15:09:46.409 [info] > git config --get commit.template [12ms]
2026-05-22 15:09:46.411 [info] > git config --get commit.template [4ms]
2026-05-22 15:09:46.423 [info] [Git][getRemotes] No remotes found in the git config file
2026-05-22 15:09:46.432 [info] [Git][getRemotes] No remotes found in the git config file
2026-05-22 15:09:46.434 [info] > git for-each-ref --format=%(refname)%00%(upstream:short)%00%(objectname)%00%(upstream:track)%00%(upstream:remotename)%00%(upstream:remoteref) refs/heads/master refs/remotes/master [12ms]
2026-05-22 15:09:46.453 [info] > git status -z -uall [10ms]
2026-05-22 15:09:46.454 [info] > git for-each-ref --format=%(refname)%00%(upstream:short)%00%(objectname)%00%(upstream:track)%00%(upstream:remotename)%00%(upstream:remoteref) refs/heads/master refs/remotes/master [23ms]
2026-05-22 15:09:46.454 [warning] [Git][getBranch] No such branch: master
2026-05-22 15:09:46.473 [info] > git status -z -uall [12ms]
2026-05-22 15:09:46.474 [info] > git for-each-ref --sort -committerdate --format %(refname)%00%(objectname)%00%(*objectname) [22ms]
2026-05-22 15:09:46.477 [info] > git for-each-ref --sort -committerdate --format %(refname)%00%(objectname)%00%(*objectname) [8ms]
2026-05-22 15:09:47.530 [info] > git config --get commit.template [5ms]
2026-05-22 15:09:47.539 [info] [Git][getRemotes] No remotes found in the git config file
2026-05-22 15:09:47.541 [info] > git for-each-ref --format=%(refname)%00%(upstream:short)%00%(objectname)%00%(upstream:track)%00%(upstream:remotename)%00%(upstream:remoteref) refs/heads/master refs/remotes/master [2ms]
2026-05-22 15:09:47.556 [info] > git status -z -uall [8ms]
2026-05-22 15:09:47.558 [info] > git for-each-ref --sort -committerdate --format %(refname)%00%(objectname)%00%(*objectname) [3ms]
2026-05-22 15:09:51.515 [info] > git fetch [5136ms]
2026-05-22 15:09:51.524 [info] > git fetch [5157ms]
2026-05-22 15:09:51.525 [info] > git fetch [5168ms]
2026-05-22 15:09:51.539 [info] > git config --get commit.template [16ms]
2026-05-22 15:09:51.540 [info] > git config --get commit.template [8ms]
2026-05-22 15:09:51.547 [info] > git config --get commit.template [9ms]
2026-05-22 15:09:51.562 [info] > git for-each-ref --format=%(refname)%00%(upstream:short)%00%(objectname)%00%(upstream:track)%00%(upstream:remotename)%00%(upstream:remoteref) refs/heads/master refs/remotes/master [2ms]
2026-05-22 15:09:51.562 [info] > git for-each-ref --format=%(refname)%00%(upstream:short)%00%(objectname)%00%(upstream:track)%00%(upstream:remotename)%00%(upstream:remoteref) refs/heads/amar refs/remotes/amar [8ms]
2026-05-22 15:09:51.563 [info] > git for-each-ref --format=%(refname)%00%(upstream:short)%00%(objectname)%00%(upstream:track)%00%(upstream:remotename)%00%(upstream:remoteref) refs/heads/master refs/remotes/master [17ms]
2026-05-22 15:09:51.602 [info] > git status -z -uall [32ms]
2026-05-22 15:09:51.602 [info] > git status -z -uall [20ms]
2026-05-22 15:09:51.602 [info] > git status -z -uall [8ms]
2026-05-22 15:09:51.603 [info] > git for-each-ref --sort -committerdate --format %(refname)%00%(objectname)%00%(*objectname) [14ms]
2026-05-22 15:09:51.605 [info] > git for-each-ref --sort -committerdate --format %(refname)%00%(objectname)%00%(*objectname) [28ms]
2026-05-22 15:09:51.609 [info] > git for-each-ref --sort -committerdate --format %(refname)%00%(objectname)%00%(*objectname) [8ms]
2026-05-22 15:12:46.496 [info] > git fetch [9ms]
2026-05-22 15:12:46.506 [info] > git fetch [10ms]
2026-05-22 15:12:46.515 [info] > git config --get commit.template [10ms]
2026-05-22 15:12:46.516 [info] [Git][getRemotes] No remotes found in the git config file
2026-05-22 15:12:46.524 [info] > git config --get commit.template [10ms]
2026-05-22 15:12:46.531 [info] [Git][getRemotes] No remotes found in the git config file
2026-05-22 15:12:46.532 [info] > git for-each-ref --format=%(refname)%00%(upstream:short)%00%(objectname)%00%(upstream:track)%00%(upstream:remotename)%00%(upstream:remoteref) refs/heads/master refs/remotes/master [8ms]
2026-05-22 15:12:46.546 [info] > git status -z -uall [8ms]
2026-05-22 15:12:46.547 [info] > git for-each-ref --format=%(refname)%00%(upstream:short)%00%(objectname)%00%(upstream:track)%00%(upstream:remotename)%00%(upstream:remoteref) refs/heads/master refs/remotes/master [17ms]
2026-05-22 15:12:46.547 [warning] [Git][getBranch] No such branch: master
2026-05-22 15:12:46.564 [info] > git status -z -uall [11ms]
2026-05-22 15:12:46.565 [info] > git for-each-ref --sort -committerdate --format %(refname)%00%(objectname)%00%(*objectname) [20ms]
2026-05-22 15:12:46.569 [info] > git for-each-ref --sort -committerdate --format %(refname)%00%(objectname)%00%(*objectname) [6ms]
2026-05-22 15:12:47.596 [info] > git config --get commit.template [3ms]
2026-05-22 15:12:47.596 [info] > git config --get commit.template [10ms]
2026-05-22 15:12:47.605 [info] [Git][getRemotes] No remotes found in the git config file
2026-05-22 15:12:47.606 [info] [Git][getRemotes] No remotes found in the git config file
2026-05-22 15:12:47.616 [info] > git for-each-ref --format=%(refname)%00%(upstream:short)%00%(objectname)%00%(upstream:track)%00%(upstream:remotename)%00%(upstream:remoteref) refs/heads/master refs/remotes/master [12ms]
2026-05-22 15:12:47.631 [info] > git status -z -uall [9ms]
2026-05-22 15:12:47.632 [info] > git for-each-ref --format=%(refname)%00%(upstream:short)%00%(objectname)%00%(upstream:track)%00%(upstream:remotename)%00%(upstream:remoteref) refs/heads/master refs/remotes/master [18ms]
2026-05-22 15:12:47.632 [warning] [Git][getBranch] No such branch: master
2026-05-22 15:12:47.652 [info] > git status -z -uall [11ms]
2026-05-22 15:12:47.653 [info] > git for-each-ref --sort -committerdate --format %(refname)%00%(objectname)%00%(*objectname) [24ms]
2026-05-22 15:12:47.656 [info] > git for-each-ref --sort -committerdate --format %(refname)%00%(objectname)%00%(*objectname) [6ms]
2026-05-22 15:12:57.088 [info] > git fetch [5463ms]
2026-05-22 15:12:57.089 [info] > git fetch [5473ms]
2026-05-22 15:12:57.106 [info] > git fetch [5471ms]
2026-05-22 15:12:57.115 [info] > git config --get commit.template [10ms]
2026-05-22 15:12:57.116 [info] > git config --get commit.template [18ms]
2026-05-22 15:12:57.117 [info] > git config --get commit.template [2ms]
2026-05-22 15:12:57.140 [info] > git for-each-ref --format=%(refname)%00%(upstream:short)%00%(objectname)%00%(upstream:track)%00%(upstream:remotename)%00%(upstream:remoteref) refs/heads/master refs/remotes/master [16ms]
2026-05-22 15:12:57.142 [info] > git for-each-ref --format=%(refname)%00%(upstream:short)%00%(objectname)%00%(upstream:track)%00%(upstream:remotename)%00%(upstream:remoteref) refs/heads/master refs/remotes/master [3ms]
2026-05-22 15:12:57.143 [info] > git for-each-ref --format=%(refname)%00%(upstream:short)%00%(objectname)%00%(upstream:track)%00%(upstream:remotename)%00%(upstream:remoteref) refs/heads/amar refs/remotes/amar [12ms]
2026-05-22 15:12:57.189 [info] > git status -z -uall [38ms]
2026-05-22 15:12:57.189 [info] > git status -z -uall [21ms]
2026-05-22 15:12:57.191 [info] > git for-each-ref --sort -committerdate --format %(refname)%00%(objectname)%00%(*objectname) [16ms]
2026-05-22 15:12:57.195 [info] > git for-each-ref --sort -committerdate --format %(refname)%00%(objectname)%00%(*objectname) [36ms]
2026-05-22 15:12:57.200 [info] > git status -z -uall [18ms]
2026-05-22 15:12:57.200 [info] > git for-each-ref --sort -committerdate --format %(refname)%00%(objectname)%00%(*objectname) [11ms]
2026-05-22 15:15:46.585 [info] > git fetch [9ms]
2026-05-22 15:15:46.596 [info] > git fetch [11ms]
2026-05-22 15:15:46.607 [info] > git config --get commit.template [13ms]
2026-05-22 15:15:46.615 [info] [Git][getRemotes] No remotes found in the git config file
2026-05-22 15:15:46.616 [info] > git config --get commit.template [11ms]
2026-05-22 15:15:46.617 [info] [Git][getRemotes] No remotes found in the git config file
2026-05-22 15:15:46.627 [info] > git for-each-ref --format=%(refname)%00%(upstream:short)%00%(objectname)%00%(upstream:track)%00%(upstream:remotename)%00%(upstream:remoteref) refs/heads/master refs/remotes/master [12ms]
2026-05-22 15:15:46.643 [info] > git status -z -uall [9ms]
2026-05-22 15:15:46.644 [info] > git for-each-ref --format=%(refname)%00%(upstream:short)%00%(objectname)%00%(upstream:track)%00%(upstream:remotename)%00%(upstream:remoteref) refs/heads/master refs/remotes/master [19ms]
2026-05-22 15:15:46.644 [warning] [Git][getBranch] No such branch: master
2026-05-22 15:15:46.660 [info] > git status -z -uall [9ms]
2026-05-22 15:15:46.661 [info] > git for-each-ref --sort -committerdate --format %(refname)%00%(objectname)%00%(*objectname) [19ms]
2026-05-22 15:15:46.665 [info] > git for-each-ref --sort -committerdate --format %(refname)%00%(objectname)%00%(*objectname) [6ms]
2026-05-22 15:15:47.687 [info] [Git][getRemotes] No remotes found in the git config file
2026-05-22 15:15:47.688 [info] > git config --get commit.template [12ms]
2026-05-22 15:15:47.689 [info] > git for-each-ref --format=%(refname)%00%(upstream:short)%00%(objectname)%00%(upstream:track)%00%(upstream:remotename)%00%(upstream:remoteref) refs/heads/master refs/remotes/master [3ms]
2026-05-22 15:15:47.708 [info] > git status -z -uall [9ms]
2026-05-22 15:15:47.710 [info] > git for-each-ref --sort -committerdate --format %(refname)%00%(objectname)%00%(*objectname) [4ms]
2026-05-22 15:16:02.230 [info] > git fetch [5019ms]
2026-05-22 15:16:02.244 [info] > git fetch [5040ms]
2026-05-22 15:16:02.246 [info] > git fetch [5027ms]
2026-05-22 15:16:02.265 [info] > git config --get commit.template [23ms]
2026-05-22 15:16:02.266 [info] > git config --get commit.template [10ms]
2026-05-22 15:16:02.275 [info] > git config --get commit.template [10ms]
2026-05-22 15:16:02.291 [info] > git for-each-ref --format=%(refname)%00%(upstream:short)%00%(objectname)%00%(upstream:track)%00%(upstream:remotename)%00%(upstream:remoteref) refs/heads/master refs/remotes/master [8ms]
2026-05-22 15:16:02.292 [info] > git for-each-ref --format=%(refname)%00%(upstream:short)%00%(objectname)%00%(upstream:track)%00%(upstream:remotename)%00%(upstream:remoteref) refs/heads/master refs/remotes/master [18ms]
2026-05-22 15:16:02.293 [info] > git for-each-ref --format=%(refname)%00%(upstream:short)%00%(objectname)%00%(upstream:track)%00%(upstream:remotename)%00%(upstream:remoteref) refs/heads/amar refs/remotes/amar [4ms]
2026-05-22 15:16:02.331 [info] > git status -z -uall [30ms]
2026-05-22 15:16:02.331 [info] > git status -z -uall [12ms]
2026-05-22 15:16:02.332 [info] > git for-each-ref --sort -committerdate --format %(refname)%00%(objectname)%00%(*objectname) [22ms]
2026-05-22 15:16:02.354 [info] > git status -z -uall [10ms]
2026-05-22 15:16:02.354 [info] > git for-each-ref --sort -committerdate --format %(refname)%00%(objectname)%00%(*objectname) [25ms]
2026-05-22 15:16:02.361 [info] > git for-each-ref --sort -committerdate --format %(refname)%00%(objectname)%00%(*objectname) [9ms]
2026-05-22 15:18:46.683 [info] > git fetch [10ms]
2026-05-22 15:18:46.692 [info] > git fetch [10ms]
2026-05-22 15:18:46.701 [info] > git config --get commit.template [8ms]
2026-05-22 15:18:46.708 [info] [Git][getRemotes] No remotes found in the git config file
2026-05-22 15:18:46.710 [info] > git config --get commit.template [10ms]
2026-05-22 15:18:46.718 [info] [Git][getRemotes] No remotes found in the git config file
2026-05-22 15:18:46.719 [info] > git for-each-ref --format=%(refname)%00%(upstream:short)%00%(objectname)%00%(upstream:track)%00%(upstream:remotename)%00%(upstream:remoteref) refs/heads/master refs/remotes/master [12ms]
2026-05-22 15:18:46.736 [info] > git status -z -uall [9ms]
2026-05-22 15:18:46.737 [info] > git for-each-ref --format=%(refname)%00%(upstream:short)%00%(objectname)%00%(upstream:track)%00%(upstream:remotename)%00%(upstream:remoteref) refs/heads/master refs/remotes/master [19ms]
2026-05-22 15:18:46.737 [warning] [Git][getBranch] No such branch: master
2026-05-22 15:18:46.751 [info] > git status -z -uall [7ms]
2026-05-22 15:18:46.752 [info] > git for-each-ref --sort -committerdate --format %(refname)%00%(objectname)%00%(*objectname) [17ms]
2026-05-22 15:18:46.755 [info] > git for-each-ref --sort -committerdate --format %(refname)%00%(objectname)%00%(*objectname) [5ms]
2026-05-22 15:18:47.783 [info] > git config --get commit.template [11ms]
2026-05-22 15:18:47.784 [info] > git config --get commit.template [3ms]
2026-05-22 15:18:47.784 [info] [Git][getRemotes] No remotes found in the git config file
2026-05-22 15:18:47.784 [info] [Git][getRemotes] No remotes found in the git config file
2026-05-22 15:18:47.797 [info] > git for-each-ref --format=%(refname)%00%(upstream:short)%00%(objectname)%00%(upstream:track)%00%(upstream:remotename)%00%(upstream:remoteref) refs/heads/master refs/remotes/master [7ms]
2026-05-22 15:18:47.797 [warning] [Git][getBranch] No such branch: master
2026-05-22 15:18:47.811 [info] > git status -z -uall [7ms]
2026-05-22 15:18:47.812 [info] > git for-each-ref --format=%(refname)%00%(upstream:short)%00%(objectname)%00%(upstream:track)%00%(upstream:remotename)%00%(upstream:remoteref) refs/heads/master refs/remotes/master [16ms]
2026-05-22 15:18:47.827 [info] > git status -z -uall [9ms]
2026-05-22 15:18:47.827 [info] > git for-each-ref --sort -committerdate --format %(refname)%00%(objectname)%00%(*objectname) [17ms]
2026-05-22 15:18:47.829 [info] > git for-each-ref --sort -committerdate --format %(refname)%00%(objectname)%00%(*objectname) [4ms]
2026-05-22 15:19:12.888 [info] > git fetch [5160ms]
2026-05-22 15:19:12.900 [info] > git fetch [5149ms]
2026-05-22 15:19:12.901 [info] > git fetch [5162ms]
2026-05-22 15:19:12.915 [info] > git config --get commit.template [17ms]
2026-05-22 15:19:12.916 [info] > git config --get commit.template [8ms]
2026-05-22 15:19:12.924 [info] > git config --get commit.template [9ms]
2026-05-22 15:19:12.939 [info] > git for-each-ref --format=%(refname)%00%(upstream:short)%00%(objectname)%00%(upstream:track)%00%(upstream:remotename)%00%(upstream:remoteref) refs/heads/master refs/remotes/master [4ms]
2026-05-22 15:19:12.939 [info] > git for-each-ref --format=%(refname)%00%(upstream:short)%00%(objectname)%00%(upstream:track)%00%(upstream:remotename)%00%(upstream:remoteref) refs/heads/amar refs/remotes/amar [10ms]
2026-05-22 15:19:12.939 [info] > git for-each-ref --format=%(refname)%00%(upstream:short)%00%(objectname)%00%(upstream:track)%00%(upstream:remotename)%00%(upstream:remoteref) refs/heads/master refs/remotes/master [16ms]
2026-05-22 15:19:12.984 [info] > git status -z -uall [36ms]
2026-05-22 15:19:12.984 [info] > git status -z -uall [22ms]
2026-05-22 15:19:12.984 [info] > git status -z -uall [8ms]
2026-05-22 15:19:12.985 [info] > git for-each-ref --sort -committerdate --format %(refname)%00%(objectname)%00%(*objectname) [16ms]
2026-05-22 15:19:12.987 [info] > git for-each-ref --sort -committerdate --format %(refname)%00%(objectname)%00%(*objectname) [32ms]
2026-05-22 15:19:12.991 [info] > git for-each-ref --sort -committerdate --format %(refname)%00%(objectname)%00%(*objectname) [8ms]
2026-05-22 15:21:46.771 [info] > git fetch [8ms]
2026-05-22 15:21:46.780 [info] > git fetch [10ms]
2026-05-22 15:21:46.795 [info] [Git][getRemotes] No remotes found in the git config file
2026-05-22 15:21:46.796 [info] > git config --get commit.template [16ms]
2026-05-22 15:21:46.796 [info] > git config --get commit.template [8ms]
2026-05-22 15:21:46.803 [info] [Git][getRemotes] No remotes found in the git config file
2026-05-22 15:21:46.804 [info] > git for-each-ref --format=%(refname)%00%(upstream:short)%00%(objectname)%00%(upstream:track)%00%(upstream:remotename)%00%(upstream:remoteref) refs/heads/master refs/remotes/master [9ms]
2026-05-22 15:21:46.820 [info] > git status -z -uall [9ms]
2026-05-22 15:21:46.820 [info] > git for-each-ref --format=%(refname)%00%(upstream:short)%00%(objectname)%00%(upstream:track)%00%(upstream:remotename)%00%(upstream:remoteref) refs/heads/master refs/remotes/master [17ms]
2026-05-22 15:21:46.820 [warning] [Git][getBranch] No such branch: master
2026-05-22 15:21:46.835 [info] > git status -z -uall [8ms]
2026-05-22 15:21:46.835 [info] > git for-each-ref --sort -committerdate --format %(refname)%00%(objectname)%00%(*objectname) [18ms]
2026-05-22 15:21:46.838 [info] > git for-each-ref --sort -committerdate --format %(refname)%00%(objectname)%00%(*objectname) [5ms]
2026-05-22 15:21:47.867 [info] > git config --get commit.template [11ms]
2026-05-22 15:21:47.868 [info] > git config --get commit.template [1ms]
2026-05-22 15:21:47.875 [info] [Git][getRemotes] No remotes found in the git config file
2026-05-22 15:21:47.876 [info] [Git][getRemotes] No remotes found in the git config file
2026-05-22 15:21:47.885 [info] > git for-each-ref --format=%(refname)%00%(upstream:short)%00%(objectname)%00%(upstream:track)%00%(upstream:remotename)%00%(upstream:remoteref) refs/heads/master refs/remotes/master [11ms]
2026-05-22 15:21:47.902 [info] > git status -z -uall [10ms]
2026-05-22 15:21:47.903 [info] > git for-each-ref --format=%(refname)%00%(upstream:short)%00%(objectname)%00%(upstream:track)%00%(upstream:remotename)%00%(upstream:remoteref) refs/heads/master refs/remotes/master [19ms]
2026-05-22 15:21:47.903 [warning] [Git][getBranch] No such branch: master
2026-05-22 15:21:47.917 [info] > git status -z -uall [8ms]
2026-05-22 15:21:47.918 [info] > git for-each-ref --sort -committerdate --format %(refname)%00%(objectname)%00%(*objectname) [17ms]
2026-05-22 15:21:47.921 [info] > git for-each-ref --sort -committerdate --format %(refname)%00%(objectname)%00%(*objectname) [5ms]
2026-05-22 15:22:17.825 [info] > git fetch [4810ms]
2026-05-22 15:22:17.826 [info] > git fetch [4827ms]
2026-05-22 15:22:17.827 [info] > git fetch [4819ms]
2026-05-22 15:22:17.849 [info] > git config --get commit.template [7ms]
2026-05-22 15:22:17.849 [info] > git config --get commit.template [14ms]
2026-05-22 15:22:17.869 [info] > git for-each-ref --format=%(refname)%00%(upstream:short)%00%(objectname)%00%(upstream:track)%00%(upstream:remotename)%00%(upstream:remoteref) refs/heads/master refs/remotes/master [7ms]
2026-05-22 15:22:17.869 [info] > git for-each-ref --format=%(refname)%00%(upstream:short)%00%(objectname)%00%(upstream:track)%00%(upstream:remotename)%00%(upstream:remoteref) refs/heads/amar refs/remotes/amar [14ms]
2026-05-22 15:22:17.869 [info] > git config --get commit.template [21ms]
2026-05-22 15:22:17.869 [info] > git for-each-ref --format=%(refname)%00%(upstream:short)%00%(objectname)%00%(upstream:track)%00%(upstream:remotename)%00%(upstream:remoteref) refs/heads/master refs/remotes/master [2ms]
2026-05-22 15:22:17.910 [info] > git status -z -uall [34ms]
2026-05-22 15:22:17.910 [info] > git status -z -uall [21ms]
2026-05-22 15:22:17.910 [info] > git status -z -uall [7ms]
2026-05-22 15:22:17.910 [info] > git for-each-ref --sort -committerdate --format %(refname)%00%(objectname)%00%(*objectname) [27ms]
2026-05-22 15:22:17.914 [info] > git for-each-ref --sort -committerdate --format %(refname)%00%(objectname)%00%(*objectname) [5ms]
2026-05-22 15:22:17.916 [info] > git for-each-ref --sort -committerdate --format %(refname)%00%(objectname)%00%(*objectname) [20ms]
2026-05-22 15:24:46.859 [info] > git fetch [11ms]
2026-05-22 15:24:46.871 [info] > git fetch [13ms]
2026-05-22 15:24:46.881 [info] > git config --get commit.template [12ms]
2026-05-22 15:24:46.889 [info] [Git][getRemotes] No remotes found in the git config file
2026-05-22 15:24:46.890 [info] > git config --get commit.template [10ms]
2026-05-22 15:24:46.897 [info] [Git][getRemotes] No remotes found in the git config file
2026-05-22 15:24:46.899 [info] > git for-each-ref --format=%(refname)%00%(upstream:short)%00%(objectname)%00%(upstream:track)%00%(upstream:remotename)%00%(upstream:remoteref) refs/heads/master refs/remotes/master [10ms]
2026-05-22 15:24:46.917 [info] > git status -z -uall [10ms]
2026-05-22 15:24:46.918 [info] > git for-each-ref --format=%(refname)%00%(upstream:short)%00%(objectname)%00%(upstream:track)%00%(upstream:remotename)%00%(upstream:remoteref) refs/heads/master refs/remotes/master [22ms]
2026-05-22 15:24:46.918 [warning] [Git][getBranch] No such branch: master
2026-05-22 15:24:46.932 [info] > git status -z -uall [8ms]
2026-05-22 15:24:46.932 [info] > git for-each-ref --sort -committerdate --format %(refname)%00%(objectname)%00%(*objectname) [16ms]
2026-05-22 15:24:46.935 [info] > git for-each-ref --sort -committerdate --format %(refname)%00%(objectname)%00%(*objectname) [4ms]
2026-05-22 15:27:10.764 [info] [Git][getRemotes] No remotes found in the git config file
2026-05-22 15:27:10.765 [info] > git config --get commit.template [10ms]
2026-05-22 15:27:10.765 [info] > git for-each-ref --format=%(refname)%00%(upstream:short)%00%(objectname)%00%(upstream:track)%00%(upstream:remotename)%00%(upstream:remoteref) refs/heads/master refs/remotes/master [2ms]
2026-05-22 15:27:10.781 [info] > git status -z -uall [9ms]
2026-05-22 15:27:10.783 [info] > git for-each-ref --sort -committerdate --format %(refname)%00%(objectname)%00%(*objectname) [3ms]
2026-05-22 15:27:14.987 [info] > git fetch [4254ms]
2026-05-22 15:27:14.998 [info] > git fetch [4254ms]
2026-05-22 15:27:14.999 [info] > git fetch [4277ms]
2026-05-22 15:27:15.019 [info] > git config --get commit.template [22ms]
2026-05-22 15:27:15.021 [info] > git config --get commit.template [12ms]
2026-05-22 15:27:15.028 [info] > git config --get commit.template [10ms]
2026-05-22 15:27:15.042 [info] > git for-each-ref --format=%(refname)%00%(upstream:short)%00%(objectname)%00%(upstream:track)%00%(upstream:remotename)%00%(upstream:remoteref) refs/heads/amar refs/remotes/amar [8ms]
2026-05-22 15:27:15.042 [info] > git for-each-ref --format=%(refname)%00%(upstream:short)%00%(objectname)%00%(upstream:track)%00%(upstream:remotename)%00%(upstream:remoteref) refs/heads/master refs/remotes/master [15ms]
2026-05-22 15:27:15.072 [info] > git status -z -uall [23ms]
2026-05-22 15:27:15.072 [info] > git status -z -uall [9ms]
2026-05-22 15:27:15.072 [info] > git for-each-ref --format=%(refname)%00%(upstream:short)%00%(objectname)%00%(upstream:track)%00%(upstream:remotename)%00%(upstream:remoteref) refs/heads/master refs/remotes/master [32ms]
2026-05-22 15:27:15.073 [info] > git for-each-ref --sort -committerdate --format %(refname)%00%(objectname)%00%(*objectname) [17ms]
2026-05-22 15:27:15.077 [info] > git for-each-ref --sort -committerdate --format %(refname)%00%(objectname)%00%(*objectname) [7ms]
2026-05-22 15:27:15.095 [info] > git status -z -uall [8ms]
2026-05-22 15:27:15.097 [info] > git for-each-ref --sort -committerdate --format %(refname)%00%(objectname)%00%(*objectname) [3ms]
2026-05-22 15:27:46.952 [info] > git fetch [9ms]
2026-05-22 15:27:46.960 [info] > git fetch [9ms]
2026-05-22 15:27:46.969 [info] [Git][getRemotes] No remotes found in the git config file
2026-05-22 15:27:46.976 [info] > git config --get commit.template [17ms]
2026-05-22 15:27:46.977 [info] > git config --get commit.template [8ms]
2026-05-22 15:27:46.984 [info] [Git][getRemotes] No remotes found in the git config file
2026-05-22 15:27:46.985 [info] > git for-each-ref --format=%(refname)%00%(upstream:short)%00%(objectname)%00%(upstream:track)%00%(upstream:remotename)%00%(upstream:remoteref) refs/heads/master refs/remotes/master [10ms]
2026-05-22 15:27:47.001 [info] > git status -z -uall [10ms]
2026-05-22 15:27:47.002 [info] > git for-each-ref --format=%(refname)%00%(upstream:short)%00%(objectname)%00%(upstream:track)%00%(upstream:remotename)%00%(upstream:remoteref) refs/heads/master refs/remotes/master [18ms]
2026-05-22 15:27:47.002 [warning] [Git][getBranch] No such branch: master
2026-05-22 15:27:47.017 [info] > git status -z -uall [9ms]
2026-05-22 15:27:47.018 [info] > git for-each-ref --sort -committerdate --format %(refname)%00%(objectname)%00%(*objectname) [19ms]
2026-05-22 15:27:47.020 [info] > git for-each-ref --sort -committerdate --format %(refname)%00%(objectname)%00%(*objectname) [4ms]
2026-05-22 15:27:48.048 [info] > git config --get commit.template [9ms]
2026-05-22 15:27:48.055 [info] [Git][getRemotes] No remotes found in the git config file
2026-05-22 15:27:48.055 [info] [Git][getRemotes] No remotes found in the git config file
2026-05-22 15:27:48.062 [info] > git for-each-ref --format=%(refname)%00%(upstream:short)%00%(objectname)%00%(upstream:track)%00%(upstream:remotename)%00%(upstream:remoteref) refs/heads/master refs/remotes/master [7ms]
2026-05-22 15:27:48.075 [info] > git config --get commit.template [28ms]
2026-05-22 15:27:48.076 [info] > git status -z -uall [8ms]
2026-05-22 15:27:48.077 [info] > git for-each-ref --format=%(refname)%00%(upstream:short)%00%(objectname)%00%(upstream:track)%00%(upstream:remotename)%00%(upstream:remoteref) refs/heads/master refs/remotes/master [16ms]
2026-05-22 15:27:48.077 [warning] [Git][getBranch] No such branch: master
2026-05-22 15:27:48.092 [info] > git status -z -uall [9ms]
2026-05-22 15:27:48.093 [info] > git for-each-ref --sort -committerdate --format %(refname)%00%(objectname)%00%(*objectname) [18ms]
2026-05-22 15:27:48.096 [info] > git for-each-ref --sort -committerdate --format %(refname)%00%(objectname)%00%(*objectname) [6ms]
2026-05-22 15:30:19.925 [info] > git fetch [4816ms]
2026-05-22 15:30:19.935 [info] > git fetch [4841ms]
2026-05-22 15:30:19.936 [info] > git fetch [4850ms]
2026-05-22 15:30:19.953 [info] > git config --get commit.template [18ms]
2026-05-22 15:30:19.954 [info] > git config --get commit.template [3ms]
2026-05-22 15:30:19.954 [info] > git config --get commit.template [12ms]
2026-05-22 15:30:19.978 [info] > git for-each-ref --format=%(refname)%00%(upstream:short)%00%(objectname)%00%(upstream:track)%00%(upstream:remotename)%00%(upstream:remoteref) refs/heads/master refs/remotes/master [10ms]
2026-05-22 15:30:19.978 [info] > git for-each-ref --format=%(refname)%00%(upstream:short)%00%(objectname)%00%(upstream:track)%00%(upstream:remotename)%00%(upstream:remoteref) refs/heads/master refs/remotes/master [17ms]
2026-05-22 15:30:20.009 [info] > git status -z -uall [24ms]
2026-05-22 15:30:20.009 [info] > git status -z -uall [10ms]
2026-05-22 15:30:20.010 [info] > git for-each-ref --sort -committerdate --format %(refname)%00%(objectname)%00%(*objectname) [18ms]
2026-05-22 15:30:20.012 [info] > git for-each-ref --format=%(refname)%00%(upstream:short)%00%(objectname)%00%(upstream:track)%00%(upstream:remotename)%00%(upstream:remoteref) refs/heads/amar refs/remotes/amar [36ms]
2026-05-22 15:30:20.013 [info] > git for-each-ref --sort -committerdate --format %(refname)%00%(objectname)%00%(*objectname) [5ms]
2026-05-22 15:30:20.034 [info] > git status -z -uall [12ms]
2026-05-22 15:30:20.037 [info] > git for-each-ref --sort -committerdate --format %(refname)%00%(objectname)%00%(*objectname) [4ms]
2026-05-22 15:38:59.801 [info] > git fetch [11ms]
2026-05-22 15:38:59.813 [info] > git fetch [13ms]
2026-05-22 15:38:59.821 [info] > git config --get commit.template [10ms]
2026-05-22 15:38:59.822 [info] [Git][getRemotes] No remotes found in the git config file
2026-05-22 15:38:59.831 [info] > git config --get commit.template [10ms]
2026-05-22 15:38:59.838 [info] [Git][getRemotes] No remotes found in the git config file
2026-05-22 15:38:59.839 [info] > git for-each-ref --format=%(refname)%00%(upstream:short)%00%(objectname)%00%(upstream:track)%00%(upstream:remotename)%00%(upstream:remoteref) refs/heads/master refs/remotes/master [11ms]
2026-05-22 15:38:59.852 [info] > git status -z -uall [8ms]
2026-05-22 15:38:59.853 [info] > git for-each-ref --format=%(refname)%00%(upstream:short)%00%(objectname)%00%(upstream:track)%00%(upstream:remotename)%00%(upstream:remoteref) refs/heads/master refs/remotes/master [15ms]
2026-05-22 15:38:59.853 [warning] [Git][getBranch] No such branch: master
2026-05-22 15:38:59.867 [info] > git status -z -uall [8ms]
2026-05-22 15:38:59.868 [info] > git for-each-ref --sort -committerdate --format %(refname)%00%(objectname)%00%(*objectname) [17ms]
2026-05-22 15:38:59.871 [info] > git for-each-ref --sort -committerdate --format %(refname)%00%(objectname)%00%(*objectname) [6ms]
2026-05-22 15:39:00.897 [info] > git config --get commit.template [10ms]
2026-05-22 15:39:00.907 [info] [Git][getRemotes] No remotes found in the git config file
2026-05-22 15:39:00.909 [info] > git config --get commit.template [13ms]
2026-05-22 15:39:00.917 [info] [Git][getRemotes] No remotes found in the git config file
2026-05-22 15:39:00.919 [info] > git for-each-ref --format=%(refname)%00%(upstream:short)%00%(objectname)%00%(upstream:track)%00%(upstream:remotename)%00%(upstream:remoteref) refs/heads/master refs/remotes/master [13ms]
2026-05-22 15:39:00.938 [info] > git status -z -uall [11ms]
2026-05-22 15:39:00.938 [info] > git for-each-ref --format=%(refname)%00%(upstream:short)%00%(objectname)%00%(upstream:track)%00%(upstream:remotename)%00%(upstream:remoteref) refs/heads/master refs/remotes/master [21ms]
2026-05-22 15:39:00.938 [warning] [Git][getBranch] No such branch: master
2026-05-22 15:39:00.955 [info] > git status -z -uall [10ms]
2026-05-22 15:39:00.955 [info] > git for-each-ref --sort -committerdate --format %(refname)%00%(objectname)%00%(*objectname) [19ms]
2026-05-22 15:39:00.958 [info] > git for-each-ref --sort -committerdate --format %(refname)%00%(objectname)%00%(*objectname) [4ms]
2026-05-22 15:41:28.519 [info] > git fetch [4252ms]
2026-05-22 15:41:28.529 [info] > git fetch [4231ms]
2026-05-22 15:41:28.538 [info] > git config --get commit.template [10ms]
2026-05-22 15:41:28.553 [info] > git config --get commit.template [15ms]
2026-05-22 15:41:28.553 [info] > git for-each-ref --format=%(refname)%00%(upstream:short)%00%(objectname)%00%(upstream:track)%00%(upstream:remotename)%00%(upstream:remoteref) refs/heads/master refs/remotes/master [9ms]
2026-05-22 15:41:28.570 [info] > git status -z -uall [10ms]
2026-05-22 15:41:28.570 [info] > git for-each-ref --format=%(refname)%00%(upstream:short)%00%(objectname)%00%(upstream:track)%00%(upstream:remotename)%00%(upstream:remoteref) refs/heads/amar refs/remotes/amar [18ms]
2026-05-22 15:41:28.571 [info] > git for-each-ref --sort -committerdate --format %(refname)%00%(objectname)%00%(*objectname) [3ms]
2026-05-22 15:41:28.588 [info] > git status -z -uall [7ms]
2026-05-22 15:41:28.590 [info] > git for-each-ref --sort -committerdate --format %(refname)%00%(objectname)%00%(*objectname) [3ms]
2026-05-22 15:41:28.629 [info] > git fetch [4351ms]
2026-05-22 15:41:28.644 [info] > git config --get commit.template [8ms]
2026-05-22 15:41:28.646 [info] > git for-each-ref --format=%(refname)%00%(upstream:short)%00%(objectname)%00%(upstream:track)%00%(upstream:remotename)%00%(upstream:remoteref) refs/heads/master refs/remotes/master [3ms]
2026-05-22 15:41:28.661 [info] > git status -z -uall [7ms]
2026-05-22 15:41:28.664 [info] > git for-each-ref --sort -committerdate --format %(refname)%00%(objectname)%00%(*objectname) [3ms]
2026-05-22 15:41:59.887 [info] > git fetch [8ms]
2026-05-22 15:41:59.899 [info] > git fetch [14ms]
2026-05-22 15:41:59.910 [info] > git config --get commit.template [13ms]
2026-05-22 15:41:59.919 [info] [Git][getRemotes] No remotes found in the git config file
2026-05-22 15:41:59.920 [info] > git config --get commit.template [11ms]
2026-05-22 15:41:59.927 [info] [Git][getRemotes] No remotes found in the git config file
2026-05-22 15:41:59.928 [info] > git for-each-ref --format=%(refname)%00%(upstream:short)%00%(objectname)%00%(upstream:track)%00%(upstream:remotename)%00%(upstream:remoteref) refs/heads/master refs/remotes/master [9ms]
2026-05-22 15:41:59.944 [info] > git status -z -uall [11ms]
2026-05-22 15:41:59.944 [info] > git for-each-ref --format=%(refname)%00%(upstream:short)%00%(objectname)%00%(upstream:track)%00%(upstream:remotename)%00%(upstream:remoteref) refs/heads/master refs/remotes/master [17ms]
2026-05-22 15:41:59.945 [warning] [Git][getBranch] No such branch: master
2026-05-22 15:41:59.959 [info] > git status -z -uall [8ms]
2026-05-22 15:41:59.960 [info] > git for-each-ref --sort -committerdate --format %(refname)%00%(objectname)%00%(*objectname) [18ms]
2026-05-22 15:41:59.969 [info] > git for-each-ref --sort -committerdate --format %(refname)%00%(objectname)%00%(*objectname) [12ms]
2026-05-22 15:42:00.986 [info] [Git][getRemotes] No remotes found in the git config file
2026-05-22 15:42:00.988 [info] > git config --get commit.template [12ms]
2026-05-22 15:42:00.989 [info] > git for-each-ref --format=%(refname)%00%(upstream:short)%00%(objectname)%00%(upstream:track)%00%(upstream:remotename)%00%(upstream:remoteref) refs/heads/master refs/remotes/master [3ms]
2026-05-22 15:42:01.004 [info] > git status -z -uall [8ms]
2026-05-22 15:42:01.006 [info] > git for-each-ref --sort -committerdate --format %(refname)%00%(objectname)%00%(*objectname) [3ms]
2026-05-22 15:45:03.766 [info] > git fetch [5232ms]
2026-05-22 15:45:03.775 [info] > git fetch [5219ms]
2026-05-22 15:45:03.776 [info] > git fetch [5231ms]
2026-05-22 15:45:03.796 [info] > git config --get commit.template [22ms]
2026-05-22 15:45:03.797 [info] > git config --get commit.template [3ms]
2026-05-22 15:45:03.797 [info] > git config --get commit.template [13ms]
2026-05-22 15:45:03.820 [info] > git for-each-ref --format=%(refname)%00%(upstream:short)%00%(objectname)%00%(upstream:track)%00%(upstream:remotename)%00%(upstream:remoteref) refs/heads/master refs/remotes/master [9ms]
2026-05-22 15:45:03.820 [info] > git for-each-ref --format=%(refname)%00%(upstream:short)%00%(objectname)%00%(upstream:track)%00%(upstream:remotename)%00%(upstream:remoteref) refs/heads/master refs/remotes/master [16ms]
2026-05-22 15:45:03.849 [info] > git status -z -uall [22ms]
2026-05-22 15:45:03.849 [info] > git status -z -uall [7ms]
2026-05-22 15:45:03.850 [info] > git for-each-ref --sort -committerdate --format %(refname)%00%(objectname)%00%(*objectname) [16ms]
2026-05-22 15:45:03.853 [info] > git for-each-ref --format=%(refname)%00%(upstream:short)%00%(objectname)%00%(upstream:track)%00%(upstream:remotename)%00%(upstream:remoteref) refs/heads/amar refs/remotes/amar [35ms]
2026-05-22 15:45:03.854 [info] > git for-each-ref --sort -committerdate --format %(refname)%00%(objectname)%00%(*objectname) [6ms]
2026-05-22 15:45:03.874 [info] > git status -z -uall [10ms]
2026-05-22 15:45:03.875 [info] > git for-each-ref --sort -committerdate --format %(refname)%00%(objectname)%00%(*objectname) [4ms]
2026-05-22 15:45:44.208 [info] > git fetch [14ms]
2026-05-22 15:45:44.223 [info] > git fetch [16ms]
2026-05-22 15:45:44.234 [info] > git config --get commit.template [14ms]
2026-05-22 15:45:44.244 [info] [Git][getRemotes] No remotes found in the git config file
2026-05-22 15:45:44.245 [info] > git config --get commit.template [12ms]
2026-05-22 15:45:44.254 [info] [Git][getRemotes] No remotes found in the git config file
2026-05-22 15:45:44.255 [info] > git for-each-ref --format=%(refname)%00%(upstream:short)%00%(objectname)%00%(upstream:track)%00%(upstream:remotename)%00%(upstream:remoteref) refs/heads/master refs/remotes/master [11ms]
2026-05-22 15:45:44.269 [info] > git status -z -uall [8ms]
2026-05-22 15:45:44.269 [info] > git for-each-ref --format=%(refname)%00%(upstream:short)%00%(objectname)%00%(upstream:track)%00%(upstream:remotename)%00%(upstream:remoteref) refs/heads/master refs/remotes/master [15ms]
2026-05-22 15:45:44.269 [warning] [Git][getBranch] No such branch: master
2026-05-22 15:45:44.289 [info] > git status -z -uall [11ms]
2026-05-22 15:45:44.290 [info] > git for-each-ref --sort -committerdate --format %(refname)%00%(objectname)%00%(*objectname) [23ms]
2026-05-22 15:45:44.294 [info] > git for-each-ref --sort -committerdate --format %(refname)%00%(objectname)%00%(*objectname) [8ms]
2026-05-22 15:45:45.315 [info] [Git][getRemotes] No remotes found in the git config file
2026-05-22 15:45:45.315 [info] > git config --get commit.template [10ms]
2026-05-22 15:45:45.316 [info] > git for-each-ref --format=%(refname)%00%(upstream:short)%00%(objectname)%00%(upstream:track)%00%(upstream:remotename)%00%(upstream:remoteref) refs/heads/master refs/remotes/master [2ms]
2026-05-22 15:45:45.336 [info] > git status -z -uall [13ms]
2026-05-22 15:45:45.338 [info] > git for-each-ref --sort -committerdate --format %(refname)%00%(objectname)%00%(*objectname) [5ms]
2026-05-22 15:48:09.123 [info] > git fetch [5235ms]
2026-05-22 15:48:09.124 [info] > git fetch [5250ms]
2026-05-22 15:48:09.145 [info] > git fetch [5282ms]
2026-05-22 15:48:09.153 [info] > git config --get commit.template [10ms]
2026-05-22 15:48:09.154 [info] > git config --get commit.template [19ms]
2026-05-22 15:48:09.169 [info] > git config --get commit.template [15ms]
2026-05-22 15:48:09.176 [info] > git for-each-ref --format=%(refname)%00%(upstream:short)%00%(objectname)%00%(upstream:track)%00%(upstream:remotename)%00%(upstream:remoteref) refs/heads/amar refs/remotes/amar [15ms]
2026-05-22 15:48:09.178 [info] > git for-each-ref --format=%(refname)%00%(upstream:short)%00%(objectname)%00%(upstream:track)%00%(upstream:remotename)%00%(upstream:remoteref) refs/heads/master refs/remotes/master [3ms]
2026-05-22 15:48:09.178 [info] > git for-each-ref --format=%(refname)%00%(upstream:short)%00%(objectname)%00%(upstream:track)%00%(upstream:remotename)%00%(upstream:remoteref) refs/heads/master refs/remotes/master [10ms]
2026-05-22 15:48:09.228 [info] > git status -z -uall [41ms]
2026-05-22 15:48:09.229 [info] > git status -z -uall [24ms]
2026-05-22 15:48:09.229 [info] > git status -z -uall [8ms]
2026-05-22 15:48:09.230 [info] > git for-each-ref --sort -committerdate --format %(refname)%00%(objectname)%00%(*objectname) [16ms]
2026-05-22 15:48:09.232 [info] > git for-each-ref --sort -committerdate --format %(refname)%00%(objectname)%00%(*objectname) [36ms]
2026-05-22 15:48:09.236 [info] > git for-each-ref --sort -committerdate --format %(refname)%00%(objectname)%00%(*objectname) [8ms]
2026-05-22 15:48:44.309 [info] > git fetch [7ms]
2026-05-22 15:48:44.319 [info] > git fetch [11ms]
2026-05-22 15:48:44.326 [info] [Git][getRemotes] No remotes found in the git config file
2026-05-22 15:48:44.335 [info] > git config --get commit.template [17ms]
2026-05-22 15:48:44.336 [info] > git config --get commit.template [3ms]
2026-05-22 15:48:44.336 [info] > git for-each-ref --format=%(refname)%00%(upstream:short)%00%(objectname)%00%(upstream:track)%00%(upstream:remotename)%00%(upstream:remoteref) refs/heads/master refs/remotes/master [10ms]
2026-05-22 15:48:44.351 [info] > git status -z -uall [9ms]
2026-05-22 15:48:44.359 [info] [Git][getRemotes] No remotes found in the git config file
2026-05-22 15:48:44.360 [info] > git for-each-ref --sort -committerdate --format %(refname)%00%(objectname)%00%(*objectname) [10ms]
2026-05-22 15:48:44.362 [info] > git for-each-ref --format=%(refname)%00%(upstream:short)%00%(objectname)%00%(upstream:track)%00%(upstream:remotename)%00%(upstream:remoteref) refs/heads/master refs/remotes/master [4ms]
2026-05-22 15:48:44.362 [warning] [Git][getBranch] No such branch: master
2026-05-22 15:48:44.378 [info] > git status -z -uall [8ms]
2026-05-22 15:48:44.382 [info] > git for-each-ref --sort -committerdate --format %(refname)%00%(objectname)%00%(*objectname) [5ms]
2026-05-22 15:48:45.408 [info] > git config --get commit.template [8ms]
2026-05-22 15:48:45.409 [info] [Git][getRemotes] No remotes found in the git config file
2026-05-22 15:48:45.422 [info] [Git][getRemotes] No remotes found in the git config file
2026-05-22 15:48:45.424 [info] > git config --get commit.template [17ms]
2026-05-22 15:48:45.424 [info] > git for-each-ref --format=%(refname)%00%(upstream:short)%00%(objectname)%00%(upstream:track)%00%(upstream:remotename)%00%(upstream:remoteref) refs/heads/master refs/remotes/master [8ms]
2026-05-22 15:48:45.440 [info] > git status -z -uall [7ms]
2026-05-22 15:48:45.440 [info] > git for-each-ref --format=%(refname)%00%(upstream:short)%00%(objectname)%00%(upstream:track)%00%(upstream:remotename)%00%(upstream:remoteref) refs/heads/master refs/remotes/master [18ms]
2026-05-22 15:48:45.440 [warning] [Git][getBranch] No such branch: master
2026-05-22 15:48:45.457 [info] > git status -z -uall [10ms]
2026-05-22 15:48:45.457 [info] > git for-each-ref --sort -committerdate --format %(refname)%00%(objectname)%00%(*objectname) [19ms]
2026-05-22 15:48:45.460 [info] > git for-each-ref --sort -committerdate --format %(refname)%00%(objectname)%00%(*objectname) [4ms]
2026-05-22 15:51:14.062 [info] > git fetch [4814ms]
2026-05-22 15:51:14.063 [info] > git fetch [4823ms]
2026-05-22 15:51:14.080 [info] > git fetch [4823ms]
2026-05-22 15:51:14.092 [info] > git config --get commit.template [14ms]
2026-05-22 15:51:14.092 [info] > git config --get commit.template [21ms]
2026-05-22 15:51:14.094 [info] > git config --get commit.template [4ms]
2026-05-22 15:51:14.119 [info] > git for-each-ref --format=%(refname)%00%(upstream:short)%00%(objectname)%00%(upstream:track)%00%(upstream:remotename)%00%(upstream:remoteref) refs/heads/amar refs/remotes/amar [15ms]
2026-05-22 15:51:14.120 [info] > git for-each-ref --format=%(refname)%00%(upstream:short)%00%(objectname)%00%(upstream:track)%00%(upstream:remotename)%00%(upstream:remoteref) refs/heads/master refs/remotes/master [9ms]
2026-05-22 15:51:14.121 [info] > git for-each-ref --format=%(refname)%00%(upstream:short)%00%(objectname)%00%(upstream:track)%00%(upstream:remotename)%00%(upstream:remoteref) refs/heads/master refs/remotes/master [3ms]
2026-05-22 15:51:14.150 [info] > git status -z -uall [22ms]
2026-05-22 15:51:14.150 [info] > git status -z -uall [7ms]
2026-05-22 15:51:14.167 [info] > git for-each-ref --sort -committerdate --format %(refname)%00%(objectname)%00%(*objectname) [30ms]
2026-05-22 15:51:14.171 [info] > git status -z -uall [13ms]
2026-05-22 15:51:14.171 [info] > git for-each-ref --sort -committerdate --format %(refname)%00%(objectname)%00%(*objectname) [6ms]
2026-05-22 15:51:14.173 [info] > git for-each-ref --sort -committerdate --format %(refname)%00%(objectname)%00%(*objectname) [23ms]
2026-05-22 15:51:44.378 [info] > git fetch [8ms]
2026-05-22 15:51:44.396 [info] > git config --get commit.template [8ms]
2026-05-22 15:51:44.405 [info] [Git][getRemotes] No remotes found in the git config file
2026-05-22 15:51:44.406 [info] > git fetch [11ms]
2026-05-22 15:51:44.415 [info] > git for-each-ref --format=%(refname)%00%(upstream:short)%00%(objectname)%00%(upstream:track)%00%(upstream:remotename)%00%(upstream:remoteref) refs/heads/master refs/remotes/master [11ms]
2026-05-22 15:51:44.433 [info] > git status -z -uall [11ms]
2026-05-22 15:51:44.435 [info] > git config --get commit.template [21ms]
2026-05-22 15:51:44.437 [info] > git for-each-ref --sort -committerdate --format %(refname)%00%(objectname)%00%(*objectname) [8ms]
2026-05-22 15:51:44.448 [info] [Git][getRemotes] No remotes found in the git config file
2026-05-22 15:51:44.451 [info] > git for-each-ref --format=%(refname)%00%(upstream:short)%00%(objectname)%00%(upstream:track)%00%(upstream:remotename)%00%(upstream:remoteref) refs/heads/master refs/remotes/master [4ms]
2026-05-22 15:51:44.451 [warning] [Git][getBranch] No such branch: master
2026-05-22 15:51:44.468 [info] > git status -z -uall [9ms]
2026-05-22 15:51:44.469 [info] > git for-each-ref --sort -committerdate --format %(refname)%00%(objectname)%00%(*objectname) [3ms]
2026-05-22 15:51:45.487 [info] [Git][getRemotes] No remotes found in the git config file
2026-05-22 15:51:45.488 [info] > git config --get commit.template [10ms]
2026-05-22 15:51:45.490 [info] > git for-each-ref --format=%(refname)%00%(upstream:short)%00%(objectname)%00%(upstream:track)%00%(upstream:remotename)%00%(upstream:remoteref) refs/heads/master refs/remotes/master [3ms]
2026-05-22 15:51:45.507 [info] > git status -z -uall [11ms]
2026-05-22 15:51:45.509 [info] > git for-each-ref --sort -committerdate --format %(refname)%00%(objectname)%00%(*objectname) [3ms]
2026-05-22 15:54:18.996 [info] > git fetch [4811ms]
2026-05-22 15:54:19.005 [info] > git fetch [4812ms]
2026-05-22 15:54:19.006 [info] > git fetch [4828ms]
2026-05-22 15:54:19.021 [info] > git config --get commit.template [8ms]
2026-05-22 15:54:19.021 [info] > git config --get commit.template [16ms]
2026-05-22 15:54:19.042 [info] > git config --get commit.template [22ms]
2026-05-22 15:54:19.043 [info] > git for-each-ref --format=%(refname)%00%(upstream:short)%00%(objectname)%00%(upstream:track)%00%(upstream:remotename)%00%(upstream:remoteref) refs/heads/master refs/remotes/master [8ms]
2026-05-22 15:54:19.043 [info] > git for-each-ref --format=%(refname)%00%(upstream:short)%00%(objectname)%00%(upstream:track)%00%(upstream:remotename)%00%(upstream:remoteref) refs/heads/master refs/remotes/master [16ms]
2026-05-22 15:54:19.071 [info] > git status -z -uall [21ms]
2026-05-22 15:54:19.071 [info] > git status -z -uall [7ms]
2026-05-22 15:54:19.072 [info] > git for-each-ref --sort -committerdate --format %(refname)%00%(objectname)%00%(*objectname) [15ms]
2026-05-22 15:54:19.074 [info] > git for-each-ref --format=%(refname)%00%(upstream:short)%00%(objectname)%00%(upstream:track)%00%(upstream:remotename)%00%(upstream:remoteref) refs/heads/amar refs/remotes/amar [33ms]
2026-05-22 15:54:19.075 [info] > git for-each-ref --sort -committerdate --format %(refname)%00%(objectname)%00%(*objectname) [5ms]
2026-05-22 15:54:19.093 [info] > git status -z -uall [8ms]
2026-05-22 15:54:19.096 [info] > git for-each-ref --sort -committerdate --format %(refname)%00%(objectname)%00%(*objectname) [4ms]
2026-05-22 15:54:54.563 [info] > git fetch [10ms]
2026-05-22 15:54:54.575 [info] > git fetch [13ms]
2026-05-22 15:54:54.589 [info] > git config --get commit.template [14ms]
2026-05-22 15:54:54.597 [info] [Git][getRemotes] No remotes found in the git config file
2026-05-22 15:54:54.598 [info] > git config --get commit.template [13ms]
2026-05-22 15:54:54.599 [info] [Git][getRemotes] No remotes found in the git config file
2026-05-22 15:54:54.608 [info] > git for-each-ref --format=%(refname)%00%(upstream:short)%00%(objectname)%00%(upstream:track)%00%(upstream:remotename)%00%(upstream:remoteref) refs/heads/master refs/remotes/master [11ms]
2026-05-22 15:54:54.626 [info] > git status -z -uall [10ms]
2026-05-22 15:54:54.626 [info] > git for-each-ref --format=%(refname)%00%(upstream:short)%00%(objectname)%00%(upstream:track)%00%(upstream:remotename)%00%(upstream:remoteref) refs/heads/master refs/remotes/master [19ms]
2026-05-22 15:54:54.627 [warning] [Git][getBranch] No such branch: master
2026-05-22 15:54:54.641 [info] > git status -z -uall [8ms]
2026-05-22 15:54:54.642 [info] > git for-each-ref --sort -committerdate --format %(refname)%00%(objectname)%00%(*objectname) [17ms]
2026-05-22 15:54:54.647 [info] > git for-each-ref --sort -committerdate --format %(refname)%00%(objectname)%00%(*objectname) [7ms]
2026-05-22 15:54:55.665 [info] [Git][getRemotes] No remotes found in the git config file
2026-05-22 15:54:55.666 [info] > git config --get commit.template [10ms]
2026-05-22 15:54:55.667 [info] > git for-each-ref --format=%(refname)%00%(upstream:short)%00%(objectname)%00%(upstream:track)%00%(upstream:remotename)%00%(upstream:remoteref) refs/heads/master refs/remotes/master [3ms]
2026-05-22 15:54:55.686 [info] > git status -z -uall [10ms]
2026-05-22 15:54:55.688 [info] > git for-each-ref --sort -committerdate --format %(refname)%00%(objectname)%00%(*objectname) [4ms]
2026-05-22 15:57:23.800 [info] > git fetch [4691ms]
2026-05-22 15:57:23.810 [info] > git fetch [4725ms]
2026-05-22 15:57:23.810 [info] > git fetch [4716ms]
2026-05-22 15:57:23.826 [info] > git config --get commit.template [16ms]
2026-05-22 15:57:23.826 [info] > git config --get commit.template [2ms]
2026-05-22 15:57:23.826 [info] > git config --get commit.template [9ms]
2026-05-22 15:57:23.848 [info] > git for-each-ref --format=%(refname)%00%(upstream:short)%00%(objectname)%00%(upstream:track)%00%(upstream:remotename)%00%(upstream:remoteref) refs/heads/master refs/remotes/master [8ms]
2026-05-22 15:57:23.848 [info] > git for-each-ref --format=%(refname)%00%(upstream:short)%00%(objectname)%00%(upstream:track)%00%(upstream:remotename)%00%(upstream:remoteref) refs/heads/amar refs/remotes/amar [15ms]
2026-05-22 15:57:23.889 [info] > git for-each-ref --format=%(refname)%00%(upstream:short)%00%(objectname)%00%(upstream:track)%00%(upstream:remotename)%00%(upstream:remoteref) refs/heads/master refs/remotes/master [41ms]
2026-05-22 15:57:23.889 [info] > git status -z -uall [30ms]
2026-05-22 15:57:23.889 [info] > git status -z -uall [12ms]
2026-05-22 15:57:23.890 [info] > git for-each-ref --sort -committerdate --format %(refname)%00%(objectname)%00%(*objectname) [21ms]
2026-05-22 15:57:23.897 [info] > git for-each-ref --sort -committerdate --format %(refname)%00%(objectname)%00%(*objectname) [10ms]
2026-05-22 15:57:23.921 [info] > git status -z -uall [7ms]
2026-05-22 15:57:23.922 [info] > git for-each-ref --sort -committerdate --format %(refname)%00%(objectname)%00%(*objectname) [2ms]
2026-05-22 17:59:05.004 [info] > git fetch [11ms]
2026-05-22 17:59:05.016 [info] > git fetch [14ms]
2026-05-22 17:59:05.028 [info] > git config --get commit.template [14ms]
2026-05-22 17:59:05.034 [info] [Git][getRemotes] No remotes found in the git config file
2026-05-22 17:59:05.035 [info] > git config --get commit.template [8ms]
2026-05-22 17:59:05.042 [info] [Git][getRemotes] No remotes found in the git config file
2026-05-22 17:59:05.043 [info] > git for-each-ref --format=%(refname)%00%(upstream:short)%00%(objectname)%00%(upstream:track)%00%(upstream:remotename)%00%(upstream:remoteref) refs/heads/master refs/remotes/master [9ms]
2026-05-22 17:59:05.059 [info] > git status -z -uall [9ms]
2026-05-22 17:59:05.060 [info] > git for-each-ref --format=%(refname)%00%(upstream:short)%00%(objectname)%00%(upstream:track)%00%(upstream:remotename)%00%(upstream:remoteref) refs/heads/master refs/remotes/master [18ms]
2026-05-22 17:59:05.060 [warning] [Git][getBranch] No such branch: master
2026-05-22 17:59:05.074 [info] > git status -z -uall [9ms]
2026-05-22 17:59:05.075 [info] > git for-each-ref --sort -committerdate --format %(refname)%00%(objectname)%00%(*objectname) [18ms]
2026-05-22 17:59:05.078 [info] > git for-each-ref --sort -committerdate --format %(refname)%00%(objectname)%00%(*objectname) [5ms]
2026-05-22 17:59:06.102 [info] [Git][getRemotes] No remotes found in the git config file
2026-05-22 17:59:06.107 [info] > git for-each-ref --format=%(refname)%00%(upstream:short)%00%(objectname)%00%(upstream:track)%00%(upstream:remotename)%00%(upstream:remoteref) refs/heads/master refs/remotes/master [5ms]
2026-05-22 17:59:06.109 [info] > git config --get commit.template [17ms]
2026-05-22 17:59:06.132 [info] > git status -z -uall [13ms]
2026-05-22 17:59:06.134 [info] > git for-each-ref --sort -committerdate --format %(refname)%00%(objectname)%00%(*objectname) [4ms]
2026-05-22 18:43:48.143 [info] > git fetch [22ms]
2026-05-22 18:43:48.143 [info] ssh: Could not resolve hostname github.com: Temporary failure in name resolution
fatal: Could not read from remote repository.

Please make sure you have the correct access rights
and the repository exists.
2026-05-22 18:43:48.158 [info] > git fetch [26ms]
2026-05-22 18:43:48.158 [info] ssh: Could not resolve hostname github.com: Temporary failure in name resolution
fatal: Could not read from remote repository.

Please make sure you have the correct access rights
and the repository exists.
2026-05-22 18:43:48.172 [info] > git config --get commit.template [16ms]
2026-05-22 18:43:48.172 [info] > git fetch [32ms]
2026-05-22 18:43:48.172 [info] ssh: Could not resolve hostname github.com: Temporary failure in name resolution
fatal: Could not read from remote repository.

Please make sure you have the correct access rights
and the repository exists.
2026-05-22 18:43:48.199 [info] > git config --get commit.template [29ms]
2026-05-22 18:43:48.202 [info] > git config --get commit.template [6ms]
2026-05-22 18:43:48.202 [info] > git for-each-ref --format=%(refname)%00%(upstream:short)%00%(objectname)%00%(upstream:track)%00%(upstream:remotename)%00%(upstream:remoteref) refs/heads/master refs/remotes/master [18ms]
2026-05-22 18:43:48.225 [info] > git for-each-ref --format=%(refname)%00%(upstream:short)%00%(objectname)%00%(upstream:track)%00%(upstream:remotename)%00%(upstream:remoteref) refs/heads/amar refs/remotes/amar [13ms]
2026-05-22 18:43:48.242 [info] > git for-each-ref --format=%(refname)%00%(upstream:short)%00%(objectname)%00%(upstream:track)%00%(upstream:remotename)%00%(upstream:remoteref) refs/heads/master refs/remotes/master [19ms]
2026-05-22 18:43:48.243 [info] > git status -z -uall [9ms]
2026-05-22 18:43:48.245 [info] > git for-each-ref --sort -committerdate --format %(refname)%00%(objectname)%00%(*objectname) [5ms]
2026-05-22 18:43:48.286 [info] > git status -z -uall [29ms]
2026-05-22 18:43:48.286 [info] > git status -z -uall [12ms]
2026-05-22 18:43:48.287 [info] > git for-each-ref --sort -committerdate --format %(refname)%00%(objectname)%00%(*objectname) [21ms]
2026-05-22 18:43:48.290 [info] > git for-each-ref --sort -committerdate --format %(refname)%00%(objectname)%00%(*objectname) [7ms]
2026-05-22 18:52:35.836 [info] > git fetch [33ms]
2026-05-22 18:52:35.837 [info] > git fetch [45ms]
2026-05-22 18:52:35.858 [info] > git config --get commit.template [4ms]
2026-05-22 18:52:35.858 [info] > git config --get commit.template [13ms]
2026-05-22 18:52:35.865 [info] [Git][getRemotes] No remotes found in the git config file
2026-05-22 18:52:35.871 [info] [Git][getRemotes] No remotes found in the git config file
2026-05-22 18:52:35.873 [info] > git for-each-ref --format=%(refname)%00%(upstream:short)%00%(objectname)%00%(upstream:track)%00%(upstream:remotename)%00%(upstream:remoteref) refs/heads/master refs/remotes/master [9ms]
2026-05-22 18:52:35.873 [warning] [Git][getBranch] No such branch: master
2026-05-22 18:52:35.887 [info] > git status -z -uall [7ms]
2026-05-22 18:52:35.888 [info] > git for-each-ref --format=%(refname)%00%(upstream:short)%00%(objectname)%00%(upstream:track)%00%(upstream:remotename)%00%(upstream:remoteref) refs/heads/master refs/remotes/master [17ms]
2026-05-22 18:52:35.902 [info] > git status -z -uall [9ms]
2026-05-22 18:52:35.902 [info] > git for-each-ref --sort -committerdate --format %(refname)%00%(objectname)%00%(*objectname) [15ms]
2026-05-22 18:52:35.908 [info] > git for-each-ref --sort -committerdate --format %(refname)%00%(objectname)%00%(*objectname) [7ms]
2026-05-22 18:52:40.554 [info] > git fetch [4720ms]
2026-05-22 18:52:40.564 [info] > git fetch [4750ms]
2026-05-22 18:52:40.564 [info] > git fetch [4739ms]
2026-05-22 18:52:40.580 [info] > git config --get commit.template [9ms]
2026-05-22 18:52:40.580 [info] > git config --get commit.template [17ms]
2026-05-22 18:52:40.601 [info] > git config --get commit.template [22ms]
2026-05-22 18:52:40.603 [info] > git for-each-ref --format=%(refname)%00%(upstream:short)%00%(objectname)%00%(upstream:track)%00%(upstream:remotename)%00%(upstream:remoteref) refs/heads/master refs/remotes/master [9ms]
2026-05-22 18:52:40.603 [info] > git for-each-ref --format=%(refname)%00%(upstream:short)%00%(objectname)%00%(upstream:track)%00%(upstream:remotename)%00%(upstream:remoteref) refs/heads/master refs/remotes/master [16ms]
2026-05-22 18:52:40.604 [info] > git for-each-ref --format=%(refname)%00%(upstream:short)%00%(objectname)%00%(upstream:track)%00%(upstream:remotename)%00%(upstream:remoteref) refs/heads/amar refs/remotes/amar [4ms]
2026-05-22 18:52:40.647 [info] > git status -z -uall [36ms]
2026-05-22 18:52:40.647 [info] > git status -z -uall [20ms]
2026-05-22 18:52:40.648 [info] > git for-each-ref --sort -committerdate --format %(refname)%00%(objectname)%00%(*objectname) [28ms]
2026-05-22 18:52:40.651 [info] > git status -z -uall [11ms]
2026-05-22 18:52:40.651 [info] > git for-each-ref --sort -committerdate --format %(refname)%00%(objectname)%00%(*objectname) [4ms]
2026-05-22 18:52:40.653 [info] > git for-each-ref --sort -committerdate --format %(refname)%00%(objectname)%00%(*objectname) [20ms]
2026-05-22 18:54:40.348 [info] > git config --get commit.template [3ms]
2026-05-22 18:54:40.360 [info] [Git][getRemotes] No remotes found in the git config file
2026-05-22 18:54:40.363 [info] > git for-each-ref --format=%(refname)%00%(upstream:short)%00%(objectname)%00%(upstream:track)%00%(upstream:remotename)%00%(upstream:remoteref) refs/heads/master refs/remotes/master [4ms]
2026-05-22 18:54:40.363 [warning] [Git][getBranch] No such branch: master
2026-05-22 18:54:40.389 [info] > git status -z -uall [16ms]
2026-05-22 18:54:40.389 [info] > git for-each-ref --sort -committerdate --format %(refname)%00%(objectname)%00%(*objectname) [3ms]
2026-05-22 19:12:36.505 [info] > git fetch [37ms]
2026-05-22 19:12:36.506 [info] > git fetch [47ms]
2026-05-22 19:12:36.526 [info] > git config --get commit.template [9ms]
2026-05-22 19:12:36.527 [info] > git config --get commit.template [3ms]
2026-05-22 19:12:36.527 [info] [Git][getRemotes] No remotes found in the git config file
2026-05-22 19:12:36.543 [info] [Git][getRemotes] No remotes found in the git config file
2026-05-22 19:12:36.546 [info] > git for-each-ref --format=%(refname)%00%(upstream:short)%00%(objectname)%00%(upstream:track)%00%(upstream:remotename)%00%(upstream:remoteref) refs/heads/master refs/remotes/master [11ms]
2026-05-22 19:12:36.562 [info] > git status -z -uall [9ms]
2026-05-22 19:12:36.563 [info] > git for-each-ref --format=%(refname)%00%(upstream:short)%00%(objectname)%00%(upstream:track)%00%(upstream:remotename)%00%(upstream:remoteref) refs/heads/master refs/remotes/master [20ms]
2026-05-22 19:12:36.563 [warning] [Git][getBranch] No such branch: master
2026-05-22 19:12:36.578 [info] > git status -z -uall [9ms]
2026-05-22 19:12:36.578 [info] > git for-each-ref --sort -committerdate --format %(refname)%00%(objectname)%00%(*objectname) [16ms]
2026-05-22 19:12:36.580 [info] > git for-each-ref --sort -committerdate --format %(refname)%00%(objectname)%00%(*objectname) [3ms]
2026-05-22 19:12:41.296 [info] > git fetch [4795ms]
2026-05-22 19:12:41.297 [info] > git fetch [4807ms]
2026-05-22 19:12:41.298 [info] > git fetch [4819ms]
2026-05-22 19:12:41.327 [info] > git config --get commit.template [10ms]
2026-05-22 19:12:41.328 [info] > git config --get commit.template [20ms]
2026-05-22 19:12:41.329 [info] > git config --get commit.template [4ms]
2026-05-22 19:12:41.354 [info] > git for-each-ref --format=%(refname)%00%(upstream:short)%00%(objectname)%00%(upstream:track)%00%(upstream:remotename)%00%(upstream:remoteref) refs/heads/amar refs/remotes/amar [9ms]
2026-05-22 19:12:41.354 [info] > git for-each-ref --format=%(refname)%00%(upstream:short)%00%(objectname)%00%(upstream:track)%00%(upstream:remotename)%00%(upstream:remoteref) refs/heads/master refs/remotes/master [17ms]
2026-05-22 19:12:41.354 [info] > git for-each-ref --format=%(refname)%00%(upstream:short)%00%(objectname)%00%(upstream:track)%00%(upstream:remotename)%00%(upstream:remoteref) refs/heads/master refs/remotes/master [3ms]
2026-05-22 19:12:41.400 [info] > git status -z -uall [39ms]
2026-05-22 19:12:41.400 [info] > git status -z -uall [26ms]
2026-05-22 19:12:41.400 [info] > git status -z -uall [9ms]
2026-05-22 19:12:41.401 [info] > git for-each-ref --sort -committerdate --format %(refname)%00%(objectname)%00%(*objectname) [33ms]
2026-05-22 19:12:41.404 [info] > git for-each-ref --sort -committerdate --format %(refname)%00%(objectname)%00%(*objectname) [6ms]
2026-05-22 19:12:41.406 [info] > git for-each-ref --sort -committerdate --format %(refname)%00%(objectname)%00%(*objectname) [23ms]
2026-05-22 19:12:47.857 [info] [Git][getRemotes] No remotes found in the git config file
2026-05-22 19:12:47.859 [info] > git config --get commit.template [13ms]
2026-05-22 19:12:47.861 [info] > git for-each-ref --format=%(refname)%00%(upstream:short)%00%(objectname)%00%(upstream:track)%00%(upstream:remotename)%00%(upstream:remoteref) refs/heads/master refs/remotes/master [4ms]
2026-05-22 19:12:47.880 [info] > git status -z -uall [10ms]
2026-05-22 19:12:47.882 [info] > git for-each-ref --sort -committerdate --format %(refname)%00%(objectname)%00%(*objectname) [3ms]
2026-05-22 19:15:58.425 [info] > git fetch [32ms]
2026-05-22 19:15:58.426 [info] > git fetch [44ms]
2026-05-22 19:15:58.447 [info] > git config --get commit.template [10ms]
2026-05-22 19:15:58.449 [info] > git config --get commit.template [2ms]
2026-05-22 19:15:58.462 [info] [Git][getRemotes] No remotes found in the git config file
2026-05-22 19:15:58.462 [info] [Git][getRemotes] No remotes found in the git config file
2026-05-22 19:15:58.463 [info] > git for-each-ref --format=%(refname)%00%(upstream:short)%00%(objectname)%00%(upstream:track)%00%(upstream:remotename)%00%(upstream:remoteref) refs/heads/master refs/remotes/master [8ms]
2026-05-22 19:15:58.463 [warning] [Git][getBranch] No such branch: master
2026-05-22 19:15:58.478 [info] > git status -z -uall [9ms]
2026-05-22 19:15:58.479 [info] > git for-each-ref --format=%(refname)%00%(upstream:short)%00%(objectname)%00%(upstream:track)%00%(upstream:remotename)%00%(upstream:remoteref) refs/heads/master refs/remotes/master [18ms]
2026-05-22 19:15:58.497 [info] > git status -z -uall [9ms]
2026-05-22 19:15:58.497 [info] > git for-each-ref --sort -committerdate --format %(refname)%00%(objectname)%00%(*objectname) [22ms]
2026-05-22 19:15:58.499 [info] > git for-each-ref --sort -committerdate --format %(refname)%00%(objectname)%00%(*objectname) [3ms]
2026-05-22 19:15:59.569 [info] [Git][getRemotes] No remotes found in the git config file
2026-05-22 19:15:59.576 [info] > git config --get commit.template [8ms]
2026-05-22 19:15:59.578 [info] > git for-each-ref --format=%(refname)%00%(upstream:short)%00%(objectname)%00%(upstream:track)%00%(upstream:remotename)%00%(upstream:remoteref) refs/heads/master refs/remotes/master [3ms]
2026-05-22 19:15:59.578 [warning] [Git][getBranch] No such branch: master
2026-05-22 19:15:59.593 [info] > git status -z -uall [10ms]
2026-05-22 19:15:59.594 [info] > git for-each-ref --sort -committerdate --format %(refname)%00%(objectname)%00%(*objectname) [2ms]
2026-05-22 19:16:04.241 [info] > git fetch [5836ms]
2026-05-22 19:16:04.251 [info] > git fetch [5838ms]
2026-05-22 19:16:04.252 [info] > git fetch [5829ms]
2026-05-22 19:16:04.265 [info] > git config --get commit.template [15ms]
2026-05-22 19:16:04.266 [info] > git config --get commit.template [7ms]
2026-05-22 19:16:04.287 [info] > git config --get commit.template [22ms]
2026-05-22 19:16:04.288 [info] > git for-each-ref --format=%(refname)%00%(upstream:short)%00%(objectname)%00%(upstream:track)%00%(upstream:remotename)%00%(upstream:remoteref) refs/heads/master refs/remotes/master [8ms]
2026-05-22 19:16:04.288 [info] > git for-each-ref --format=%(refname)%00%(upstream:short)%00%(objectname)%00%(upstream:track)%00%(upstream:remotename)%00%(upstream:remoteref) refs/heads/amar refs/remotes/amar [15ms]
2026-05-22 19:16:04.289 [info] > git for-each-ref --format=%(refname)%00%(upstream:short)%00%(objectname)%00%(upstream:track)%00%(upstream:remotename)%00%(upstream:remoteref) refs/heads/master refs/remotes/master [2ms]
2026-05-22 19:16:04.318 [info] > git status -z -uall [22ms]
2026-05-22 19:16:04.318 [info] > git status -z -uall [9ms]
2026-05-22 19:16:04.319 [info] > git for-each-ref --sort -committerdate --format %(refname)%00%(objectname)%00%(*objectname) [4ms]
2026-05-22 19:16:04.322 [info] > git for-each-ref --sort -committerdate --format %(refname)%00%(objectname)%00%(*objectname) [19ms]
2026-05-22 19:16:04.338 [info] > git status -z -uall [7ms]
2026-05-22 19:16:04.340 [info] > git for-each-ref --sort -committerdate --format %(refname)%00%(objectname)%00%(*objectname) [4ms]
2026-05-22 19:19:16.776 [info] > git fetch [46ms]
2026-05-22 19:19:16.781 [info] > git fetch [65ms]
2026-05-22 19:19:16.814 [info] > git config --get commit.template [17ms]
2026-05-22 19:19:16.816 [info] > git config --get commit.template [4ms]
2026-05-22 19:19:16.827 [info] [Git][getRemotes] No remotes found in the git config file
2026-05-22 19:19:16.837 [info] [Git][getRemotes] No remotes found in the git config file
2026-05-22 19:19:16.839 [info] > git for-each-ref --format=%(refname)%00%(upstream:short)%00%(objectname)%00%(upstream:track)%00%(upstream:remotename)%00%(upstream:remoteref) refs/heads/master refs/remotes/master [13ms]
2026-05-22 19:19:16.865 [info] > git status -z -uall [16ms]
2026-05-22 19:19:16.866 [info] > git for-each-ref --format=%(refname)%00%(upstream:short)%00%(objectname)%00%(upstream:track)%00%(upstream:remotename)%00%(upstream:remoteref) refs/heads/master refs/remotes/master [29ms]
2026-05-22 19:19:16.866 [warning] [Git][getBranch] No such branch: master
2026-05-22 19:19:16.888 [info] > git status -z -uall [11ms]
2026-05-22 19:19:16.889 [info] > git for-each-ref --sort -committerdate --format %(refname)%00%(objectname)%00%(*objectname) [28ms]
2026-05-22 19:19:16.892 [info] > git for-each-ref --sort -committerdate --format %(refname)%00%(objectname)%00%(*objectname) [5ms]
2026-05-22 19:19:17.933 [info] [Git][getRemotes] No remotes found in the git config file
2026-05-22 19:19:17.934 [info] > git config --get commit.template [11ms]
2026-05-22 19:19:17.936 [info] > git for-each-ref --format=%(refname)%00%(upstream:short)%00%(objectname)%00%(upstream:track)%00%(upstream:remotename)%00%(upstream:remoteref) refs/heads/master refs/remotes/master [3ms]
2026-05-22 19:19:17.951 [info] > git status -z -uall [7ms]
2026-05-22 19:19:17.954 [info] > git for-each-ref --sort -committerdate --format %(refname)%00%(objectname)%00%(*objectname) [4ms]
2026-05-22 19:19:21.469 [info] > git fetch [4695ms]
2026-05-22 19:19:21.480 [info] > git fetch [4737ms]
2026-05-22 19:19:21.491 [info] > git config --get commit.template [12ms]
2026-05-22 19:19:21.502 [info] > git config --get commit.template [12ms]
2026-05-22 19:19:21.509 [info] > git for-each-ref --format=%(refname)%00%(upstream:short)%00%(objectname)%00%(upstream:track)%00%(upstream:remotename)%00%(upstream:remoteref) refs/heads/master refs/remotes/master [9ms]
2026-05-22 19:19:21.511 [info] > git for-each-ref --format=%(refname)%00%(upstream:short)%00%(objectname)%00%(upstream:track)%00%(upstream:remotename)%00%(upstream:remoteref) refs/heads/amar refs/remotes/amar [3ms]
2026-05-22 19:19:21.525 [info] > git status -z -uall [7ms]
2026-05-22 19:19:21.539 [info] > git status -z -uall [7ms]
2026-05-22 19:19:21.540 [info] > git for-each-ref --sort -committerdate --format %(refname)%00%(objectname)%00%(*objectname) [16ms]
2026-05-22 19:19:21.543 [info] > git for-each-ref --sort -committerdate --format %(refname)%00%(objectname)%00%(*objectname) [5ms]
2026-05-22 19:19:21.679 [info] > git fetch [4919ms]
2026-05-22 19:19:21.691 [info] > git config --get commit.template [2ms]
2026-05-22 19:19:21.703 [info] > git for-each-ref --format=%(refname)%00%(upstream:short)%00%(objectname)%00%(upstream:track)%00%(upstream:remotename)%00%(upstream:remoteref) refs/heads/master refs/remotes/master [3ms]
2026-05-22 19:19:21.725 [info] > git status -z -uall [11ms]
2026-05-22 19:19:21.727 [info] > git for-each-ref --sort -committerdate --format %(refname)%00%(objectname)%00%(*objectname) [4ms]
2026-05-22 19:22:16.909 [info] > git fetch [9ms]
2026-05-22 19:22:16.917 [info] > git fetch [9ms]
2026-05-22 19:22:16.931 [info] [Git][getRemotes] No remotes found in the git config file
2026-05-22 19:22:16.932 [info] > git config --get commit.template [15ms]
2026-05-22 19:22:16.933 [info] > git config --get commit.template [8ms]
2026-05-22 19:22:16.939 [info] [Git][getRemotes] No remotes found in the git config file
2026-05-22 19:22:16.940 [info] > git for-each-ref --format=%(refname)%00%(upstream:short)%00%(objectname)%00%(upstream:track)%00%(upstream:remotename)%00%(upstream:remoteref) refs/heads/master refs/remotes/master [9ms]
2026-05-22 19:22:16.955 [info] > git status -z -uall [7ms]
2026-05-22 19:22:16.955 [info] > git for-each-ref --format=%(refname)%00%(upstream:short)%00%(objectname)%00%(upstream:track)%00%(upstream:remotename)%00%(upstream:remoteref) refs/heads/master refs/remotes/master [16ms]
2026-05-22 19:22:16.955 [warning] [Git][getBranch] No such branch: master
2026-05-22 19:22:16.970 [info] > git status -z -uall [8ms]
2026-05-22 19:22:16.970 [info] > git for-each-ref --sort -committerdate --format %(refname)%00%(objectname)%00%(*objectname) [16ms]
2026-05-22 19:22:16.973 [info] > git for-each-ref --sort -committerdate --format %(refname)%00%(objectname)%00%(*objectname) [3ms]
2026-05-22 19:22:17.999 [info] > git config --get commit.template [7ms]
2026-05-22 19:22:18.014 [info] [Git][getRemotes] No remotes found in the git config file
2026-05-22 19:22:18.014 [info] [Git][getRemotes] No remotes found in the git config file
2026-05-22 19:22:18.015 [info] > git for-each-ref --format=%(refname)%00%(upstream:short)%00%(objectname)%00%(upstream:track)%00%(upstream:remotename)%00%(upstream:remoteref) refs/heads/master refs/remotes/master [8ms]
2026-05-22 19:22:18.031 [info] > git config --get commit.template [32ms]
2026-05-22 19:22:18.032 [info] > git status -z -uall [9ms]
2026-05-22 19:22:18.032 [info] > git for-each-ref --format=%(refname)%00%(upstream:short)%00%(objectname)%00%(upstream:track)%00%(upstream:remotename)%00%(upstream:remoteref) refs/heads/master refs/remotes/master [18ms]
2026-05-22 19:22:18.032 [warning] [Git][getBranch] No such branch: master
2026-05-22 19:22:18.048 [info] > git status -z -uall [9ms]
2026-05-22 19:22:18.049 [info] > git for-each-ref --sort -committerdate --format %(refname)%00%(objectname)%00%(*objectname) [18ms]
2026-05-22 19:22:18.052 [info] > git for-each-ref --sort -committerdate --format %(refname)%00%(objectname)%00%(*objectname) [6ms]
2026-05-22 19:22:26.763 [info] > git fetch [5022ms]
2026-05-22 19:22:26.774 [info] > git fetch [5212ms]
2026-05-22 19:22:26.775 [info] > git fetch [5222ms]
2026-05-22 19:22:26.789 [info] > git config --get commit.template [15ms]
2026-05-22 19:22:26.790 [info] > git config --get commit.template [8ms]
2026-05-22 19:22:26.810 [info] > git config --get commit.template [21ms]
2026-05-22 19:22:26.811 [info] > git for-each-ref --format=%(refname)%00%(upstream:short)%00%(objectname)%00%(upstream:track)%00%(upstream:remotename)%00%(upstream:remoteref) refs/heads/amar refs/remotes/amar [7ms]
2026-05-22 19:22:26.812 [info] > git for-each-ref --format=%(refname)%00%(upstream:short)%00%(objectname)%00%(upstream:track)%00%(upstream:remotename)%00%(upstream:remoteref) refs/heads/master refs/remotes/master [15ms]
2026-05-22 19:22:26.812 [info] > git for-each-ref --format=%(refname)%00%(upstream:short)%00%(objectname)%00%(upstream:track)%00%(upstream:remotename)%00%(upstream:remoteref) refs/heads/master refs/remotes/master [2ms]
2026-05-22 19:22:26.846 [info] > git status -z -uall [27ms]
2026-05-22 19:22:26.846 [info] > git status -z -uall [13ms]
2026-05-22 19:22:26.846 [info] > git for-each-ref --sort -committerdate --format %(refname)%00%(objectname)%00%(*objectname) [4ms]
2026-05-22 19:22:26.852 [info] > git for-each-ref --sort -committerdate --format %(refname)%00%(objectname)%00%(*objectname) [26ms]
2026-05-22 19:22:26.872 [info] > git status -z -uall [9ms]
2026-05-22 19:22:26.874 [info] > git for-each-ref --sort -committerdate --format %(refname)%00%(objectname)%00%(*objectname) [4ms]
2026-05-22 19:27:41.105 [info] > git fetch [29ms]
2026-05-22 19:27:41.107 [info] > git fetch [40ms]
2026-05-22 19:27:41.130 [info] > git fetch [43ms]
2026-05-22 19:27:41.130 [info] ssh: Could not resolve hostname github.com: Temporary failure in name resolution
fatal: Could not read from remote repository.

Please make sure you have the correct access rights
and the repository exists.
2026-05-22 19:27:41.146 [info] > git config --get commit.template [18ms]
2026-05-22 19:27:41.146 [info] > git config --get commit.template [28ms]
2026-05-22 19:27:41.147 [info] > git fetch [43ms]
2026-05-22 19:27:41.147 [info] ssh: Could not resolve hostname github.com: Temporary failure in name resolution
fatal: Could not read from remote repository.

Please make sure you have the correct access rights
and the repository exists.
2026-05-22 19:27:41.148 [info] > git fetch [54ms]
2026-05-22 19:27:41.148 [info] ssh: Could not resolve hostname github.com: Temporary failure in name resolution
fatal: Could not read from remote repository.

Please make sure you have the correct access rights
and the repository exists.
2026-05-22 19:27:41.171 [info] > git config --get commit.template [29ms]
2026-05-22 19:27:41.180 [info] [Git][getRemotes] No remotes found in the git config file
2026-05-22 19:27:41.188 [info] [Git][getRemotes] No remotes found in the git config file
2026-05-22 19:27:41.190 [info] > git config --get commit.template [31ms]
2026-05-22 19:27:41.201 [info] > git for-each-ref --format=%(refname)%00%(upstream:short)%00%(objectname)%00%(upstream:track)%00%(upstream:remotename)%00%(upstream:remoteref) refs/heads/master refs/remotes/master [22ms]
2026-05-22 19:27:41.201 [warning] [Git][getBranch] No such branch: master
2026-05-22 19:27:41.220 [info] > git config --get commit.template [50ms]
2026-05-22 19:27:41.240 [info] > git status -z -uall [30ms]
2026-05-22 19:27:41.241 [info] > git for-each-ref --format=%(refname)%00%(upstream:short)%00%(objectname)%00%(upstream:track)%00%(upstream:remotename)%00%(upstream:remoteref) refs/heads/master refs/remotes/master [42ms]
2026-05-22 19:27:41.242 [info] > git for-each-ref --format=%(refname)%00%(upstream:short)%00%(objectname)%00%(upstream:track)%00%(upstream:remotename)%00%(upstream:remoteref) refs/heads/master refs/remotes/master [54ms]
2026-05-22 19:27:41.264 [info] > git status -z -uall [13ms]
2026-05-22 19:27:41.265 [info] > git for-each-ref --format=%(refname)%00%(upstream:short)%00%(objectname)%00%(upstream:track)%00%(upstream:remotename)%00%(upstream:remoteref) refs/heads/amar refs/remotes/amar [27ms]
2026-05-22 19:27:41.265 [info] > git for-each-ref --format=%(refname)%00%(upstream:short)%00%(objectname)%00%(upstream:track)%00%(upstream:remotename)%00%(upstream:remoteref) refs/heads/master refs/remotes/master [35ms]
2026-05-22 19:27:41.265 [info] > git for-each-ref --sort -committerdate --format %(refname)%00%(objectname)%00%(*objectname) [45ms]
2026-05-22 19:27:41.271 [info] > git for-each-ref --sort -committerdate --format %(refname)%00%(objectname)%00%(*objectname) [8ms]
2026-05-22 19:27:41.329 [info] > git status -z -uall [49ms]
2026-05-22 19:27:41.330 [info] > git status -z -uall [32ms]
2026-05-22 19:27:41.330 [info] > git status -z -uall [14ms]
2026-05-22 19:27:41.340 [info] > git for-each-ref --sort -committerdate --format %(refname)%00%(objectname)%00%(*objectname) [33ms]
2026-05-22 19:27:41.353 [info] > git for-each-ref --sort -committerdate --format %(refname)%00%(objectname)%00%(*objectname) [64ms]
2026-05-22 19:27:41.373 [info] > git for-each-ref --sort -committerdate --format %(refname)%00%(objectname)%00%(*objectname) [45ms]
2026-05-22 19:27:44.307 [info] [Git][getRemotes] No remotes found in the git config file
2026-05-22 19:27:44.308 [info] > git config --get commit.template [13ms]
2026-05-22 19:27:44.309 [info] > git for-each-ref --format=%(refname)%00%(upstream:short)%00%(objectname)%00%(upstream:track)%00%(upstream:remotename)%00%(upstream:remoteref) refs/heads/master refs/remotes/master [3ms]
2026-05-22 19:27:44.309 [warning] [Git][getBranch] No such branch: master
2026-05-22 19:27:44.327 [info] > git status -z -uall [9ms]
2026-05-22 19:27:44.329 [info] > git for-each-ref --sort -committerdate --format %(refname)%00%(objectname)%00%(*objectname) [3ms]
2026-05-22 19:30:41.284 [info] > git fetch [8ms]
2026-05-22 19:30:41.292 [info] > git fetch [9ms]
2026-05-22 19:30:41.308 [info] [Git][getRemotes] No remotes found in the git config file
2026-05-22 19:30:41.309 [info] > git config --get commit.template [18ms]
2026-05-22 19:30:41.309 [info] > git config --get commit.template [9ms]
2026-05-22 19:30:41.315 [info] [Git][getRemotes] No remotes found in the git config file
2026-05-22 19:30:41.315 [info] > git for-each-ref --format=%(refname)%00%(upstream:short)%00%(objectname)%00%(upstream:track)%00%(upstream:remotename)%00%(upstream:remoteref) refs/heads/master refs/remotes/master [7ms]
2026-05-22 19:30:41.316 [warning] [Git][getBranch] No such branch: master
2026-05-22 19:30:41.329 [info] > git status -z -uall [7ms]
2026-05-22 19:30:41.330 [info] > git for-each-ref --format=%(refname)%00%(upstream:short)%00%(objectname)%00%(upstream:track)%00%(upstream:remotename)%00%(upstream:remoteref) refs/heads/master refs/remotes/master [15ms]
2026-05-22 19:30:41.344 [info] > git status -z -uall [8ms]
2026-05-22 19:30:41.344 [info] > git for-each-ref --sort -committerdate --format %(refname)%00%(objectname)%00%(*objectname) [15ms]
2026-05-22 19:30:41.346 [info] > git for-each-ref --sort -committerdate --format %(refname)%00%(objectname)%00%(*objectname) [3ms]
2026-05-22 19:30:42.380 [info] > git config --get commit.template [7ms]
2026-05-22 19:30:42.380 [info] > git config --get commit.template [2ms]
2026-05-22 19:30:42.393 [info] [Git][getRemotes] No remotes found in the git config file
2026-05-22 19:30:42.393 [info] [Git][getRemotes] No remotes found in the git config file
2026-05-22 19:30:42.394 [info] > git for-each-ref --format=%(refname)%00%(upstream:short)%00%(objectname)%00%(upstream:track)%00%(upstream:remotename)%00%(upstream:remoteref) refs/heads/master refs/remotes/master [7ms]
2026-05-22 19:30:42.394 [warning] [Git][getBranch] No such branch: master
2026-05-22 19:30:42.410 [info] > git status -z -uall [8ms]
2026-05-22 19:30:42.411 [info] > git for-each-ref --format=%(refname)%00%(upstream:short)%00%(objectname)%00%(upstream:track)%00%(upstream:remotename)%00%(upstream:remoteref) refs/heads/master refs/remotes/master [18ms]
2026-05-22 19:30:42.427 [info] > git status -z -uall [9ms]
2026-05-22 19:30:42.427 [info] > git for-each-ref --sort -committerdate --format %(refname)%00%(objectname)%00%(*objectname) [18ms]
2026-05-22 19:30:42.430 [info] > git for-each-ref --sort -committerdate --format %(refname)%00%(objectname)%00%(*objectname) [5ms]
2026-05-22 19:30:45.993 [info] > git fetch [4634ms]
2026-05-22 19:30:46.015 [info] > git config --get commit.template [10ms]
2026-05-22 19:30:46.018 [info] > git for-each-ref --format=%(refname)%00%(upstream:short)%00%(objectname)%00%(upstream:track)%00%(upstream:remotename)%00%(upstream:remoteref) refs/heads/amar refs/remotes/amar [4ms]
2026-05-22 19:30:46.037 [info] > git status -z -uall [9ms]
2026-05-22 19:30:46.041 [info] > git for-each-ref --sort -committerdate --format %(refname)%00%(objectname)%00%(*objectname) [5ms]
2026-05-22 19:30:46.506 [info] > git fetch [5117ms]
2026-05-22 19:30:46.514 [info] > git fetch [5144ms]
2026-05-22 19:30:46.522 [info] > git config --get commit.template [8ms]
2026-05-22 19:30:46.538 [info] > git config --get commit.template [17ms]
2026-05-22 19:30:46.539 [info] > git for-each-ref --format=%(refname)%00%(upstream:short)%00%(objectname)%00%(upstream:track)%00%(upstream:remotename)%00%(upstream:remoteref) refs/heads/master refs/remotes/master [10ms]
2026-05-22 19:30:46.540 [info] > git for-each-ref --format=%(refname)%00%(upstream:short)%00%(objectname)%00%(upstream:track)%00%(upstream:remotename)%00%(upstream:remoteref) refs/heads/master refs/remotes/master [4ms]
2026-05-22 19:30:46.570 [info] > git status -z -uall [23ms]
2026-05-22 19:30:46.570 [info] > git status -z -uall [8ms]
2026-05-22 19:30:46.572 [info] > git for-each-ref --sort -committerdate --format %(refname)%00%(objectname)%00%(*objectname) [17ms]
2026-05-22 19:30:46.578 [info] > git for-each-ref --sort -committerdate --format %(refname)%00%(objectname)%00%(*objectname) [8ms]
2026-05-22 19:34:12.504 [info] > git fetch [35ms]
2026-05-22 19:34:12.505 [info] > git fetch [46ms]
2026-05-22 19:34:12.524 [info] > git config --get commit.template [9ms]
2026-05-22 19:34:12.525 [info] > git config --get commit.template [2ms]
2026-05-22 19:34:12.531 [info] [Git][getRemotes] No remotes found in the git config file
2026-05-22 19:34:12.537 [info] [Git][getRemotes] No remotes found in the git config file
2026-05-22 19:34:12.538 [info] > git for-each-ref --format=%(refname)%00%(upstream:short)%00%(objectname)%00%(upstream:track)%00%(upstream:remotename)%00%(upstream:remoteref) refs/heads/master refs/remotes/master [7ms]
2026-05-22 19:34:12.553 [info] > git status -z -uall [8ms]
2026-05-22 19:34:12.554 [info] > git for-each-ref --format=%(refname)%00%(upstream:short)%00%(objectname)%00%(upstream:track)%00%(upstream:remotename)%00%(upstream:remoteref) refs/heads/master refs/remotes/master [17ms]
2026-05-22 19:34:12.554 [warning] [Git][getBranch] No such branch: master
2026-05-22 19:34:12.567 [info] > git status -z -uall [7ms]
2026-05-22 19:34:12.568 [info] > git for-each-ref --sort -committerdate --format %(refname)%00%(objectname)%00%(*objectname) [16ms]
2026-05-22 19:34:12.571 [info] > git for-each-ref --sort -committerdate --format %(refname)%00%(objectname)%00%(*objectname) [5ms]
2026-05-22 19:34:13.651 [info] [Git][getRemotes] No remotes found in the git config file
2026-05-22 19:34:13.652 [info] > git config --get commit.template [7ms]
2026-05-22 19:34:13.653 [info] > git for-each-ref --format=%(refname)%00%(upstream:short)%00%(objectname)%00%(upstream:track)%00%(upstream:remotename)%00%(upstream:remoteref) refs/heads/master refs/remotes/master [2ms]
2026-05-22 19:34:13.671 [info] > git status -z -uall [9ms]
2026-05-22 19:34:13.674 [info] > git for-each-ref --sort -committerdate --format %(refname)%00%(objectname)%00%(*objectname) [4ms]
2026-05-22 19:34:18.028 [info] > git fetch [5525ms]
2026-05-22 19:34:18.039 [info] > git fetch [5548ms]
2026-05-22 19:34:18.040 [info] > git fetch [5559ms]
2026-05-22 19:34:18.057 [info] > git config --get commit.template [19ms]
2026-05-22 19:34:18.059 [info] > git config --get commit.template [11ms]
2026-05-22 19:34:18.067 [info] > git config --get commit.template [11ms]
2026-05-22 19:34:18.082 [info] > git for-each-ref --format=%(refname)%00%(upstream:short)%00%(objectname)%00%(upstream:track)%00%(upstream:remotename)%00%(upstream:remoteref) refs/heads/master refs/remotes/master [8ms]
2026-05-22 19:34:18.082 [info] > git for-each-ref --format=%(refname)%00%(upstream:short)%00%(objectname)%00%(upstream:track)%00%(upstream:remotename)%00%(upstream:remoteref) refs/heads/master refs/remotes/master [16ms]
2026-05-22 19:34:18.083 [info] > git for-each-ref --format=%(refname)%00%(upstream:short)%00%(objectname)%00%(upstream:track)%00%(upstream:remotename)%00%(upstream:remoteref) refs/heads/amar refs/remotes/amar [3ms]
2026-05-22 19:34:18.140 [info] > git status -z -uall [47ms]
2026-05-22 19:34:18.141 [info] > git status -z -uall [30ms]
2026-05-22 19:34:18.141 [info] > git status -z -uall [11ms]
2026-05-22 19:34:18.141 [info] > git for-each-ref --sort -committerdate --format %(refname)%00%(objectname)%00%(*objectname) [39ms]
2026-05-22 19:34:18.147 [info] > git for-each-ref --sort -committerdate --format %(refname)%00%(objectname)%00%(*objectname) [8ms]
2026-05-22 19:34:18.149 [info] > git for-each-ref --sort -committerdate --format %(refname)%00%(objectname)%00%(*objectname) [28ms]
2026-05-22 19:37:12.586 [info] > git fetch [8ms]
2026-05-22 19:37:12.595 [info] > git fetch [9ms]
2026-05-22 19:37:12.612 [info] [Git][getRemotes] No remotes found in the git config file
2026-05-22 19:37:12.613 [info] > git config --get commit.template [11ms]
2026-05-22 19:37:12.613 [info] > git config --get commit.template [19ms]
2026-05-22 19:37:12.614 [info] [Git][getRemotes] No remotes found in the git config file
2026-05-22 19:37:12.622 [info] > git for-each-ref --format=%(refname)%00%(upstream:short)%00%(objectname)%00%(upstream:track)%00%(upstream:remotename)%00%(upstream:remoteref) refs/heads/master refs/remotes/master [11ms]
2026-05-22 19:37:12.641 [info] > git status -z -uall [11ms]
2026-05-22 19:37:12.642 [info] > git for-each-ref --format=%(refname)%00%(upstream:short)%00%(objectname)%00%(upstream:track)%00%(upstream:remotename)%00%(upstream:remoteref) refs/heads/master refs/remotes/master [21ms]
2026-05-22 19:37:12.643 [warning] [Git][getBranch] No such branch: master
2026-05-22 19:37:12.660 [info] > git status -z -uall [10ms]
2026-05-22 19:37:12.660 [info] > git for-each-ref --sort -committerdate --format %(refname)%00%(objectname)%00%(*objectname) [20ms]
2026-05-22 19:37:12.663 [info] > git for-each-ref --sort -committerdate --format %(refname)%00%(objectname)%00%(*objectname) [4ms]
2026-05-22 19:37:13.680 [info] [Git][getRemotes] No remotes found in the git config file
2026-05-22 19:37:13.681 [info] > git config --get commit.template [8ms]
2026-05-22 19:37:13.682 [info] > git for-each-ref --format=%(refname)%00%(upstream:short)%00%(objectname)%00%(upstream:track)%00%(upstream:remotename)%00%(upstream:remoteref) refs/heads/master refs/remotes/master [2ms]
2026-05-22 19:37:13.696 [info] > git status -z -uall [7ms]
2026-05-22 19:37:13.699 [info] > git for-each-ref --sort -committerdate --format %(refname)%00%(objectname)%00%(*objectname) [3ms]
2026-05-22 19:37:24.182 [info] > git fetch [6022ms]
2026-05-22 19:37:24.191 [info] > git fetch [6038ms]
2026-05-22 19:37:24.192 [info] > git fetch [6025ms]
2026-05-22 19:37:24.208 [info] > git config --get commit.template [17ms]
2026-05-22 19:37:24.209 [info] > git config --get commit.template [3ms]
2026-05-22 19:37:24.209 [info] > git config --get commit.template [10ms]
2026-05-22 19:37:24.230 [info] > git for-each-ref --format=%(refname)%00%(upstream:short)%00%(objectname)%00%(upstream:track)%00%(upstream:remotename)%00%(upstream:remoteref) refs/heads/master refs/remotes/master [7ms]
2026-05-22 19:37:24.230 [info] > git for-each-ref --format=%(refname)%00%(upstream:short)%00%(objectname)%00%(upstream:track)%00%(upstream:remotename)%00%(upstream:remoteref) refs/heads/amar refs/remotes/amar [14ms]
2026-05-22 19:37:24.230 [info] > git for-each-ref --format=%(refname)%00%(upstream:short)%00%(objectname)%00%(upstream:track)%00%(upstream:remotename)%00%(upstream:remoteref) refs/heads/master refs/remotes/master [2ms]
2026-05-22 19:37:24.259 [info] > git status -z -uall [21ms]
2026-05-22 19:37:24.259 [info] > git status -z -uall [8ms]
2026-05-22 19:37:24.259 [info] > git for-each-ref --sort -committerdate --format %(refname)%00%(objectname)%00%(*objectname) [15ms]
2026-05-22 19:37:24.278 [info] > git status -z -uall [10ms]
2026-05-22 19:37:24.279 [info] > git for-each-ref --sort -committerdate --format %(refname)%00%(objectname)%00%(*objectname) [21ms]
2026-05-22 19:37:24.283 [info] > git for-each-ref --sort -committerdate --format %(refname)%00%(objectname)%00%(*objectname) [6ms]
2026-05-22 19:40:12.679 [info] > git fetch [8ms]
2026-05-22 19:40:12.687 [info] > git fetch [9ms]
2026-05-22 19:40:12.702 [info] [Git][getRemotes] No remotes found in the git config file
2026-05-22 19:40:12.703 [info] > git config --get commit.template [17ms]
2026-05-22 19:40:12.704 [info] > git for-each-ref --format=%(refname)%00%(upstream:short)%00%(objectname)%00%(upstream:track)%00%(upstream:remotename)%00%(upstream:remoteref) refs/heads/master refs/remotes/master [3ms]
2026-05-22 19:40:12.722 [info] > git config --get commit.template [28ms]
2026-05-22 19:40:12.729 [info] [Git][getRemotes] No remotes found in the git config file
2026-05-22 19:40:12.730 [info] > git status -z -uall [17ms]
2026-05-22 19:40:12.731 [info] > git for-each-ref --format=%(refname)%00%(upstream:short)%00%(objectname)%00%(upstream:track)%00%(upstream:remotename)%00%(upstream:remoteref) refs/heads/master refs/remotes/master [2ms]
2026-05-22 19:40:12.731 [warning] [Git][getBranch] No such branch: master
2026-05-22 19:40:12.744 [info] > git for-each-ref --sort -committerdate --format %(refname)%00%(objectname)%00%(*objectname) [22ms]
2026-05-22 19:40:12.747 [info] > git status -z -uall [10ms]
2026-05-22 19:40:12.747 [info] > git for-each-ref --sort -committerdate --format %(refname)%00%(objectname)%00%(*objectname) [3ms]
2026-05-22 19:40:13.772 [info] > git config --get commit.template [8ms]
2026-05-22 19:40:13.773 [info] [Git][getRemotes] No remotes found in the git config file
2026-05-22 19:40:13.780 [info] [Git][getRemotes] No remotes found in the git config file
2026-05-22 19:40:13.787 [info] > git config --get commit.template [14ms]
2026-05-22 19:40:13.788 [info] > git for-each-ref --format=%(refname)%00%(upstream:short)%00%(objectname)%00%(upstream:track)%00%(upstream:remotename)%00%(upstream:remoteref) refs/heads/master refs/remotes/master [8ms]
2026-05-22 19:40:13.802 [info] > git status -z -uall [8ms]
2026-05-22 19:40:13.802 [info] > git for-each-ref --format=%(refname)%00%(upstream:short)%00%(objectname)%00%(upstream:track)%00%(upstream:remotename)%00%(upstream:remoteref) refs/heads/master refs/remotes/master [16ms]
2026-05-22 19:40:13.802 [warning] [Git][getBranch] No such branch: master
2026-05-22 19:40:13.816 [info] > git status -z -uall [7ms]
2026-05-22 19:40:13.817 [info] > git for-each-ref --sort -committerdate --format %(refname)%00%(objectname)%00%(*objectname) [16ms]
2026-05-22 19:40:13.819 [info] > git for-each-ref --sort -committerdate --format %(refname)%00%(objectname)%00%(*objectname) [3ms]
2026-05-22 19:40:29.167 [info] > git fetch [4871ms]
2026-05-22 19:40:29.178 [info] > git fetch [4906ms]
2026-05-22 19:40:29.180 [info] > git fetch [4891ms]
2026-05-22 19:40:29.196 [info] > git config --get commit.template [18ms]
2026-05-22 19:40:29.197 [info] > git config --get commit.template [9ms]
2026-05-22 19:40:29.217 [info] > git config --get commit.template [22ms]
2026-05-22 19:40:29.218 [info] > git for-each-ref --format=%(refname)%00%(upstream:short)%00%(objectname)%00%(upstream:track)%00%(upstream:remotename)%00%(upstream:remoteref) refs/heads/master refs/remotes/master [7ms]
2026-05-22 19:40:29.218 [info] > git for-each-ref --format=%(refname)%00%(upstream:short)%00%(objectname)%00%(upstream:track)%00%(upstream:remotename)%00%(upstream:remoteref) refs/heads/master refs/remotes/master [14ms]
2026-05-22 19:40:29.219 [info] > git for-each-ref --format=%(refname)%00%(upstream:short)%00%(objectname)%00%(upstream:track)%00%(upstream:remotename)%00%(upstream:remoteref) refs/heads/amar refs/remotes/amar [2ms]
2026-05-22 19:40:29.250 [info] > git status -z -uall [23ms]
2026-05-22 19:40:29.250 [info] > git status -z -uall [9ms]
2026-05-22 19:40:29.250 [info] > git for-each-ref --sort -committerdate --format %(refname)%00%(objectname)%00%(*objectname) [16ms]
2026-05-22 19:40:29.253 [info] > git for-each-ref --sort -committerdate --format %(refname)%00%(objectname)%00%(*objectname) [5ms]
2026-05-22 19:40:29.271 [info] > git status -z -uall [8ms]
2026-05-22 19:40:29.277 [info] > git for-each-ref --sort -committerdate --format %(refname)%00%(objectname)%00%(*objectname) [7ms]
2026-05-22 19:43:13.380 [info] > git fetch [13ms]
2026-05-22 19:43:13.393 [info] > git fetch [15ms]
2026-05-22 19:43:13.406 [info] > git config --get commit.template [16ms]
2026-05-22 19:43:13.407 [info] [Git][getRemotes] No remotes found in the git config file
2026-05-22 19:43:13.416 [info] > git config --get commit.template [12ms]
2026-05-22 19:43:13.427 [info] [Git][getRemotes] No remotes found in the git config file
2026-05-22 19:43:13.428 [info] > git for-each-ref --format=%(refname)%00%(upstream:short)%00%(objectname)%00%(upstream:track)%00%(upstream:remotename)%00%(upstream:remoteref) refs/heads/master refs/remotes/master [13ms]
2026-05-22 19:43:13.446 [info] > git status -z -uall [10ms]
2026-05-22 19:43:13.447 [info] > git for-each-ref --format=%(refname)%00%(upstream:short)%00%(objectname)%00%(upstream:track)%00%(upstream:remotename)%00%(upstream:remoteref) refs/heads/master refs/remotes/master [21ms]
2026-05-22 19:43:13.447 [warning] [Git][getBranch] No such branch: master
2026-05-22 19:43:13.466 [info] > git status -z -uall [10ms]
2026-05-22 19:43:13.466 [info] > git for-each-ref --sort -committerdate --format %(refname)%00%(objectname)%00%(*objectname) [21ms]
2026-05-22 19:43:13.472 [info] > git for-each-ref --sort -committerdate --format %(refname)%00%(objectname)%00%(*objectname) [8ms]
2026-05-22 19:45:28.148 [info] [Git][getRemotes] No remotes found in the git config file
2026-05-22 19:45:28.158 [info] > git config --get commit.template [11ms]
2026-05-22 19:45:28.160 [info] > git for-each-ref --format=%(refname)%00%(upstream:short)%00%(objectname)%00%(upstream:track)%00%(upstream:remotename)%00%(upstream:remoteref) refs/heads/master refs/remotes/master [3ms]
2026-05-22 19:45:28.174 [info] > git status -z -uall [8ms]
2026-05-22 19:45:28.177 [info] > git for-each-ref --sort -committerdate --format %(refname)%00%(objectname)%00%(*objectname) [3ms]
2026-05-22 19:45:32.895 [info] > git fetch [4780ms]
2026-05-22 19:45:32.906 [info] > git fetch [4770ms]
2026-05-22 19:45:32.908 [info] > git fetch [4784ms]
2026-05-22 19:45:32.926 [info] > git config --get commit.template [21ms]
2026-05-22 19:45:32.928 [info] > git config --get commit.template [3ms]
2026-05-22 19:45:32.928 [info] > git config --get commit.template [11ms]
2026-05-22 19:45:32.953 [info] > git for-each-ref --format=%(refname)%00%(upstream:short)%00%(objectname)%00%(upstream:track)%00%(upstream:remotename)%00%(upstream:remoteref) refs/heads/master refs/remotes/master [1ms]
2026-05-22 19:45:32.953 [info] > git for-each-ref --format=%(refname)%00%(upstream:short)%00%(objectname)%00%(upstream:track)%00%(upstream:remotename)%00%(upstream:remoteref) refs/heads/amar refs/remotes/amar [9ms]
2026-05-22 19:45:32.953 [info] > git for-each-ref --format=%(refname)%00%(upstream:short)%00%(objectname)%00%(upstream:track)%00%(upstream:remotename)%00%(upstream:remoteref) refs/heads/master refs/remotes/master [17ms]
2026-05-22 19:45:33.003 [info] > git status -z -uall [40ms]
2026-05-22 19:45:33.003 [info] > git status -z -uall [25ms]
2026-05-22 19:45:33.003 [info] > git status -z -uall [10ms]
2026-05-22 19:45:33.004 [info] > git for-each-ref --sort -committerdate --format %(refname)%00%(objectname)%00%(*objectname) [18ms]
2026-05-22 19:45:33.006 [info] > git for-each-ref --sort -committerdate --format %(refname)%00%(objectname)%00%(*objectname) [36ms]
2026-05-22 19:45:33.008 [info] > git for-each-ref --sort -committerdate --format %(refname)%00%(objectname)%00%(*objectname) [6ms]
2026-05-22 19:46:44.895 [info] > git fetch [13ms]
2026-05-22 19:46:44.908 [info] > git fetch [14ms]
2026-05-22 19:46:44.919 [info] > git config --get commit.template [12ms]
2026-05-22 19:46:44.926 [info] [Git][getRemotes] No remotes found in the git config file
2026-05-22 19:46:44.928 [info] > git config --get commit.template [10ms]
2026-05-22 19:46:44.928 [info] [Git][getRemotes] No remotes found in the git config file
2026-05-22 19:46:44.936 [info] > git for-each-ref --format=%(refname)%00%(upstream:short)%00%(objectname)%00%(upstream:track)%00%(upstream:remotename)%00%(upstream:remoteref) refs/heads/master refs/remotes/master [10ms]
2026-05-22 19:46:44.951 [info] > git status -z -uall [8ms]
2026-05-22 19:46:44.952 [info] > git for-each-ref --format=%(refname)%00%(upstream:short)%00%(objectname)%00%(upstream:track)%00%(upstream:remotename)%00%(upstream:remoteref) refs/heads/master refs/remotes/master [17ms]
2026-05-22 19:46:44.952 [warning] [Git][getBranch] No such branch: master
2026-05-22 19:46:44.968 [info] > git status -z -uall [9ms]
2026-05-22 19:46:44.968 [info] > git for-each-ref --sort -committerdate --format %(refname)%00%(objectname)%00%(*objectname) [18ms]
2026-05-22 19:46:44.972 [info] > git for-each-ref --sort -committerdate --format %(refname)%00%(objectname)%00%(*objectname) [5ms]
2026-05-22 19:46:45.981 [info] [Git][getRemotes] No remotes found in the git config file
2026-05-22 19:46:45.988 [info] > git config --get commit.template [8ms]
2026-05-22 19:46:45.990 [info] > git for-each-ref --format=%(refname)%00%(upstream:short)%00%(objectname)%00%(upstream:track)%00%(upstream:remotename)%00%(upstream:remoteref) refs/heads/master refs/remotes/master [3ms]
2026-05-22 19:46:46.004 [info] > git status -z -uall [7ms]
2026-05-22 19:46:46.007 [info] > git for-each-ref --sort -committerdate --format %(refname)%00%(objectname)%00%(*objectname) [3ms]
2026-05-22 19:55:47.916 [info] > git fetch [12ms]
2026-05-22 19:55:47.929 [info] > git fetch [14ms]
2026-05-22 19:55:47.946 [info] [Git][getRemotes] No remotes found in the git config file
2026-05-22 19:55:47.946 [info] > git config --get commit.template [18ms]
2026-05-22 19:55:47.947 [info] > git config --get commit.template [9ms]
2026-05-22 19:55:47.953 [info] [Git][getRemotes] No remotes found in the git config file
2026-05-22 19:55:47.954 [info] > git for-each-ref --format=%(refname)%00%(upstream:short)%00%(objectname)%00%(upstream:track)%00%(upstream:remotename)%00%(upstream:remoteref) refs/heads/master refs/remotes/master [9ms]
2026-05-22 19:55:47.970 [info] > git status -z -uall [10ms]
2026-05-22 19:55:47.970 [info] > git for-each-ref --format=%(refname)%00%(upstream:short)%00%(objectname)%00%(upstream:track)%00%(upstream:remotename)%00%(upstream:remoteref) refs/heads/master refs/remotes/master [17ms]
2026-05-22 19:55:47.970 [warning] [Git][getBranch] No such branch: master
2026-05-22 19:55:47.985 [info] > git status -z -uall [8ms]
2026-05-22 19:55:47.985 [info] > git for-each-ref --sort -committerdate --format %(refname)%00%(objectname)%00%(*objectname) [18ms]
2026-05-22 19:55:47.987 [info] > git for-each-ref --sort -committerdate --format %(refname)%00%(objectname)%00%(*objectname) [3ms]
2026-05-22 19:55:49.066 [info] > git config --get commit.template [7ms]
2026-05-22 19:55:49.067 [info] > git config --get commit.template [2ms]
2026-05-22 19:55:49.073 [info] [Git][getRemotes] No remotes found in the git config file
2026-05-22 19:55:49.073 [info] [Git][getRemotes] No remotes found in the git config file
2026-05-22 19:55:49.079 [info] > git for-each-ref --format=%(refname)%00%(upstream:short)%00%(objectname)%00%(upstream:track)%00%(upstream:remotename)%00%(upstream:remoteref) refs/heads/master refs/remotes/master [7ms]
2026-05-22 19:55:49.094 [info] > git status -z -uall [8ms]
2026-05-22 19:55:49.094 [info] > git for-each-ref --format=%(refname)%00%(upstream:short)%00%(objectname)%00%(upstream:track)%00%(upstream:remotename)%00%(upstream:remoteref) refs/heads/master refs/remotes/master [16ms]
2026-05-22 19:55:49.094 [warning] [Git][getBranch] No such branch: master
2026-05-22 19:55:49.108 [info] > git status -z -uall [7ms]
2026-05-22 19:55:49.109 [info] > git for-each-ref --sort -committerdate --format %(refname)%00%(objectname)%00%(*objectname) [16ms]
2026-05-22 19:55:49.111 [info] > git for-each-ref --sort -committerdate --format %(refname)%00%(objectname)%00%(*objectname) [3ms]
2026-05-22 19:55:53.073 [info] > git fetch [5179ms]
2026-05-22 19:55:53.082 [info] > git fetch [5198ms]
2026-05-22 19:55:53.083 [info] > git fetch [5211ms]
2026-05-22 19:55:53.097 [info] > git config --get commit.template [8ms]
2026-05-22 19:55:53.097 [info] > git config --get commit.template [15ms]
2026-05-22 19:55:53.118 [info] > git config --get commit.template [22ms]
2026-05-22 19:55:53.119 [info] > git for-each-ref --format=%(refname)%00%(upstream:short)%00%(objectname)%00%(upstream:track)%00%(upstream:remotename)%00%(upstream:remoteref) refs/heads/master refs/remotes/master [8ms]
2026-05-22 19:55:53.120 [info] > git for-each-ref --format=%(refname)%00%(upstream:short)%00%(objectname)%00%(upstream:track)%00%(upstream:remotename)%00%(upstream:remoteref) refs/heads/master refs/remotes/master [17ms]
2026-05-22 19:55:53.121 [info] > git for-each-ref --format=%(refname)%00%(upstream:short)%00%(objectname)%00%(upstream:track)%00%(upstream:remotename)%00%(upstream:remoteref) refs/heads/amar refs/remotes/amar [4ms]
2026-05-22 19:55:53.164 [info] > git status -z -uall [35ms]
2026-05-22 19:55:53.164 [info] > git status -z -uall [22ms]
2026-05-22 19:55:53.164 [info] > git status -z -uall [7ms]
2026-05-22 19:55:53.165 [info] > git for-each-ref --sort -committerdate --format %(refname)%00%(objectname)%00%(*objectname) [29ms]
2026-05-22 19:55:53.171 [info] > git for-each-ref --sort -committerdate --format %(refname)%00%(objectname)%00%(*objectname) [8ms]
2026-05-22 19:55:53.173 [info] > git for-each-ref --sort -committerdate --format %(refname)%00%(objectname)%00%(*objectname) [24ms]
2026-05-22 19:58:48.006 [info] > git fetch [9ms]
2026-05-22 19:58:48.017 [info] > git fetch [13ms]
2026-05-22 19:58:48.027 [info] > git config --get commit.template [11ms]
2026-05-22 19:58:48.036 [info] [Git][getRemotes] No remotes found in the git config file
2026-05-22 19:58:48.037 [info] > git config --get commit.template [10ms]
2026-05-22 19:58:48.046 [info] [Git][getRemotes] No remotes found in the git config file
2026-05-22 19:58:48.047 [info] > git for-each-ref --format=%(refname)%00%(upstream:short)%00%(objectname)%00%(upstream:track)%00%(upstream:remotename)%00%(upstream:remoteref) refs/heads/master refs/remotes/master [11ms]
2026-05-22 19:58:48.063 [info] > git status -z -uall [8ms]
2026-05-22 19:58:48.063 [info] > git for-each-ref --format=%(refname)%00%(upstream:short)%00%(objectname)%00%(upstream:track)%00%(upstream:remotename)%00%(upstream:remoteref) refs/heads/master refs/remotes/master [17ms]
2026-05-22 19:58:48.063 [warning] [Git][getBranch] No such branch: master
2026-05-22 19:58:48.077 [info] > git status -z -uall [6ms]
2026-05-22 19:58:48.077 [info] > git for-each-ref --sort -committerdate --format %(refname)%00%(objectname)%00%(*objectname) [15ms]
2026-05-22 19:58:48.079 [info] > git for-each-ref --sort -committerdate --format %(refname)%00%(objectname)%00%(*objectname) [3ms]
2026-05-22 19:58:49.099 [info] > git config --get commit.template [7ms]
2026-05-22 19:58:49.105 [info] [Git][getRemotes] No remotes found in the git config file
2026-05-22 19:58:49.112 [info] [Git][getRemotes] No remotes found in the git config file
2026-05-22 19:58:49.113 [info] > git for-each-ref --format=%(refname)%00%(upstream:short)%00%(objectname)%00%(upstream:track)%00%(upstream:remotename)%00%(upstream:remoteref) refs/heads/master refs/remotes/master [8ms]
2026-05-22 19:58:49.126 [info] > git config --get commit.template [27ms]
2026-05-22 19:58:49.126 [info] > git status -z -uall [7ms]
2026-05-22 19:58:49.127 [info] > git for-each-ref --format=%(refname)%00%(upstream:short)%00%(objectname)%00%(upstream:track)%00%(upstream:remotename)%00%(upstream:remoteref) refs/heads/master refs/remotes/master [16ms]
2026-05-22 19:58:49.127 [warning] [Git][getBranch] No such branch: master
2026-05-22 19:58:49.142 [info] > git status -z -uall [9ms]
2026-05-22 19:58:49.142 [info] > git for-each-ref --sort -committerdate --format %(refname)%00%(objectname)%00%(*objectname) [17ms]
2026-05-22 19:58:49.144 [info] > git for-each-ref --sort -committerdate --format %(refname)%00%(objectname)%00%(*objectname) [4ms]
2026-05-22 19:59:00.037 [info] > git fetch [6850ms]
2026-05-22 19:59:00.038 [info] > git fetch [6859ms]
2026-05-22 19:59:00.059 [info] > git fetch [6865ms]
2026-05-22 19:59:00.068 [info] > git config --get commit.template [10ms]
2026-05-22 19:59:00.068 [info] > git config --get commit.template [20ms]
2026-05-22 19:59:00.090 [info] > git for-each-ref --format=%(refname)%00%(upstream:short)%00%(objectname)%00%(upstream:track)%00%(upstream:remotename)%00%(upstream:remoteref) refs/heads/amar refs/remotes/amar [16ms]
2026-05-22 19:59:00.091 [info] > git config --get commit.template [24ms]
2026-05-22 19:59:00.091 [info] > git for-each-ref --format=%(refname)%00%(upstream:short)%00%(objectname)%00%(upstream:track)%00%(upstream:remotename)%00%(upstream:remoteref) refs/heads/master refs/remotes/master [9ms]
2026-05-22 19:59:00.120 [info] > git status -z -uall [23ms]
2026-05-22 19:59:00.120 [info] > git status -z -uall [8ms]
2026-05-22 19:59:00.120 [info] > git for-each-ref --format=%(refname)%00%(upstream:short)%00%(objectname)%00%(upstream:track)%00%(upstream:remotename)%00%(upstream:remoteref) refs/heads/master refs/remotes/master [30ms]
2026-05-22 19:59:00.121 [info] > git for-each-ref --sort -committerdate --format %(refname)%00%(objectname)%00%(*objectname) [18ms]
2026-05-22 19:59:00.124 [info] > git for-each-ref --sort -committerdate --format %(refname)%00%(objectname)%00%(*objectname) [5ms]
2026-05-22 19:59:00.147 [info] > git status -z -uall [13ms]
2026-05-22 19:59:00.151 [info] > git for-each-ref --sort -committerdate --format %(refname)%00%(objectname)%00%(*objectname) [6ms]
2026-05-22 20:21:19.003 [info] > git fetch [34ms]
2026-05-22 20:21:19.004 [info] > git fetch [45ms]
2026-05-22 20:21:19.030 [info] > git config --get commit.template [3ms]
2026-05-22 20:21:19.031 [info] > git config --get commit.template [13ms]
2026-05-22 20:21:19.041 [info] [Git][getRemotes] No remotes found in the git config file
2026-05-22 20:21:19.050 [info] [Git][getRemotes] No remotes found in the git config file
2026-05-22 20:21:19.053 [info] > git for-each-ref --format=%(refname)%00%(upstream:short)%00%(objectname)%00%(upstream:track)%00%(upstream:remotename)%00%(upstream:remoteref) refs/heads/master refs/remotes/master [12ms]
2026-05-22 20:21:19.053 [warning] [Git][getBranch] No such branch: master
2026-05-22 20:21:19.073 [info] > git status -z -uall [11ms]
2026-05-22 20:21:19.074 [info] > git for-each-ref --format=%(refname)%00%(upstream:short)%00%(objectname)%00%(upstream:track)%00%(upstream:remotename)%00%(upstream:remoteref) refs/heads/master refs/remotes/master [25ms]
2026-05-22 20:21:19.094 [info] > git status -z -uall [11ms]
2026-05-22 20:21:19.095 [info] > git for-each-ref --sort -committerdate --format %(refname)%00%(objectname)%00%(*objectname) [24ms]
2026-05-22 20:21:19.100 [info] > git for-each-ref --sort -committerdate --format %(refname)%00%(objectname)%00%(*objectname) [7ms]
2026-05-22 20:21:24.326 [info] > git fetch [5325ms]
2026-05-22 20:21:24.337 [info] > git fetch [5356ms]
2026-05-22 20:21:24.337 [info] > git fetch [5346ms]
2026-05-22 20:21:24.351 [info] > git config --get commit.template [7ms]
2026-05-22 20:21:24.351 [info] > git config --get commit.template [15ms]
2026-05-22 20:21:24.371 [info] > git config --get commit.template [21ms]
2026-05-22 20:21:24.372 [info] > git for-each-ref --format=%(refname)%00%(upstream:short)%00%(objectname)%00%(upstream:track)%00%(upstream:remotename)%00%(upstream:remoteref) refs/heads/amar refs/remotes/amar [7ms]
2026-05-22 20:21:24.372 [info] > git for-each-ref --format=%(refname)%00%(upstream:short)%00%(objectname)%00%(upstream:track)%00%(upstream:remotename)%00%(upstream:remoteref) refs/heads/master refs/remotes/master [14ms]
2026-05-22 20:21:24.372 [info] > git for-each-ref --format=%(refname)%00%(upstream:short)%00%(objectname)%00%(upstream:track)%00%(upstream:remotename)%00%(upstream:remoteref) refs/heads/master refs/remotes/master [2ms]
2026-05-22 20:21:24.416 [info] > git status -z -uall [36ms]
2026-05-22 20:21:24.416 [info] > git status -z -uall [22ms]
2026-05-22 20:21:24.416 [info] > git status -z -uall [7ms]
2026-05-22 20:21:24.416 [info] > git for-each-ref --sort -committerdate --format %(refname)%00%(objectname)%00%(*objectname) [29ms]
2026-05-22 20:21:24.419 [info] > git for-each-ref --sort -committerdate --format %(refname)%00%(objectname)%00%(*objectname) [4ms]
2026-05-22 20:21:24.421 [info] > git for-each-ref --sort -committerdate --format %(refname)%00%(objectname)%00%(*objectname) [20ms]
2026-05-22 20:23:29.340 [info] [Git][getRemotes] No remotes found in the git config file
2026-05-22 20:23:29.341 [info] > git config --get commit.template [13ms]
2026-05-22 20:23:29.343 [info] > git for-each-ref --format=%(refname)%00%(upstream:short)%00%(objectname)%00%(upstream:track)%00%(upstream:remotename)%00%(upstream:remoteref) refs/heads/master refs/remotes/master [3ms]
2026-05-22 20:23:29.343 [warning] [Git][getBranch] No such branch: master
2026-05-22 20:23:29.362 [info] > git status -z -uall [10ms]
2026-05-22 20:23:29.364 [info] > git for-each-ref --sort -committerdate --format %(refname)%00%(objectname)%00%(*objectname) [3ms]
2026-05-22 20:25:06.220 [info] > git fetch [36ms]
2026-05-22 20:25:06.221 [info] > git fetch [50ms]
2026-05-22 20:25:06.243 [info] > git config --get commit.template [12ms]
2026-05-22 20:25:06.253 [info] [Git][getRemotes] No remotes found in the git config file
2026-05-22 20:25:06.262 [info] [Git][getRemotes] No remotes found in the git config file
2026-05-22 20:25:06.262 [info] > git config --get commit.template [21ms]
2026-05-22 20:25:06.264 [info] > git for-each-ref --format=%(refname)%00%(upstream:short)%00%(objectname)%00%(upstream:track)%00%(upstream:remotename)%00%(upstream:remoteref) refs/heads/master refs/remotes/master [3ms]
2026-05-22 20:25:06.265 [warning] [Git][getBranch] No such branch: master
2026-05-22 20:25:06.281 [info] > git for-each-ref --format=%(refname)%00%(upstream:short)%00%(objectname)%00%(upstream:track)%00%(upstream:remotename)%00%(upstream:remoteref) refs/heads/master refs/remotes/master [28ms]
2026-05-22 20:25:06.295 [info] > git status -z -uall [22ms]
2026-05-22 20:25:06.296 [info] > git status -z -uall [9ms]
2026-05-22 20:25:06.296 [info] > git for-each-ref --sort -committerdate --format %(refname)%00%(objectname)%00%(*objectname) [16ms]
2026-05-22 20:25:06.298 [info] > git for-each-ref --sort -committerdate --format %(refname)%00%(objectname)%00%(*objectname) [3ms]
2026-05-22 20:25:07.367 [info] [Git][getRemotes] No remotes found in the git config file
2026-05-22 20:25:07.369 [info] > git config --get commit.template [9ms]
2026-05-22 20:25:07.370 [info] > git for-each-ref --format=%(refname)%00%(upstream:short)%00%(objectname)%00%(upstream:track)%00%(upstream:remotename)%00%(upstream:remoteref) refs/heads/master refs/remotes/master [3ms]
2026-05-22 20:25:07.386 [info] > git status -z -uall [8ms]
2026-05-22 20:25:07.388 [info] > git for-each-ref --sort -committerdate --format %(refname)%00%(objectname)%00%(*objectname) [3ms]
2026-05-22 20:25:11.467 [info] > git fetch [5250ms]
2026-05-22 20:25:11.469 [info] > git fetch [5262ms]
2026-05-22 20:25:11.486 [info] > git fetch [5290ms]
2026-05-22 20:25:11.494 [info] > git config --get commit.template [16ms]
2026-05-22 20:25:11.495 [info] > git config --get commit.template [10ms]
2026-05-22 20:25:11.515 [info] > git for-each-ref --format=%(refname)%00%(upstream:short)%00%(objectname)%00%(upstream:track)%00%(upstream:remotename)%00%(upstream:remoteref) refs/heads/amar refs/remotes/amar [14ms]
2026-05-22 20:25:11.516 [info] > git config --get commit.template [22ms]
2026-05-22 20:25:11.516 [info] > git for-each-ref --format=%(refname)%00%(upstream:short)%00%(objectname)%00%(upstream:track)%00%(upstream:remotename)%00%(upstream:remoteref) refs/heads/master refs/remotes/master [8ms]
2026-05-22 20:25:11.532 [info] > git status -z -uall [8ms]
2026-05-22 20:25:11.533 [info] > git for-each-ref --format=%(refname)%00%(upstream:short)%00%(objectname)%00%(upstream:track)%00%(upstream:remotename)%00%(upstream:remoteref) refs/heads/master refs/remotes/master [18ms]
2026-05-22 20:25:11.548 [info] > git status -z -uall [8ms]
2026-05-22 20:25:11.548 [info] > git for-each-ref --sort -committerdate --format %(refname)%00%(objectname)%00%(*objectname) [18ms]
2026-05-22 20:25:11.551 [info] > git for-each-ref --sort -committerdate --format %(refname)%00%(objectname)%00%(*objectname) [4ms]
2026-05-22 20:25:11.569 [info] > git status -z -uall [9ms]
2026-05-22 20:25:11.572 [info] > git for-each-ref --sort -committerdate --format %(refname)%00%(objectname)%00%(*objectname) [4ms]
2026-05-22 20:25:25.863 [info] > git rev-parse --show-toplevel [6ms]
2026-05-22 20:25:25.863 [info] fatal: not a git repository (or any of the parent directories): .git
2026-05-22 20:25:43.980 [info] > git rev-parse --show-toplevel [2ms]
2026-05-22 20:25:43.980 [info] fatal: not a git repository (or any of the parent directories): .git
2026-05-22 20:26:18.111 [info] > git rev-parse --show-toplevel [3ms]
2026-05-22 20:26:18.111 [info] fatal: not a git repository (or any of the parent directories): .git
2026-05-22 20:26:24.227 [info] > git rev-parse --show-toplevel [1ms]
2026-05-22 20:26:24.243 [info] > git rev-parse --git-dir --git-common-dir --show-superproject-working-tree [8ms]
2026-05-22 20:26:24.265 [info] [Model][openRepository] Opened repository (path): /home/amar/Code/inflate
2026-05-22 20:26:24.265 [info] [Model][openRepository] Opened repository (real path): /home/amar/Code/inflate
2026-05-22 20:26:24.265 [info] [Model][openRepository] Opened repository (kind): repository
2026-05-22 20:26:24.285 [info] > git fetch [21ms]
2026-05-22 20:26:24.305 [info] > git config --get --local core.virtualfilesystem [12ms]
2026-05-22 20:26:24.305 [warning] [Git][config] git config failed: Failed to execute git
2026-05-22 20:26:24.305 [info] > git config --get commit.template [20ms]
2026-05-22 20:26:24.305 [info] > git config --get --local core.virtualfilesystem [30ms]
2026-05-22 20:26:24.305 [warning] [Git][config] git config failed: Failed to execute git
2026-05-22 20:26:24.313 [info] > git config --get commit.template [11ms]
2026-05-22 20:26:24.320 [info] [Git][getRemotes] No remotes found in the git config file
2026-05-22 20:26:24.327 [info] [Git][getRemotes] No remotes found in the git config file
2026-05-22 20:26:24.335 [info] > git for-each-ref --format=%(refname)%00%(upstream:short)%00%(objectname)%00%(upstream:track)%00%(upstream:remotename)%00%(upstream:remoteref) refs/heads/master refs/remotes/master [9ms]
2026-05-22 20:26:24.335 [warning] [Git][getBranch] No such branch: master
2026-05-22 20:26:24.349 [info] > git for-each-ref --format=%(refname)%00%(upstream:short)%00%(objectname)%00%(upstream:track)%00%(upstream:remotename)%00%(upstream:remoteref) refs/heads/master refs/remotes/master [29ms]
2026-05-22 20:26:24.350 [warning] [Git][getBranch] No such branch: master
2026-05-22 20:26:24.359 [info] > git for-each-ref --sort -committerdate --format %(refname)%00%(objectname)%00%(*objectname) [10ms] (cancelled)
2026-05-22 20:26:24.367 [info] > git status -z -uall [25ms] (cancelled)
2026-05-22 20:26:24.367 [info] > git for-each-ref --format=%(refname)%00%(upstream:short)%00%(objectname)%00%(upstream:track)%00%(upstream:remotename)%00%(upstream:remoteref) refs/heads/master refs/remotes/master [10ms]
2026-05-22 20:26:24.368 [warning] [Git][getBranch] No such branch: master
2026-05-22 20:26:24.368 [error] [GitHistoryProvider][resolveHEADMergeBase] Failed to resolve merge base for master: Error: No such branch: master.
2026-05-22 20:26:24.371 [info] > git config --get commit.template [4ms]
2026-05-22 20:26:24.380 [info] [Git][getRemotes] No remotes found in the git config file
2026-05-22 20:26:24.382 [info] > git for-each-ref --format=%(refname)%00%(upstream:short)%00%(objectname)%00%(upstream:track)%00%(upstream:remotename)%00%(upstream:remoteref) refs/heads/master refs/remotes/master [3ms]
2026-05-22 20:26:24.382 [warning] [Git][getBranch] No such branch: master
2026-05-22 20:26:24.396 [info] > git status -z -uall [7ms]
2026-05-22 20:26:24.398 [info] > git for-each-ref --sort -committerdate --format %(refname)%00%(objectname)%00%(*objectname) [2ms]
2026-05-22 20:26:25.421 [info] > git config --get commit.template [2ms]
2026-05-22 20:26:25.428 [info] [Git][getRemotes] No remotes found in the git config file
2026-05-22 20:26:25.431 [info] > git for-each-ref --format=%(refname)%00%(upstream:short)%00%(objectname)%00%(upstream:track)%00%(upstream:remotename)%00%(upstream:remoteref) refs/heads/master refs/remotes/master [3ms]
2026-05-22 20:26:25.431 [warning] [Git][getBranch] No such branch: master
2026-05-22 20:26:25.449 [info] > git status -z -uall [10ms]
2026-05-22 20:26:25.451 [info] > git for-each-ref --sort -committerdate --format %(refname)%00%(objectname)%00%(*objectname) [3ms]
2026-05-22 20:29:53.850 [info] > git fetch [45ms]
2026-05-22 20:29:53.852 [info] > git fetch [57ms]
2026-05-22 20:29:53.873 [info] > git config --get commit.template [11ms]
2026-05-22 20:29:53.873 [info] > git fetch [26ms]
2026-05-22 20:29:53.885 [info] > git config --get commit.template [14ms]
2026-05-22 20:29:53.895 [info] [Git][getRemotes] No remotes found in the git config file
2026-05-22 20:29:53.905 [info] [Git][getRemotes] No remotes found in the git config file
2026-05-22 20:29:53.906 [info] > git config --get commit.template [22ms]
2026-05-22 20:29:53.909 [info] > git for-each-ref --format=%(refname)%00%(upstream:short)%00%(objectname)%00%(upstream:track)%00%(upstream:remotename)%00%(upstream:remoteref) refs/heads/master refs/remotes/master [14ms]
2026-05-22 20:29:53.939 [info] [Git][getRemotes] No remotes found in the git config file
2026-05-22 20:29:53.940 [info] > git status -z -uall [21ms]
2026-05-22 20:29:53.942 [info] > git for-each-ref --format=%(refname)%00%(upstream:short)%00%(objectname)%00%(upstream:track)%00%(upstream:remotename)%00%(upstream:remoteref) refs/heads/master refs/remotes/master [37ms]
2026-05-22 20:29:53.942 [warning] [Git][getBranch] No such branch: master
2026-05-22 20:29:53.966 [info] > git status -z -uall [12ms]
2026-05-22 20:29:53.967 [info] > git for-each-ref --format=%(refname)%00%(upstream:short)%00%(objectname)%00%(upstream:track)%00%(upstream:remotename)%00%(upstream:remoteref) refs/heads/master refs/remotes/master [29ms]
2026-05-22 20:29:53.967 [warning] [Git][getBranch] No such branch: master
2026-05-22 20:29:53.980 [info] > git for-each-ref --sort -committerdate --format %(refname)%00%(objectname)%00%(*objectname) [52ms]
2026-05-22 20:29:53.983 [info] > git status -z -uall [10ms]
2026-05-22 20:29:53.983 [info] > git for-each-ref --sort -committerdate --format %(refname)%00%(objectname)%00%(*objectname) [3ms]
2026-05-22 20:29:53.985 [info] > git for-each-ref --sort -committerdate --format %(refname)%00%(objectname)%00%(*objectname) [22ms]
2026-05-22 20:29:58.176 [info] > git fetch [4338ms]
2026-05-22 20:29:58.184 [info] > git fetch [4367ms]
2026-05-22 20:29:58.185 [info] > git fetch [4357ms]
2026-05-22 20:29:58.199 [info] > git config --get commit.template [15ms]
2026-05-22 20:29:58.199 [info] > git config --get commit.template [7ms]
2026-05-22 20:29:58.220 [info] > git config --get commit.template [22ms]
2026-05-22 20:29:58.220 [info] > git for-each-ref --format=%(refname)%00%(upstream:short)%00%(objectname)%00%(upstream:track)%00%(upstream:remotename)%00%(upstream:remoteref) refs/heads/amar refs/remotes/amar [7ms]
2026-05-22 20:29:58.221 [info] > git for-each-ref --format=%(refname)%00%(upstream:short)%00%(objectname)%00%(upstream:track)%00%(upstream:remotename)%00%(upstream:remoteref) refs/heads/master refs/remotes/master [15ms]
2026-05-22 20:29:58.221 [info] > git for-each-ref --format=%(refname)%00%(upstream:short)%00%(objectname)%00%(upstream:track)%00%(upstream:remotename)%00%(upstream:remoteref) refs/heads/master refs/remotes/master [2ms]
2026-05-22 20:29:58.265 [info] > git status -z -uall [37ms]
2026-05-22 20:29:58.265 [info] > git status -z -uall [20ms]
2026-05-22 20:29:58.265 [info] > git status -z -uall [8ms]
2026-05-22 20:29:58.265 [info] > git for-each-ref --sort -committerdate --format %(refname)%00%(objectname)%00%(*objectname) [31ms]
2026-05-22 20:29:58.268 [info] > git for-each-ref --sort -committerdate --format %(refname)%00%(objectname)%00%(*objectname) [4ms]
2026-05-22 20:29:58.270 [info] > git for-each-ref --sort -committerdate --format %(refname)%00%(objectname)%00%(*objectname) [19ms]
2026-05-22 20:29:59.678 [info] > git config --get commit.template [4ms]
2026-05-22 20:29:59.678 [info] > git config --get commit.template [17ms]
2026-05-22 20:29:59.686 [info] [Git][getRemotes] No remotes found in the git config file
2026-05-22 20:29:59.693 [info] [Git][getRemotes] No remotes found in the git config file
2026-05-22 20:29:59.695 [info] > git for-each-ref --format=%(refname)%00%(upstream:short)%00%(objectname)%00%(upstream:track)%00%(upstream:remotename)%00%(upstream:remoteref) refs/heads/master refs/remotes/master [9ms]
2026-05-22 20:29:59.711 [info] > git status -z -uall [8ms]
2026-05-22 20:29:59.711 [info] > git for-each-ref --format=%(refname)%00%(upstream:short)%00%(objectname)%00%(upstream:track)%00%(upstream:remotename)%00%(upstream:remoteref) refs/heads/master refs/remotes/master [18ms]
2026-05-22 20:29:59.712 [warning] [Git][getBranch] No such branch: master
2026-05-22 20:29:59.726 [info] > git status -z -uall [8ms]
2026-05-22 20:29:59.727 [info] > git for-each-ref --sort -committerdate --format %(refname)%00%(objectname)%00%(*objectname) [17ms]
2026-05-22 20:29:59.735 [info] > git for-each-ref --sort -committerdate --format %(refname)%00%(objectname)%00%(*objectname) [10ms]
2026-05-22 20:31:37.380 [info] > git config --get commit.template [8ms]
2026-05-22 20:31:37.382 [info] > git for-each-ref --format=%(refname)%00%(upstream:short)%00%(objectname)%00%(upstream:track)%00%(upstream:remotename)%00%(upstream:remoteref) refs/heads/master refs/remotes/master [3ms]
2026-05-22 20:31:37.382 [warning] [Git][getBranch] No such branch: master
2026-05-22 20:31:37.399 [info] > git status -z -uall [8ms]
2026-05-22 20:31:37.402 [info] > git for-each-ref --sort -committerdate --format %(refname)%00%(objectname)%00%(*objectname) [3ms]
2026-05-22 20:32:03.944 [info] > git config --get commit.template [8ms]
2026-05-22 20:32:03.945 [info] > git for-each-ref --format=%(refname)%00%(upstream:short)%00%(objectname)%00%(upstream:track)%00%(upstream:remotename)%00%(upstream:remoteref) refs/heads/master refs/remotes/master [2ms]
2026-05-22 20:32:03.945 [warning] [Git][getBranch] No such branch: master
2026-05-22 20:32:03.959 [info] > git status -z -uall [8ms]
2026-05-22 20:32:03.961 [info] > git for-each-ref --sort -committerdate --format %(refname)%00%(objectname)%00%(*objectname) [3ms]
2026-05-22 20:32:19.422 [info] > git check-ignore -v -z --stdin [3ms]
2026-05-22 20:32:21.561 [info] > git config --get commit.template [9ms]
2026-05-22 20:32:21.563 [info] > git for-each-ref --format=%(refname)%00%(upstream:short)%00%(objectname)%00%(upstream:track)%00%(upstream:remotename)%00%(upstream:remoteref) refs/heads/master refs/remotes/master [3ms]
2026-05-22 20:32:21.563 [warning] [Git][getBranch] No such branch: master
2026-05-22 20:32:21.579 [info] > git status -z -uall [8ms]
2026-05-22 20:32:21.589 [info] > git for-each-ref --sort -committerdate --format %(refname)%00%(objectname)%00%(*objectname) [11ms]
2026-05-22 20:32:26.606 [info] > git config --get commit.template [3ms]
2026-05-22 20:32:26.618 [info] > git for-each-ref --format=%(refname)%00%(upstream:short)%00%(objectname)%00%(upstream:track)%00%(upstream:remotename)%00%(upstream:remoteref) refs/heads/master refs/remotes/master [3ms]
2026-05-22 20:32:26.619 [warning] [Git][getBranch] No such branch: master
2026-05-22 20:32:26.638 [info] > git status -z -uall [10ms]
2026-05-22 20:32:26.640 [info] > git for-each-ref --sort -committerdate --format %(refname)%00%(objectname)%00%(*objectname) [3ms]
2026-05-22 20:32:31.657 [info] > git config --get commit.template [2ms]
2026-05-22 20:32:31.667 [info] > git for-each-ref --format=%(refname)%00%(upstream:short)%00%(objectname)%00%(upstream:track)%00%(upstream:remotename)%00%(upstream:remoteref) refs/heads/master refs/remotes/master [2ms]
2026-05-22 20:32:31.667 [warning] [Git][getBranch] No such branch: master
2026-05-22 20:32:31.682 [info] > git status -z -uall [8ms]
2026-05-22 20:32:31.684 [info] > git for-each-ref --sort -committerdate --format %(refname)%00%(objectname)%00%(*objectname) [2ms]
2026-05-22 20:32:36.706 [info] > git config --get commit.template [9ms]
2026-05-22 20:32:36.707 [info] > git for-each-ref --format=%(refname)%00%(upstream:short)%00%(objectname)%00%(upstream:track)%00%(upstream:remotename)%00%(upstream:remoteref) refs/heads/master refs/remotes/master [2ms]
2026-05-22 20:32:36.707 [warning] [Git][getBranch] No such branch: master
2026-05-22 20:32:36.722 [info] > git status -z -uall [8ms]
2026-05-22 20:32:36.724 [info] > git for-each-ref --sort -committerdate --format %(refname)%00%(objectname)%00%(*objectname) [3ms]
2026-05-22 20:32:54.007 [info] > git fetch [16ms]
2026-05-22 20:32:54.016 [info] > git fetch [11ms]
2026-05-22 20:32:54.026 [info] > git config --get commit.template [11ms]
2026-05-22 20:32:54.035 [info] [Git][getRemotes] No remotes found in the git config file
2026-05-22 20:32:54.036 [info] > git config --get commit.template [10ms]
2026-05-22 20:32:54.045 [info] [Git][getRemotes] No remotes found in the git config file
2026-05-22 20:32:54.046 [info] > git for-each-ref --format=%(refname)%00%(upstream:short)%00%(objectname)%00%(upstream:track)%00%(upstream:remotename)%00%(upstream:remoteref) refs/heads/master refs/remotes/master [12ms]
2026-05-22 20:32:54.062 [info] > git status -z -uall [8ms]
2026-05-22 20:32:54.063 [info] > git for-each-ref --format=%(refname)%00%(upstream:short)%00%(objectname)%00%(upstream:track)%00%(upstream:remotename)%00%(upstream:remoteref) refs/heads/master refs/remotes/master [18ms]
2026-05-22 20:32:54.063 [warning] [Git][getBranch] No such branch: master
2026-05-22 20:32:54.079 [info] > git status -z -uall [8ms]
2026-05-22 20:32:54.079 [info] > git for-each-ref --sort -committerdate --format %(refname)%00%(objectname)%00%(*objectname) [2ms]
2026-05-22 20:32:54.081 [info] > git for-each-ref --sort -committerdate --format %(refname)%00%(objectname)%00%(*objectname) [21ms]
2026-05-22 20:32:58.819 [info] > git fetch [4821ms]
2026-05-22 20:32:58.835 [info] > git config --get commit.template [8ms]
2026-05-22 20:32:58.836 [info] > git for-each-ref --format=%(refname)%00%(upstream:short)%00%(objectname)%00%(upstream:track)%00%(upstream:remotename)%00%(upstream:remoteref) refs/heads/master refs/remotes/master [2ms]
2026-05-22 20:32:58.836 [warning] [Git][getBranch] No such branch: master
2026-05-22 20:32:58.851 [info] > git status -z -uall [8ms]
2026-05-22 20:32:58.853 [info] > git for-each-ref --sort -committerdate --format %(refname)%00%(objectname)%00%(*objectname) [3ms]
2026-05-22 20:33:02.716 [info] > git fetch [4431ms]
2026-05-22 20:33:02.725 [info] > git fetch [4432ms]
2026-05-22 20:33:02.725 [info] > git fetch [4449ms]
2026-05-22 20:33:02.741 [info] > git config --get commit.template [9ms]
2026-05-22 20:33:02.742 [info] > git config --get commit.template [17ms]
2026-05-22 20:33:02.751 [info] > git config --get commit.template [12ms]
2026-05-22 20:33:02.768 [info] > git for-each-ref --format=%(refname)%00%(upstream:short)%00%(objectname)%00%(upstream:track)%00%(upstream:remotename)%00%(upstream:remoteref) refs/heads/master refs/remotes/master [18ms]
2026-05-22 20:33:02.768 [info] > git for-each-ref --format=%(refname)%00%(upstream:short)%00%(objectname)%00%(upstream:track)%00%(upstream:remotename)%00%(upstream:remoteref) refs/heads/master refs/remotes/master [9ms]
2026-05-22 20:33:02.769 [info] > git for-each-ref --format=%(refname)%00%(upstream:short)%00%(objectname)%00%(upstream:track)%00%(upstream:remotename)%00%(upstream:remoteref) refs/heads/amar refs/remotes/amar [3ms]
2026-05-22 20:33:02.797 [info] > git status -z -uall [21ms]
2026-05-22 20:33:02.797 [info] > git status -z -uall [7ms]
2026-05-22 20:33:02.812 [info] > git for-each-ref --sort -committerdate --format %(refname)%00%(objectname)%00%(*objectname) [29ms]
2026-05-22 20:33:02.815 [info] > git status -z -uall [11ms]
2026-05-22 20:33:02.815 [info] > git for-each-ref --sort -committerdate --format %(refname)%00%(objectname)%00%(*objectname) [4ms]
2026-05-22 20:33:02.818 [info] > git for-each-ref --sort -committerdate --format %(refname)%00%(objectname)%00%(*objectname) [21ms]
