2026-05-18 14:35:20.550 [info] [main] Log level: Info
2026-05-18 14:35:20.550 [info] [main] Validating found git in: "git"
2026-05-18 14:35:20.550 [info] [main] Using git "2.54.0" from "git"
2026-05-18 14:35:20.550 [info] [Model][doInitialScan] Initial repository scan started
2026-05-18 14:35:20.550 [info] > git rev-parse --show-toplevel [43ms]
2026-05-18 14:35:20.550 [info] fatal: not a git repository (or any of the parent directories): .git
2026-05-18 14:35:20.550 [info] > git rev-parse --show-toplevel [588ms]
2026-05-18 14:35:20.550 [info] fatal: not a git repository (or any of the parent directories): .git
2026-05-18 14:35:20.711 [info] > git rev-parse --show-toplevel [154ms]
2026-05-18 14:35:20.711 [info] fatal: not a git repository (or any of the parent directories): .git
2026-05-18 14:35:20.760 [info] > git rev-parse --show-toplevel [38ms]
2026-05-18 14:35:20.760 [info] fatal: not a git repository (or any of the parent directories): .git
2026-05-18 14:35:20.798 [info] > git rev-parse --show-toplevel [16ms]
2026-05-18 14:35:20.798 [info] fatal: not a git repository (or any of the parent directories): .git
2026-05-18 14:35:20.810 [info] > git rev-parse --show-toplevel [3ms]
2026-05-18 14:35:20.810 [info] fatal: not a git repository (or any of the parent directories): .git
2026-05-18 14:35:20.841 [info] > git rev-parse --show-toplevel [14ms]
2026-05-18 14:35:20.878 [info] > git rev-parse --git-dir --git-common-dir --show-superproject-working-tree [25ms]
2026-05-18 14:35:21.083 [info] [Model][openRepository] Opened repository (path): /home/amar/Code/CAN
2026-05-18 14:35:21.083 [info] [Model][openRepository] Opened repository (real path): /home/amar/Code/CAN
2026-05-18 14:35:21.083 [info] [Model][openRepository] Opened repository (kind): repository
2026-05-18 14:35:21.112 [info] > git fetch [29ms]
2026-05-18 14:35:21.169 [info] > git config --get --local core.virtualfilesystem [48ms]
2026-05-18 14:35:21.169 [warning] [Git][config] git config failed: Failed to execute git
2026-05-18 14:35:21.171 [info] > git rev-parse --show-toplevel [60ms]
2026-05-18 14:35:21.171 [info] fatal: not a git repository (or any of the parent directories): .git
2026-05-18 14:35:21.172 [info] > git config --get commit.template [68ms]
2026-05-18 14:35:21.173 [info] > git config --get --local core.virtualfilesystem [78ms]
2026-05-18 14:35:21.173 [warning] [Git][config] git config failed: Failed to execute git
2026-05-18 14:35:21.221 [info] > git config --get commit.template [64ms]
2026-05-18 14:35:21.256 [info] [Git][getRemotes] No remotes found in the git config file
2026-05-18 14:35:21.258 [info] > git rev-parse --show-toplevel [48ms]
2026-05-18 14:35:21.271 [info] [Git][getRemotes] No remotes found in the git config file
2026-05-18 14:35:21.284 [info] > git for-each-ref --format=%(refname)%00%(upstream:short)%00%(objectname)%00%(upstream:track)%00%(upstream:remotename)%00%(upstream:remoteref) refs/heads/master refs/remotes/master [28ms]
2026-05-18 14:35:21.318 [info] > git for-each-ref --format=%(refname)%00%(upstream:short)%00%(objectname)%00%(upstream:track)%00%(upstream:remotename)%00%(upstream:remoteref) refs/heads/master refs/remotes/master [16ms]
2026-05-18 14:35:21.329 [info] > git rev-parse --git-dir --git-common-dir --show-superproject-working-tree [47ms]
2026-05-18 14:35:21.329 [info] > git for-each-ref --format=%(refname)%00%(upstream:short)%00%(objectname)%00%(upstream:track)%00%(upstream:remotename)%00%(upstream:remoteref) refs/heads/master refs/remotes/master [59ms]
2026-05-18 14:35:21.337 [info] > git config --get --local branch.master.vscode-merge-base [8ms]
2026-05-18 14:35:21.337 [warning] [Git][config] git config failed: Failed to execute git
2026-05-18 14:35:21.345 [info] > git config --get commit.template [28ms]
2026-05-18 14:35:21.354 [info] [Git][getRemotes] No remotes found in the git config file
2026-05-18 14:35:21.356 [info] > git reflog master --grep-reflog=branch: Created from *. [12ms]
2026-05-18 14:35:21.358 [info] > git for-each-ref --format=%(refname)%00%(upstream:short)%00%(objectname)%00%(upstream:track)%00%(upstream:remotename)%00%(upstream:remoteref) refs/heads/master refs/remotes/master [5ms]
2026-05-18 14:35:21.375 [info] > git status -z -uall [9ms]
2026-05-18 14:35:21.385 [info] > git for-each-ref --sort -committerdate --format %(refname)%00%(objectname)%00%(*objectname) [12ms]
2026-05-18 14:35:21.473 [info] [Model][openRepository] Opened repository (path): /home/amar/Code/batcheck
2026-05-18 14:35:21.473 [info] [Model][openRepository] Opened repository (real path): /home/amar/Code/batcheck
2026-05-18 14:35:21.473 [info] [Model][openRepository] Opened repository (kind): repository
2026-05-18 14:35:21.514 [info] > git rev-parse --show-toplevel [14ms]
2026-05-18 14:35:21.515 [info] > git config --get commit.template [27ms]
2026-05-18 14:35:21.515 [info] > git config --get --local core.virtualfilesystem [34ms]
2026-05-18 14:35:21.515 [warning] [Git][config] git config failed: Failed to execute git
2026-05-18 14:35:21.551 [info] > git rev-parse --git-dir --git-common-dir --show-superproject-working-tree [19ms]
2026-05-18 14:35:21.561 [info] > git for-each-ref --format=%(refname)%00%(upstream:short)%00%(objectname)%00%(upstream:track)%00%(upstream:remotename)%00%(upstream:remoteref) refs/heads/master refs/remotes/master [11ms]
2026-05-18 14:35:21.586 [info] > git status -z -uall [9ms]
2026-05-18 14:35:21.614 [info] > git for-each-ref --sort -committerdate --format %(refname)%00%(objectname)%00%(*objectname) [30ms]
2026-05-18 14:35:21.640 [info] > git for-each-ref --format=%(refname)%00%(upstream:short)%00%(objectname)%00%(upstream:track)%00%(upstream:remotename)%00%(upstream:remoteref) refs/heads/master refs/remotes/master [13ms]
2026-05-18 14:35:21.666 [info] [Model][openRepository] Opened repository (path): /home/amar/Code/first-contributions
2026-05-18 14:35:21.666 [info] [Model][openRepository] Opened repository (real path): /home/amar/Code/first-contributions
2026-05-18 14:35:21.666 [info] [Model][openRepository] Opened repository (kind): repository
2026-05-18 14:35:21.700 [info] > git config --get --local core.virtualfilesystem [25ms]
2026-05-18 14:35:21.700 [warning] [Git][config] git config failed: Failed to execute git
2026-05-18 14:35:21.700 [info] > git config --get --local branch.master.vscode-merge-base [50ms]
2026-05-18 14:35:21.708 [info] > git config --get commit.template [70ms]
2026-05-18 14:35:21.727 [info] > git for-each-ref --format=%(refname)%00%(upstream:short)%00%(objectname)%00%(upstream:track)%00%(upstream:remotename)%00%(upstream:remoteref) refs/heads/origin/master refs/remotes/origin/master [19ms]
2026-05-18 14:35:21.736 [info] > git rev-parse --show-toplevel [37ms]
2026-05-18 14:35:21.736 [info] > git config --get commit.template [44ms]
2026-05-18 14:35:21.760 [info] > git for-each-ref --format=%(refname)%00%(upstream:short)%00%(objectname)%00%(upstream:track)%00%(upstream:remotename)%00%(upstream:remoteref) refs/heads/master refs/remotes/master [16ms]
2026-05-18 14:35:21.761 [info] > git merge-base refs/heads/master refs/remotes/origin/master [26ms]
2026-05-18 14:35:21.772 [info] > git for-each-ref --format=%(refname)%00%(upstream:short)%00%(objectname)%00%(upstream:track)%00%(upstream:remotename)%00%(upstream:remoteref) refs/heads/amar refs/remotes/amar [14ms]
2026-05-18 14:35:21.773 [info] > git rev-parse --git-dir --git-common-dir --show-superproject-working-tree [22ms]
2026-05-18 14:35:21.780 [info] > git diff --raw --numstat --diff-filter=ADMR -z --find-renames=50% 8a879742d4dac74892d24b9fae776d408c4a1750...refs/remotes/origin/master -- [10ms]
2026-05-18 14:35:21.825 [info] > git status -z -uall [28ms]
2026-05-18 14:35:21.825 [info] > git status -z -uall [8ms]
2026-05-18 14:35:21.825 [info] > git for-each-ref --sort -committerdate --format %(refname)%00%(objectname)%00%(*objectname) [20ms]
2026-05-18 14:35:21.840 [info] > git for-each-ref --sort -committerdate --format %(refname)%00%(objectname)%00%(*objectname) [16ms]
2026-05-18 14:35:21.866 [info] > git for-each-ref --format=%(refname)%00%(upstream:short)%00%(objectname)%00%(upstream:track)%00%(upstream:remotename)%00%(upstream:remoteref) refs/heads/amar refs/remotes/amar [14ms]
2026-05-18 14:35:21.888 [info] [Model][openRepository] Opened repository (path): /home/amar/Code/helotui
2026-05-18 14:35:21.888 [info] [Model][openRepository] Opened repository (real path): /home/amar/Code/helotui
2026-05-18 14:35:21.888 [info] [Model][openRepository] Opened repository (kind): repository
2026-05-18 14:35:21.919 [info] > git config --get --local core.virtualfilesystem [23ms]
2026-05-18 14:35:21.919 [warning] [Git][config] git config failed: Failed to execute git
2026-05-18 14:35:21.919 [info] > git fetch [32ms]
2026-05-18 14:35:21.920 [info] > git config --get --local branch.amar.vscode-merge-base [47ms]
2026-05-18 14:35:21.928 [info] > git config --get commit.template [63ms]
2026-05-18 14:35:21.937 [info] > git rev-parse --show-toplevel [20ms]
2026-05-18 14:35:21.937 [info] fatal: not a git repository (or any of the parent directories): .git
2026-05-18 14:35:21.937 [info] > git config --get commit.template [26ms]
2026-05-18 14:35:21.969 [info] > git config --get commit.template [33ms]
2026-05-18 14:35:21.969 [info] > git for-each-ref --format=%(refname)%00%(upstream:short)%00%(objectname)%00%(upstream:track)%00%(upstream:remotename)%00%(upstream:remoteref) refs/heads/origin/main refs/remotes/origin/main [41ms]
2026-05-18 14:35:22.002 [info] [Git][getRemotes] No remotes found in the git config file
2026-05-18 14:35:22.004 [info] > git merge-base refs/heads/amar refs/remotes/origin/amar [24ms]
2026-05-18 14:35:22.016 [info] > git rev-parse --show-toplevel [58ms]
2026-05-18 14:35:22.016 [info] fatal: not a git repository (or any of the parent directories): .git
2026-05-18 14:35:22.017 [info] [Model][doInitialScan] Initial repository scan completed - repositories (4), closed repositories (0), parent repositories (0), unsafe repositories (0)
2026-05-18 14:35:22.018 [info] > git for-each-ref --format=%(refname)%00%(upstream:short)%00%(objectname)%00%(upstream:track)%00%(upstream:remotename)%00%(upstream:remoteref) refs/heads/amar refs/remotes/amar [70ms]
2026-05-18 14:35:22.024 [info] [Git][getRemotes] No remotes found in the git config file
2026-05-18 14:35:22.043 [info] > git diff --raw --numstat --diff-filter=ADMR -z --find-renames=50% 2c3c1f1979d0459a43d31f3424d0f4a2bf354246...refs/remotes/origin/amar -- [30ms]
2026-05-18 14:35:22.044 [info] > git for-each-ref --format=%(refname)%00%(upstream:short)%00%(objectname)%00%(upstream:track)%00%(upstream:remotename)%00%(upstream:remoteref) refs/heads/master refs/remotes/master [42ms]
2026-05-18 14:35:22.045 [warning] [Git][getBranch] No such branch: master
2026-05-18 14:35:22.074 [info] > git for-each-ref --format=%(refname)%00%(upstream:short)%00%(objectname)%00%(upstream:track)%00%(upstream:remotename)%00%(upstream:remoteref) refs/heads/master refs/remotes/master [17ms]
2026-05-18 14:35:22.074 [warning] [Git][getBranch] No such branch: master
2026-05-18 14:35:22.075 [error] [GitHistoryProvider][resolveHEADMergeBase] Failed to resolve merge base for master: Error: No such branch: master.
2026-05-18 14:35:22.075 [info] > git rev-parse --show-toplevel [34ms]
2026-05-18 14:35:22.075 [info] fatal: not a git repository (or any of the parent directories): .git
2026-05-18 14:35:22.075 [info] > git for-each-ref --format=%(refname)%00%(upstream:short)%00%(objectname)%00%(upstream:track)%00%(upstream:remotename)%00%(upstream:remoteref) refs/heads/master refs/remotes/master [43ms]
2026-05-18 14:35:22.075 [warning] [Git][getBranch] No such branch: master
2026-05-18 14:35:22.087 [info] > git config --get commit.template [13ms]
2026-05-18 14:35:22.107 [info] [Git][getRemotes] No remotes found in the git config file
2026-05-18 14:35:22.117 [info] > git status -z -uall [22ms]
2026-05-18 14:35:22.117 [info] > git for-each-ref --sort -committerdate --format %(refname)%00%(objectname)%00%(*objectname) [15ms]
2026-05-18 14:35:22.122 [info] > git rev-parse --show-toplevel [36ms]
2026-05-18 14:35:22.122 [info] fatal: not a git repository (or any of the parent directories): .git
2026-05-18 14:35:22.123 [info] > git for-each-ref --format=%(refname)%00%(upstream:short)%00%(objectname)%00%(upstream:track)%00%(upstream:remotename)%00%(upstream:remoteref) refs/heads/master refs/remotes/master [7ms]
2026-05-18 14:35:22.123 [warning] [Git][getBranch] No such branch: master
2026-05-18 14:35:22.141 [info] > git status -z -uall [10ms]
2026-05-18 14:35:22.142 [info] > git for-each-ref --sort -committerdate --format %(refname)%00%(objectname)%00%(*objectname) [4ms]
2026-05-18 14:35:25.649 [info] > git rev-parse --show-toplevel [29ms]
2026-05-18 14:35:25.649 [info] fatal: not a git repository (or any of the parent directories): .git
2026-05-18 14:35:25.700 [info] > git fetch [4228ms]
2026-05-18 14:35:25.716 [info] > git config --get commit.template [8ms]
2026-05-18 14:35:25.718 [info] > git for-each-ref --format=%(refname)%00%(upstream:short)%00%(objectname)%00%(upstream:track)%00%(upstream:remotename)%00%(upstream:remoteref) refs/heads/master refs/remotes/master [3ms]
2026-05-18 14:35:25.735 [info] > git status -z -uall [9ms]
2026-05-18 14:35:25.736 [info] > git for-each-ref --sort -committerdate --format %(refname)%00%(objectname)%00%(*objectname) [4ms]
2026-05-18 14:35:26.121 [info] > git fetch [4455ms]
2026-05-18 14:35:26.137 [info] > git config --get commit.template [6ms]
2026-05-18 14:35:26.152 [info] > git for-each-ref --format=%(refname)%00%(upstream:short)%00%(objectname)%00%(upstream:track)%00%(upstream:remotename)%00%(upstream:remoteref) refs/heads/amar refs/remotes/amar [4ms]
2026-05-18 14:35:26.196 [info] > git status -z -uall [35ms]
2026-05-18 14:35:26.196 [info] > git for-each-ref --sort -committerdate --format %(refname)%00%(objectname)%00%(*objectname) [27ms]
2026-05-18 14:35:26.203 [info] > git rev-parse --show-toplevel [8ms]
2026-05-18 14:35:26.203 [info] fatal: not a git repository (or any of the parent directories): .git
2026-05-18 14:35:46.278 [info] > git check-ignore -v -z --stdin [26ms]
2026-05-18 14:35:46.279 [info] > git check-ignore -v -z --stdin [19ms]
2026-05-18 14:35:46.280 [info] > git check-ignore -v -z --stdin [11ms]
2026-05-18 14:35:46.280 [info] > git check-ignore -v -z --stdin [4ms]
2026-05-18 14:35:59.199 [info] > git rev-parse --show-toplevel [42ms]
2026-05-18 14:35:59.199 [info] fatal: not a git repository (or any of the parent directories): .git
2026-05-18 14:38:21.846 [info] > git fetch [8ms]
2026-05-18 14:38:21.863 [info] [Git][getRemotes] No remotes found in the git config file
2026-05-18 14:38:21.864 [info] > git config --get commit.template [8ms]
2026-05-18 14:38:21.864 [info] > git for-each-ref --format=%(refname)%00%(upstream:short)%00%(objectname)%00%(upstream:track)%00%(upstream:remotename)%00%(upstream:remoteref) refs/heads/master refs/remotes/master [2ms]
2026-05-18 14:38:21.879 [info] > git status -z -uall [8ms]
2026-05-18 14:38:21.881 [info] > git for-each-ref --sort -committerdate --format %(refname)%00%(objectname)%00%(*objectname) [3ms]
2026-05-18 14:38:22.589 [info] > git fetch [8ms]
2026-05-18 14:38:22.599 [info] [Git][getRemotes] No remotes found in the git config file
2026-05-18 14:38:22.606 [info] > git config --get commit.template [9ms]
2026-05-18 14:38:22.607 [info] > git for-each-ref --format=%(refname)%00%(upstream:short)%00%(objectname)%00%(upstream:track)%00%(upstream:remotename)%00%(upstream:remoteref) refs/heads/master refs/remotes/master [2ms]
2026-05-18 14:38:22.607 [warning] [Git][getBranch] No such branch: master
2026-05-18 14:38:22.623 [info] > git status -z -uall [8ms]
2026-05-18 14:38:22.624 [info] > git for-each-ref --sort -committerdate --format %(refname)%00%(objectname)%00%(*objectname) [2ms]
2026-05-18 14:38:22.939 [info] [Git][getRemotes] No remotes found in the git config file
2026-05-18 14:38:22.940 [info] > git config --get commit.template [9ms]
2026-05-18 14:38:22.941 [info] > git for-each-ref --format=%(refname)%00%(upstream:short)%00%(objectname)%00%(upstream:track)%00%(upstream:remotename)%00%(upstream:remoteref) refs/heads/master refs/remotes/master [3ms]
2026-05-18 14:38:22.956 [info] > git status -z -uall [9ms]
2026-05-18 14:38:22.958 [info] > git for-each-ref --sort -committerdate --format %(refname)%00%(objectname)%00%(*objectname) [3ms]
2026-05-18 14:38:23.681 [info] [Git][getRemotes] No remotes found in the git config file
2026-05-18 14:38:23.683 [info] > git config --get commit.template [8ms]
2026-05-18 14:38:23.689 [info] > git for-each-ref --format=%(refname)%00%(upstream:short)%00%(objectname)%00%(upstream:track)%00%(upstream:remotename)%00%(upstream:remoteref) refs/heads/master refs/remotes/master [8ms]
2026-05-18 14:38:23.689 [warning] [Git][getBranch] No such branch: master
2026-05-18 14:38:23.705 [info] > git status -z -uall [9ms]
2026-05-18 14:38:23.707 [info] > git for-each-ref --sort -committerdate --format %(refname)%00%(objectname)%00%(*objectname) [3ms]
2026-05-18 14:38:31.304 [info] > git fetch [4599ms]
2026-05-18 14:38:31.306 [info] > git fetch [5064ms]
2026-05-18 14:38:31.322 [info] > git config --get commit.template [8ms]
2026-05-18 14:38:31.340 [info] > git for-each-ref --format=%(refname)%00%(upstream:short)%00%(objectname)%00%(upstream:track)%00%(upstream:remotename)%00%(upstream:remoteref) refs/heads/amar refs/remotes/amar [10ms]
2026-05-18 14:38:31.340 [info] > git config --get commit.template [19ms]
2026-05-18 14:38:31.341 [info] > git for-each-ref --format=%(refname)%00%(upstream:short)%00%(objectname)%00%(upstream:track)%00%(upstream:remotename)%00%(upstream:remoteref) refs/heads/master refs/remotes/master [4ms]
2026-05-18 14:38:31.373 [info] > git status -z -uall [24ms]
2026-05-18 14:38:31.373 [info] > git status -z -uall [9ms]
2026-05-18 14:38:31.374 [info] > git for-each-ref --sort -committerdate --format %(refname)%00%(objectname)%00%(*objectname) [17ms]
2026-05-18 14:38:31.377 [info] > git for-each-ref --sort -committerdate --format %(refname)%00%(objectname)%00%(*objectname) [5ms]
2026-05-18 14:43:30.934 [info] > git fetch [22ms]
2026-05-18 14:43:30.937 [info] > git fetch [38ms]
2026-05-18 14:43:30.960 [info] > git config --get commit.template [10ms]
2026-05-18 14:43:30.968 [info] [Git][getRemotes] No remotes found in the git config file
2026-05-18 14:43:30.969 [info] [Git][getRemotes] No remotes found in the git config file
2026-05-18 14:43:30.978 [info] > git for-each-ref --format=%(refname)%00%(upstream:short)%00%(objectname)%00%(upstream:track)%00%(upstream:remotename)%00%(upstream:remoteref) refs/heads/master refs/remotes/master [10ms]
2026-05-18 14:43:30.978 [warning] [Git][getBranch] No such branch: master
2026-05-18 14:43:30.994 [info] > git config --get commit.template [34ms]
2026-05-18 14:43:30.997 [info] > git status -z -uall [11ms]
2026-05-18 14:43:30.999 [info] > git for-each-ref --format=%(refname)%00%(upstream:short)%00%(objectname)%00%(upstream:track)%00%(upstream:remotename)%00%(upstream:remoteref) refs/heads/master refs/remotes/master [23ms]
2026-05-18 14:43:31.016 [info] > git status -z -uall [10ms]
2026-05-18 14:43:31.017 [info] > git for-each-ref --sort -committerdate --format %(refname)%00%(objectname)%00%(*objectname) [24ms]
2026-05-18 14:43:31.023 [info] > git for-each-ref --sort -committerdate --format %(refname)%00%(objectname)%00%(*objectname) [9ms]
2026-05-18 14:43:34.048 [info] > git fetch [3116ms]
2026-05-18 14:43:34.060 [info] > git fetch [3138ms]
2026-05-18 14:43:34.072 [info] > git config --get commit.template [14ms]
2026-05-18 14:43:34.081 [info] > git config --get commit.template [10ms]
2026-05-18 14:43:34.090 [info] > git for-each-ref --format=%(refname)%00%(upstream:short)%00%(objectname)%00%(upstream:track)%00%(upstream:remotename)%00%(upstream:remoteref) refs/heads/master refs/remotes/master [10ms]
2026-05-18 14:43:34.091 [info] > git for-each-ref --format=%(refname)%00%(upstream:short)%00%(objectname)%00%(upstream:track)%00%(upstream:remotename)%00%(upstream:remoteref) refs/heads/amar refs/remotes/amar [4ms]
2026-05-18 14:43:34.124 [info] > git status -z -uall [24ms]
2026-05-18 14:43:34.124 [info] > git status -z -uall [8ms]
2026-05-18 14:43:34.126 [info] > git for-each-ref --sort -committerdate --format %(refname)%00%(objectname)%00%(*objectname) [18ms]
2026-05-18 14:43:34.132 [info] > git for-each-ref --sort -committerdate --format %(refname)%00%(objectname)%00%(*objectname) [9ms]
2026-05-18 14:44:53.255 [info] [Git][getRemotes] No remotes found in the git config file
2026-05-18 14:44:53.257 [info] > git config --get commit.template [11ms]
2026-05-18 14:44:53.257 [info] > git for-each-ref --format=%(refname)%00%(upstream:short)%00%(objectname)%00%(upstream:track)%00%(upstream:remotename)%00%(upstream:remoteref) refs/heads/master refs/remotes/master [2ms]
2026-05-18 14:44:53.257 [warning] [Git][getBranch] No such branch: master
2026-05-18 14:44:53.278 [info] > git status -z -uall [12ms]
2026-05-18 14:44:53.281 [info] > git for-each-ref --sort -committerdate --format %(refname)%00%(objectname)%00%(*objectname) [4ms]
2026-05-18 14:45:06.508 [info] > git rev-parse --show-toplevel [4ms]
2026-05-18 14:45:06.509 [info] fatal: not a git repository (or any of the parent directories): .git
2026-05-18 14:46:31.267 [info] > git fetch [14ms]
2026-05-18 14:46:31.283 [info] > git fetch [17ms]
2026-05-18 14:46:31.295 [info] > git config --get commit.template [14ms]
2026-05-18 14:46:31.302 [info] [Git][getRemotes] No remotes found in the git config file
2026-05-18 14:46:31.304 [info] > git config --get commit.template [10ms]
2026-05-18 14:46:31.313 [info] [Git][getRemotes] No remotes found in the git config file
2026-05-18 14:46:31.316 [info] > git for-each-ref --format=%(refname)%00%(upstream:short)%00%(objectname)%00%(upstream:track)%00%(upstream:remotename)%00%(upstream:remoteref) refs/heads/master refs/remotes/master [3ms]
2026-05-18 14:46:31.330 [info] > git for-each-ref --format=%(refname)%00%(upstream:short)%00%(objectname)%00%(upstream:track)%00%(upstream:remotename)%00%(upstream:remoteref) refs/heads/master refs/remotes/master [28ms]
2026-05-18 14:46:31.330 [warning] [Git][getBranch] No such branch: master
2026-05-18 14:46:31.345 [info] > git status -z -uall [22ms]
2026-05-18 14:46:31.345 [info] > git status -z -uall [8ms]
2026-05-18 14:46:31.345 [info] > git for-each-ref --sort -committerdate --format %(refname)%00%(objectname)%00%(*objectname) [16ms]
2026-05-18 14:46:31.349 [info] > git for-each-ref --sort -committerdate --format %(refname)%00%(objectname)%00%(*objectname) [5ms]
2026-05-18 14:46:32.361 [info] [Git][getRemotes] No remotes found in the git config file
2026-05-18 14:46:32.369 [info] > git config --get commit.template [9ms]
2026-05-18 14:46:32.371 [info] > git for-each-ref --format=%(refname)%00%(upstream:short)%00%(objectname)%00%(upstream:track)%00%(upstream:remotename)%00%(upstream:remoteref) refs/heads/master refs/remotes/master [3ms]
2026-05-18 14:46:32.385 [info] > git status -z -uall [7ms]
2026-05-18 14:46:32.386 [info] > git for-each-ref --sort -committerdate --format %(refname)%00%(objectname)%00%(*objectname) [2ms]
2026-05-18 14:46:35.956 [info] > git rev-parse --show-toplevel [4ms]
2026-05-18 14:46:35.956 [info] fatal: not a git repository (or any of the parent directories): .git
2026-05-18 14:46:38.937 [info] > git fetch [4797ms]
2026-05-18 14:46:38.953 [info] > git config --get commit.template [7ms]
2026-05-18 14:46:38.954 [info] > git for-each-ref --format=%(refname)%00%(upstream:short)%00%(objectname)%00%(upstream:track)%00%(upstream:remotename)%00%(upstream:remoteref) refs/heads/master refs/remotes/master [2ms]
2026-05-18 14:46:38.972 [info] > git status -z -uall [9ms]
2026-05-18 14:46:38.973 [info] > git for-each-ref --sort -committerdate --format %(refname)%00%(objectname)%00%(*objectname) [3ms]
2026-05-18 14:46:39.140 [info] > git fetch [4993ms]
2026-05-18 14:46:39.171 [info] > git config --get commit.template [13ms]
2026-05-18 14:46:39.175 [info] > git for-each-ref --format=%(refname)%00%(upstream:short)%00%(objectname)%00%(upstream:track)%00%(upstream:remotename)%00%(upstream:remoteref) refs/heads/amar refs/remotes/amar [6ms]
2026-05-18 14:46:39.202 [info] > git status -z -uall [16ms]
2026-05-18 14:46:39.206 [info] > git for-each-ref --sort -committerdate --format %(refname)%00%(objectname)%00%(*objectname) [6ms]
2026-05-18 14:49:52.143 [info] > git fetch [24ms]
2026-05-18 14:49:52.145 [info] > git fetch [38ms]
2026-05-18 14:49:52.169 [info] > git config --get commit.template [9ms]
2026-05-18 14:49:52.178 [info] [Git][getRemotes] No remotes found in the git config file
2026-05-18 14:49:52.187 [info] [Git][getRemotes] No remotes found in the git config file
2026-05-18 14:49:52.189 [info] > git config --get commit.template [21ms]
2026-05-18 14:49:52.189 [info] > git for-each-ref --format=%(refname)%00%(upstream:short)%00%(objectname)%00%(upstream:track)%00%(upstream:remotename)%00%(upstream:remoteref) refs/heads/master refs/remotes/master [12ms]
2026-05-18 14:49:52.190 [warning] [Git][getBranch] No such branch: master
2026-05-18 14:49:52.212 [info] > git status -z -uall [15ms]
2026-05-18 14:49:52.213 [info] > git for-each-ref --sort -committerdate --format %(refname)%00%(objectname)%00%(*objectname) [8ms]
2026-05-18 14:49:52.217 [info] > git for-each-ref --format=%(refname)%00%(upstream:short)%00%(objectname)%00%(upstream:track)%00%(upstream:remotename)%00%(upstream:remoteref) refs/heads/master refs/remotes/master [30ms]
2026-05-18 14:49:52.237 [info] > git status -z -uall [10ms]
2026-05-18 14:49:52.240 [info] > git for-each-ref --sort -committerdate --format %(refname)%00%(objectname)%00%(*objectname) [4ms]
2026-05-18 14:49:53.287 [info] [Git][getRemotes] No remotes found in the git config file
2026-05-18 14:49:53.295 [info] > git config --get commit.template [9ms]
2026-05-18 14:49:53.296 [info] > git for-each-ref --format=%(refname)%00%(upstream:short)%00%(objectname)%00%(upstream:track)%00%(upstream:remotename)%00%(upstream:remoteref) refs/heads/master refs/remotes/master [2ms]
2026-05-18 14:49:53.296 [warning] [Git][getBranch] No such branch: master
2026-05-18 14:49:53.314 [info] > git status -z -uall [10ms]
2026-05-18 14:49:53.315 [info] > git for-each-ref --sort -committerdate --format %(refname)%00%(objectname)%00%(*objectname) [2ms]
2026-05-18 14:49:57.220 [info] > git fetch [5090ms]
2026-05-18 14:49:57.232 [info] > git fetch [5090ms]
2026-05-18 14:49:57.242 [info] > git config --get commit.template [3ms]
2026-05-18 14:49:57.242 [info] > git config --get commit.template [11ms]
2026-05-18 14:49:57.258 [info] > git for-each-ref --format=%(refname)%00%(upstream:short)%00%(objectname)%00%(upstream:track)%00%(upstream:remotename)%00%(upstream:remoteref) refs/heads/master refs/remotes/master [9ms]
2026-05-18 14:49:57.279 [info] > git status -z -uall [11ms]
2026-05-18 14:49:57.280 [info] > git for-each-ref --format=%(refname)%00%(upstream:short)%00%(objectname)%00%(upstream:track)%00%(upstream:remotename)%00%(upstream:remoteref) refs/heads/amar refs/remotes/amar [23ms]
2026-05-18 14:49:57.299 [info] > git status -z -uall [11ms]
2026-05-18 14:49:57.300 [info] > git for-each-ref --sort -committerdate --format %(refname)%00%(objectname)%00%(*objectname) [22ms]
2026-05-18 14:49:57.303 [info] > git for-each-ref --sort -committerdate --format %(refname)%00%(objectname)%00%(*objectname) [6ms]
2026-05-18 14:54:08.690 [info] > git fetch [21ms]
2026-05-18 14:54:08.691 [info] > git fetch [33ms]
2026-05-18 14:54:08.711 [info] > git config --get commit.template [9ms]
2026-05-18 14:54:08.725 [info] [Git][getRemotes] No remotes found in the git config file
2026-05-18 14:54:08.726 [info] [Git][getRemotes] No remotes found in the git config file
2026-05-18 14:54:08.727 [info] > git for-each-ref --format=%(refname)%00%(upstream:short)%00%(objectname)%00%(upstream:track)%00%(upstream:remotename)%00%(upstream:remoteref) refs/heads/master refs/remotes/master [9ms]
2026-05-18 14:54:08.745 [info] > git config --get commit.template [35ms]
2026-05-18 14:54:08.748 [info] > git status -z -uall [11ms]
2026-05-18 14:54:08.750 [info] > git for-each-ref --format=%(refname)%00%(upstream:short)%00%(objectname)%00%(upstream:track)%00%(upstream:remotename)%00%(upstream:remoteref) refs/heads/master refs/remotes/master [25ms]
2026-05-18 14:54:08.750 [warning] [Git][getBranch] No such branch: master
2026-05-18 14:54:08.766 [info] > git status -z -uall [9ms]
2026-05-18 14:54:08.767 [info] > git for-each-ref --sort -committerdate --format %(refname)%00%(objectname)%00%(*objectname) [22ms]
2026-05-18 14:54:08.770 [info] > git for-each-ref --sort -committerdate --format %(refname)%00%(objectname)%00%(*objectname) [5ms]
2026-05-18 14:54:13.727 [info] > git fetch [5038ms]
2026-05-18 14:54:13.728 [info] > git fetch [5048ms]
2026-05-18 14:54:13.744 [info] > git config --get commit.template [8ms]
2026-05-18 14:54:13.759 [info] > git config --get commit.template [16ms]
2026-05-18 14:54:13.760 [info] > git for-each-ref --format=%(refname)%00%(upstream:short)%00%(objectname)%00%(upstream:track)%00%(upstream:remotename)%00%(upstream:remoteref) refs/heads/amar refs/remotes/amar [8ms]
2026-05-18 14:54:13.760 [info] > git for-each-ref --format=%(refname)%00%(upstream:short)%00%(objectname)%00%(upstream:track)%00%(upstream:remotename)%00%(upstream:remoteref) refs/heads/master refs/remotes/master [2ms]
2026-05-18 14:54:13.789 [info] > git status -z -uall [21ms]
2026-05-18 14:54:13.790 [info] > git status -z -uall [8ms]
2026-05-18 14:54:13.791 [info] > git for-each-ref --sort -committerdate --format %(refname)%00%(objectname)%00%(*objectname) [16ms]
2026-05-18 14:54:13.794 [info] > git for-each-ref --sort -committerdate --format %(refname)%00%(objectname)%00%(*objectname) [5ms]
2026-05-18 14:55:12.607 [info] [Git][getRemotes] No remotes found in the git config file
2026-05-18 14:55:12.608 [info] > git config --get commit.template [12ms]
2026-05-18 14:55:12.610 [info] > git for-each-ref --format=%(refname)%00%(upstream:short)%00%(objectname)%00%(upstream:track)%00%(upstream:remotename)%00%(upstream:remoteref) refs/heads/master refs/remotes/master [3ms]
2026-05-18 14:55:12.628 [info] > git status -z -uall [10ms]
2026-05-18 14:55:12.631 [info] > git for-each-ref --sort -committerdate --format %(refname)%00%(objectname)%00%(*objectname) [4ms]
2026-05-18 14:57:28.727 [info] > git fetch [21ms]
2026-05-18 14:57:28.728 [info] > git fetch [34ms]
2026-05-18 14:57:28.746 [info] > git config --get commit.template [9ms]
2026-05-18 14:57:28.746 [info] > git config --get commit.template [2ms]
2026-05-18 14:57:28.756 [info] [Git][getRemotes] No remotes found in the git config file
2026-05-18 14:57:28.765 [info] [Git][getRemotes] No remotes found in the git config file
2026-05-18 14:57:28.767 [info] > git for-each-ref --format=%(refname)%00%(upstream:short)%00%(objectname)%00%(upstream:track)%00%(upstream:remotename)%00%(upstream:remoteref) refs/heads/master refs/remotes/master [11ms]
2026-05-18 14:57:28.767 [warning] [Git][getBranch] No such branch: master
2026-05-18 14:57:28.784 [info] > git status -z -uall [9ms]
2026-05-18 14:57:28.784 [info] > git for-each-ref --format=%(refname)%00%(upstream:short)%00%(objectname)%00%(upstream:track)%00%(upstream:remotename)%00%(upstream:remoteref) refs/heads/master refs/remotes/master [19ms]
2026-05-18 14:57:28.802 [info] > git status -z -uall [11ms]
2026-05-18 14:57:28.803 [info] > git for-each-ref --sort -committerdate --format %(refname)%00%(objectname)%00%(*objectname) [21ms]
2026-05-18 14:57:28.805 [info] > git for-each-ref --sort -committerdate --format %(refname)%00%(objectname)%00%(*objectname) [5ms]
2026-05-18 14:57:29.878 [info] [Git][getRemotes] No remotes found in the git config file
2026-05-18 14:57:29.879 [info] > git config --get commit.template [9ms]
2026-05-18 14:57:29.879 [info] > git for-each-ref --format=%(refname)%00%(upstream:short)%00%(objectname)%00%(upstream:track)%00%(upstream:remotename)%00%(upstream:remoteref) refs/heads/master refs/remotes/master [2ms]
2026-05-18 14:57:29.879 [warning] [Git][getBranch] No such branch: master
2026-05-18 14:57:29.894 [info] > git status -z -uall [8ms]
2026-05-18 14:57:29.896 [info] > git for-each-ref --sort -committerdate --format %(refname)%00%(objectname)%00%(*objectname) [2ms]
2026-05-18 14:57:33.715 [info] > git fetch [4989ms]
2026-05-18 14:57:33.725 [info] > git fetch [5008ms]
2026-05-18 14:57:33.733 [info] > git config --get commit.template [8ms]
2026-05-18 14:57:33.741 [info] > git config --get commit.template [9ms]
2026-05-18 14:57:33.749 [info] > git for-each-ref --format=%(refname)%00%(upstream:short)%00%(objectname)%00%(upstream:track)%00%(upstream:remotename)%00%(upstream:remoteref) refs/heads/master refs/remotes/master [9ms]
2026-05-18 14:57:33.764 [info] > git status -z -uall [8ms]
2026-05-18 14:57:33.765 [info] > git for-each-ref --format=%(refname)%00%(upstream:short)%00%(objectname)%00%(upstream:track)%00%(upstream:remotename)%00%(upstream:remoteref) refs/heads/amar refs/remotes/amar [17ms]
2026-05-18 14:57:33.781 [info] > git status -z -uall [8ms]
2026-05-18 14:57:33.782 [info] > git for-each-ref --sort -committerdate --format %(refname)%00%(objectname)%00%(*objectname) [18ms]
2026-05-18 14:57:33.790 [info] > git for-each-ref --sort -committerdate --format %(refname)%00%(objectname)%00%(*objectname) [10ms]
2026-05-18 15:00:28.823 [info] > git fetch [9ms]
2026-05-18 15:00:28.832 [info] > git fetch [9ms]
2026-05-18 15:00:28.842 [info] > git config --get commit.template [10ms]
2026-05-18 15:00:28.848 [info] [Git][getRemotes] No remotes found in the git config file
2026-05-18 15:00:28.850 [info] > git for-each-ref --format=%(refname)%00%(upstream:short)%00%(objectname)%00%(upstream:track)%00%(upstream:remotename)%00%(upstream:remoteref) refs/heads/master refs/remotes/master [3ms]
2026-05-18 15:00:28.850 [warning] [Git][getBranch] No such branch: master
2026-05-18 15:00:28.869 [info] > git config --get commit.template [28ms]
2026-05-18 15:00:28.876 [info] [Git][getRemotes] No remotes found in the git config file
2026-05-18 15:00:28.877 [info] > git status -z -uall [17ms]
2026-05-18 15:00:28.878 [info] > git for-each-ref --sort -committerdate --format %(refname)%00%(objectname)%00%(*objectname) [10ms]
2026-05-18 15:00:28.883 [info] > git for-each-ref --format=%(refname)%00%(upstream:short)%00%(objectname)%00%(upstream:track)%00%(upstream:remotename)%00%(upstream:remoteref) refs/heads/master refs/remotes/master [7ms]
2026-05-18 15:00:28.908 [info] > git status -z -uall [15ms]
2026-05-18 15:00:28.908 [info] > git for-each-ref --sort -committerdate --format %(refname)%00%(objectname)%00%(*objectname) [5ms]
2026-05-18 15:00:29.935 [info] > git config --get commit.template [12ms]
2026-05-18 15:00:29.938 [info] > git config --get commit.template [5ms]
2026-05-18 15:00:29.948 [info] [Git][getRemotes] No remotes found in the git config file
2026-05-18 15:00:29.958 [info] [Git][getRemotes] No remotes found in the git config file
2026-05-18 15:00:29.961 [info] > git for-each-ref --format=%(refname)%00%(upstream:short)%00%(objectname)%00%(upstream:track)%00%(upstream:remotename)%00%(upstream:remoteref) refs/heads/master refs/remotes/master [13ms]
2026-05-18 15:00:29.977 [info] > git status -z -uall [9ms]
2026-05-18 15:00:29.978 [info] > git for-each-ref --format=%(refname)%00%(upstream:short)%00%(objectname)%00%(upstream:track)%00%(upstream:remotename)%00%(upstream:remoteref) refs/heads/master refs/remotes/master [21ms]
2026-05-18 15:00:29.978 [warning] [Git][getBranch] No such branch: master
2026-05-18 15:00:29.998 [info] > git status -z -uall [11ms]
2026-05-18 15:00:29.998 [info] > git for-each-ref --sort -committerdate --format %(refname)%00%(objectname)%00%(*objectname) [23ms]
2026-05-18 15:00:30.001 [info] > git for-each-ref --sort -committerdate --format %(refname)%00%(objectname)%00%(*objectname) [6ms]
2026-05-18 15:00:39.138 [info] > git fetch [5332ms]
2026-05-18 15:00:39.140 [info] > git fetch [5345ms]
2026-05-18 15:00:39.159 [info] > git config --get commit.template [3ms]
2026-05-18 15:00:39.159 [info] > git config --get commit.template [11ms]
2026-05-18 15:00:39.176 [info] > git for-each-ref --format=%(refname)%00%(upstream:short)%00%(objectname)%00%(upstream:track)%00%(upstream:remotename)%00%(upstream:remoteref) refs/heads/amar refs/remotes/amar [8ms]
2026-05-18 15:00:39.193 [info] > git for-each-ref --format=%(refname)%00%(upstream:short)%00%(objectname)%00%(upstream:track)%00%(upstream:remotename)%00%(upstream:remoteref) refs/heads/master refs/remotes/master [18ms]
2026-05-18 15:00:39.210 [info] > git status -z -uall [25ms]
2026-05-18 15:00:39.210 [info] > git status -z -uall [9ms]
2026-05-18 15:00:39.210 [info] > git for-each-ref --sort -committerdate --format %(refname)%00%(objectname)%00%(*objectname) [18ms]
2026-05-18 15:00:39.213 [info] > git for-each-ref --sort -committerdate --format %(refname)%00%(objectname)%00%(*objectname) [4ms]
2026-05-18 15:03:31.848 [info] > git fetch [12ms]
2026-05-18 15:03:31.863 [info] > git fetch [16ms]
2026-05-18 15:03:31.877 [info] > git config --get commit.template [15ms]
2026-05-18 15:03:31.887 [info] [Git][getRemotes] No remotes found in the git config file
2026-05-18 15:03:31.889 [info] > git config --get commit.template [13ms]
2026-05-18 15:03:31.897 [info] [Git][getRemotes] No remotes found in the git config file
2026-05-18 15:03:31.897 [info] > git for-each-ref --format=%(refname)%00%(upstream:short)%00%(objectname)%00%(upstream:track)%00%(upstream:remotename)%00%(upstream:remoteref) refs/heads/master refs/remotes/master [10ms]
2026-05-18 15:03:31.897 [warning] [Git][getBranch] No such branch: master
2026-05-18 15:03:31.916 [info] > git status -z -uall [11ms]
2026-05-18 15:03:31.916 [info] > git for-each-ref --format=%(refname)%00%(upstream:short)%00%(objectname)%00%(upstream:track)%00%(upstream:remotename)%00%(upstream:remoteref) refs/heads/master refs/remotes/master [19ms]
2026-05-18 15:03:31.932 [info] > git status -z -uall [9ms]
2026-05-18 15:03:31.932 [info] > git for-each-ref --sort -committerdate --format %(refname)%00%(objectname)%00%(*objectname) [19ms]
2026-05-18 15:03:31.936 [info] > git for-each-ref --sort -committerdate --format %(refname)%00%(objectname)%00%(*objectname) [7ms]
2026-05-18 15:03:32.955 [info] [Git][getRemotes] No remotes found in the git config file
2026-05-18 15:03:32.957 [info] > git config --get commit.template [11ms]
2026-05-18 15:03:32.959 [info] > git for-each-ref --format=%(refname)%00%(upstream:short)%00%(objectname)%00%(upstream:track)%00%(upstream:remotename)%00%(upstream:remoteref) refs/heads/master refs/remotes/master [4ms]
2026-05-18 15:03:32.959 [warning] [Git][getBranch] No such branch: master
2026-05-18 15:03:32.974 [info] > git status -z -uall [8ms]
2026-05-18 15:03:32.976 [info] > git for-each-ref --sort -committerdate --format %(refname)%00%(objectname)%00%(*objectname) [3ms]
2026-05-18 15:03:44.293 [info] > git fetch [5059ms]
2026-05-18 15:03:44.305 [info] > git fetch [5079ms]
2026-05-18 15:03:44.315 [info] > git config --get commit.template [11ms]
2026-05-18 15:03:44.330 [info] > git config --get commit.template [16ms]
2026-05-18 15:03:44.331 [info] > git for-each-ref --format=%(refname)%00%(upstream:short)%00%(objectname)%00%(upstream:track)%00%(upstream:remotename)%00%(upstream:remoteref) refs/heads/master refs/remotes/master [9ms]
2026-05-18 15:03:44.332 [info] > git for-each-ref --format=%(refname)%00%(upstream:short)%00%(objectname)%00%(upstream:track)%00%(upstream:remotename)%00%(upstream:remoteref) refs/heads/amar refs/remotes/amar [3ms]
2026-05-18 15:03:44.364 [info] > git status -z -uall [24ms]
2026-05-18 15:03:44.364 [info] > git status -z -uall [9ms]
2026-05-18 15:03:44.367 [info] > git for-each-ref --sort -committerdate --format %(refname)%00%(objectname)%00%(*objectname) [4ms]
2026-05-18 15:03:44.373 [info] > git for-each-ref --sort -committerdate --format %(refname)%00%(objectname)%00%(*objectname) [26ms]
2026-05-18 15:06:31.953 [info] > git fetch [9ms]
2026-05-18 15:06:31.961 [info] > git fetch [9ms]
2026-05-18 15:06:31.971 [info] > git config --get commit.template [11ms]
2026-05-18 15:06:31.979 [info] [Git][getRemotes] No remotes found in the git config file
2026-05-18 15:06:31.980 [info] > git config --get commit.template [11ms]
2026-05-18 15:06:31.987 [info] [Git][getRemotes] No remotes found in the git config file
2026-05-18 15:06:31.988 [info] > git for-each-ref --format=%(refname)%00%(upstream:short)%00%(objectname)%00%(upstream:track)%00%(upstream:remotename)%00%(upstream:remoteref) refs/heads/master refs/remotes/master [9ms]
2026-05-18 15:06:31.988 [warning] [Git][getBranch] No such branch: master
2026-05-18 15:06:32.009 [info] > git status -z -uall [12ms]
2026-05-18 15:06:32.010 [info] > git for-each-ref --format=%(refname)%00%(upstream:short)%00%(objectname)%00%(upstream:track)%00%(upstream:remotename)%00%(upstream:remoteref) refs/heads/master refs/remotes/master [24ms]
2026-05-18 15:06:32.025 [info] > git status -z -uall [9ms]
2026-05-18 15:06:32.026 [info] > git for-each-ref --sort -committerdate --format %(refname)%00%(objectname)%00%(*objectname) [19ms]
2026-05-18 15:06:32.028 [info] > git for-each-ref --sort -committerdate --format %(refname)%00%(objectname)%00%(*objectname) [4ms]
2026-05-18 15:06:33.049 [info] > git config --get commit.template [8ms]
2026-05-18 15:06:33.056 [info] [Git][getRemotes] No remotes found in the git config file
2026-05-18 15:06:33.056 [info] [Git][getRemotes] No remotes found in the git config file
2026-05-18 15:06:33.066 [info] > git config --get commit.template [18ms]
2026-05-18 15:06:33.067 [info] > git for-each-ref --format=%(refname)%00%(upstream:short)%00%(objectname)%00%(upstream:track)%00%(upstream:remotename)%00%(upstream:remoteref) refs/heads/master refs/remotes/master [11ms]
2026-05-18 15:06:33.082 [info] > git status -z -uall [8ms]
2026-05-18 15:06:33.083 [info] > git for-each-ref --format=%(refname)%00%(upstream:short)%00%(objectname)%00%(upstream:track)%00%(upstream:remotename)%00%(upstream:remoteref) refs/heads/master refs/remotes/master [18ms]
2026-05-18 15:06:33.083 [warning] [Git][getBranch] No such branch: master
2026-05-18 15:06:33.099 [info] > git status -z -uall [9ms]
2026-05-18 15:06:33.100 [info] > git for-each-ref --sort -committerdate --format %(refname)%00%(objectname)%00%(*objectname) [19ms]
2026-05-18 15:06:33.102 [info] > git for-each-ref --sort -committerdate --format %(refname)%00%(objectname)%00%(*objectname) [5ms]
2026-05-18 15:06:49.289 [info] > git fetch [4907ms]
2026-05-18 15:06:49.307 [info] > git config --get commit.template [10ms]
2026-05-18 15:06:49.310 [info] > git for-each-ref --format=%(refname)%00%(upstream:short)%00%(objectname)%00%(upstream:track)%00%(upstream:remotename)%00%(upstream:remoteref) refs/heads/amar refs/remotes/amar [4ms]
2026-05-18 15:06:49.327 [info] > git status -z -uall [9ms]
2026-05-18 15:06:49.328 [info] > git fetch [4939ms]
2026-05-18 15:06:49.340 [info] > git for-each-ref --sort -committerdate --format %(refname)%00%(objectname)%00%(*objectname) [14ms]
2026-05-18 15:06:49.346 [info] > git config --get commit.template [8ms]
2026-05-18 15:06:49.360 [info] > git for-each-ref --format=%(refname)%00%(upstream:short)%00%(objectname)%00%(upstream:track)%00%(upstream:remotename)%00%(upstream:remoteref) refs/heads/master refs/remotes/master [3ms]
2026-05-18 15:06:49.375 [info] > git status -z -uall [7ms]
2026-05-18 15:06:49.377 [info] > git for-each-ref --sort -committerdate --format %(refname)%00%(objectname)%00%(*objectname) [2ms]
2026-05-18 15:09:48.541 [info] > git fetch [16ms]
2026-05-18 15:09:48.557 [info] > git fetch [19ms]
2026-05-18 15:09:48.569 [info] > git config --get commit.template [13ms]
2026-05-18 15:09:48.577 [info] [Git][getRemotes] No remotes found in the git config file
2026-05-18 15:09:48.577 [info] > git config --get commit.template [10ms]
2026-05-18 15:09:48.578 [info] [Git][getRemotes] No remotes found in the git config file
2026-05-18 15:09:48.586 [info] > git for-each-ref --format=%(refname)%00%(upstream:short)%00%(objectname)%00%(upstream:track)%00%(upstream:remotename)%00%(upstream:remoteref) refs/heads/master refs/remotes/master [10ms]
2026-05-18 15:09:48.587 [warning] [Git][getBranch] No such branch: master
2026-05-18 15:09:48.603 [info] > git status -z -uall [8ms]
2026-05-18 15:09:48.604 [info] > git for-each-ref --format=%(refname)%00%(upstream:short)%00%(objectname)%00%(upstream:track)%00%(upstream:remotename)%00%(upstream:remoteref) refs/heads/master refs/remotes/master [19ms]
2026-05-18 15:09:48.619 [info] > git status -z -uall [9ms]
2026-05-18 15:09:48.619 [info] > git for-each-ref --sort -committerdate --format %(refname)%00%(objectname)%00%(*objectname) [17ms]
2026-05-18 15:09:48.624 [info] > git for-each-ref --sort -committerdate --format %(refname)%00%(objectname)%00%(*objectname) [6ms]
2026-05-18 15:09:49.640 [info] [Git][getRemotes] No remotes found in the git config file
2026-05-18 15:09:49.641 [info] > git config --get commit.template [8ms]
2026-05-18 15:09:49.642 [info] > git for-each-ref --format=%(refname)%00%(upstream:short)%00%(objectname)%00%(upstream:track)%00%(upstream:remotename)%00%(upstream:remoteref) refs/heads/master refs/remotes/master [3ms]
2026-05-18 15:09:49.642 [warning] [Git][getBranch] No such branch: master
2026-05-18 15:09:49.657 [info] > git status -z -uall [8ms]
2026-05-18 15:09:49.658 [info] > git for-each-ref --sort -committerdate --format %(refname)%00%(objectname)%00%(*objectname) [3ms]
2026-05-18 15:09:54.225 [info] > git fetch [4870ms]
2026-05-18 15:09:54.242 [info] > git config --get commit.template [8ms]
2026-05-18 15:09:54.244 [info] > git for-each-ref --format=%(refname)%00%(upstream:short)%00%(objectname)%00%(upstream:track)%00%(upstream:remotename)%00%(upstream:remoteref) refs/heads/amar refs/remotes/amar [3ms]
2026-05-18 15:09:54.262 [info] > git status -z -uall [10ms]
2026-05-18 15:09:54.263 [info] > git for-each-ref --sort -committerdate --format %(refname)%00%(objectname)%00%(*objectname) [4ms]
2026-05-18 15:09:54.434 [info] > git fetch [5044ms]
2026-05-18 15:09:54.452 [info] > git config --get commit.template [9ms]
2026-05-18 15:09:54.454 [info] > git for-each-ref --format=%(refname)%00%(upstream:short)%00%(objectname)%00%(upstream:track)%00%(upstream:remotename)%00%(upstream:remoteref) refs/heads/master refs/remotes/master [4ms]
2026-05-18 15:09:54.476 [info] > git status -z -uall [11ms]
2026-05-18 15:09:54.478 [info] > git for-each-ref --sort -committerdate --format %(refname)%00%(objectname)%00%(*objectname) [3ms]
2026-05-18 15:12:48.641 [info] > git fetch [8ms]
2026-05-18 15:12:48.652 [info] > git fetch [12ms]
2026-05-18 15:12:48.660 [info] > git config --get commit.template [10ms]
2026-05-18 15:12:48.667 [info] [Git][getRemotes] No remotes found in the git config file
2026-05-18 15:12:48.668 [info] > git config --get commit.template [9ms]
2026-05-18 15:12:48.675 [info] [Git][getRemotes] No remotes found in the git config file
2026-05-18 15:12:48.676 [info] > git for-each-ref --format=%(refname)%00%(upstream:short)%00%(objectname)%00%(upstream:track)%00%(upstream:remotename)%00%(upstream:remoteref) refs/heads/master refs/remotes/master [9ms]
2026-05-18 15:12:48.676 [warning] [Git][getBranch] No such branch: master
2026-05-18 15:12:48.691 [info] > git status -z -uall [8ms]
2026-05-18 15:12:48.691 [info] > git for-each-ref --format=%(refname)%00%(upstream:short)%00%(objectname)%00%(upstream:track)%00%(upstream:remotename)%00%(upstream:remoteref) refs/heads/master refs/remotes/master [16ms]
2026-05-18 15:12:48.707 [info] > git status -z -uall [9ms]
2026-05-18 15:12:48.708 [info] > git for-each-ref --sort -committerdate --format %(refname)%00%(objectname)%00%(*objectname) [17ms]
2026-05-18 15:12:48.710 [info] > git for-each-ref --sort -committerdate --format %(refname)%00%(objectname)%00%(*objectname) [4ms]
2026-05-18 15:12:49.736 [info] > git config --get commit.template [8ms]
2026-05-18 15:12:49.743 [info] [Git][getRemotes] No remotes found in the git config file
2026-05-18 15:12:49.750 [info] [Git][getRemotes] No remotes found in the git config file
2026-05-18 15:12:49.751 [info] > git for-each-ref --format=%(refname)%00%(upstream:short)%00%(objectname)%00%(upstream:track)%00%(upstream:remotename)%00%(upstream:remoteref) refs/heads/master refs/remotes/master [8ms]
2026-05-18 15:12:49.766 [info] > git config --get commit.template [31ms]
2026-05-18 15:12:49.767 [info] > git status -z -uall [9ms]
2026-05-18 15:12:49.767 [info] > git for-each-ref --format=%(refname)%00%(upstream:short)%00%(objectname)%00%(upstream:track)%00%(upstream:remotename)%00%(upstream:remoteref) refs/heads/master refs/remotes/master [17ms]
2026-05-18 15:12:49.767 [warning] [Git][getBranch] No such branch: master
2026-05-18 15:12:49.783 [info] > git status -z -uall [9ms]
2026-05-18 15:12:49.784 [info] > git for-each-ref --sort -committerdate --format %(refname)%00%(objectname)%00%(*objectname) [19ms]
2026-05-18 15:12:49.786 [info] > git for-each-ref --sort -committerdate --format %(refname)%00%(objectname)%00%(*objectname) [5ms]
2026-05-18 15:12:59.542 [info] > git fetch [5048ms]
2026-05-18 15:12:59.551 [info] > git fetch [5277ms]
2026-05-18 15:12:59.561 [info] > git config --get commit.template [10ms]
2026-05-18 15:12:59.568 [info] > git config --get commit.template [10ms]
2026-05-18 15:12:59.577 [info] > git for-each-ref --format=%(refname)%00%(upstream:short)%00%(objectname)%00%(upstream:track)%00%(upstream:remotename)%00%(upstream:remoteref) refs/heads/master refs/remotes/master [10ms]
2026-05-18 15:12:59.593 [info] > git status -z -uall [8ms]
2026-05-18 15:12:59.594 [info] > git for-each-ref --format=%(refname)%00%(upstream:short)%00%(objectname)%00%(upstream:track)%00%(upstream:remotename)%00%(upstream:remoteref) refs/heads/amar refs/remotes/amar [18ms]
2026-05-18 15:12:59.610 [info] > git for-each-ref --sort -committerdate --format %(refname)%00%(objectname)%00%(*objectname) [17ms]
2026-05-18 15:12:59.614 [info] > git status -z -uall [12ms]
2026-05-18 15:12:59.614 [info] > git for-each-ref --sort -committerdate --format %(refname)%00%(objectname)%00%(*objectname) [5ms]
2026-05-18 15:16:41.048 [info] > git fetch [25ms]
2026-05-18 15:16:41.050 [info] > git fetch [39ms]
2026-05-18 15:16:41.073 [info] > git config --get commit.template [11ms]
2026-05-18 15:16:41.083 [info] [Git][getRemotes] No remotes found in the git config file
2026-05-18 15:16:41.090 [info] [Git][getRemotes] No remotes found in the git config file
2026-05-18 15:16:41.091 [info] > git config --get commit.template [19ms]
2026-05-18 15:16:41.091 [info] > git for-each-ref --format=%(refname)%00%(upstream:short)%00%(objectname)%00%(upstream:track)%00%(upstream:remotename)%00%(upstream:remoteref) refs/heads/master refs/remotes/master [9ms]
2026-05-18 15:16:41.111 [info] > git status -z -uall [13ms]
2026-05-18 15:16:41.111 [info] > git for-each-ref --format=%(refname)%00%(upstream:short)%00%(objectname)%00%(upstream:track)%00%(upstream:remotename)%00%(upstream:remoteref) refs/heads/master refs/remotes/master [21ms]
2026-05-18 15:16:41.111 [warning] [Git][getBranch] No such branch: master
2026-05-18 15:16:41.127 [info] > git status -z -uall [10ms]
2026-05-18 15:16:41.128 [info] > git for-each-ref --sort -committerdate --format %(refname)%00%(objectname)%00%(*objectname) [21ms]
2026-05-18 15:16:41.131 [info] > git for-each-ref --sort -committerdate --format %(refname)%00%(objectname)%00%(*objectname) [6ms]
2026-05-18 15:16:42.198 [info] [Git][getRemotes] No remotes found in the git config file
2026-05-18 15:16:42.200 [info] > git config --get commit.template [9ms]
2026-05-18 15:16:42.200 [info] > git for-each-ref --format=%(refname)%00%(upstream:short)%00%(objectname)%00%(upstream:track)%00%(upstream:remotename)%00%(upstream:remoteref) refs/heads/master refs/remotes/master [2ms]
2026-05-18 15:16:42.220 [info] > git status -z -uall [11ms]
2026-05-18 15:16:42.222 [info] > git for-each-ref --sort -committerdate --format %(refname)%00%(objectname)%00%(*objectname) [2ms]
2026-05-18 15:16:45.813 [info] > git fetch [4766ms]
2026-05-18 15:16:45.815 [info] > git fetch [4780ms]
2026-05-18 15:16:45.833 [info] > git config --get commit.template [2ms]
2026-05-18 15:16:45.833 [info] > git config --get commit.template [9ms]
2026-05-18 15:16:45.849 [info] > git for-each-ref --format=%(refname)%00%(upstream:short)%00%(objectname)%00%(upstream:track)%00%(upstream:remotename)%00%(upstream:remoteref) refs/heads/amar refs/remotes/amar [9ms]
2026-05-18 15:16:45.864 [info] > git status -z -uall [9ms]
2026-05-18 15:16:45.865 [info] > git for-each-ref --format=%(refname)%00%(upstream:short)%00%(objectname)%00%(upstream:track)%00%(upstream:remotename)%00%(upstream:remoteref) refs/heads/master refs/remotes/master [18ms]
2026-05-18 15:16:45.885 [info] > git status -z -uall [10ms]
2026-05-18 15:16:45.885 [info] > git for-each-ref --sort -committerdate --format %(refname)%00%(objectname)%00%(*objectname) [22ms]
2026-05-18 15:16:45.888 [info] > git for-each-ref --sort -committerdate --format %(refname)%00%(objectname)%00%(*objectname) [4ms]
2026-05-18 15:19:41.148 [info] > git fetch [8ms]
2026-05-18 15:19:41.159 [info] > git fetch [12ms]
2026-05-18 15:19:41.167 [info] > git config --get commit.template [11ms]
2026-05-18 15:19:41.174 [info] [Git][getRemotes] No remotes found in the git config file
2026-05-18 15:19:41.175 [info] > git config --get commit.template [9ms]
2026-05-18 15:19:41.182 [info] [Git][getRemotes] No remotes found in the git config file
2026-05-18 15:19:41.183 [info] > git for-each-ref --format=%(refname)%00%(upstream:short)%00%(objectname)%00%(upstream:track)%00%(upstream:remotename)%00%(upstream:remoteref) refs/heads/master refs/remotes/master [9ms]
2026-05-18 15:19:41.197 [info] > git status -z -uall [7ms]
2026-05-18 15:19:41.198 [info] > git for-each-ref --format=%(refname)%00%(upstream:short)%00%(objectname)%00%(upstream:track)%00%(upstream:remotename)%00%(upstream:remoteref) refs/heads/master refs/remotes/master [16ms]
2026-05-18 15:19:41.198 [warning] [Git][getBranch] No such branch: master
2026-05-18 15:19:41.215 [info] > git status -z -uall [10ms]
2026-05-18 15:19:41.217 [info] > git for-each-ref --sort -committerdate --format %(refname)%00%(objectname)%00%(*objectname) [21ms]
2026-05-18 15:19:41.226 [info] > git for-each-ref --sort -committerdate --format %(refname)%00%(objectname)%00%(*objectname) [13ms]
2026-05-18 15:19:42.257 [info] > git config --get commit.template [11ms]
2026-05-18 15:19:42.267 [info] [Git][getRemotes] No remotes found in the git config file
2026-05-18 15:19:42.274 [info] [Git][getRemotes] No remotes found in the git config file
2026-05-18 15:19:42.275 [info] > git for-each-ref --format=%(refname)%00%(upstream:short)%00%(objectname)%00%(upstream:track)%00%(upstream:remotename)%00%(upstream:remoteref) refs/heads/master refs/remotes/master [8ms]
2026-05-18 15:19:42.288 [info] > git config --get commit.template [32ms]
2026-05-18 15:19:42.289 [info] > git status -z -uall [9ms]
2026-05-18 15:19:42.289 [info] > git for-each-ref --format=%(refname)%00%(upstream:short)%00%(objectname)%00%(upstream:track)%00%(upstream:remotename)%00%(upstream:remoteref) refs/heads/master refs/remotes/master [16ms]
2026-05-18 15:19:42.289 [warning] [Git][getBranch] No such branch: master
2026-05-18 15:19:42.304 [info] > git status -z -uall [8ms]
2026-05-18 15:19:42.305 [info] > git for-each-ref --sort -committerdate --format %(refname)%00%(objectname)%00%(*objectname) [17ms]
2026-05-18 15:19:42.307 [info] > git for-each-ref --sort -committerdate --format %(refname)%00%(objectname)%00%(*objectname) [4ms]
2026-05-18 15:19:50.843 [info] > git fetch [4936ms]
2026-05-18 15:19:50.852 [info] > git fetch [4953ms]
2026-05-18 15:19:50.861 [info] > git config --get commit.template [9ms]
2026-05-18 15:19:50.880 [info] > git config --get commit.template [19ms]
2026-05-18 15:19:50.880 [info] > git for-each-ref --format=%(refname)%00%(upstream:short)%00%(objectname)%00%(upstream:track)%00%(upstream:remotename)%00%(upstream:remoteref) refs/heads/master refs/remotes/master [12ms]
2026-05-18 15:19:50.896 [info] > git for-each-ref --format=%(refname)%00%(upstream:short)%00%(objectname)%00%(upstream:track)%00%(upstream:remotename)%00%(upstream:remoteref) refs/heads/amar refs/remotes/amar [18ms]
2026-05-18 15:19:50.897 [info] > git status -z -uall [8ms]
2026-05-18 15:19:50.898 [info] > git for-each-ref --sort -committerdate --format %(refname)%00%(objectname)%00%(*objectname) [2ms]
2026-05-18 15:19:50.915 [info] > git status -z -uall [8ms]
2026-05-18 15:19:50.919 [info] > git for-each-ref --sort -committerdate --format %(refname)%00%(objectname)%00%(*objectname) [4ms]
2026-05-18 15:22:53.963 [info] > git fetch [40ms]
2026-05-18 15:22:53.965 [info] > git fetch [55ms]
2026-05-18 15:22:53.989 [info] > git config --get commit.template [11ms]
2026-05-18 15:22:53.999 [info] [Git][getRemotes] No remotes found in the git config file
2026-05-18 15:22:54.009 [info] [Git][getRemotes] No remotes found in the git config file
2026-05-18 15:22:54.012 [info] > git for-each-ref --format=%(refname)%00%(upstream:short)%00%(objectname)%00%(upstream:track)%00%(upstream:remotename)%00%(upstream:remoteref) refs/heads/master refs/remotes/master [3ms]
2026-05-18 15:22:54.013 [info] > git for-each-ref --format=%(refname)%00%(upstream:short)%00%(objectname)%00%(upstream:track)%00%(upstream:remotename)%00%(upstream:remoteref) refs/heads/master refs/remotes/master [14ms]
2026-05-18 15:22:54.013 [warning] [Git][getBranch] No such branch: master
2026-05-18 15:22:54.034 [info] > git config --get commit.template [46ms]
2026-05-18 15:22:54.052 [info] > git status -z -uall [30ms]
2026-05-18 15:22:54.052 [info] > git status -z -uall [11ms]
2026-05-18 15:22:54.052 [info] > git for-each-ref --sort -committerdate --format %(refname)%00%(objectname)%00%(*objectname) [18ms]
2026-05-18 15:22:54.056 [info] > git for-each-ref --sort -committerdate --format %(refname)%00%(objectname)%00%(*objectname) [6ms]
2026-05-18 15:22:55.115 [info] [Git][getRemotes] No remotes found in the git config file
2026-05-18 15:22:55.118 [info] > git config --get commit.template [12ms]
2026-05-18 15:22:55.118 [info] > git for-each-ref --format=%(refname)%00%(upstream:short)%00%(objectname)%00%(upstream:track)%00%(upstream:remotename)%00%(upstream:remoteref) refs/heads/master refs/remotes/master [4ms]
2026-05-18 15:22:55.118 [warning] [Git][getBranch] No such branch: master
2026-05-18 15:22:55.139 [info] > git status -z -uall [11ms]
2026-05-18 15:22:55.141 [info] > git for-each-ref --sort -committerdate --format %(refname)%00%(objectname)%00%(*objectname) [2ms]
2026-05-18 15:22:58.856 [info] > git fetch [4914ms]
2026-05-18 15:22:58.866 [info] > git fetch [4909ms]
2026-05-18 15:22:58.875 [info] > git config --get commit.template [9ms]
2026-05-18 15:22:58.884 [info] > git config --get commit.template [10ms]
2026-05-18 15:22:58.892 [info] > git for-each-ref --format=%(refname)%00%(upstream:short)%00%(objectname)%00%(upstream:track)%00%(upstream:remotename)%00%(upstream:remoteref) refs/heads/master refs/remotes/master [9ms]
2026-05-18 15:22:58.908 [info] > git status -z -uall [8ms]
2026-05-18 15:22:58.908 [info] > git for-each-ref --format=%(refname)%00%(upstream:short)%00%(objectname)%00%(upstream:track)%00%(upstream:remotename)%00%(upstream:remoteref) refs/heads/amar refs/remotes/amar [17ms]
2026-05-18 15:22:58.924 [info] > git status -z -uall [7ms]
2026-05-18 15:22:58.924 [info] > git for-each-ref --sort -committerdate --format %(refname)%00%(objectname)%00%(*objectname) [17ms]
2026-05-18 15:22:58.929 [info] > git for-each-ref --sort -committerdate --format %(refname)%00%(objectname)%00%(*objectname) [5ms]
2026-05-18 15:25:54.078 [info] > git fetch [11ms]
2026-05-18 15:25:54.090 [info] > git fetch [14ms]
2026-05-18 15:25:54.102 [info] > git config --get commit.template [13ms]
2026-05-18 15:25:54.111 [info] [Git][getRemotes] No remotes found in the git config file
2026-05-18 15:25:54.111 [info] > git config --get commit.template [12ms]
2026-05-18 15:25:54.112 [info] [Git][getRemotes] No remotes found in the git config file
2026-05-18 15:25:54.121 [info] > git for-each-ref --format=%(refname)%00%(upstream:short)%00%(objectname)%00%(upstream:track)%00%(upstream:remotename)%00%(upstream:remoteref) refs/heads/master refs/remotes/master [11ms]
2026-05-18 15:25:54.121 [warning] [Git][getBranch] No such branch: master
2026-05-18 15:25:54.137 [info] > git status -z -uall [9ms]
2026-05-18 15:25:54.138 [info] > git for-each-ref --format=%(refname)%00%(upstream:short)%00%(objectname)%00%(upstream:track)%00%(upstream:remotename)%00%(upstream:remoteref) refs/heads/master refs/remotes/master [19ms]
2026-05-18 15:25:54.154 [info] > git status -z -uall [10ms]
2026-05-18 15:25:54.155 [info] > git for-each-ref --sort -committerdate --format %(refname)%00%(objectname)%00%(*objectname) [19ms]
2026-05-18 15:25:54.157 [info] > git for-each-ref --sort -committerdate --format %(refname)%00%(objectname)%00%(*objectname) [5ms]
2026-05-18 15:26:03.801 [info] > git fetch [4856ms]
2026-05-18 15:26:03.813 [info] > git fetch [4876ms]
2026-05-18 15:26:03.824 [info] > git config --get commit.template [12ms]
2026-05-18 15:26:03.825 [info] > git config --get commit.template [1ms]
2026-05-18 15:26:03.842 [info] > git for-each-ref --format=%(refname)%00%(upstream:short)%00%(objectname)%00%(upstream:track)%00%(upstream:remotename)%00%(upstream:remoteref) refs/heads/amar refs/remotes/amar [9ms]
2026-05-18 15:26:03.859 [info] > git for-each-ref --format=%(refname)%00%(upstream:short)%00%(objectname)%00%(upstream:track)%00%(upstream:remotename)%00%(upstream:remoteref) refs/heads/master refs/remotes/master [17ms]
2026-05-18 15:26:03.874 [info] > git status -z -uall [24ms]
2026-05-18 15:26:03.874 [info] > git status -z -uall [9ms]
2026-05-18 15:26:03.874 [info] > git for-each-ref --sort -committerdate --format %(refname)%00%(objectname)%00%(*objectname) [16ms]
2026-05-18 15:26:03.878 [info] > git for-each-ref --sort -committerdate --format %(refname)%00%(objectname)%00%(*objectname) [5ms]
2026-05-18 15:29:21.361 [info] > git fetch [22ms]
2026-05-18 15:29:21.362 [info] > git fetch [33ms]
2026-05-18 15:29:21.385 [info] > git config --get commit.template [11ms]
2026-05-18 15:29:21.386 [info] > git config --get commit.template [3ms]
2026-05-18 15:29:21.386 [info] [Git][getRemotes] No remotes found in the git config file
2026-05-18 15:29:21.400 [info] [Git][getRemotes] No remotes found in the git config file
2026-05-18 15:29:21.401 [info] > git for-each-ref --format=%(refname)%00%(upstream:short)%00%(objectname)%00%(upstream:track)%00%(upstream:remotename)%00%(upstream:remoteref) refs/heads/master refs/remotes/master [8ms]
2026-05-18 15:29:21.402 [warning] [Git][getBranch] No such branch: master
2026-05-18 15:29:21.423 [info] > git status -z -uall [13ms]
2026-05-18 15:29:21.424 [info] > git for-each-ref --format=%(refname)%00%(upstream:short)%00%(objectname)%00%(upstream:track)%00%(upstream:remotename)%00%(upstream:remoteref) refs/heads/master refs/remotes/master [25ms]
2026-05-18 15:29:21.438 [info] > git status -z -uall [8ms]
2026-05-18 15:29:21.439 [info] > git for-each-ref --sort -committerdate --format %(refname)%00%(objectname)%00%(*objectname) [20ms]
2026-05-18 15:29:21.441 [info] > git for-each-ref --sort -committerdate --format %(refname)%00%(objectname)%00%(*objectname) [4ms]
2026-05-18 15:29:22.514 [info] [Git][getRemotes] No remotes found in the git config file
2026-05-18 15:29:22.515 [info] > git config --get commit.template [12ms]
2026-05-18 15:29:22.517 [info] > git for-each-ref --format=%(refname)%00%(upstream:short)%00%(objectname)%00%(upstream:track)%00%(upstream:remotename)%00%(upstream:remoteref) refs/heads/master refs/remotes/master [3ms]
2026-05-18 15:29:22.539 [info] > git status -z -uall [12ms]
2026-05-18 15:29:22.540 [info] > git for-each-ref --sort -committerdate --format %(refname)%00%(objectname)%00%(*objectname) [3ms]
2026-05-18 15:29:26.143 [info] > git fetch [4783ms]
2026-05-18 15:29:26.154 [info] > git fetch [4806ms]
2026-05-18 15:29:26.162 [info] > git config --get commit.template [9ms]
2026-05-18 15:29:26.170 [info] > git config --get commit.template [9ms]
2026-05-18 15:29:26.176 [info] > git for-each-ref --format=%(refname)%00%(upstream:short)%00%(objectname)%00%(upstream:track)%00%(upstream:remotename)%00%(upstream:remoteref) refs/heads/master refs/remotes/master [7ms]
2026-05-18 15:29:26.193 [info] > git status -z -uall [9ms]
2026-05-18 15:29:26.194 [info] > git for-each-ref --format=%(refname)%00%(upstream:short)%00%(objectname)%00%(upstream:track)%00%(upstream:remotename)%00%(upstream:remoteref) refs/heads/amar refs/remotes/amar [18ms]
2026-05-18 15:29:26.208 [info] > git status -z -uall [8ms]
2026-05-18 15:29:26.208 [info] > git for-each-ref --sort -committerdate --format %(refname)%00%(objectname)%00%(*objectname) [17ms]
2026-05-18 15:29:26.212 [info] > git for-each-ref --sort -committerdate --format %(refname)%00%(objectname)%00%(*objectname) [4ms]
2026-05-18 15:40:18.128 [info] > git fetch [26ms]
2026-05-18 15:40:18.130 [info] > git fetch [40ms]
2026-05-18 15:40:18.155 [info] > git config --get commit.template [13ms]
2026-05-18 15:40:18.158 [info] > git config --get commit.template [3ms]
2026-05-18 15:40:18.168 [info] [Git][getRemotes] No remotes found in the git config file
2026-05-18 15:40:18.177 [info] [Git][getRemotes] No remotes found in the git config file
2026-05-18 15:40:18.180 [info] > git for-each-ref --format=%(refname)%00%(upstream:short)%00%(objectname)%00%(upstream:track)%00%(upstream:remotename)%00%(upstream:remoteref) refs/heads/master refs/remotes/master [13ms]
2026-05-18 15:40:18.203 [info] > git status -z -uall [12ms]
2026-05-18 15:40:18.205 [info] > git for-each-ref --format=%(refname)%00%(upstream:short)%00%(objectname)%00%(upstream:track)%00%(upstream:remotename)%00%(upstream:remoteref) refs/heads/master refs/remotes/master [27ms]
2026-05-18 15:40:18.205 [warning] [Git][getBranch] No such branch: master
2026-05-18 15:40:18.221 [info] > git status -z -uall [8ms]
2026-05-18 15:40:18.222 [info] > git for-each-ref --sort -committerdate --format %(refname)%00%(objectname)%00%(*objectname) [20ms]
2026-05-18 15:40:18.225 [info] > git for-each-ref --sort -committerdate --format %(refname)%00%(objectname)%00%(*objectname) [4ms]
2026-05-18 15:40:19.276 [info] [Git][getRemotes] No remotes found in the git config file
2026-05-18 15:40:19.277 [info] > git config --get commit.template [9ms]
2026-05-18 15:40:19.279 [info] > git for-each-ref --format=%(refname)%00%(upstream:short)%00%(objectname)%00%(upstream:track)%00%(upstream:remotename)%00%(upstream:remoteref) refs/heads/master refs/remotes/master [3ms]
2026-05-18 15:40:19.295 [info] > git status -z -uall [9ms]
2026-05-18 15:40:19.298 [info] > git for-each-ref --sort -committerdate --format %(refname)%00%(objectname)%00%(*objectname) [4ms]
2026-05-18 15:40:22.964 [info] > git fetch [4850ms]
2026-05-18 15:40:22.973 [info] > git fetch [4848ms]
2026-05-18 15:40:22.982 [info] > git config --get commit.template [8ms]
2026-05-18 15:40:22.997 [info] > git config --get commit.template [17ms]
2026-05-18 15:40:22.997 [info] > git for-each-ref --format=%(refname)%00%(upstream:short)%00%(objectname)%00%(upstream:track)%00%(upstream:remotename)%00%(upstream:remoteref) refs/heads/master refs/remotes/master [9ms]
2026-05-18 15:40:23.014 [info] > git status -z -uall [8ms]
2026-05-18 15:40:23.014 [info] > git for-each-ref --format=%(refname)%00%(upstream:short)%00%(objectname)%00%(upstream:track)%00%(upstream:remotename)%00%(upstream:remoteref) refs/heads/amar refs/remotes/amar [18ms]
2026-05-18 15:40:23.029 [info] > git status -z -uall [7ms]
2026-05-18 15:40:23.030 [info] > git for-each-ref --sort -committerdate --format %(refname)%00%(objectname)%00%(*objectname) [17ms]
2026-05-18 15:40:23.033 [info] > git for-each-ref --sort -committerdate --format %(refname)%00%(objectname)%00%(*objectname) [4ms]
2026-05-18 17:42:09.271 [info] > git fetch [25ms]
2026-05-18 17:42:09.273 [info] > git fetch [38ms]
2026-05-18 17:42:09.304 [info] > git config --get commit.template [3ms]
2026-05-18 17:42:09.304 [info] > git config --get commit.template [17ms]
2026-05-18 17:42:09.305 [info] [Git][getRemotes] No remotes found in the git config file
2026-05-18 17:42:09.314 [info] [Git][getRemotes] No remotes found in the git config file
2026-05-18 17:42:09.327 [info] > git for-each-ref --format=%(refname)%00%(upstream:short)%00%(objectname)%00%(upstream:track)%00%(upstream:remotename)%00%(upstream:remoteref) refs/heads/master refs/remotes/master [4ms]
2026-05-18 17:42:09.327 [warning] [Git][getBranch] No such branch: master
2026-05-18 17:42:09.346 [info] > git for-each-ref --format=%(refname)%00%(upstream:short)%00%(objectname)%00%(upstream:track)%00%(upstream:remotename)%00%(upstream:remoteref) refs/heads/master refs/remotes/master [32ms]
2026-05-18 17:42:09.367 [info] > git status -z -uall [30ms]
2026-05-18 17:42:09.367 [info] > git status -z -uall [12ms]
2026-05-18 17:42:09.368 [info] > git for-each-ref --sort -committerdate --format %(refname)%00%(objectname)%00%(*objectname) [22ms]
2026-05-18 17:42:09.373 [info] > git for-each-ref --sort -committerdate --format %(refname)%00%(objectname)%00%(*objectname) [9ms]
2026-05-18 17:42:10.426 [info] [Git][getRemotes] No remotes found in the git config file
2026-05-18 17:42:10.428 [info] > git config --get commit.template [12ms]
2026-05-18 17:42:10.429 [info] > git for-each-ref --format=%(refname)%00%(upstream:short)%00%(objectname)%00%(upstream:track)%00%(upstream:remotename)%00%(upstream:remoteref) refs/heads/master refs/remotes/master [2ms]
2026-05-18 17:42:10.429 [warning] [Git][getBranch] No such branch: master
2026-05-18 17:42:10.446 [info] > git status -z -uall [9ms]
2026-05-18 17:42:10.448 [info] > git for-each-ref --sort -committerdate --format %(refname)%00%(objectname)%00%(*objectname) [3ms]
2026-05-18 17:42:14.739 [info] > git fetch [5482ms]
2026-05-18 17:42:14.748 [info] > git fetch [5478ms]
2026-05-18 17:42:14.757 [info] > git config --get commit.template [9ms]
2026-05-18 17:42:14.772 [info] > git config --get commit.template [16ms]
2026-05-18 17:42:14.773 [info] > git for-each-ref --format=%(refname)%00%(upstream:short)%00%(objectname)%00%(upstream:track)%00%(upstream:remotename)%00%(upstream:remoteref) refs/heads/master refs/remotes/master [9ms]
2026-05-18 17:42:14.790 [info] > git status -z -uall [8ms]
2026-05-18 17:42:14.791 [info] > git for-each-ref --format=%(refname)%00%(upstream:short)%00%(objectname)%00%(upstream:track)%00%(upstream:remotename)%00%(upstream:remoteref) refs/heads/amar refs/remotes/amar [21ms]
2026-05-18 17:42:14.792 [info] > git for-each-ref --sort -committerdate --format %(refname)%00%(objectname)%00%(*objectname) [3ms]
2026-05-18 17:42:14.816 [info] > git status -z -uall [10ms]
2026-05-18 17:42:14.818 [info] > git for-each-ref --sort -committerdate --format %(refname)%00%(objectname)%00%(*objectname) [5ms]
2026-05-18 17:46:34.414 [info] > git fetch [20ms]
2026-05-18 17:46:34.416 [info] > git fetch [33ms]
2026-05-18 17:46:34.435 [info] > git config --get commit.template [10ms]
2026-05-18 17:46:34.445 [info] [Git][getRemotes] No remotes found in the git config file
2026-05-18 17:46:34.452 [info] [Git][getRemotes] No remotes found in the git config file
2026-05-18 17:46:34.453 [info] > git config --get commit.template [19ms]
2026-05-18 17:46:34.453 [info] > git for-each-ref --format=%(refname)%00%(upstream:short)%00%(objectname)%00%(upstream:track)%00%(upstream:remotename)%00%(upstream:remoteref) refs/heads/master refs/remotes/master [8ms]
2026-05-18 17:46:34.470 [info] > git status -z -uall [9ms]
2026-05-18 17:46:34.470 [info] > git for-each-ref --format=%(refname)%00%(upstream:short)%00%(objectname)%00%(upstream:track)%00%(upstream:remotename)%00%(upstream:remoteref) refs/heads/master refs/remotes/master [18ms]
2026-05-18 17:46:34.470 [warning] [Git][getBranch] No such branch: master
2026-05-18 17:46:34.485 [info] > git status -z -uall [8ms]
2026-05-18 17:46:34.486 [info] > git for-each-ref --sort -committerdate --format %(refname)%00%(objectname)%00%(*objectname) [17ms]
2026-05-18 17:46:34.488 [info] > git for-each-ref --sort -committerdate --format %(refname)%00%(objectname)%00%(*objectname) [4ms]
2026-05-18 17:46:38.206 [info] > git fetch [3793ms]
2026-05-18 17:46:38.223 [info] > git config --get commit.template [8ms]
2026-05-18 17:46:38.226 [info] > git for-each-ref --format=%(refname)%00%(upstream:short)%00%(objectname)%00%(upstream:track)%00%(upstream:remotename)%00%(upstream:remoteref) refs/heads/amar refs/remotes/amar [4ms]
2026-05-18 17:46:38.244 [info] > git status -z -uall [10ms]
2026-05-18 17:46:38.246 [info] > git for-each-ref --sort -committerdate --format %(refname)%00%(objectname)%00%(*objectname) [5ms]
2026-05-18 17:46:38.311 [info] > git fetch [3908ms]
2026-05-18 17:46:38.328 [info] > git config --get commit.template [9ms]
2026-05-18 17:46:38.331 [info] > git for-each-ref --format=%(refname)%00%(upstream:short)%00%(objectname)%00%(upstream:track)%00%(upstream:remotename)%00%(upstream:remoteref) refs/heads/master refs/remotes/master [3ms]
2026-05-18 17:46:38.346 [info] > git status -z -uall [9ms]
2026-05-18 17:46:38.349 [info] > git for-each-ref --sort -committerdate --format %(refname)%00%(objectname)%00%(*objectname) [3ms]
2026-05-18 17:46:50.272 [info] [Git][getRemotes] No remotes found in the git config file
2026-05-18 17:46:50.274 [info] > git config --get commit.template [15ms]
2026-05-18 17:46:50.276 [info] > git for-each-ref --format=%(refname)%00%(upstream:short)%00%(objectname)%00%(upstream:track)%00%(upstream:remotename)%00%(upstream:remoteref) refs/heads/master refs/remotes/master [4ms]
2026-05-18 17:46:50.304 [info] > git status -z -uall [17ms]
2026-05-18 17:46:50.305 [info] > git for-each-ref --sort -committerdate --format %(refname)%00%(objectname)%00%(*objectname) [3ms]
2026-05-18 17:53:19.619 [info] > git fetch [24ms]
2026-05-18 17:53:19.620 [info] > git fetch [35ms]
2026-05-18 17:53:19.644 [info] > git config --get commit.template [3ms]
2026-05-18 17:53:19.645 [info] > git config --get commit.template [13ms]
2026-05-18 17:53:19.662 [info] [Git][getRemotes] No remotes found in the git config file
2026-05-18 17:53:19.662 [info] [Git][getRemotes] No remotes found in the git config file
2026-05-18 17:53:19.663 [info] > git for-each-ref --format=%(refname)%00%(upstream:short)%00%(objectname)%00%(upstream:track)%00%(upstream:remotename)%00%(upstream:remoteref) refs/heads/master refs/remotes/master [9ms]
2026-05-18 17:53:19.664 [warning] [Git][getBranch] No such branch: master
2026-05-18 17:53:19.685 [info] > git status -z -uall [12ms]
2026-05-18 17:53:19.686 [info] > git for-each-ref --format=%(refname)%00%(upstream:short)%00%(objectname)%00%(upstream:track)%00%(upstream:remotename)%00%(upstream:remoteref) refs/heads/master refs/remotes/master [25ms]
2026-05-18 17:53:19.705 [info] > git status -z -uall [10ms]
2026-05-18 17:53:19.706 [info] > git for-each-ref --sort -committerdate --format %(refname)%00%(objectname)%00%(*objectname) [24ms]
2026-05-18 17:53:19.709 [info] > git for-each-ref --sort -committerdate --format %(refname)%00%(objectname)%00%(*objectname) [6ms]
2026-05-18 17:53:24.681 [info] > git fetch [5075ms]
2026-05-18 17:53:24.682 [info] > git fetch [5064ms]
2026-05-18 17:53:24.703 [info] > git config --get commit.template [10ms]
2026-05-18 17:53:24.724 [info] > git for-each-ref --format=%(refname)%00%(upstream:short)%00%(objectname)%00%(upstream:track)%00%(upstream:remotename)%00%(upstream:remoteref) refs/heads/master refs/remotes/master [12ms]
2026-05-18 17:53:24.724 [info] > git config --get commit.template [22ms]
2026-05-18 17:53:24.749 [info] > git status -z -uall [13ms]
2026-05-18 17:53:24.750 [info] > git for-each-ref --format=%(refname)%00%(upstream:short)%00%(objectname)%00%(upstream:track)%00%(upstream:remotename)%00%(upstream:remoteref) refs/heads/amar refs/remotes/amar [28ms]
2026-05-18 17:53:24.751 [info] > git for-each-ref --sort -committerdate --format %(refname)%00%(objectname)%00%(*objectname) [4ms]
2026-05-18 17:53:24.778 [info] > git status -z -uall [12ms]
2026-05-18 17:53:24.782 [info] > git for-each-ref --sort -committerdate --format %(refname)%00%(objectname)%00%(*objectname) [5ms]
2026-05-18 17:55:44.919 [info] [Git][getRemotes] No remotes found in the git config file
2026-05-18 17:55:44.921 [info] > git config --get commit.template [13ms]
2026-05-18 17:55:44.921 [info] > git for-each-ref --format=%(refname)%00%(upstream:short)%00%(objectname)%00%(upstream:track)%00%(upstream:remotename)%00%(upstream:remoteref) refs/heads/master refs/remotes/master [2ms]
2026-05-18 17:55:44.922 [warning] [Git][getBranch] No such branch: master
2026-05-18 17:55:44.943 [info] > git status -z -uall [12ms]
2026-05-18 17:55:44.946 [info] > git for-each-ref --sort -committerdate --format %(refname)%00%(objectname)%00%(*objectname) [4ms]
2026-05-18 17:56:49.375 [info] > git fetch [26ms]
2026-05-18 17:56:49.377 [info] > git fetch [40ms]
2026-05-18 17:56:49.408 [info] > git config --get commit.template [14ms]
2026-05-18 17:56:49.409 [info] > git config --get commit.template [4ms]
2026-05-18 17:56:49.418 [info] [Git][getRemotes] No remotes found in the git config file
2026-05-18 17:56:49.430 [info] [Git][getRemotes] No remotes found in the git config file
2026-05-18 17:56:49.436 [info] > git for-each-ref --format=%(refname)%00%(upstream:short)%00%(objectname)%00%(upstream:track)%00%(upstream:remotename)%00%(upstream:remoteref) refs/heads/master refs/remotes/master [18ms]
2026-05-18 17:56:49.464 [info] > git status -z -uall [17ms]
2026-05-18 17:56:49.465 [info] > git for-each-ref --format=%(refname)%00%(upstream:short)%00%(objectname)%00%(upstream:track)%00%(upstream:remotename)%00%(upstream:remoteref) refs/heads/master refs/remotes/master [35ms]
2026-05-18 17:56:49.466 [warning] [Git][getBranch] No such branch: master
2026-05-18 17:56:49.491 [info] > git status -z -uall [14ms]
2026-05-18 17:56:49.492 [info] > git for-each-ref --sort -committerdate --format %(refname)%00%(objectname)%00%(*objectname) [33ms]
2026-05-18 17:56:49.496 [info] > git for-each-ref --sort -committerdate --format %(refname)%00%(objectname)%00%(*objectname) [7ms]
2026-05-18 17:56:54.601 [info] > git fetch [5227ms]
2026-05-18 17:56:54.611 [info] > git fetch [5249ms]
2026-05-18 17:56:54.620 [info] > git config --get commit.template [9ms]
2026-05-18 17:56:54.636 [info] > git config --get commit.template [16ms]
2026-05-18 17:56:54.636 [info] > git for-each-ref --format=%(refname)%00%(upstream:short)%00%(objectname)%00%(upstream:track)%00%(upstream:remotename)%00%(upstream:remoteref) refs/heads/amar refs/remotes/amar [9ms]
2026-05-18 17:56:54.651 [info] > git for-each-ref --format=%(refname)%00%(upstream:short)%00%(objectname)%00%(upstream:track)%00%(upstream:remotename)%00%(upstream:remoteref) refs/heads/master refs/remotes/master [16ms]
2026-05-18 17:56:54.667 [info] > git status -z -uall [23ms]
2026-05-18 17:56:54.668 [info] > git status -z -uall [9ms]
2026-05-18 17:56:54.668 [info] > git for-each-ref --sort -committerdate --format %(refname)%00%(objectname)%00%(*objectname) [18ms]
2026-05-18 17:56:54.671 [info] > git for-each-ref --sort -committerdate --format %(refname)%00%(objectname)%00%(*objectname) [4ms]
2026-05-18 17:57:12.631 [info] [Git][getRemotes] No remotes found in the git config file
2026-05-18 17:57:12.633 [info] > git config --get commit.template [14ms]
2026-05-18 17:57:12.634 [info] > git for-each-ref --format=%(refname)%00%(upstream:short)%00%(objectname)%00%(upstream:track)%00%(upstream:remotename)%00%(upstream:remoteref) refs/heads/master refs/remotes/master [3ms]
2026-05-18 17:57:12.657 [info] > git status -z -uall [12ms]
2026-05-18 17:57:12.659 [info] > git for-each-ref --sort -committerdate --format %(refname)%00%(objectname)%00%(*objectname) [4ms]
2026-05-18 18:01:13.044 [info] > git fetch [24ms]
2026-05-18 18:01:13.075 [info] > git fetch [67ms]
2026-05-18 18:01:13.097 [info] > git config --get commit.template [4ms]
2026-05-18 18:01:13.098 [info] > git config --get commit.template [12ms]
2026-05-18 18:01:13.107 [info] [Git][getRemotes] No remotes found in the git config file
2026-05-18 18:01:13.108 [info] [Git][getRemotes] No remotes found in the git config file
2026-05-18 18:01:13.118 [info] > git for-each-ref --format=%(refname)%00%(upstream:short)%00%(objectname)%00%(upstream:track)%00%(upstream:remotename)%00%(upstream:remoteref) refs/heads/master refs/remotes/master [11ms]
2026-05-18 18:01:13.118 [warning] [Git][getBranch] No such branch: master
2026-05-18 18:01:13.136 [info] > git status -z -uall [10ms]
2026-05-18 18:01:13.137 [info] > git for-each-ref --format=%(refname)%00%(upstream:short)%00%(objectname)%00%(upstream:track)%00%(upstream:remotename)%00%(upstream:remoteref) refs/heads/master refs/remotes/master [21ms]
2026-05-18 18:01:13.154 [info] > git status -z -uall [10ms]
2026-05-18 18:01:13.154 [info] > git for-each-ref --sort -committerdate --format %(refname)%00%(objectname)%00%(*objectname) [19ms]
2026-05-18 18:01:13.158 [info] > git for-each-ref --sort -committerdate --format %(refname)%00%(objectname)%00%(*objectname) [5ms]
2026-05-18 18:01:14.196 [info] [Git][getRemotes] No remotes found in the git config file
2026-05-18 18:01:14.198 [info] > git config --get commit.template [12ms]
2026-05-18 18:01:14.198 [info] > git for-each-ref --format=%(refname)%00%(upstream:short)%00%(objectname)%00%(upstream:track)%00%(upstream:remotename)%00%(upstream:remoteref) refs/heads/master refs/remotes/master [2ms]
2026-05-18 18:01:14.198 [warning] [Git][getBranch] No such branch: master
2026-05-18 18:01:14.214 [info] > git status -z -uall [9ms]
2026-05-18 18:01:14.216 [info] > git for-each-ref --sort -committerdate --format %(refname)%00%(objectname)%00%(*objectname) [3ms]
2026-05-18 18:01:18.177 [info] > git fetch [5134ms]
2026-05-18 18:01:18.197 [info] > git config --get commit.template [9ms]
2026-05-18 18:01:18.199 [info] > git for-each-ref --format=%(refname)%00%(upstream:short)%00%(objectname)%00%(upstream:track)%00%(upstream:remotename)%00%(upstream:remoteref) refs/heads/master refs/remotes/master [4ms]
2026-05-18 18:01:18.219 [info] > git status -z -uall [9ms]
2026-05-18 18:01:18.219 [info] > git fetch [5187ms]
2026-05-18 18:01:18.228 [info] > git for-each-ref --sort -committerdate --format %(refname)%00%(objectname)%00%(*objectname) [10ms]
2026-05-18 18:01:18.230 [info] > git config --get commit.template [3ms]
2026-05-18 18:01:18.242 [info] > git for-each-ref --format=%(refname)%00%(upstream:short)%00%(objectname)%00%(upstream:track)%00%(upstream:remotename)%00%(upstream:remoteref) refs/heads/amar refs/remotes/amar [4ms]
2026-05-18 18:01:18.261 [info] > git status -z -uall [9ms]
2026-05-18 18:01:18.264 [info] > git for-each-ref --sort -committerdate --format %(refname)%00%(objectname)%00%(*objectname) [5ms]
2026-05-18 18:05:11.960 [info] > git fetch [19ms]
2026-05-18 18:05:11.961 [info] > git fetch [29ms]
2026-05-18 18:05:11.979 [info] > git config --get commit.template [9ms]
2026-05-18 18:05:11.987 [info] [Git][getRemotes] No remotes found in the git config file
2026-05-18 18:05:11.995 [info] [Git][getRemotes] No remotes found in the git config file
2026-05-18 18:05:11.996 [info] > git for-each-ref --format=%(refname)%00%(upstream:short)%00%(objectname)%00%(upstream:track)%00%(upstream:remotename)%00%(upstream:remoteref) refs/heads/master refs/remotes/master [8ms]
2026-05-18 18:05:12.011 [info] > git config --get commit.template [33ms]
2026-05-18 18:05:12.012 [info] > git status -z -uall [8ms]
2026-05-18 18:05:12.012 [info] > git for-each-ref --format=%(refname)%00%(upstream:short)%00%(objectname)%00%(upstream:track)%00%(upstream:remotename)%00%(upstream:remoteref) refs/heads/master refs/remotes/master [18ms]
2026-05-18 18:05:12.012 [warning] [Git][getBranch] No such branch: master
2026-05-18 18:05:12.030 [info] > git status -z -uall [10ms]
2026-05-18 18:05:12.030 [info] > git for-each-ref --sort -committerdate --format %(refname)%00%(objectname)%00%(*objectname) [20ms]
2026-05-18 18:05:12.034 [info] > git for-each-ref --sort -committerdate --format %(refname)%00%(objectname)%00%(*objectname) [7ms]
2026-05-18 18:05:16.767 [info] > git fetch [4815ms]
2026-05-18 18:05:16.777 [info] > git fetch [4818ms]
2026-05-18 18:05:16.786 [info] > git config --get commit.template [9ms]
2026-05-18 18:05:16.801 [info] > git config --get commit.template [16ms]
2026-05-18 18:05:16.802 [info] > git for-each-ref --format=%(refname)%00%(upstream:short)%00%(objectname)%00%(upstream:track)%00%(upstream:remotename)%00%(upstream:remoteref) refs/heads/master refs/remotes/master [9ms]
2026-05-18 18:05:16.802 [info] > git for-each-ref --format=%(refname)%00%(upstream:short)%00%(objectname)%00%(upstream:track)%00%(upstream:remotename)%00%(upstream:remoteref) refs/heads/amar refs/remotes/amar [2ms]
2026-05-18 18:05:16.835 [info] > git status -z -uall [25ms]
2026-05-18 18:05:16.836 [info] > git for-each-ref --sort -committerdate --format %(refname)%00%(objectname)%00%(*objectname) [17ms]
2026-05-18 18:05:16.839 [info] > git status -z -uall [11ms]
2026-05-18 18:05:16.839 [info] > git for-each-ref --sort -committerdate --format %(refname)%00%(objectname)%00%(*objectname) [4ms]
2026-05-18 18:06:13.962 [info] [Git][getRemotes] No remotes found in the git config file
2026-05-18 18:06:13.963 [info] > git config --get commit.template [14ms]
2026-05-18 18:06:13.965 [info] > git for-each-ref --format=%(refname)%00%(upstream:short)%00%(objectname)%00%(upstream:track)%00%(upstream:remotename)%00%(upstream:remoteref) refs/heads/master refs/remotes/master [4ms]
2026-05-18 18:06:13.985 [info] > git status -z -uall [11ms]
2026-05-18 18:06:13.987 [info] > git for-each-ref --sort -committerdate --format %(refname)%00%(objectname)%00%(*objectname) [3ms]
2026-05-18 18:12:37.282 [info] > git fetch [21ms]
2026-05-18 18:12:37.283 [info] > git fetch [34ms]
2026-05-18 18:12:37.305 [info] > git config --get commit.template [9ms]
2026-05-18 18:12:37.306 [info] > git config --get commit.template [3ms]
2026-05-18 18:12:37.316 [info] [Git][getRemotes] No remotes found in the git config file
2026-05-18 18:12:37.325 [info] [Git][getRemotes] No remotes found in the git config file
2026-05-18 18:12:37.326 [info] > git for-each-ref --format=%(refname)%00%(upstream:short)%00%(objectname)%00%(upstream:track)%00%(upstream:remotename)%00%(upstream:remoteref) refs/heads/master refs/remotes/master [11ms]
2026-05-18 18:12:37.327 [warning] [Git][getBranch] No such branch: master
2026-05-18 18:12:37.349 [info] > git status -z -uall [14ms]
2026-05-18 18:12:37.349 [info] > git for-each-ref --sort -committerdate --format %(refname)%00%(objectname)%00%(*objectname) [6ms]
2026-05-18 18:12:37.352 [info] > git for-each-ref --format=%(refname)%00%(upstream:short)%00%(objectname)%00%(upstream:track)%00%(upstream:remotename)%00%(upstream:remoteref) refs/heads/master refs/remotes/master [28ms]
2026-05-18 18:12:37.370 [info] > git status -z -uall [9ms]
2026-05-18 18:12:37.373 [info] > git for-each-ref --sort -committerdate --format %(refname)%00%(objectname)%00%(*objectname) [3ms]
2026-05-18 18:12:38.431 [info] [Git][getRemotes] No remotes found in the git config file
2026-05-18 18:12:38.432 [info] > git config --get commit.template [10ms]
2026-05-18 18:12:38.434 [info] > git for-each-ref --format=%(refname)%00%(upstream:short)%00%(objectname)%00%(upstream:track)%00%(upstream:remotename)%00%(upstream:remoteref) refs/heads/master refs/remotes/master [3ms]
2026-05-18 18:12:38.434 [warning] [Git][getBranch] No such branch: master
2026-05-18 18:12:38.450 [info] > git status -z -uall [8ms]
2026-05-18 18:12:38.451 [info] > git for-each-ref --sort -committerdate --format %(refname)%00%(objectname)%00%(*objectname) [2ms]
2026-05-18 18:12:42.281 [info] > git fetch [5009ms]
2026-05-18 18:12:42.294 [info] > git fetch [5014ms]
2026-05-18 18:12:42.306 [info] > git config --get commit.template [12ms]
2026-05-18 18:12:42.307 [info] > git config --get commit.template [2ms]
2026-05-18 18:12:42.332 [info] > git for-each-ref --format=%(refname)%00%(upstream:short)%00%(objectname)%00%(upstream:track)%00%(upstream:remotename)%00%(upstream:remoteref) refs/heads/amar refs/remotes/amar [4ms]
2026-05-18 18:12:42.332 [info] > git for-each-ref --format=%(refname)%00%(upstream:short)%00%(objectname)%00%(upstream:track)%00%(upstream:remotename)%00%(upstream:remoteref) refs/heads/master refs/remotes/master [15ms]
2026-05-18 18:12:42.373 [info] > git status -z -uall [31ms]
2026-05-18 18:12:42.373 [info] > git status -z -uall [12ms]
2026-05-18 18:12:42.374 [info] > git for-each-ref --sort -committerdate --format %(refname)%00%(objectname)%00%(*objectname) [22ms]
2026-05-18 18:12:42.379 [info] > git for-each-ref --sort -committerdate --format %(refname)%00%(objectname)%00%(*objectname) [8ms]
2026-05-18 18:16:57.343 [info] > git fetch [19ms]
2026-05-18 18:16:57.344 [info] > git fetch [32ms]
2026-05-18 18:16:57.361 [info] > git config --get commit.template [8ms]
2026-05-18 18:16:57.376 [info] [Git][getRemotes] No remotes found in the git config file
2026-05-18 18:16:57.376 [info] [Git][getRemotes] No remotes found in the git config file
2026-05-18 18:16:57.377 [info] > git for-each-ref --format=%(refname)%00%(upstream:short)%00%(objectname)%00%(upstream:track)%00%(upstream:remotename)%00%(upstream:remoteref) refs/heads/master refs/remotes/master [9ms]
2026-05-18 18:16:57.394 [info] > git config --get commit.template [34ms]
2026-05-18 18:16:57.395 [info] > git status -z -uall [12ms]
2026-05-18 18:16:57.396 [info] > git for-each-ref --format=%(refname)%00%(upstream:short)%00%(objectname)%00%(upstream:track)%00%(upstream:remotename)%00%(upstream:remoteref) refs/heads/master refs/remotes/master [21ms]
2026-05-18 18:16:57.396 [warning] [Git][getBranch] No such branch: master
2026-05-18 18:16:57.418 [info] > git status -z -uall [12ms]
2026-05-18 18:16:57.418 [info] > git for-each-ref --sort -committerdate --format %(refname)%00%(objectname)%00%(*objectname) [25ms]
2026-05-18 18:16:57.422 [info] > git for-each-ref --sort -committerdate --format %(refname)%00%(objectname)%00%(*objectname) [7ms]
2026-05-18 18:17:02.195 [info] > git fetch [4864ms]
2026-05-18 18:17:02.197 [info] > git fetch [4855ms]
2026-05-18 18:17:02.215 [info] > git config --get commit.template [8ms]
2026-05-18 18:17:02.216 [info] > git config --get commit.template [2ms]
2026-05-18 18:17:02.232 [info] > git for-each-ref --format=%(refname)%00%(upstream:short)%00%(objectname)%00%(upstream:track)%00%(upstream:remotename)%00%(upstream:remoteref) refs/heads/amar refs/remotes/amar [9ms]
2026-05-18 18:17:02.233 [info] > git for-each-ref --format=%(refname)%00%(upstream:short)%00%(objectname)%00%(upstream:track)%00%(upstream:remotename)%00%(upstream:remoteref) refs/heads/master refs/remotes/master [3ms]
2026-05-18 18:17:02.248 [info] > git status -z -uall [7ms]
2026-05-18 18:17:02.262 [info] > git status -z -uall [8ms]
2026-05-18 18:17:02.262 [info] > git for-each-ref --sort -committerdate --format %(refname)%00%(objectname)%00%(*objectname) [15ms]
2026-05-18 18:17:02.266 [info] > git for-each-ref --sort -committerdate --format %(refname)%00%(objectname)%00%(*objectname) [5ms]
2026-05-18 18:17:20.716 [info] > git config --get commit.template [4ms]
2026-05-18 18:17:20.727 [info] [Git][getRemotes] No remotes found in the git config file
2026-05-18 18:17:20.729 [info] > git for-each-ref --format=%(refname)%00%(upstream:short)%00%(objectname)%00%(upstream:track)%00%(upstream:remotename)%00%(upstream:remoteref) refs/heads/master refs/remotes/master [3ms]
2026-05-18 18:17:20.748 [info] > git status -z -uall [10ms]
2026-05-18 18:17:20.750 [info] > git for-each-ref --sort -committerdate --format %(refname)%00%(objectname)%00%(*objectname) [3ms]
2026-05-18 18:23:19.515 [info] > git fetch [24ms]
2026-05-18 18:23:19.516 [info] > git fetch [37ms]
2026-05-18 18:23:19.540 [info] > git config --get commit.template [13ms]
2026-05-18 18:23:19.541 [info] > git config --get commit.template [2ms]
2026-05-18 18:23:19.564 [info] [Git][getRemotes] No remotes found in the git config file
2026-05-18 18:23:19.564 [info] [Git][getRemotes] No remotes found in the git config file
2026-05-18 18:23:19.566 [info] > git for-each-ref --format=%(refname)%00%(upstream:short)%00%(objectname)%00%(upstream:track)%00%(upstream:remotename)%00%(upstream:remoteref) refs/heads/master refs/remotes/master [14ms]
2026-05-18 18:23:19.566 [warning] [Git][getBranch] No such branch: master
2026-05-18 18:23:19.596 [info] > git status -z -uall [19ms]
2026-05-18 18:23:19.597 [info] > git for-each-ref --format=%(refname)%00%(upstream:short)%00%(objectname)%00%(upstream:track)%00%(upstream:remotename)%00%(upstream:remoteref) refs/heads/master refs/remotes/master [34ms]
2026-05-18 18:23:19.620 [info] > git status -z -uall [13ms]
2026-05-18 18:23:19.621 [info] > git for-each-ref --sort -committerdate --format %(refname)%00%(objectname)%00%(*objectname) [31ms]
2026-05-18 18:23:19.626 [info] > git for-each-ref --sort -committerdate --format %(refname)%00%(objectname)%00%(*objectname) [8ms]
2026-05-18 18:23:24.348 [info] > git fetch [4848ms]
2026-05-18 18:23:24.358 [info] > git fetch [4844ms]
2026-05-18 18:23:24.367 [info] > git config --get commit.template [10ms]
2026-05-18 18:23:24.384 [info] > git config --get commit.template [17ms]
2026-05-18 18:23:24.385 [info] > git for-each-ref --format=%(refname)%00%(upstream:short)%00%(objectname)%00%(upstream:track)%00%(upstream:remotename)%00%(upstream:remoteref) refs/heads/amar refs/remotes/amar [10ms]
2026-05-18 18:23:24.387 [info] > git for-each-ref --format=%(refname)%00%(upstream:short)%00%(objectname)%00%(upstream:track)%00%(upstream:remotename)%00%(upstream:remoteref) refs/heads/master refs/remotes/master [4ms]
2026-05-18 18:23:24.418 [info] > git status -z -uall [22ms]
2026-05-18 18:23:24.418 [info] > git status -z -uall [8ms]
2026-05-18 18:23:24.418 [info] > git for-each-ref --sort -committerdate --format %(refname)%00%(objectname)%00%(*objectname) [15ms]
2026-05-18 18:23:24.421 [info] > git for-each-ref --sort -committerdate --format %(refname)%00%(objectname)%00%(*objectname) [4ms]
2026-05-18 21:15:40.851 [info] > git fetch [41ms]
2026-05-18 21:15:40.853 [info] > git fetch [59ms]
2026-05-18 21:15:40.875 [info] > git config --get commit.template [25ms]
2026-05-18 21:15:40.877 [info] > git config --get commit.template [4ms]
2026-05-18 21:15:40.877 [info] > git config --get commit.template [11ms]
2026-05-18 21:15:40.884 [info] [Git][getRemotes] No remotes found in the git config file
2026-05-18 21:15:40.885 [info] [Git][getRemotes] No remotes found in the git config file
2026-05-18 21:15:40.893 [info] [Git][getRemotes] No remotes found in the git config file
2026-05-18 21:15:40.903 [info] > git for-each-ref --format=%(refname)%00%(upstream:short)%00%(objectname)%00%(upstream:track)%00%(upstream:remotename)%00%(upstream:remoteref) refs/heads/master refs/remotes/master [10ms]
2026-05-18 21:15:40.917 [info] > git for-each-ref --format=%(refname)%00%(upstream:short)%00%(objectname)%00%(upstream:track)%00%(upstream:remotename)%00%(upstream:remoteref) refs/heads/master refs/remotes/master [33ms]
2026-05-18 21:15:40.917 [warning] [Git][getBranch] No such branch: master
2026-05-18 21:15:40.919 [info] > git status -z -uall [10ms]
2026-05-18 21:15:40.920 [info] > git for-each-ref --format=%(refname)%00%(upstream:short)%00%(objectname)%00%(upstream:track)%00%(upstream:remotename)%00%(upstream:remoteref) refs/heads/master refs/remotes/master [19ms]
2026-05-18 21:15:40.920 [warning] [Git][getBranch] No such branch: master
2026-05-18 21:15:40.937 [info] > git status -z -uall [9ms]
2026-05-18 21:15:40.938 [info] > git for-each-ref --sort -committerdate --format %(refname)%00%(objectname)%00%(*objectname) [21ms]
2026-05-18 21:15:40.943 [info] > git for-each-ref --sort -committerdate --format %(refname)%00%(objectname)%00%(*objectname) [7ms]
2026-05-18 21:15:46.081 [info] > git fetch [5257ms]
2026-05-18 21:15:46.082 [info] > git fetch [5245ms]
2026-05-18 21:15:46.104 [info] > git config --get commit.template [10ms]
2026-05-18 21:15:46.104 [info] > git config --get commit.template [2ms]
2026-05-18 21:15:46.118 [info] > git for-each-ref --format=%(refname)%00%(upstream:short)%00%(objectname)%00%(upstream:track)%00%(upstream:remotename)%00%(upstream:remoteref) refs/heads/amar refs/remotes/amar [7ms]
2026-05-18 21:15:46.119 [info] > git for-each-ref --format=%(refname)%00%(upstream:short)%00%(objectname)%00%(upstream:track)%00%(upstream:remotename)%00%(upstream:remoteref) refs/heads/master refs/remotes/master [2ms]
2026-05-18 21:15:46.150 [info] > git status -z -uall [24ms]
2026-05-18 21:15:46.150 [info] > git status -z -uall [8ms]
2026-05-18 21:15:46.153 [info] > git for-each-ref --sort -committerdate --format %(refname)%00%(objectname)%00%(*objectname) [19ms]
2026-05-18 21:15:46.159 [info] > git for-each-ref --sort -committerdate --format %(refname)%00%(objectname)%00%(*objectname) [10ms]
2026-05-18 21:16:37.188 [info] [Git][getRemotes] No remotes found in the git config file
2026-05-18 21:16:37.189 [info] > git config --get commit.template [13ms]
2026-05-18 21:16:37.191 [info] > git for-each-ref --format=%(refname)%00%(upstream:short)%00%(objectname)%00%(upstream:track)%00%(upstream:remotename)%00%(upstream:remoteref) refs/heads/master refs/remotes/master [3ms]
2026-05-18 21:16:37.209 [info] > git status -z -uall [10ms]
2026-05-18 21:16:37.210 [info] > git for-each-ref --sort -committerdate --format %(refname)%00%(objectname)%00%(*objectname) [3ms]
2026-05-18 21:16:42.211 [info] > git rev-parse --show-toplevel [3ms]
2026-05-18 21:16:42.212 [info] fatal: not a git repository (or any of the parent directories): .git
2026-05-18 21:18:10.137 [info] > git rev-parse --show-toplevel [2ms]
2026-05-18 21:18:10.137 [info] fatal: not a git repository (or any of the parent directories): .git
2026-05-18 21:18:29.596 [info] > git rev-parse --show-toplevel [40ms]
2026-05-18 21:18:29.597 [info] fatal: not a git repository (or any of the parent directories): .git
2026-05-18 21:18:55.017 [info] > git fetch [95ms]
2026-05-18 21:18:55.018 [info] > git fetch [111ms]
2026-05-18 21:18:55.044 [info] > git config --get commit.template [3ms]
2026-05-18 21:18:55.045 [info] > git config --get commit.template [13ms]
2026-05-18 21:18:55.045 [info] [Git][getRemotes] No remotes found in the git config file
2026-05-18 21:18:55.065 [info] [Git][getRemotes] No remotes found in the git config file
2026-05-18 21:18:55.069 [info] > git for-each-ref --format=%(refname)%00%(upstream:short)%00%(objectname)%00%(upstream:track)%00%(upstream:remotename)%00%(upstream:remoteref) refs/heads/master refs/remotes/master [4ms]
2026-05-18 21:18:55.090 [info] > git for-each-ref --format=%(refname)%00%(upstream:short)%00%(objectname)%00%(upstream:track)%00%(upstream:remotename)%00%(upstream:remoteref) refs/heads/master refs/remotes/master [36ms]
2026-05-18 21:18:55.091 [warning] [Git][getBranch] No such branch: master
2026-05-18 21:18:55.107 [info] > git status -z -uall [27ms]
2026-05-18 21:18:55.107 [info] > git status -z -uall [10ms]
2026-05-18 21:18:55.108 [info] > git for-each-ref --sort -committerdate --format %(refname)%00%(objectname)%00%(*objectname) [18ms]
2026-05-18 21:18:55.116 [info] > git for-each-ref --sort -committerdate --format %(refname)%00%(objectname)%00%(*objectname) [11ms]
2026-05-18 21:18:57.271 [info] > git rev-parse --show-toplevel [7ms]
2026-05-18 21:18:57.271 [info] fatal: not a git repository (or any of the parent directories): .git
2026-05-18 21:18:58.543 [info] > git rev-parse --show-toplevel [16ms]
2026-05-18 21:18:58.544 [info] fatal: not a git repository (or any of the parent directories): .git
2026-05-18 21:18:59.865 [info] > git fetch [4918ms]
2026-05-18 21:18:59.879 [info] > git fetch [4945ms]
2026-05-18 21:18:59.892 [info] > git config --get commit.template [14ms]
2026-05-18 21:18:59.913 [info] > git config --get commit.template [22ms]
2026-05-18 21:18:59.914 [info] > git for-each-ref --format=%(refname)%00%(upstream:short)%00%(objectname)%00%(upstream:track)%00%(upstream:remotename)%00%(upstream:remoteref) refs/heads/master refs/remotes/master [12ms]
2026-05-18 21:18:59.936 [info] > git status -z -uall [11ms]
2026-05-18 21:18:59.937 [info] > git for-each-ref --format=%(refname)%00%(upstream:short)%00%(objectname)%00%(upstream:track)%00%(upstream:remotename)%00%(upstream:remoteref) refs/heads/amar refs/remotes/amar [25ms]
2026-05-18 21:18:59.939 [info] > git for-each-ref --sort -committerdate --format %(refname)%00%(objectname)%00%(*objectname) [4ms]
2026-05-18 21:18:59.968 [info] > git status -z -uall [15ms]
2026-05-18 21:18:59.972 [info] > git for-each-ref --sort -committerdate --format %(refname)%00%(objectname)%00%(*objectname) [5ms]
2026-05-18 21:22:21.382 [info] > git fetch [22ms]
2026-05-18 21:22:21.384 [info] > git fetch [33ms]
2026-05-18 21:22:21.406 [info] > git config --get commit.template [3ms]
2026-05-18 21:22:21.407 [info] > git config --get commit.template [13ms]
2026-05-18 21:22:21.416 [info] [Git][getRemotes] No remotes found in the git config file
2026-05-18 21:22:21.426 [info] [Git][getRemotes] No remotes found in the git config file
2026-05-18 21:22:21.427 [info] > git for-each-ref --format=%(refname)%00%(upstream:short)%00%(objectname)%00%(upstream:track)%00%(upstream:remotename)%00%(upstream:remoteref) refs/heads/master refs/remotes/master [11ms]
2026-05-18 21:22:21.427 [warning] [Git][getBranch] No such branch: master
2026-05-18 21:22:21.449 [info] > git status -z -uall [13ms]
2026-05-18 21:22:21.449 [info] > git for-each-ref --sort -committerdate --format %(refname)%00%(objectname)%00%(*objectname) [4ms]
2026-05-18 21:22:21.452 [info] > git for-each-ref --format=%(refname)%00%(upstream:short)%00%(objectname)%00%(upstream:track)%00%(upstream:remotename)%00%(upstream:remoteref) refs/heads/master refs/remotes/master [27ms]
2026-05-18 21:22:21.467 [info] > git status -z -uall [9ms]
2026-05-18 21:22:21.469 [info] > git for-each-ref --sort -committerdate --format %(refname)%00%(objectname)%00%(*objectname) [3ms]
2026-05-18 21:22:22.532 [info] [Git][getRemotes] No remotes found in the git config file
2026-05-18 21:22:22.533 [info] > git config --get commit.template [11ms]
2026-05-18 21:22:22.540 [info] > git for-each-ref --format=%(refname)%00%(upstream:short)%00%(objectname)%00%(upstream:track)%00%(upstream:remotename)%00%(upstream:remoteref) refs/heads/master refs/remotes/master [8ms]
2026-05-18 21:22:22.540 [warning] [Git][getBranch] No such branch: master
2026-05-18 21:22:22.560 [info] > git status -z -uall [12ms]
2026-05-18 21:22:22.560 [info] > git for-each-ref --sort -committerdate --format %(refname)%00%(objectname)%00%(*objectname) [3ms]
2026-05-18 21:22:26.251 [info] > git fetch [4880ms]
2026-05-18 21:22:26.261 [info] > git fetch [4880ms]
2026-05-18 21:22:26.269 [info] > git config --get commit.template [9ms]
2026-05-18 21:22:26.285 [info] > git config --get commit.template [17ms]
2026-05-18 21:22:26.288 [info] > git for-each-ref --format=%(refname)%00%(upstream:short)%00%(objectname)%00%(upstream:track)%00%(upstream:remotename)%00%(upstream:remoteref) refs/heads/amar refs/remotes/amar [4ms]
2026-05-18 21:22:26.288 [info] > git for-each-ref --format=%(refname)%00%(upstream:short)%00%(objectname)%00%(upstream:track)%00%(upstream:remotename)%00%(upstream:remoteref) refs/heads/master refs/remotes/master [12ms]
2026-05-18 21:22:26.327 [info] > git status -z -uall [28ms]
2026-05-18 21:22:26.327 [info] > git status -z -uall [11ms]
2026-05-18 21:22:26.328 [info] > git for-each-ref --sort -committerdate --format %(refname)%00%(objectname)%00%(*objectname) [20ms]
2026-05-18 21:22:26.332 [info] > git for-each-ref --sort -committerdate --format %(refname)%00%(objectname)%00%(*objectname) [6ms]
2026-05-18 21:25:21.468 [info] > git fetch [6ms]
2026-05-18 21:25:21.486 [info] > git config --get commit.template [9ms]
2026-05-18 21:25:21.493 [info] [Git][getRemotes] No remotes found in the git config file
2026-05-18 21:25:21.494 [info] > git fetch [9ms]
2026-05-18 21:25:21.503 [info] > git for-each-ref --format=%(refname)%00%(upstream:short)%00%(objectname)%00%(upstream:track)%00%(upstream:remotename)%00%(upstream:remoteref) refs/heads/master refs/remotes/master [10ms]
2026-05-18 21:25:21.503 [warning] [Git][getBranch] No such branch: master
2026-05-18 21:25:21.518 [info] > git status -z -uall [8ms]
2026-05-18 21:25:21.519 [info] > git config --get commit.template [17ms]
2026-05-18 21:25:21.527 [info] [Git][getRemotes] No remotes found in the git config file
2026-05-18 21:25:21.527 [info] > git for-each-ref --sort -committerdate --format %(refname)%00%(objectname)%00%(*objectname) [10ms]
2026-05-18 21:25:21.531 [info] > git for-each-ref --format=%(refname)%00%(upstream:short)%00%(objectname)%00%(upstream:track)%00%(upstream:remotename)%00%(upstream:remoteref) refs/heads/master refs/remotes/master [5ms]
2026-05-18 21:25:21.547 [info] > git status -z -uall [8ms]
2026-05-18 21:25:21.554 [info] > git for-each-ref --sort -committerdate --format %(refname)%00%(objectname)%00%(*objectname) [7ms]
2026-05-18 21:25:22.565 [info] > git config --get commit.template [5ms]
2026-05-18 21:25:22.575 [info] [Git][getRemotes] No remotes found in the git config file
2026-05-18 21:25:22.578 [info] > git for-each-ref --format=%(refname)%00%(upstream:short)%00%(objectname)%00%(upstream:track)%00%(upstream:remotename)%00%(upstream:remoteref) refs/heads/master refs/remotes/master [3ms]
2026-05-18 21:25:22.578 [warning] [Git][getBranch] No such branch: master
2026-05-18 21:25:22.597 [info] > git status -z -uall [10ms]
2026-05-18 21:25:22.597 [info] > git for-each-ref --sort -committerdate --format %(refname)%00%(objectname)%00%(*objectname) [2ms]
2026-05-18 21:25:31.437 [info] > git fetch [5096ms]
2026-05-18 21:25:31.439 [info] > git fetch [5090ms]
2026-05-18 21:25:31.459 [info] > git config --get commit.template [10ms]
2026-05-18 21:25:31.473 [info] > git for-each-ref --format=%(refname)%00%(upstream:short)%00%(objectname)%00%(upstream:track)%00%(upstream:remotename)%00%(upstream:remoteref) refs/heads/master refs/remotes/master [7ms]
2026-05-18 21:25:31.474 [info] > git config --get commit.template [16ms]
2026-05-18 21:25:31.490 [info] > git status -z -uall [8ms]
2026-05-18 21:25:31.491 [info] > git for-each-ref --format=%(refname)%00%(upstream:short)%00%(objectname)%00%(upstream:track)%00%(upstream:remotename)%00%(upstream:remoteref) refs/heads/amar refs/remotes/amar [19ms]
2026-05-18 21:25:31.491 [info] > git for-each-ref --sort -committerdate --format %(refname)%00%(objectname)%00%(*objectname) [2ms]
2026-05-18 21:25:31.513 [info] > git status -z -uall [10ms]
2026-05-18 21:25:31.514 [info] > git for-each-ref --sort -committerdate --format %(refname)%00%(objectname)%00%(*objectname) [3ms]
2026-05-18 21:38:47.370 [info] > git fetch [25ms]
2026-05-18 21:38:47.372 [info] > git fetch [36ms]
2026-05-18 21:38:47.394 [info] > git config --get commit.template [9ms]
2026-05-18 21:38:47.395 [info] > git config --get commit.template [3ms]
2026-05-18 21:38:47.403 [info] [Git][getRemotes] No remotes found in the git config file
2026-05-18 21:38:47.414 [info] [Git][getRemotes] No remotes found in the git config file
2026-05-18 21:38:47.416 [info] > git for-each-ref --format=%(refname)%00%(upstream:short)%00%(objectname)%00%(upstream:track)%00%(upstream:remotename)%00%(upstream:remoteref) refs/heads/master refs/remotes/master [13ms]
2026-05-18 21:38:47.440 [info] > git status -z -uall [13ms]
2026-05-18 21:38:47.440 [info] > git for-each-ref --format=%(refname)%00%(upstream:short)%00%(objectname)%00%(upstream:track)%00%(upstream:remotename)%00%(upstream:remoteref) refs/heads/master refs/remotes/master [26ms]
2026-05-18 21:38:47.440 [warning] [Git][getBranch] No such branch: master
2026-05-18 21:38:47.456 [info] > git status -z -uall [8ms]
2026-05-18 21:38:47.456 [info] > git for-each-ref --sort -committerdate --format %(refname)%00%(objectname)%00%(*objectname) [20ms]
2026-05-18 21:38:47.460 [info] > git for-each-ref --sort -committerdate --format %(refname)%00%(objectname)%00%(*objectname) [5ms]
2026-05-18 21:38:48.519 [info] [Git][getRemotes] No remotes found in the git config file
2026-05-18 21:38:48.519 [info] > git config --get commit.template [9ms]
2026-05-18 21:38:48.521 [info] > git for-each-ref --format=%(refname)%00%(upstream:short)%00%(objectname)%00%(upstream:track)%00%(upstream:remotename)%00%(upstream:remoteref) refs/heads/master refs/remotes/master [3ms]
2026-05-18 21:38:48.539 [info] > git status -z -uall [11ms]
2026-05-18 21:38:48.542 [info] > git for-each-ref --sort -committerdate --format %(refname)%00%(objectname)%00%(*objectname) [3ms]
2026-05-18 21:38:52.213 [info] > git fetch [4855ms]
2026-05-18 21:38:52.223 [info] > git fetch [4853ms]
2026-05-18 21:38:52.233 [info] > git config --get commit.template [11ms]
2026-05-18 21:38:52.250 [info] > git config --get commit.template [17ms]
2026-05-18 21:38:52.250 [info] > git for-each-ref --format=%(refname)%00%(upstream:short)%00%(objectname)%00%(upstream:track)%00%(upstream:remotename)%00%(upstream:remoteref) refs/heads/master refs/remotes/master [9ms]
2026-05-18 21:38:52.268 [info] > git status -z -uall [9ms]
2026-05-18 21:38:52.269 [info] > git for-each-ref --format=%(refname)%00%(upstream:short)%00%(objectname)%00%(upstream:track)%00%(upstream:remotename)%00%(upstream:remoteref) refs/heads/amar refs/remotes/amar [20ms]
2026-05-18 21:38:52.291 [info] > git status -z -uall [11ms]
2026-05-18 21:38:52.292 [info] > git for-each-ref --sort -committerdate --format %(refname)%00%(objectname)%00%(*objectname) [25ms]
2026-05-18 21:38:52.299 [info] > git for-each-ref --sort -committerdate --format %(refname)%00%(objectname)%00%(*objectname) [10ms]
2026-05-18 21:39:18.230 [info] > git rev-parse --show-toplevel [1ms]
2026-05-18 21:39:18.249 [info] > git rev-parse --git-dir --git-common-dir --show-superproject-working-tree [11ms]
2026-05-18 21:39:18.279 [info] [Model][openRepository] Opened repository (path): /home/amar/Code/http
2026-05-18 21:39:18.279 [info] [Model][openRepository] Opened repository (real path): /home/amar/Code/http
2026-05-18 21:39:18.279 [info] [Model][openRepository] Opened repository (kind): repository
2026-05-18 21:39:18.330 [info] > git config --get commit.template [29ms]
2026-05-18 21:39:18.331 [info] > git config --get --local core.virtualfilesystem [41ms]
2026-05-18 21:39:18.331 [warning] [Git][config] git config failed: Failed to execute git
2026-05-18 21:39:18.347 [info] [Git][getRemotes] No remotes found in the git config file
2026-05-18 21:39:18.350 [info] > git for-each-ref --format=%(refname)%00%(upstream:short)%00%(objectname)%00%(upstream:track)%00%(upstream:remotename)%00%(upstream:remoteref) refs/heads/master refs/remotes/master [3ms]
2026-05-18 21:39:18.350 [warning] [Git][getBranch] No such branch: master
2026-05-18 21:39:18.379 [info] > git status -z -uall [16ms]
2026-05-18 21:39:18.381 [info] > git for-each-ref --sort -committerdate --format %(refname)%00%(objectname)%00%(*objectname) [4ms]
2026-05-18 21:39:18.417 [info] > git for-each-ref --format=%(refname)%00%(upstream:short)%00%(objectname)%00%(upstream:track)%00%(upstream:remotename)%00%(upstream:remoteref) refs/heads/master refs/remotes/master [17ms]
2026-05-18 21:39:18.417 [warning] [Git][getBranch] No such branch: master
2026-05-18 21:39:18.418 [error] [GitHistoryProvider][resolveHEADMergeBase] Failed to resolve merge base for master: Error: No such branch: master.
2026-05-18 21:39:18.425 [info] > git config --get commit.template [9ms]
2026-05-18 21:39:18.438 [info] [Git][getRemotes] No remotes found in the git config file
2026-05-18 21:39:18.442 [info] > git for-each-ref --format=%(refname)%00%(upstream:short)%00%(objectname)%00%(upstream:track)%00%(upstream:remotename)%00%(upstream:remoteref) refs/heads/master refs/remotes/master [5ms]
2026-05-18 21:39:18.442 [warning] [Git][getBranch] No such branch: master
2026-05-18 21:39:18.465 [info] > git status -z -uall [12ms]
2026-05-18 21:39:18.466 [info] > git for-each-ref --sort -committerdate --format %(refname)%00%(objectname)%00%(*objectname) [3ms]
2026-05-18 21:40:06.879 [info] > git fetch [16ms]
2026-05-18 21:40:06.892 [info] > git config --get commit.template [15ms]
2026-05-18 21:40:06.902 [info] [Git][getRemotes] No remotes found in the git config file
2026-05-18 21:40:06.903 [info] > git for-each-ref --format=%(refname)%00%(upstream:short)%00%(objectname)%00%(upstream:track)%00%(upstream:remotename)%00%(upstream:remoteref) refs/heads/master refs/remotes/master [2ms]
2026-05-18 21:40:06.904 [warning] [Git][getBranch] No such branch: master
2026-05-18 21:40:06.907 [info] > git config --get commit.template [15ms]
2026-05-18 21:40:06.907 [info] [Git][getRemotes] No remotes found in the git config file
2026-05-18 21:40:06.919 [info] > git for-each-ref --format=%(refname)%00%(upstream:short)%00%(objectname)%00%(upstream:track)%00%(upstream:remotename)%00%(upstream:remoteref) refs/heads/master refs/remotes/master [3ms]
2026-05-18 21:40:06.919 [warning] [Git][getBranch] No such branch: master
2026-05-18 21:40:06.935 [info] > git status -z -uall [9ms]
2026-05-18 21:40:06.937 [info] > git for-each-ref --sort -committerdate --format %(refname)%00%(objectname)%00%(*objectname) [3ms]
2026-05-18 21:40:11.927 [info] [Git][getRemotes] No remotes found in the git config file
2026-05-18 21:40:11.929 [info] > git config --get commit.template [10ms]
2026-05-18 21:40:11.929 [info] > git for-each-ref --format=%(refname)%00%(upstream:short)%00%(objectname)%00%(upstream:track)%00%(upstream:remotename)%00%(upstream:remoteref) refs/heads/master refs/remotes/master [2ms]
2026-05-18 21:40:11.929 [warning] [Git][getBranch] No such branch: master
2026-05-18 21:40:11.945 [info] > git status -z -uall [8ms]
2026-05-18 21:40:11.947 [info] > git for-each-ref --sort -committerdate --format %(refname)%00%(objectname)%00%(*objectname) [3ms]
2026-05-18 21:40:13.546 [info] > git check-ignore -v -z --stdin [3ms]
2026-05-18 21:40:21.722 [info] [Git][getRemotes] No remotes found in the git config file
2026-05-18 21:40:21.723 [info] > git config --get commit.template [9ms]
2026-05-18 21:40:21.725 [info] > git for-each-ref --format=%(refname)%00%(upstream:short)%00%(objectname)%00%(upstream:track)%00%(upstream:remotename)%00%(upstream:remoteref) refs/heads/master refs/remotes/master [3ms]
2026-05-18 21:40:21.725 [warning] [Git][getBranch] No such branch: master
2026-05-18 21:40:21.741 [info] > git status -z -uall [9ms]
2026-05-18 21:40:21.743 [info] > git for-each-ref --sort -committerdate --format %(refname)%00%(objectname)%00%(*objectname) [3ms]
2026-05-18 21:40:30.994 [info] > git config --get commit.template [2ms]
2026-05-18 21:40:31.002 [info] [Git][getRemotes] No remotes found in the git config file
2026-05-18 21:40:31.004 [info] > git for-each-ref --format=%(refname)%00%(upstream:short)%00%(objectname)%00%(upstream:track)%00%(upstream:remotename)%00%(upstream:remoteref) refs/heads/master refs/remotes/master [3ms]
2026-05-18 21:40:31.004 [warning] [Git][getBranch] No such branch: master
2026-05-18 21:40:31.020 [info] > git status -z -uall [9ms]
2026-05-18 21:40:31.021 [info] > git for-each-ref --sort -committerdate --format %(refname)%00%(objectname)%00%(*objectname) [2ms]
2026-05-18 21:40:36.042 [info] [Git][getRemotes] No remotes found in the git config file
2026-05-18 21:40:36.043 [info] > git config --get commit.template [9ms]
2026-05-18 21:40:36.044 [info] > git for-each-ref --format=%(refname)%00%(upstream:short)%00%(objectname)%00%(upstream:track)%00%(upstream:remotename)%00%(upstream:remoteref) refs/heads/master refs/remotes/master [2ms]
2026-05-18 21:40:36.044 [warning] [Git][getBranch] No such branch: master
2026-05-18 21:40:36.061 [info] > git status -z -uall [10ms]
2026-05-18 21:40:36.063 [info] > git for-each-ref --sort -committerdate --format %(refname)%00%(objectname)%00%(*objectname) [3ms]
2026-05-18 21:40:41.084 [info] [Git][getRemotes] No remotes found in the git config file
2026-05-18 21:40:41.086 [info] > git config --get commit.template [9ms]
2026-05-18 21:40:41.087 [info] > git for-each-ref --format=%(refname)%00%(upstream:short)%00%(objectname)%00%(upstream:track)%00%(upstream:remotename)%00%(upstream:remoteref) refs/heads/master refs/remotes/master [3ms]
2026-05-18 21:40:41.087 [warning] [Git][getBranch] No such branch: master
2026-05-18 21:40:41.102 [info] > git status -z -uall [8ms]
2026-05-18 21:40:41.103 [info] > git for-each-ref --sort -committerdate --format %(refname)%00%(objectname)%00%(*objectname) [2ms]
2026-05-18 21:40:46.125 [info] [Git][getRemotes] No remotes found in the git config file
2026-05-18 21:40:46.126 [info] > git config --get commit.template [9ms]
2026-05-18 21:40:46.127 [info] > git for-each-ref --format=%(refname)%00%(upstream:short)%00%(objectname)%00%(upstream:track)%00%(upstream:remotename)%00%(upstream:remoteref) refs/heads/master refs/remotes/master [2ms]
2026-05-18 21:40:46.127 [warning] [Git][getBranch] No such branch: master
2026-05-18 21:40:46.142 [info] > git status -z -uall [8ms]
2026-05-18 21:40:46.144 [info] > git for-each-ref --sort -committerdate --format %(refname)%00%(objectname)%00%(*objectname) [2ms]
2026-05-18 21:40:51.197 [info] > git config --get commit.template [3ms]
2026-05-18 21:40:51.208 [info] [Git][getRemotes] No remotes found in the git config file
2026-05-18 21:40:51.209 [info] > git for-each-ref --format=%(refname)%00%(upstream:short)%00%(objectname)%00%(upstream:track)%00%(upstream:remotename)%00%(upstream:remoteref) refs/heads/master refs/remotes/master [2ms]
2026-05-18 21:40:51.209 [warning] [Git][getBranch] No such branch: master
2026-05-18 21:40:51.230 [info] > git status -z -uall [12ms]
2026-05-18 21:40:51.232 [info] > git for-each-ref --sort -committerdate --format %(refname)%00%(objectname)%00%(*objectname) [4ms]
2026-05-18 21:40:56.251 [info] > git config --get commit.template [3ms]
2026-05-18 21:40:56.260 [info] [Git][getRemotes] No remotes found in the git config file
2026-05-18 21:40:56.262 [info] > git for-each-ref --format=%(refname)%00%(upstream:short)%00%(objectname)%00%(upstream:track)%00%(upstream:remotename)%00%(upstream:remoteref) refs/heads/master refs/remotes/master [2ms]
2026-05-18 21:40:56.263 [warning] [Git][getBranch] No such branch: master
2026-05-18 21:40:56.281 [info] > git status -z -uall [10ms]
2026-05-18 21:40:56.283 [info] > git for-each-ref --sort -committerdate --format %(refname)%00%(objectname)%00%(*objectname) [3ms]
2026-05-18 21:41:01.307 [info] [Git][getRemotes] No remotes found in the git config file
2026-05-18 21:41:01.308 [info] > git config --get commit.template [8ms]
2026-05-18 21:41:01.310 [info] > git for-each-ref --format=%(refname)%00%(upstream:short)%00%(objectname)%00%(upstream:track)%00%(upstream:remotename)%00%(upstream:remoteref) refs/heads/master refs/remotes/master [3ms]
2026-05-18 21:41:01.310 [warning] [Git][getBranch] No such branch: master
2026-05-18 21:41:01.327 [info] > git status -z -uall [8ms]
2026-05-18 21:41:01.328 [info] > git for-each-ref --sort -committerdate --format %(refname)%00%(objectname)%00%(*objectname) [1ms]
2026-05-18 21:41:06.345 [info] [Git][getRemotes] No remotes found in the git config file
2026-05-18 21:41:06.346 [info] > git config --get commit.template [8ms]
2026-05-18 21:41:06.347 [info] > git for-each-ref --format=%(refname)%00%(upstream:short)%00%(objectname)%00%(upstream:track)%00%(upstream:remotename)%00%(upstream:remoteref) refs/heads/master refs/remotes/master [2ms]
2026-05-18 21:41:06.347 [warning] [Git][getBranch] No such branch: master
2026-05-18 21:41:06.363 [info] > git status -z -uall [10ms]
2026-05-18 21:41:06.364 [info] > git for-each-ref --sort -committerdate --format %(refname)%00%(objectname)%00%(*objectname) [3ms]
2026-05-18 21:41:11.386 [info] [Git][getRemotes] No remotes found in the git config file
2026-05-18 21:41:11.386 [info] > git config --get commit.template [8ms]
2026-05-18 21:41:11.387 [info] > git for-each-ref --format=%(refname)%00%(upstream:short)%00%(objectname)%00%(upstream:track)%00%(upstream:remotename)%00%(upstream:remoteref) refs/heads/master refs/remotes/master [2ms]
2026-05-18 21:41:11.387 [warning] [Git][getBranch] No such branch: master
2026-05-18 21:41:11.402 [info] > git status -z -uall [8ms]
2026-05-18 21:41:11.404 [info] > git for-each-ref --sort -committerdate --format %(refname)%00%(objectname)%00%(*objectname) [2ms]
2026-05-18 21:41:16.428 [info] [Git][getRemotes] No remotes found in the git config file
2026-05-18 21:41:16.429 [info] > git config --get commit.template [9ms]
2026-05-18 21:41:16.431 [info] > git for-each-ref --format=%(refname)%00%(upstream:short)%00%(objectname)%00%(upstream:track)%00%(upstream:remotename)%00%(upstream:remoteref) refs/heads/master refs/remotes/master [3ms]
2026-05-18 21:41:16.431 [warning] [Git][getBranch] No such branch: master
2026-05-18 21:41:16.447 [info] > git status -z -uall [9ms]
2026-05-18 21:41:16.449 [info] > git for-each-ref --sort -committerdate --format %(refname)%00%(objectname)%00%(*objectname) [3ms]
2026-05-18 21:41:21.477 [info] [Git][getRemotes] No remotes found in the git config file
2026-05-18 21:41:21.480 [info] > git config --get commit.template [16ms]
2026-05-18 21:41:21.481 [info] > git for-each-ref --format=%(refname)%00%(upstream:short)%00%(objectname)%00%(upstream:track)%00%(upstream:remotename)%00%(upstream:remoteref) refs/heads/master refs/remotes/master [5ms]
2026-05-18 21:41:21.481 [warning] [Git][getBranch] No such branch: master
2026-05-18 21:41:21.500 [info] > git status -z -uall [11ms]
2026-05-18 21:41:21.502 [info] > git for-each-ref --sort -committerdate --format %(refname)%00%(objectname)%00%(*objectname) [3ms]
2026-05-18 21:41:26.526 [info] [Git][getRemotes] No remotes found in the git config file
2026-05-18 21:41:26.527 [info] > git config --get commit.template [10ms]
2026-05-18 21:41:26.528 [info] > git for-each-ref --format=%(refname)%00%(upstream:short)%00%(objectname)%00%(upstream:track)%00%(upstream:remotename)%00%(upstream:remoteref) refs/heads/master refs/remotes/master [3ms]
2026-05-18 21:41:26.528 [warning] [Git][getBranch] No such branch: master
2026-05-18 21:41:26.544 [info] > git status -z -uall [9ms]
2026-05-18 21:41:26.546 [info] > git for-each-ref --sort -committerdate --format %(refname)%00%(objectname)%00%(*objectname) [3ms]
2026-05-18 21:41:31.569 [info] [Git][getRemotes] No remotes found in the git config file
2026-05-18 21:41:31.569 [info] > git config --get commit.template [8ms]
2026-05-18 21:41:31.571 [info] > git for-each-ref --format=%(refname)%00%(upstream:short)%00%(objectname)%00%(upstream:track)%00%(upstream:remotename)%00%(upstream:remoteref) refs/heads/master refs/remotes/master [3ms]
2026-05-18 21:41:31.571 [warning] [Git][getBranch] No such branch: master
2026-05-18 21:41:31.587 [info] > git status -z -uall [8ms]
2026-05-18 21:41:31.589 [info] > git for-each-ref --sort -committerdate --format %(refname)%00%(objectname)%00%(*objectname) [3ms]
2026-05-18 21:41:36.617 [info] [Git][getRemotes] No remotes found in the git config file
2026-05-18 21:41:36.619 [info] > git config --get commit.template [14ms]
2026-05-18 21:41:36.620 [info] > git for-each-ref --format=%(refname)%00%(upstream:short)%00%(objectname)%00%(upstream:track)%00%(upstream:remotename)%00%(upstream:remoteref) refs/heads/master refs/remotes/master [3ms]
2026-05-18 21:41:36.620 [warning] [Git][getBranch] No such branch: master
2026-05-18 21:41:36.638 [info] > git status -z -uall [8ms]
2026-05-18 21:41:36.640 [info] > git for-each-ref --sort -committerdate --format %(refname)%00%(objectname)%00%(*objectname) [2ms]
2026-05-18 21:41:41.654 [info] [Git][getRemotes] No remotes found in the git config file
2026-05-18 21:41:41.661 [info] > git config --get commit.template [8ms]
2026-05-18 21:41:41.662 [info] > git for-each-ref --format=%(refname)%00%(upstream:short)%00%(objectname)%00%(upstream:track)%00%(upstream:remotename)%00%(upstream:remoteref) refs/heads/master refs/remotes/master [2ms]
2026-05-18 21:41:41.662 [warning] [Git][getBranch] No such branch: master
2026-05-18 21:41:41.682 [info] > git status -z -uall [11ms]
2026-05-18 21:41:41.683 [info] > git for-each-ref --sort -committerdate --format %(refname)%00%(objectname)%00%(*objectname) [2ms]
2026-05-18 21:41:47.478 [info] > git fetch [10ms]
2026-05-18 21:41:47.486 [info] > git fetch [9ms]
2026-05-18 21:41:47.495 [info] [Git][getRemotes] No remotes found in the git config file
2026-05-18 21:41:47.502 [info] > git config --get commit.template [16ms]
2026-05-18 21:41:47.503 [info] > git config --get commit.template [9ms]
2026-05-18 21:41:47.511 [info] [Git][getRemotes] No remotes found in the git config file
2026-05-18 21:41:47.513 [info] > git for-each-ref --format=%(refname)%00%(upstream:short)%00%(objectname)%00%(upstream:track)%00%(upstream:remotename)%00%(upstream:remoteref) refs/heads/master refs/remotes/master [12ms]
2026-05-18 21:41:47.528 [info] > git status -z -uall [9ms]
2026-05-18 21:41:47.528 [info] > git for-each-ref --format=%(refname)%00%(upstream:short)%00%(objectname)%00%(upstream:track)%00%(upstream:remotename)%00%(upstream:remoteref) refs/heads/master refs/remotes/master [18ms]
2026-05-18 21:41:47.528 [warning] [Git][getBranch] No such branch: master
2026-05-18 21:41:47.543 [info] > git status -z -uall [8ms]
2026-05-18 21:41:47.544 [info] > git for-each-ref --sort -committerdate --format %(refname)%00%(objectname)%00%(*objectname) [17ms]
2026-05-18 21:41:47.546 [info] > git for-each-ref --sort -committerdate --format %(refname)%00%(objectname)%00%(*objectname) [4ms]
2026-05-18 21:41:48.573 [info] > git config --get commit.template [2ms]
2026-05-18 21:41:48.574 [info] > git config --get commit.template [10ms]
2026-05-18 21:41:48.583 [info] [Git][getRemotes] No remotes found in the git config file
2026-05-18 21:41:48.583 [info] [Git][getRemotes] No remotes found in the git config file
2026-05-18 21:41:48.592 [info] > git for-each-ref --format=%(refname)%00%(upstream:short)%00%(objectname)%00%(upstream:track)%00%(upstream:remotename)%00%(upstream:remoteref) refs/heads/master refs/remotes/master [10ms]
2026-05-18 21:41:48.613 [info] > git status -z -uall [9ms]
2026-05-18 21:41:48.614 [info] > git for-each-ref --format=%(refname)%00%(upstream:short)%00%(objectname)%00%(upstream:track)%00%(upstream:remotename)%00%(upstream:remoteref) refs/heads/master refs/remotes/master [23ms]
2026-05-18 21:41:48.614 [warning] [Git][getBranch] No such branch: master
2026-05-18 21:41:48.630 [info] > git status -z -uall [9ms]
2026-05-18 21:41:48.630 [info] > git for-each-ref --sort -committerdate --format %(refname)%00%(objectname)%00%(*objectname) [18ms]
2026-05-18 21:41:48.635 [info] > git for-each-ref --sort -committerdate --format %(refname)%00%(objectname)%00%(*objectname) [7ms]
2026-05-18 21:41:48.744 [info] > git config --get commit.template [5ms]
2026-05-18 21:41:48.753 [info] [Git][getRemotes] No remotes found in the git config file
2026-05-18 21:41:48.755 [info] > git for-each-ref --format=%(refname)%00%(upstream:short)%00%(objectname)%00%(upstream:track)%00%(upstream:remotename)%00%(upstream:remoteref) refs/heads/master refs/remotes/master [3ms]
2026-05-18 21:41:48.755 [warning] [Git][getBranch] No such branch: master
2026-05-18 21:41:48.771 [info] > git status -z -uall [9ms]
2026-05-18 21:41:48.772 [info] > git for-each-ref --sort -committerdate --format %(refname)%00%(objectname)%00%(*objectname) [3ms]
2026-05-18 21:41:53.797 [info] [Git][getRemotes] No remotes found in the git config file
2026-05-18 21:41:53.797 [info] > git config --get commit.template [10ms]
2026-05-18 21:41:53.799 [info] > git for-each-ref --format=%(refname)%00%(upstream:short)%00%(objectname)%00%(upstream:track)%00%(upstream:remotename)%00%(upstream:remoteref) refs/heads/master refs/remotes/master [3ms]
2026-05-18 21:41:53.799 [warning] [Git][getBranch] No such branch: master
2026-05-18 21:41:53.815 [info] > git status -z -uall [8ms]
2026-05-18 21:41:53.817 [info] > git for-each-ref --sort -committerdate --format %(refname)%00%(objectname)%00%(*objectname) [3ms]
2026-05-18 21:41:57.153 [info] > git fetch [4833ms]
2026-05-18 21:41:57.154 [info] > git fetch [4845ms]
2026-05-18 21:41:57.172 [info] > git config --get commit.template [9ms]
2026-05-18 21:41:57.172 [info] > git config --get commit.template [3ms]
2026-05-18 21:41:57.186 [info] > git for-each-ref --format=%(refname)%00%(upstream:short)%00%(objectname)%00%(upstream:track)%00%(upstream:remotename)%00%(upstream:remoteref) refs/heads/amar refs/remotes/amar [8ms]
2026-05-18 21:41:57.203 [info] > git for-each-ref --format=%(refname)%00%(upstream:short)%00%(objectname)%00%(upstream:track)%00%(upstream:remotename)%00%(upstream:remoteref) refs/heads/master refs/remotes/master [18ms]
2026-05-18 21:41:57.220 [info] > git status -z -uall [25ms]
2026-05-18 21:41:57.220 [info] > git status -z -uall [9ms]
2026-05-18 21:41:57.220 [info] > git for-each-ref --sort -committerdate --format %(refname)%00%(objectname)%00%(*objectname) [18ms]
2026-05-18 21:41:57.223 [info] > git for-each-ref --sort -committerdate --format %(refname)%00%(objectname)%00%(*objectname) [4ms]
2026-05-18 21:41:58.832 [info] > git config --get commit.template [2ms]
2026-05-18 21:41:58.840 [info] [Git][getRemotes] No remotes found in the git config file
2026-05-18 21:41:58.842 [info] > git for-each-ref --format=%(refname)%00%(upstream:short)%00%(objectname)%00%(upstream:track)%00%(upstream:remotename)%00%(upstream:remoteref) refs/heads/master refs/remotes/master [2ms]
2026-05-18 21:41:58.843 [warning] [Git][getBranch] No such branch: master
2026-05-18 21:41:58.859 [info] > git status -z -uall [8ms]
2026-05-18 21:41:58.860 [info] > git for-each-ref --sort -committerdate --format %(refname)%00%(objectname)%00%(*objectname) [1ms]
2026-05-18 21:42:08.082 [info] [Git][getRemotes] No remotes found in the git config file
2026-05-18 21:42:08.084 [info] > git for-each-ref --format=%(refname)%00%(upstream:short)%00%(objectname)%00%(upstream:track)%00%(upstream:remotename)%00%(upstream:remoteref) refs/heads/master refs/remotes/master [3ms]
2026-05-18 21:42:08.084 [warning] [Git][getBranch] No such branch: master
2026-05-18 21:42:08.084 [info] > git config --get commit.template [11ms]
2026-05-18 21:42:08.102 [info] > git status -z -uall [9ms]
2026-05-18 21:42:08.103 [info] > git for-each-ref --sort -committerdate --format %(refname)%00%(objectname)%00%(*objectname) [2ms]
2026-05-18 21:42:13.119 [info] > git config --get commit.template [3ms]
2026-05-18 21:42:13.119 [info] [Git][getRemotes] No remotes found in the git config file
2026-05-18 21:42:13.130 [info] > git for-each-ref --format=%(refname)%00%(upstream:short)%00%(objectname)%00%(upstream:track)%00%(upstream:remotename)%00%(upstream:remoteref) refs/heads/master refs/remotes/master [3ms]
2026-05-18 21:42:13.130 [warning] [Git][getBranch] No such branch: master
2026-05-18 21:42:13.148 [info] > git status -z -uall [11ms]
2026-05-18 21:42:13.150 [info] > git for-each-ref --sort -committerdate --format %(refname)%00%(objectname)%00%(*objectname) [3ms]
2026-05-18 21:42:18.166 [info] [Git][getRemotes] No remotes found in the git config file
2026-05-18 21:42:18.174 [info] > git config --get commit.template [9ms]
2026-05-18 21:42:18.176 [info] > git for-each-ref --format=%(refname)%00%(upstream:short)%00%(objectname)%00%(upstream:track)%00%(upstream:remotename)%00%(upstream:remoteref) refs/heads/master refs/remotes/master [3ms]
2026-05-18 21:42:18.176 [warning] [Git][getBranch] No such branch: master
2026-05-18 21:42:18.191 [info] > git status -z -uall [8ms]
2026-05-18 21:42:18.193 [info] > git for-each-ref --sort -committerdate --format %(refname)%00%(objectname)%00%(*objectname) [3ms]
2026-05-18 21:42:23.217 [info] > git config --get commit.template [3ms]
2026-05-18 21:42:23.224 [info] [Git][getRemotes] No remotes found in the git config file
2026-05-18 21:42:23.227 [info] > git for-each-ref --format=%(refname)%00%(upstream:short)%00%(objectname)%00%(upstream:track)%00%(upstream:remotename)%00%(upstream:remoteref) refs/heads/master refs/remotes/master [3ms]
2026-05-18 21:42:23.227 [warning] [Git][getBranch] No such branch: master
2026-05-18 21:42:23.244 [info] > git status -z -uall [10ms]
2026-05-18 21:42:23.245 [info] > git for-each-ref --sort -committerdate --format %(refname)%00%(objectname)%00%(*objectname) [3ms]
2026-05-18 21:42:28.266 [info] [Git][getRemotes] No remotes found in the git config file
2026-05-18 21:42:28.268 [info] > git config --get commit.template [10ms]
2026-05-18 21:42:28.268 [info] > git for-each-ref --format=%(refname)%00%(upstream:short)%00%(objectname)%00%(upstream:track)%00%(upstream:remotename)%00%(upstream:remoteref) refs/heads/master refs/remotes/master [2ms]
2026-05-18 21:42:28.268 [warning] [Git][getBranch] No such branch: master
2026-05-18 21:42:28.283 [info] > git status -z -uall [8ms]
2026-05-18 21:42:28.285 [info] > git for-each-ref --sort -committerdate --format %(refname)%00%(objectname)%00%(*objectname) [2ms]
2026-05-18 21:42:33.301 [info] [Git][getRemotes] No remotes found in the git config file
2026-05-18 21:42:33.310 [info] > git config --get commit.template [10ms]
2026-05-18 21:42:33.310 [info] > git for-each-ref --format=%(refname)%00%(upstream:short)%00%(objectname)%00%(upstream:track)%00%(upstream:remotename)%00%(upstream:remoteref) refs/heads/master refs/remotes/master [2ms]
2026-05-18 21:42:33.310 [warning] [Git][getBranch] No such branch: master
2026-05-18 21:42:33.326 [info] > git status -z -uall [8ms]
2026-05-18 21:42:33.328 [info] > git for-each-ref --sort -committerdate --format %(refname)%00%(objectname)%00%(*objectname) [3ms]
2026-05-18 21:42:38.342 [info] [Git][getRemotes] No remotes found in the git config file
2026-05-18 21:42:38.350 [info] > git config --get commit.template [9ms]
2026-05-18 21:42:38.351 [info] > git for-each-ref --format=%(refname)%00%(upstream:short)%00%(objectname)%00%(upstream:track)%00%(upstream:remotename)%00%(upstream:remoteref) refs/heads/master refs/remotes/master [2ms]
2026-05-18 21:42:38.351 [warning] [Git][getBranch] No such branch: master
2026-05-18 21:42:38.366 [info] > git status -z -uall [8ms]
2026-05-18 21:42:38.367 [info] > git for-each-ref --sort -committerdate --format %(refname)%00%(objectname)%00%(*objectname) [2ms]
2026-05-18 21:42:43.391 [info] [Git][getRemotes] No remotes found in the git config file
2026-05-18 21:42:43.393 [info] > git for-each-ref --format=%(refname)%00%(upstream:short)%00%(objectname)%00%(upstream:track)%00%(upstream:remotename)%00%(upstream:remoteref) refs/heads/master refs/remotes/master [2ms]
2026-05-18 21:42:43.393 [warning] [Git][getBranch] No such branch: master
2026-05-18 21:42:43.393 [info] > git config --get commit.template [11ms]
2026-05-18 21:42:43.414 [info] > git status -z -uall [12ms]
2026-05-18 21:42:43.416 [info] > git for-each-ref --sort -committerdate --format %(refname)%00%(objectname)%00%(*objectname) [3ms]
2026-05-18 21:42:49.142 [info] > git config --get commit.template [2ms]
2026-05-18 21:42:49.152 [info] [Git][getRemotes] No remotes found in the git config file
2026-05-18 21:42:49.153 [info] > git for-each-ref --format=%(refname)%00%(upstream:short)%00%(objectname)%00%(upstream:track)%00%(upstream:remotename)%00%(upstream:remoteref) refs/heads/master refs/remotes/master [1ms]
2026-05-18 21:42:49.153 [warning] [Git][getBranch] No such branch: master
2026-05-18 21:42:49.169 [info] > git status -z -uall [9ms]
2026-05-18 21:42:49.171 [info] > git for-each-ref --sort -committerdate --format %(refname)%00%(objectname)%00%(*objectname) [3ms]
2026-05-18 21:42:54.186 [info] [Git][getRemotes] No remotes found in the git config file
2026-05-18 21:42:54.195 [info] > git config --get commit.template [10ms]
2026-05-18 21:42:54.197 [info] > git for-each-ref --format=%(refname)%00%(upstream:short)%00%(objectname)%00%(upstream:track)%00%(upstream:remotename)%00%(upstream:remoteref) refs/heads/master refs/remotes/master [3ms]
2026-05-18 21:42:54.197 [warning] [Git][getBranch] No such branch: master
2026-05-18 21:42:54.212 [info] > git status -z -uall [8ms]
2026-05-18 21:42:54.214 [info] > git for-each-ref --sort -committerdate --format %(refname)%00%(objectname)%00%(*objectname) [3ms]
2026-05-18 21:42:59.237 [info] [Git][getRemotes] No remotes found in the git config file
2026-05-18 21:42:59.238 [info] > git config --get commit.template [9ms]
2026-05-18 21:42:59.239 [info] > git for-each-ref --format=%(refname)%00%(upstream:short)%00%(objectname)%00%(upstream:track)%00%(upstream:remotename)%00%(upstream:remoteref) refs/heads/master refs/remotes/master [2ms]
2026-05-18 21:42:59.239 [warning] [Git][getBranch] No such branch: master
2026-05-18 21:42:59.255 [info] > git status -z -uall [8ms]
2026-05-18 21:42:59.256 [info] > git for-each-ref --sort -committerdate --format %(refname)%00%(objectname)%00%(*objectname) [2ms]
2026-05-18 21:43:04.354 [info] [Git][getRemotes] No remotes found in the git config file
2026-05-18 21:43:04.364 [info] > git config --get commit.template [13ms]
2026-05-18 21:43:04.371 [info] > git for-each-ref --format=%(refname)%00%(upstream:short)%00%(objectname)%00%(upstream:track)%00%(upstream:remotename)%00%(upstream:remoteref) refs/heads/master refs/remotes/master [8ms]
2026-05-18 21:43:04.371 [warning] [Git][getBranch] No such branch: master
2026-05-18 21:43:04.392 [info] > git status -z -uall [11ms]
2026-05-18 21:43:04.394 [info] > git for-each-ref --sort -committerdate --format %(refname)%00%(objectname)%00%(*objectname) [4ms]
2026-05-18 21:47:43.304 [info] > git fetch [29ms]
2026-05-18 21:47:43.304 [info] > git fetch [38ms]
2026-05-18 21:47:43.305 [info] > git fetch [52ms]
2026-05-18 21:47:43.330 [info] > git config --get commit.template [28ms]
2026-05-18 21:47:43.330 [info] > git config --get commit.template [9ms]
2026-05-18 21:47:43.331 [info] > git config --get commit.template [16ms]
2026-05-18 21:47:43.337 [info] [Git][getRemotes] No remotes found in the git config file
2026-05-18 21:47:43.346 [info] [Git][getRemotes] No remotes found in the git config file
2026-05-18 21:47:43.353 [info] [Git][getRemotes] No remotes found in the git config file
2026-05-18 21:47:43.360 [info] [Git][getRemotes] No remotes found in the git config file
2026-05-18 21:47:43.361 [info] > git for-each-ref --format=%(refname)%00%(upstream:short)%00%(objectname)%00%(upstream:track)%00%(upstream:remotename)%00%(upstream:remoteref) refs/heads/master refs/remotes/master [25ms]
2026-05-18 21:47:43.361 [warning] [Git][getBranch] No such branch: master
2026-05-18 21:47:43.362 [info] > git config --get commit.template [33ms]
2026-05-18 21:47:43.364 [info] > git for-each-ref --format=%(refname)%00%(upstream:short)%00%(objectname)%00%(upstream:track)%00%(upstream:remotename)%00%(upstream:remoteref) refs/heads/master refs/remotes/master [4ms]
2026-05-18 21:47:43.364 [warning] [Git][getBranch] No such branch: master
2026-05-18 21:47:43.380 [info] > git for-each-ref --format=%(refname)%00%(upstream:short)%00%(objectname)%00%(upstream:track)%00%(upstream:remotename)%00%(upstream:remoteref) refs/heads/master refs/remotes/master [27ms]
2026-05-18 21:47:43.397 [info] > git for-each-ref --format=%(refname)%00%(upstream:short)%00%(objectname)%00%(upstream:track)%00%(upstream:remotename)%00%(upstream:remoteref) refs/heads/master refs/remotes/master [51ms]
2026-05-18 21:47:43.397 [warning] [Git][getBranch] No such branch: master
2026-05-18 21:47:43.415 [info] > git status -z -uall [42ms]
2026-05-18 21:47:43.415 [info] > git status -z -uall [27ms]
2026-05-18 21:47:43.415 [info] > git status -z -uall [10ms]
2026-05-18 21:47:43.416 [info] > git for-each-ref --sort -committerdate --format %(refname)%00%(objectname)%00%(*objectname) [20ms]
2026-05-18 21:47:43.418 [info] > git for-each-ref --sort -committerdate --format %(refname)%00%(objectname)%00%(*objectname) [38ms]
2026-05-18 21:47:43.420 [info] > git for-each-ref --sort -committerdate --format %(refname)%00%(objectname)%00%(*objectname) [6ms]
2026-05-18 21:47:44.451 [info] > git config --get commit.template [9ms]
2026-05-18 21:47:44.452 [info] [Git][getRemotes] No remotes found in the git config file
2026-05-18 21:47:44.459 [info] [Git][getRemotes] No remotes found in the git config file
2026-05-18 21:47:44.469 [info] > git for-each-ref --format=%(refname)%00%(upstream:short)%00%(objectname)%00%(upstream:track)%00%(upstream:remotename)%00%(upstream:remoteref) refs/heads/master refs/remotes/master [9ms]
2026-05-18 21:47:44.469 [warning] [Git][getBranch] No such branch: master
2026-05-18 21:47:44.469 [info] > git config --get commit.template [19ms]
2026-05-18 21:47:44.484 [info] > git status -z -uall [8ms]
2026-05-18 21:47:44.485 [info] > git for-each-ref --format=%(refname)%00%(upstream:short)%00%(objectname)%00%(upstream:track)%00%(upstream:remotename)%00%(upstream:remoteref) refs/heads/master refs/remotes/master [19ms]
2026-05-18 21:47:44.500 [info] > git status -z -uall [8ms]
2026-05-18 21:47:44.501 [info] > git for-each-ref --sort -committerdate --format %(refname)%00%(objectname)%00%(*objectname) [18ms]
2026-05-18 21:47:44.503 [info] > git for-each-ref --sort -committerdate --format %(refname)%00%(objectname)%00%(*objectname) [4ms]
2026-05-18 21:47:47.510 [info] > git fetch [4218ms]
2026-05-18 21:47:47.519 [info] > git fetch [4235ms]
2026-05-18 21:47:47.527 [info] > git config --get commit.template [9ms]
2026-05-18 21:47:47.536 [info] > git config --get commit.template [9ms]
2026-05-18 21:47:47.544 [info] > git for-each-ref --format=%(refname)%00%(upstream:short)%00%(objectname)%00%(upstream:track)%00%(upstream:remotename)%00%(upstream:remoteref) refs/heads/master refs/remotes/master [9ms]
2026-05-18 21:47:47.562 [info] > git status -z -uall [9ms]
2026-05-18 21:47:47.562 [info] > git for-each-ref --format=%(refname)%00%(upstream:short)%00%(objectname)%00%(upstream:track)%00%(upstream:remotename)%00%(upstream:remoteref) refs/heads/amar refs/remotes/amar [19ms]
2026-05-18 21:47:47.563 [info] > git for-each-ref --sort -committerdate --format %(refname)%00%(objectname)%00%(*objectname) [2ms]
2026-05-18 21:47:47.585 [info] > git status -z -uall [11ms]
2026-05-18 21:47:47.588 [info] > git for-each-ref --sort -committerdate --format %(refname)%00%(objectname)%00%(*objectname) [5ms]
2026-05-18 21:48:52.712 [info] [Git][getRemotes] No remotes found in the git config file
2026-05-18 21:48:52.713 [info] > git config --get commit.template [10ms]
2026-05-18 21:48:52.714 [info] > git for-each-ref --format=%(refname)%00%(upstream:short)%00%(objectname)%00%(upstream:track)%00%(upstream:remotename)%00%(upstream:remoteref) refs/heads/master refs/remotes/master [2ms]
2026-05-18 21:48:52.715 [warning] [Git][getBranch] No such branch: master
2026-05-18 21:48:52.730 [info] > git status -z -uall [8ms]
2026-05-18 21:48:52.732 [info] > git for-each-ref --sort -committerdate --format %(refname)%00%(objectname)%00%(*objectname) [3ms]
2026-05-18 21:48:57.755 [info] [Git][getRemotes] No remotes found in the git config file
2026-05-18 21:48:57.756 [info] > git config --get commit.template [10ms]
2026-05-18 21:48:57.757 [info] > git for-each-ref --format=%(refname)%00%(upstream:short)%00%(objectname)%00%(upstream:track)%00%(upstream:remotename)%00%(upstream:remoteref) refs/heads/master refs/remotes/master [2ms]
2026-05-18 21:48:57.757 [warning] [Git][getBranch] No such branch: master
2026-05-18 21:48:57.773 [info] > git status -z -uall [8ms]
2026-05-18 21:48:57.774 [info] > git for-each-ref --sort -committerdate --format %(refname)%00%(objectname)%00%(*objectname) [1ms]
2026-05-18 21:49:02.786 [info] [Git][getRemotes] No remotes found in the git config file
2026-05-18 21:49:02.794 [info] > git config --get commit.template [9ms]
2026-05-18 21:49:02.796 [info] > git for-each-ref --format=%(refname)%00%(upstream:short)%00%(objectname)%00%(upstream:track)%00%(upstream:remotename)%00%(upstream:remoteref) refs/heads/master refs/remotes/master [3ms]
2026-05-18 21:49:02.796 [warning] [Git][getBranch] No such branch: master
2026-05-18 21:49:02.811 [info] > git status -z -uall [8ms]
2026-05-18 21:49:02.812 [info] > git for-each-ref --sort -committerdate --format %(refname)%00%(objectname)%00%(*objectname) [3ms]
2026-05-18 21:49:07.834 [info] [Git][getRemotes] No remotes found in the git config file
2026-05-18 21:49:07.835 [info] > git config --get commit.template [9ms]
2026-05-18 21:49:07.836 [info] > git for-each-ref --format=%(refname)%00%(upstream:short)%00%(objectname)%00%(upstream:track)%00%(upstream:remotename)%00%(upstream:remoteref) refs/heads/master refs/remotes/master [2ms]
2026-05-18 21:49:07.836 [warning] [Git][getBranch] No such branch: master
2026-05-18 21:49:07.852 [info] > git status -z -uall [8ms]
2026-05-18 21:49:07.854 [info] > git for-each-ref --sort -committerdate --format %(refname)%00%(objectname)%00%(*objectname) [3ms]
2026-05-18 21:49:12.877 [info] [Git][getRemotes] No remotes found in the git config file
2026-05-18 21:49:12.878 [info] > git config --get commit.template [10ms]
2026-05-18 21:49:12.879 [info] > git for-each-ref --format=%(refname)%00%(upstream:short)%00%(objectname)%00%(upstream:track)%00%(upstream:remotename)%00%(upstream:remoteref) refs/heads/master refs/remotes/master [2ms]
2026-05-18 21:49:12.880 [warning] [Git][getBranch] No such branch: master
2026-05-18 21:49:12.897 [info] > git status -z -uall [9ms]
2026-05-18 21:49:12.899 [info] > git for-each-ref --sort -committerdate --format %(refname)%00%(objectname)%00%(*objectname) [3ms]
2026-05-18 21:53:06.014 [info] > git fetch [19ms]
2026-05-18 21:53:06.015 [info] > git fetch [32ms]
2026-05-18 21:53:06.015 [info] > git fetch [44ms]
2026-05-18 21:53:06.044 [info] > git config --get commit.template [10ms]
2026-05-18 21:53:06.044 [info] > git config --get commit.template [20ms]
2026-05-18 21:53:06.044 [info] [Git][getRemotes] No remotes found in the git config file
2026-05-18 21:53:06.058 [info] [Git][getRemotes] No remotes found in the git config file
2026-05-18 21:53:06.065 [info] [Git][getRemotes] No remotes found in the git config file
2026-05-18 21:53:06.066 [info] > git for-each-ref --format=%(refname)%00%(upstream:short)%00%(objectname)%00%(upstream:track)%00%(upstream:remotename)%00%(upstream:remoteref) refs/heads/master refs/remotes/master [8ms]
2026-05-18 21:53:06.067 [warning] [Git][getBranch] No such branch: master
2026-05-18 21:53:06.080 [info] > git for-each-ref --format=%(refname)%00%(upstream:short)%00%(objectname)%00%(upstream:track)%00%(upstream:remotename)%00%(upstream:remoteref) refs/heads/master refs/remotes/master [29ms]
2026-05-18 21:53:06.080 [warning] [Git][getBranch] No such branch: master
2026-05-18 21:53:06.095 [info] > git config --get commit.template [53ms]
2026-05-18 21:53:06.098 [info] > git status -z -uall [25ms]
2026-05-18 21:53:06.098 [info] > git status -z -uall [11ms]
2026-05-18 21:53:06.099 [info] > git for-each-ref --sort -committerdate --format %(refname)%00%(objectname)%00%(*objectname) [20ms]
2026-05-18 21:53:06.101 [info] > git for-each-ref --format=%(refname)%00%(upstream:short)%00%(objectname)%00%(upstream:track)%00%(upstream:remotename)%00%(upstream:remoteref) refs/heads/master refs/remotes/master [37ms]
2026-05-18 21:53:06.116 [info] > git status -z -uall [8ms]
2026-05-18 21:53:06.116 [info] > git for-each-ref --sort -committerdate --format %(refname)%00%(objectname)%00%(*objectname) [21ms]
2026-05-18 21:53:06.119 [info] > git for-each-ref --sort -committerdate --format %(refname)%00%(objectname)%00%(*objectname) [4ms]
2026-05-18 21:53:07.165 [info] > git config --get commit.template [2ms]
2026-05-18 21:53:07.166 [info] > git config --get commit.template [10ms]
2026-05-18 21:53:07.175 [info] [Git][getRemotes] No remotes found in the git config file
2026-05-18 21:53:07.183 [info] [Git][getRemotes] No remotes found in the git config file
2026-05-18 21:53:07.183 [info] > git for-each-ref --format=%(refname)%00%(upstream:short)%00%(objectname)%00%(upstream:track)%00%(upstream:remotename)%00%(upstream:remoteref) refs/heads/master refs/remotes/master [8ms]
2026-05-18 21:53:07.184 [warning] [Git][getBranch] No such branch: master
2026-05-18 21:53:07.199 [info] > git status -z -uall [9ms]
2026-05-18 21:53:07.200 [info] > git for-each-ref --format=%(refname)%00%(upstream:short)%00%(objectname)%00%(upstream:track)%00%(upstream:remotename)%00%(upstream:remoteref) refs/heads/master refs/remotes/master [18ms]
2026-05-18 21:53:07.200 [warning] [Git][getBranch] No such branch: master
2026-05-18 21:53:07.216 [info] > git status -z -uall [9ms]
2026-05-18 21:53:07.217 [info] > git for-each-ref --sort -committerdate --format %(refname)%00%(objectname)%00%(*objectname) [19ms]
2026-05-18 21:53:07.219 [info] > git for-each-ref --sort -committerdate --format %(refname)%00%(objectname)%00%(*objectname) [5ms]
2026-05-18 21:53:11.065 [info] > git fetch [5053ms]
2026-05-18 21:53:11.067 [info] > git fetch [5064ms]
2026-05-18 21:53:11.095 [info] > git config --get commit.template [15ms]
2026-05-18 21:53:11.096 [info] > git config --get commit.template [4ms]
2026-05-18 21:53:11.117 [info] > git for-each-ref --format=%(refname)%00%(upstream:short)%00%(objectname)%00%(upstream:track)%00%(upstream:remotename)%00%(upstream:remoteref) refs/heads/amar refs/remotes/amar [11ms]
2026-05-18 21:53:11.138 [info] > git status -z -uall [8ms]
2026-05-18 21:53:11.138 [info] > git for-each-ref --format=%(refname)%00%(upstream:short)%00%(objectname)%00%(upstream:track)%00%(upstream:remotename)%00%(upstream:remoteref) refs/heads/master refs/remotes/master [23ms]
2026-05-18 21:53:11.159 [info] > git status -z -uall [10ms]
2026-05-18 21:53:11.159 [info] > git for-each-ref --sort -committerdate --format %(refname)%00%(objectname)%00%(*objectname) [22ms]
2026-05-18 21:53:11.163 [info] > git for-each-ref --sort -committerdate --format %(refname)%00%(objectname)%00%(*objectname) [4ms]
2026-05-18 21:53:12.239 [info] [Git][getRemotes] No remotes found in the git config file
2026-05-18 21:53:12.240 [info] > git config --get commit.template [10ms]
2026-05-18 21:53:12.241 [info] > git for-each-ref --format=%(refname)%00%(upstream:short)%00%(objectname)%00%(upstream:track)%00%(upstream:remotename)%00%(upstream:remoteref) refs/heads/master refs/remotes/master [3ms]
2026-05-18 21:53:12.241 [warning] [Git][getBranch] No such branch: master
2026-05-18 21:53:12.256 [info] > git status -z -uall [8ms]
2026-05-18 21:53:12.258 [info] > git for-each-ref --sort -committerdate --format %(refname)%00%(objectname)%00%(*objectname) [2ms]
2026-05-18 21:53:30.073 [info] > git config --get commit.template [8ms]
2026-05-18 21:53:30.084 [info] [Git][getRemotes] No remotes found in the git config file
2026-05-18 21:53:30.088 [info] > git for-each-ref --format=%(refname)%00%(upstream:short)%00%(objectname)%00%(upstream:track)%00%(upstream:remotename)%00%(upstream:remoteref) refs/heads/master refs/remotes/master [5ms]
2026-05-18 21:53:30.088 [warning] [Git][getBranch] No such branch: master
2026-05-18 21:53:30.114 [info] > git status -z -uall [14ms]
2026-05-18 21:53:30.118 [info] > git for-each-ref --sort -committerdate --format %(refname)%00%(objectname)%00%(*objectname) [7ms]
2026-05-18 21:53:35.144 [info] [Git][getRemotes] No remotes found in the git config file
2026-05-18 21:53:35.145 [info] > git config --get commit.template [9ms]
2026-05-18 21:53:35.146 [info] > git for-each-ref --format=%(refname)%00%(upstream:short)%00%(objectname)%00%(upstream:track)%00%(upstream:remotename)%00%(upstream:remoteref) refs/heads/master refs/remotes/master [2ms]
2026-05-18 21:53:35.146 [warning] [Git][getBranch] No such branch: master
2026-05-18 21:53:35.162 [info] > git status -z -uall [8ms]
2026-05-18 21:53:35.164 [info] > git for-each-ref --sort -committerdate --format %(refname)%00%(objectname)%00%(*objectname) [3ms]
2026-05-18 21:53:40.194 [info] [Git][getRemotes] No remotes found in the git config file
2026-05-18 21:53:40.196 [info] > git config --get commit.template [16ms]
2026-05-18 21:53:40.196 [info] > git for-each-ref --format=%(refname)%00%(upstream:short)%00%(objectname)%00%(upstream:track)%00%(upstream:remotename)%00%(upstream:remoteref) refs/heads/master refs/remotes/master [3ms]
2026-05-18 21:53:40.196 [warning] [Git][getBranch] No such branch: master
2026-05-18 21:53:40.219 [info] > git status -z -uall [13ms]
2026-05-18 21:53:40.222 [info] > git for-each-ref --sort -committerdate --format %(refname)%00%(objectname)%00%(*objectname) [5ms]
2026-05-18 21:53:45.246 [info] [Git][getRemotes] No remotes found in the git config file
2026-05-18 21:53:45.246 [info] > git config --get commit.template [9ms]
2026-05-18 21:53:45.247 [info] > git for-each-ref --format=%(refname)%00%(upstream:short)%00%(objectname)%00%(upstream:track)%00%(upstream:remotename)%00%(upstream:remoteref) refs/heads/master refs/remotes/master [2ms]
2026-05-18 21:53:45.247 [warning] [Git][getBranch] No such branch: master
2026-05-18 21:53:45.263 [info] > git status -z -uall [8ms]
2026-05-18 21:53:45.265 [info] > git for-each-ref --sort -committerdate --format %(refname)%00%(objectname)%00%(*objectname) [3ms]
2026-05-18 21:54:05.132 [info] [Git][getRemotes] No remotes found in the git config file
2026-05-18 21:54:05.134 [info] > git config --get commit.template [15ms]
2026-05-18 21:54:05.135 [info] > git for-each-ref --format=%(refname)%00%(upstream:short)%00%(objectname)%00%(upstream:track)%00%(upstream:remotename)%00%(upstream:remoteref) refs/heads/master refs/remotes/master [3ms]
2026-05-18 21:54:05.135 [warning] [Git][getBranch] No such branch: master
2026-05-18 21:54:05.157 [info] > git status -z -uall [11ms]
2026-05-18 21:54:05.158 [info] > git for-each-ref --sort -committerdate --format %(refname)%00%(objectname)%00%(*objectname) [2ms]
2026-05-18 21:56:06.123 [info] > git fetch [9ms]
2026-05-18 21:56:06.140 [info] > git config --get commit.template [4ms]
2026-05-18 21:56:06.150 [info] [Git][getRemotes] No remotes found in the git config file
2026-05-18 21:56:06.152 [info] > git for-each-ref --format=%(refname)%00%(upstream:short)%00%(objectname)%00%(upstream:track)%00%(upstream:remotename)%00%(upstream:remoteref) refs/heads/master refs/remotes/master [3ms]
2026-05-18 21:56:06.153 [warning] [Git][getBranch] No such branch: master
2026-05-18 21:56:06.172 [info] > git status -z -uall [9ms]
2026-05-18 21:56:06.173 [info] > git for-each-ref --sort -committerdate --format %(refname)%00%(objectname)%00%(*objectname) [3ms]
2026-05-18 21:56:08.412 [info] > git fetch [27ms]
2026-05-18 21:56:08.427 [info] > git config --get commit.template [16ms]
2026-05-18 21:56:08.428 [info] > git fetch [31ms]
2026-05-18 21:56:08.440 [info] > git config --get commit.template [16ms]
2026-05-18 21:56:08.449 [info] [Git][getRemotes] No remotes found in the git config file
2026-05-18 21:56:08.459 [info] [Git][getRemotes] No remotes found in the git config file
2026-05-18 21:56:08.460 [info] > git config --get commit.template [20ms]
2026-05-18 21:56:08.470 [info] [Git][getRemotes] No remotes found in the git config file
2026-05-18 21:56:08.471 [info] > git for-each-ref --format=%(refname)%00%(upstream:short)%00%(objectname)%00%(upstream:track)%00%(upstream:remotename)%00%(upstream:remoteref) refs/heads/master refs/remotes/master [13ms]
2026-05-18 21:56:08.471 [warning] [Git][getBranch] No such branch: master
2026-05-18 21:56:08.488 [info] > git for-each-ref --format=%(refname)%00%(upstream:short)%00%(objectname)%00%(upstream:track)%00%(upstream:remotename)%00%(upstream:remoteref) refs/heads/master refs/remotes/master [39ms]
2026-05-18 21:56:08.489 [warning] [Git][getBranch] No such branch: master
2026-05-18 21:56:08.507 [info] > git status -z -uall [26ms]
2026-05-18 21:56:08.507 [info] > git status -z -uall [11ms]
2026-05-18 21:56:08.507 [info] > git for-each-ref --sort -committerdate --format %(refname)%00%(objectname)%00%(*objectname) [19ms]
2026-05-18 21:56:08.509 [info] > git for-each-ref --format=%(refname)%00%(upstream:short)%00%(objectname)%00%(upstream:track)%00%(upstream:remotename)%00%(upstream:remoteref) refs/heads/master refs/remotes/master [39ms]
2026-05-18 21:56:08.525 [info] > git status -z -uall [9ms]
2026-05-18 21:56:08.526 [info] > git for-each-ref --sort -committerdate --format %(refname)%00%(objectname)%00%(*objectname) [22ms]
2026-05-18 21:56:08.529 [info] > git for-each-ref --sort -committerdate --format %(refname)%00%(objectname)%00%(*objectname) [6ms]
2026-05-18 21:56:15.784 [info] > git fetch [4611ms]
2026-05-18 21:56:15.804 [info] > git config --get commit.template [11ms]
2026-05-18 21:56:15.808 [info] > git for-each-ref --format=%(refname)%00%(upstream:short)%00%(objectname)%00%(upstream:track)%00%(upstream:remotename)%00%(upstream:remoteref) refs/heads/amar refs/remotes/amar [5ms]
2026-05-18 21:56:15.833 [info] > git status -z -uall [12ms]
2026-05-18 21:56:15.837 [info] > git for-each-ref --sort -committerdate --format %(refname)%00%(objectname)%00%(*objectname) [5ms]
2026-05-18 21:56:16.194 [info] > git fetch [5011ms]
2026-05-18 21:56:16.218 [info] > git config --get commit.template [14ms]
2026-05-18 21:56:16.220 [info] > git for-each-ref --format=%(refname)%00%(upstream:short)%00%(objectname)%00%(upstream:track)%00%(upstream:remotename)%00%(upstream:remoteref) refs/heads/master refs/remotes/master [4ms]
2026-05-18 21:56:16.238 [info] > git status -z -uall [8ms]
2026-05-18 21:56:16.239 [info] > git for-each-ref --sort -committerdate --format %(refname)%00%(objectname)%00%(*objectname) [2ms]
2026-05-18 21:56:19.895 [info] [Git][getRemotes] No remotes found in the git config file
2026-05-18 21:56:19.896 [info] > git config --get commit.template [9ms]
2026-05-18 21:56:19.897 [info] > git for-each-ref --format=%(refname)%00%(upstream:short)%00%(objectname)%00%(upstream:track)%00%(upstream:remotename)%00%(upstream:remoteref) refs/heads/master refs/remotes/master [2ms]
2026-05-18 21:56:19.897 [warning] [Git][getBranch] No such branch: master
2026-05-18 21:56:19.916 [info] > git status -z -uall [12ms]
2026-05-18 21:56:19.917 [info] > git for-each-ref --sort -committerdate --format %(refname)%00%(objectname)%00%(*objectname) [3ms]
2026-05-18 21:56:26.193 [info] [Git][getRemotes] No remotes found in the git config file
2026-05-18 21:56:26.194 [info] > git config --get commit.template [11ms]
2026-05-18 21:56:26.195 [info] > git for-each-ref --format=%(refname)%00%(upstream:short)%00%(objectname)%00%(upstream:track)%00%(upstream:remotename)%00%(upstream:remoteref) refs/heads/master refs/remotes/master [2ms]
2026-05-18 21:56:26.195 [warning] [Git][getBranch] No such branch: master
2026-05-18 21:56:26.210 [info] > git status -z -uall [8ms]
2026-05-18 21:56:26.212 [info] > git for-each-ref --sort -committerdate --format %(refname)%00%(objectname)%00%(*objectname) [3ms]
2026-05-18 21:56:38.335 [info] [Git][getRemotes] No remotes found in the git config file
2026-05-18 21:56:38.344 [info] > git config --get commit.template [9ms]
2026-05-18 21:56:38.345 [info] > git for-each-ref --format=%(refname)%00%(upstream:short)%00%(objectname)%00%(upstream:track)%00%(upstream:remotename)%00%(upstream:remoteref) refs/heads/master refs/remotes/master [2ms]
2026-05-18 21:56:38.346 [warning] [Git][getBranch] No such branch: master
2026-05-18 21:56:38.364 [info] > git status -z -uall [12ms]
2026-05-18 21:56:38.365 [info] > git for-each-ref --sort -committerdate --format %(refname)%00%(objectname)%00%(*objectname) [3ms]
2026-05-18 21:56:43.383 [info] > git config --get commit.template [3ms]
2026-05-18 21:56:43.392 [info] [Git][getRemotes] No remotes found in the git config file
2026-05-18 21:56:43.395 [info] > git for-each-ref --format=%(refname)%00%(upstream:short)%00%(objectname)%00%(upstream:track)%00%(upstream:remotename)%00%(upstream:remoteref) refs/heads/master refs/remotes/master [3ms]
2026-05-18 21:56:43.395 [warning] [Git][getBranch] No such branch: master
2026-05-18 21:56:43.410 [info] > git status -z -uall [8ms]
2026-05-18 21:56:43.412 [info] > git for-each-ref --sort -committerdate --format %(refname)%00%(objectname)%00%(*objectname) [3ms]
2026-05-18 21:56:48.432 [info] > git config --get commit.template [3ms]
2026-05-18 21:56:48.433 [info] [Git][getRemotes] No remotes found in the git config file
2026-05-18 21:56:48.446 [info] > git for-each-ref --format=%(refname)%00%(upstream:short)%00%(objectname)%00%(upstream:track)%00%(upstream:remotename)%00%(upstream:remoteref) refs/heads/master refs/remotes/master [3ms]
2026-05-18 21:56:48.446 [warning] [Git][getBranch] No such branch: master
2026-05-18 21:56:48.467 [info] > git status -z -uall [11ms]
2026-05-18 21:56:48.469 [info] > git for-each-ref --sort -committerdate --format %(refname)%00%(objectname)%00%(*objectname) [3ms]
2026-05-18 21:57:09.345 [info] [Git][getRemotes] No remotes found in the git config file
2026-05-18 21:57:09.347 [info] > git config --get commit.template [14ms]
2026-05-18 21:57:09.349 [info] > git for-each-ref --format=%(refname)%00%(upstream:short)%00%(objectname)%00%(upstream:track)%00%(upstream:remotename)%00%(upstream:remoteref) refs/heads/master refs/remotes/master [4ms]
2026-05-18 21:57:09.349 [warning] [Git][getBranch] No such branch: master
2026-05-18 21:57:09.370 [info] > git status -z -uall [12ms]
2026-05-18 21:57:09.372 [info] > git for-each-ref --sort -committerdate --format %(refname)%00%(objectname)%00%(*objectname) [3ms]
2026-05-18 21:57:14.392 [info] [Git][getRemotes] No remotes found in the git config file
2026-05-18 21:57:14.393 [info] > git config --get commit.template [9ms]
2026-05-18 21:57:14.393 [info] > git for-each-ref --format=%(refname)%00%(upstream:short)%00%(objectname)%00%(upstream:track)%00%(upstream:remotename)%00%(upstream:remoteref) refs/heads/master refs/remotes/master [2ms]
2026-05-18 21:57:14.393 [warning] [Git][getBranch] No such branch: master
2026-05-18 21:57:14.410 [info] > git status -z -uall [9ms]
2026-05-18 21:57:14.411 [info] > git for-each-ref --sort -committerdate --format %(refname)%00%(objectname)%00%(*objectname) [3ms]
2026-05-18 21:57:24.235 [info] [Git][getRemotes] No remotes found in the git config file
2026-05-18 21:57:24.237 [info] > git config --get commit.template [14ms]
2026-05-18 21:57:24.238 [info] > git for-each-ref --format=%(refname)%00%(upstream:short)%00%(objectname)%00%(upstream:track)%00%(upstream:remotename)%00%(upstream:remoteref) refs/heads/master refs/remotes/master [3ms]
2026-05-18 21:57:24.238 [warning] [Git][getBranch] No such branch: master
2026-05-18 21:57:24.262 [info] > git status -z -uall [13ms]
2026-05-18 21:57:24.264 [info] > git for-each-ref --sort -committerdate --format %(refname)%00%(objectname)%00%(*objectname) [3ms]
2026-05-18 21:57:30.988 [info] > git config --get commit.template [1ms]
2026-05-18 21:57:30.997 [info] [Git][getRemotes] No remotes found in the git config file
2026-05-18 21:57:30.999 [info] > git for-each-ref --format=%(refname)%00%(upstream:short)%00%(objectname)%00%(upstream:track)%00%(upstream:remotename)%00%(upstream:remoteref) refs/heads/master refs/remotes/master [3ms]
2026-05-18 21:57:30.999 [warning] [Git][getBranch] No such branch: master
2026-05-18 21:57:31.016 [info] > git status -z -uall [10ms]
2026-05-18 21:57:31.017 [info] > git for-each-ref --sort -committerdate --format %(refname)%00%(objectname)%00%(*objectname) [4ms]
2026-05-18 21:57:38.984 [info] [Git][getRemotes] No remotes found in the git config file
2026-05-18 21:57:38.985 [info] > git config --get commit.template [10ms]
2026-05-18 21:57:38.985 [info] > git for-each-ref --format=%(refname)%00%(upstream:short)%00%(objectname)%00%(upstream:track)%00%(upstream:remotename)%00%(upstream:remoteref) refs/heads/master refs/remotes/master [1ms]
2026-05-18 21:57:38.985 [warning] [Git][getBranch] No such branch: master
2026-05-18 21:57:39.004 [info] > git status -z -uall [11ms]
2026-05-18 21:57:39.006 [info] > git for-each-ref --sort -committerdate --format %(refname)%00%(objectname)%00%(*objectname) [4ms]
2026-05-18 21:58:30.440 [info] [Git][getRemotes] No remotes found in the git config file
2026-05-18 21:58:30.441 [info] > git config --get commit.template [13ms]
2026-05-18 21:58:30.443 [info] > git for-each-ref --format=%(refname)%00%(upstream:short)%00%(objectname)%00%(upstream:track)%00%(upstream:remotename)%00%(upstream:remoteref) refs/heads/master refs/remotes/master [4ms]
2026-05-18 21:58:30.443 [warning] [Git][getBranch] No such branch: master
2026-05-18 21:58:30.464 [info] > git status -z -uall [10ms]
2026-05-18 21:58:30.465 [info] > git for-each-ref --sort -committerdate --format %(refname)%00%(objectname)%00%(*objectname) [3ms]
2026-05-18 21:58:46.770 [info] > git config --get commit.template [4ms]
2026-05-18 21:58:46.771 [info] [Git][getRemotes] No remotes found in the git config file
2026-05-18 21:58:46.780 [info] > git for-each-ref --format=%(refname)%00%(upstream:short)%00%(objectname)%00%(upstream:track)%00%(upstream:remotename)%00%(upstream:remoteref) refs/heads/master refs/remotes/master [2ms]
2026-05-18 21:58:46.780 [warning] [Git][getBranch] No such branch: master
2026-05-18 21:58:46.795 [info] > git status -z -uall [8ms]
2026-05-18 21:58:46.797 [info] > git for-each-ref --sort -committerdate --format %(refname)%00%(objectname)%00%(*objectname) [2ms]
2026-05-18 21:58:55.277 [info] [Git][getRemotes] No remotes found in the git config file
2026-05-18 21:58:55.278 [info] > git config --get commit.template [11ms]
2026-05-18 21:58:55.280 [info] > git for-each-ref --format=%(refname)%00%(upstream:short)%00%(objectname)%00%(upstream:track)%00%(upstream:remotename)%00%(upstream:remoteref) refs/heads/master refs/remotes/master [3ms]
2026-05-18 21:58:55.280 [warning] [Git][getBranch] No such branch: master
2026-05-18 21:58:55.298 [info] > git status -z -uall [11ms]
2026-05-18 21:58:55.299 [info] > git for-each-ref --sort -committerdate --format %(refname)%00%(objectname)%00%(*objectname) [3ms]
2026-05-18 21:59:00.320 [info] [Git][getRemotes] No remotes found in the git config file
2026-05-18 21:59:00.321 [info] > git config --get commit.template [10ms]
2026-05-18 21:59:00.322 [info] > git for-each-ref --format=%(refname)%00%(upstream:short)%00%(objectname)%00%(upstream:track)%00%(upstream:remotename)%00%(upstream:remoteref) refs/heads/master refs/remotes/master [2ms]
2026-05-18 21:59:00.323 [warning] [Git][getBranch] No such branch: master
2026-05-18 21:59:00.340 [info] > git status -z -uall [10ms]
2026-05-18 21:59:00.342 [info] > git for-each-ref --sort -committerdate --format %(refname)%00%(objectname)%00%(*objectname) [4ms]
2026-05-18 21:59:05.443 [info] [Git][getRemotes] No remotes found in the git config file
2026-05-18 21:59:05.444 [info] > git config --get commit.template [9ms]
2026-05-18 21:59:05.445 [info] > git for-each-ref --format=%(refname)%00%(upstream:short)%00%(objectname)%00%(upstream:track)%00%(upstream:remotename)%00%(upstream:remoteref) refs/heads/master refs/remotes/master [3ms]
2026-05-18 21:59:05.445 [warning] [Git][getBranch] No such branch: master
2026-05-18 21:59:05.461 [info] > git status -z -uall [8ms]
2026-05-18 21:59:05.463 [info] > git for-each-ref --sort -committerdate --format %(refname)%00%(objectname)%00%(*objectname) [3ms]
2026-05-18 21:59:07.104 [info] > git fetch [7ms]
2026-05-18 21:59:07.121 [info] [Git][getRemotes] No remotes found in the git config file
2026-05-18 21:59:07.123 [info] > git config --get commit.template [9ms]
2026-05-18 21:59:07.124 [info] > git for-each-ref --format=%(refname)%00%(upstream:short)%00%(objectname)%00%(upstream:track)%00%(upstream:remotename)%00%(upstream:remoteref) refs/heads/master refs/remotes/master [3ms]
2026-05-18 21:59:07.124 [warning] [Git][getBranch] No such branch: master
2026-05-18 21:59:07.140 [info] > git status -z -uall [9ms]
2026-05-18 21:59:07.143 [info] > git for-each-ref --sort -committerdate --format %(refname)%00%(objectname)%00%(*objectname) [4ms]
2026-05-18 21:59:09.439 [info] > git fetch [8ms]
2026-05-18 21:59:09.458 [info] > git config --get commit.template [9ms]
2026-05-18 21:59:09.466 [info] [Git][getRemotes] No remotes found in the git config file
2026-05-18 21:59:09.467 [info] > git for-each-ref --format=%(refname)%00%(upstream:short)%00%(objectname)%00%(upstream:track)%00%(upstream:remotename)%00%(upstream:remoteref) refs/heads/master refs/remotes/master [2ms]
2026-05-18 21:59:09.467 [warning] [Git][getBranch] No such branch: master
2026-05-18 21:59:09.482 [info] > git fetch [25ms]
2026-05-18 21:59:09.493 [info] > git status -z -uall [18ms]
2026-05-18 21:59:09.493 [info] > git for-each-ref --sort -committerdate --format %(refname)%00%(objectname)%00%(*objectname) [12ms]
2026-05-18 21:59:09.498 [info] > git config --get commit.template [5ms]
2026-05-18 21:59:09.506 [info] [Git][getRemotes] No remotes found in the git config file
2026-05-18 21:59:09.510 [info] > git for-each-ref --format=%(refname)%00%(upstream:short)%00%(objectname)%00%(upstream:track)%00%(upstream:remotename)%00%(upstream:remoteref) refs/heads/master refs/remotes/master [5ms]
2026-05-18 21:59:09.544 [info] > git status -z -uall [18ms]
2026-05-18 21:59:09.544 [info] > git for-each-ref --sort -committerdate --format %(refname)%00%(objectname)%00%(*objectname) [5ms]
2026-05-18 21:59:10.487 [info] [Git][getRemotes] No remotes found in the git config file
2026-05-18 21:59:10.489 [info] > git config --get commit.template [10ms]
2026-05-18 21:59:10.490 [info] > git for-each-ref --format=%(refname)%00%(upstream:short)%00%(objectname)%00%(upstream:track)%00%(upstream:remotename)%00%(upstream:remoteref) refs/heads/master refs/remotes/master [4ms]
2026-05-18 21:59:10.490 [warning] [Git][getBranch] No such branch: master
2026-05-18 21:59:10.510 [info] > git status -z -uall [12ms]
2026-05-18 21:59:10.512 [info] > git for-each-ref --sort -committerdate --format %(refname)%00%(objectname)%00%(*objectname) [3ms]
2026-05-18 21:59:10.559 [info] [Git][getRemotes] No remotes found in the git config file
2026-05-18 21:59:10.560 [info] > git config --get commit.template [10ms]
2026-05-18 21:59:10.560 [info] > git for-each-ref --format=%(refname)%00%(upstream:short)%00%(objectname)%00%(upstream:track)%00%(upstream:remotename)%00%(upstream:remoteref) refs/heads/master refs/remotes/master [1ms]
2026-05-18 21:59:10.560 [warning] [Git][getBranch] No such branch: master
2026-05-18 21:59:10.576 [info] > git status -z -uall [9ms]
2026-05-18 21:59:10.578 [info] > git for-each-ref --sort -committerdate --format %(refname)%00%(objectname)%00%(*objectname) [3ms]
2026-05-18 21:59:10.606 [info] > git config --get commit.template [4ms]
2026-05-18 21:59:10.615 [info] [Git][getRemotes] No remotes found in the git config file
2026-05-18 21:59:10.620 [info] > git for-each-ref --format=%(refname)%00%(upstream:short)%00%(objectname)%00%(upstream:track)%00%(upstream:remotename)%00%(upstream:remoteref) refs/heads/master refs/remotes/master [6ms]
2026-05-18 21:59:10.641 [info] > git status -z -uall [12ms]
2026-05-18 21:59:10.641 [info] > git for-each-ref --sort -committerdate --format %(refname)%00%(objectname)%00%(*objectname) [4ms]
2026-05-18 21:59:29.618 [info] [Git][getRemotes] No remotes found in the git config file
2026-05-18 21:59:29.621 [info] > git config --get commit.template [15ms]
2026-05-18 21:59:29.622 [info] > git for-each-ref --format=%(refname)%00%(upstream:short)%00%(objectname)%00%(upstream:track)%00%(upstream:remotename)%00%(upstream:remoteref) refs/heads/master refs/remotes/master [4ms]
2026-05-18 21:59:29.622 [warning] [Git][getBranch] No such branch: master
2026-05-18 21:59:29.641 [info] > git status -z -uall [10ms]
2026-05-18 21:59:29.643 [info] > git for-each-ref --sort -committerdate --format %(refname)%00%(objectname)%00%(*objectname) [2ms]
2026-05-18 21:59:34.494 [info] > git fetch [4903ms]
2026-05-18 21:59:34.506 [info] > git fetch [4926ms]
2026-05-18 21:59:34.517 [info] > git config --get commit.template [12ms]
2026-05-18 21:59:34.540 [info] > git config --get commit.template [24ms]
2026-05-18 21:59:34.542 [info] > git for-each-ref --format=%(refname)%00%(upstream:short)%00%(objectname)%00%(upstream:track)%00%(upstream:remotename)%00%(upstream:remoteref) refs/heads/amar refs/remotes/amar [5ms]
2026-05-18 21:59:34.542 [info] > git for-each-ref --format=%(refname)%00%(upstream:short)%00%(objectname)%00%(upstream:track)%00%(upstream:remotename)%00%(upstream:remoteref) refs/heads/master refs/remotes/master [14ms]
2026-05-18 21:59:34.581 [info] > git status -z -uall [28ms]
2026-05-18 21:59:34.581 [info] > git status -z -uall [11ms]
2026-05-18 21:59:34.581 [info] > git for-each-ref --sort -committerdate --format %(refname)%00%(objectname)%00%(*objectname) [20ms]
2026-05-18 21:59:34.584 [info] > git for-each-ref --sort -committerdate --format %(refname)%00%(objectname)%00%(*objectname) [5ms]
2026-05-18 21:59:34.657 [info] [Git][getRemotes] No remotes found in the git config file
2026-05-18 21:59:34.667 [info] > git config --get commit.template [11ms]
2026-05-18 21:59:34.667 [info] > git for-each-ref --format=%(refname)%00%(upstream:short)%00%(objectname)%00%(upstream:track)%00%(upstream:remotename)%00%(upstream:remoteref) refs/heads/master refs/remotes/master [2ms]
2026-05-18 21:59:34.667 [warning] [Git][getBranch] No such branch: master
2026-05-18 21:59:34.684 [info] > git status -z -uall [9ms]
2026-05-18 21:59:34.687 [info] > git for-each-ref --sort -committerdate --format %(refname)%00%(objectname)%00%(*objectname) [3ms]
2026-05-18 21:59:45.098 [info] [Git][getRemotes] No remotes found in the git config file
2026-05-18 21:59:45.110 [info] > git config --get commit.template [14ms]
2026-05-18 21:59:45.112 [info] > git for-each-ref --format=%(refname)%00%(upstream:short)%00%(objectname)%00%(upstream:track)%00%(upstream:remotename)%00%(upstream:remoteref) refs/heads/master refs/remotes/master [3ms]
2026-05-18 21:59:45.112 [warning] [Git][getBranch] No such branch: master
2026-05-18 21:59:45.130 [info] > git status -z -uall [9ms]
2026-05-18 21:59:45.132 [info] > git for-each-ref --sort -committerdate --format %(refname)%00%(objectname)%00%(*objectname) [3ms]
2026-05-18 21:59:50.146 [info] [Git][getRemotes] No remotes found in the git config file
2026-05-18 21:59:50.155 [info] > git config --get commit.template [10ms]
2026-05-18 21:59:50.157 [info] > git for-each-ref --format=%(refname)%00%(upstream:short)%00%(objectname)%00%(upstream:track)%00%(upstream:remotename)%00%(upstream:remoteref) refs/heads/master refs/remotes/master [3ms]
2026-05-18 21:59:50.157 [warning] [Git][getBranch] No such branch: master
2026-05-18 21:59:50.173 [info] > git status -z -uall [9ms]
2026-05-18 21:59:50.175 [info] > git for-each-ref --sort -committerdate --format %(refname)%00%(objectname)%00%(*objectname) [3ms]
2026-05-18 21:59:55.195 [info] [Git][getRemotes] No remotes found in the git config file
2026-05-18 21:59:55.196 [info] > git config --get commit.template [9ms]
2026-05-18 21:59:55.197 [info] > git for-each-ref --format=%(refname)%00%(upstream:short)%00%(objectname)%00%(upstream:track)%00%(upstream:remotename)%00%(upstream:remoteref) refs/heads/master refs/remotes/master [2ms]
2026-05-18 21:59:55.197 [warning] [Git][getBranch] No such branch: master
2026-05-18 21:59:55.212 [info] > git status -z -uall [8ms]
2026-05-18 21:59:55.214 [info] > git for-each-ref --sort -committerdate --format %(refname)%00%(objectname)%00%(*objectname) [3ms]
2026-05-18 22:00:00.236 [info] [Git][getRemotes] No remotes found in the git config file
2026-05-18 22:00:00.238 [info] > git config --get commit.template [10ms]
2026-05-18 22:00:00.239 [info] > git for-each-ref --format=%(refname)%00%(upstream:short)%00%(objectname)%00%(upstream:track)%00%(upstream:remotename)%00%(upstream:remoteref) refs/heads/master refs/remotes/master [3ms]
2026-05-18 22:00:00.239 [warning] [Git][getBranch] No such branch: master
2026-05-18 22:00:00.255 [info] > git status -z -uall [8ms]
2026-05-18 22:00:00.257 [info] > git for-each-ref --sort -committerdate --format %(refname)%00%(objectname)%00%(*objectname) [2ms]
2026-05-18 22:00:05.270 [info] > git config --get commit.template [2ms]
2026-05-18 22:00:05.280 [info] [Git][getRemotes] No remotes found in the git config file
2026-05-18 22:00:05.283 [info] > git for-each-ref --format=%(refname)%00%(upstream:short)%00%(objectname)%00%(upstream:track)%00%(upstream:remotename)%00%(upstream:remoteref) refs/heads/master refs/remotes/master [3ms]
2026-05-18 22:00:05.283 [warning] [Git][getBranch] No such branch: master
2026-05-18 22:00:05.301 [info] > git status -z -uall [10ms]
2026-05-18 22:00:05.305 [info] > git for-each-ref --sort -committerdate --format %(refname)%00%(objectname)%00%(*objectname) [6ms]
2026-05-18 22:00:10.322 [info] [Git][getRemotes] No remotes found in the git config file
2026-05-18 22:00:10.332 [info] > git config --get commit.template [10ms]
2026-05-18 22:00:10.333 [info] > git for-each-ref --format=%(refname)%00%(upstream:short)%00%(objectname)%00%(upstream:track)%00%(upstream:remotename)%00%(upstream:remoteref) refs/heads/master refs/remotes/master [3ms]
2026-05-18 22:00:10.333 [warning] [Git][getBranch] No such branch: master
2026-05-18 22:00:10.349 [info] > git status -z -uall [8ms]
2026-05-18 22:00:10.351 [info] > git for-each-ref --sort -committerdate --format %(refname)%00%(objectname)%00%(*objectname) [3ms]
2026-05-18 22:00:15.375 [info] [Git][getRemotes] No remotes found in the git config file
2026-05-18 22:00:15.376 [info] > git config --get commit.template [12ms]
2026-05-18 22:00:15.378 [info] > git for-each-ref --format=%(refname)%00%(upstream:short)%00%(objectname)%00%(upstream:track)%00%(upstream:remotename)%00%(upstream:remoteref) refs/heads/master refs/remotes/master [3ms]
2026-05-18 22:00:15.378 [warning] [Git][getBranch] No such branch: master
2026-05-18 22:00:15.396 [info] > git status -z -uall [10ms]
2026-05-18 22:00:15.400 [info] > git for-each-ref --sort -committerdate --format %(refname)%00%(objectname)%00%(*objectname) [5ms]
2026-05-18 22:00:20.416 [info] [Git][getRemotes] No remotes found in the git config file
2026-05-18 22:00:20.425 [info] > git config --get commit.template [11ms]
2026-05-18 22:00:20.426 [info] > git for-each-ref --format=%(refname)%00%(upstream:short)%00%(objectname)%00%(upstream:track)%00%(upstream:remotename)%00%(upstream:remoteref) refs/heads/master refs/remotes/master [2ms]
2026-05-18 22:00:20.427 [warning] [Git][getBranch] No such branch: master
2026-05-18 22:00:20.443 [info] > git status -z -uall [9ms]
2026-05-18 22:00:20.444 [info] > git for-each-ref --sort -committerdate --format %(refname)%00%(objectname)%00%(*objectname) [2ms]
2026-05-18 22:00:25.463 [info] > git config --get commit.template [3ms]
2026-05-18 22:00:25.464 [info] [Git][getRemotes] No remotes found in the git config file
2026-05-18 22:00:25.476 [info] > git for-each-ref --format=%(refname)%00%(upstream:short)%00%(objectname)%00%(upstream:track)%00%(upstream:remotename)%00%(upstream:remoteref) refs/heads/master refs/remotes/master [3ms]
2026-05-18 22:00:25.476 [warning] [Git][getBranch] No such branch: master
2026-05-18 22:00:25.499 [info] > git status -z -uall [12ms]
2026-05-18 22:00:25.501 [info] > git for-each-ref --sort -committerdate --format %(refname)%00%(objectname)%00%(*objectname) [4ms]
2026-05-18 22:00:30.526 [info] [Git][getRemotes] No remotes found in the git config file
2026-05-18 22:00:30.530 [info] > git for-each-ref --format=%(refname)%00%(upstream:short)%00%(objectname)%00%(upstream:track)%00%(upstream:remotename)%00%(upstream:remoteref) refs/heads/master refs/remotes/master [4ms]
2026-05-18 22:00:30.530 [warning] [Git][getBranch] No such branch: master
2026-05-18 22:00:30.530 [info] > git config --get commit.template [14ms]
2026-05-18 22:00:30.548 [info] > git status -z -uall [11ms]
2026-05-18 22:00:30.550 [info] > git for-each-ref --sort -committerdate --format %(refname)%00%(objectname)%00%(*objectname) [3ms]
2026-05-18 22:00:37.137 [info] [Git][getRemotes] No remotes found in the git config file
2026-05-18 22:00:37.139 [info] > git config --get commit.template [10ms]
2026-05-18 22:00:37.140 [info] > git for-each-ref --format=%(refname)%00%(upstream:short)%00%(objectname)%00%(upstream:track)%00%(upstream:remotename)%00%(upstream:remoteref) refs/heads/master refs/remotes/master [3ms]
2026-05-18 22:00:37.140 [warning] [Git][getBranch] No such branch: master
2026-05-18 22:00:37.158 [info] > git status -z -uall [10ms]
2026-05-18 22:00:37.159 [info] > git for-each-ref --sort -committerdate --format %(refname)%00%(objectname)%00%(*objectname) [3ms]
2026-05-18 22:00:42.183 [info] [Git][getRemotes] No remotes found in the git config file
2026-05-18 22:00:42.184 [info] > git config --get commit.template [9ms]
2026-05-18 22:00:42.185 [info] > git for-each-ref --format=%(refname)%00%(upstream:short)%00%(objectname)%00%(upstream:track)%00%(upstream:remotename)%00%(upstream:remoteref) refs/heads/master refs/remotes/master [2ms]
2026-05-18 22:00:42.185 [warning] [Git][getBranch] No such branch: master
2026-05-18 22:00:42.200 [info] > git status -z -uall [8ms]
2026-05-18 22:00:42.202 [info] > git for-each-ref --sort -committerdate --format %(refname)%00%(objectname)%00%(*objectname) [2ms]
2026-05-18 22:00:47.223 [info] [Git][getRemotes] No remotes found in the git config file
2026-05-18 22:00:47.224 [info] > git config --get commit.template [9ms]
2026-05-18 22:00:47.225 [info] > git for-each-ref --format=%(refname)%00%(upstream:short)%00%(objectname)%00%(upstream:track)%00%(upstream:remotename)%00%(upstream:remoteref) refs/heads/master refs/remotes/master [2ms]
2026-05-18 22:00:47.226 [warning] [Git][getBranch] No such branch: master
2026-05-18 22:00:47.241 [info] > git status -z -uall [9ms]
2026-05-18 22:00:47.243 [info] > git for-each-ref --sort -committerdate --format %(refname)%00%(objectname)%00%(*objectname) [3ms]
2026-05-18 22:00:54.336 [info] [Git][getRemotes] No remotes found in the git config file
2026-05-18 22:00:54.348 [info] > git config --get commit.template [13ms]
2026-05-18 22:00:54.349 [info] > git for-each-ref --format=%(refname)%00%(upstream:short)%00%(objectname)%00%(upstream:track)%00%(upstream:remotename)%00%(upstream:remoteref) refs/heads/master refs/remotes/master [3ms]
2026-05-18 22:00:54.350 [warning] [Git][getBranch] No such branch: master
2026-05-18 22:00:54.367 [info] > git status -z -uall [8ms]
2026-05-18 22:00:54.370 [info] > git for-each-ref --sort -committerdate --format %(refname)%00%(objectname)%00%(*objectname) [3ms]
2026-05-18 22:01:00.258 [info] [Git][getRemotes] No remotes found in the git config file
2026-05-18 22:01:00.259 [info] > git config --get commit.template [9ms]
2026-05-18 22:01:00.260 [info] > git for-each-ref --format=%(refname)%00%(upstream:short)%00%(objectname)%00%(upstream:track)%00%(upstream:remotename)%00%(upstream:remoteref) refs/heads/master refs/remotes/master [2ms]
2026-05-18 22:01:00.260 [warning] [Git][getBranch] No such branch: master
2026-05-18 22:01:00.283 [info] > git status -z -uall [13ms]
2026-05-18 22:01:00.284 [info] > git for-each-ref --sort -committerdate --format %(refname)%00%(objectname)%00%(*objectname) [5ms]
2026-05-18 22:01:05.305 [info] [Git][getRemotes] No remotes found in the git config file
2026-05-18 22:01:05.307 [info] > git for-each-ref --format=%(refname)%00%(upstream:short)%00%(objectname)%00%(upstream:track)%00%(upstream:remotename)%00%(upstream:remoteref) refs/heads/master refs/remotes/master [3ms]
2026-05-18 22:01:05.307 [warning] [Git][getBranch] No such branch: master
2026-05-18 22:01:05.308 [info] > git config --get commit.template [11ms]
2026-05-18 22:01:05.330 [info] > git status -z -uall [13ms]
2026-05-18 22:01:05.330 [info] > git for-each-ref --sort -committerdate --format %(refname)%00%(objectname)%00%(*objectname) [4ms]
2026-05-18 22:01:10.354 [info] [Git][getRemotes] No remotes found in the git config file
2026-05-18 22:01:10.355 [info] > git config --get commit.template [10ms]
2026-05-18 22:01:10.357 [info] > git for-each-ref --format=%(refname)%00%(upstream:short)%00%(objectname)%00%(upstream:track)%00%(upstream:remotename)%00%(upstream:remoteref) refs/heads/master refs/remotes/master [3ms]
2026-05-18 22:01:10.357 [warning] [Git][getBranch] No such branch: master
2026-05-18 22:01:10.372 [info] > git status -z -uall [8ms]
2026-05-18 22:01:10.375 [info] > git for-each-ref --sort -committerdate --format %(refname)%00%(objectname)%00%(*objectname) [2ms]
2026-05-18 22:01:16.032 [info] [Git][getRemotes] No remotes found in the git config file
2026-05-18 22:01:16.042 [info] > git config --get commit.template [10ms]
2026-05-18 22:01:16.043 [info] > git for-each-ref --format=%(refname)%00%(upstream:short)%00%(objectname)%00%(upstream:track)%00%(upstream:remotename)%00%(upstream:remoteref) refs/heads/master refs/remotes/master [3ms]
2026-05-18 22:01:16.044 [warning] [Git][getBranch] No such branch: master
2026-05-18 22:01:16.060 [info] > git status -z -uall [8ms]
2026-05-18 22:01:16.062 [info] > git for-each-ref --sort -committerdate --format %(refname)%00%(objectname)%00%(*objectname) [3ms]
2026-05-18 22:01:21.087 [info] [Git][getRemotes] No remotes found in the git config file
2026-05-18 22:01:21.088 [info] > git config --get commit.template [10ms]
2026-05-18 22:01:21.090 [info] > git for-each-ref --format=%(refname)%00%(upstream:short)%00%(objectname)%00%(upstream:track)%00%(upstream:remotename)%00%(upstream:remoteref) refs/heads/master refs/remotes/master [3ms]
2026-05-18 22:01:21.090 [warning] [Git][getBranch] No such branch: master
2026-05-18 22:01:21.106 [info] > git status -z -uall [8ms]
2026-05-18 22:01:21.108 [info] > git for-each-ref --sort -committerdate --format %(refname)%00%(objectname)%00%(*objectname) [3ms]
2026-05-18 22:01:26.124 [info] [Git][getRemotes] No remotes found in the git config file
2026-05-18 22:01:26.133 [info] > git config --get commit.template [11ms]
2026-05-18 22:01:26.134 [info] > git for-each-ref --format=%(refname)%00%(upstream:short)%00%(objectname)%00%(upstream:track)%00%(upstream:remotename)%00%(upstream:remoteref) refs/heads/master refs/remotes/master [2ms]
2026-05-18 22:01:26.135 [warning] [Git][getBranch] No such branch: master
2026-05-18 22:01:26.158 [info] > git status -z -uall [13ms]
2026-05-18 22:01:26.159 [info] > git for-each-ref --sort -committerdate --format %(refname)%00%(objectname)%00%(*objectname) [4ms]
2026-05-18 22:01:31.182 [info] [Git][getRemotes] No remotes found in the git config file
2026-05-18 22:01:31.183 [info] > git config --get commit.template [9ms]
2026-05-18 22:01:31.185 [info] > git for-each-ref --format=%(refname)%00%(upstream:short)%00%(objectname)%00%(upstream:track)%00%(upstream:remotename)%00%(upstream:remoteref) refs/heads/master refs/remotes/master [2ms]
2026-05-18 22:01:31.185 [warning] [Git][getBranch] No such branch: master
2026-05-18 22:01:31.202 [info] > git status -z -uall [10ms]
2026-05-18 22:01:31.203 [info] > git for-each-ref --sort -committerdate --format %(refname)%00%(objectname)%00%(*objectname) [3ms]
2026-05-18 22:01:36.223 [info] [Git][getRemotes] No remotes found in the git config file
2026-05-18 22:01:36.224 [info] > git config --get commit.template [9ms]
2026-05-18 22:01:36.226 [info] > git for-each-ref --format=%(refname)%00%(upstream:short)%00%(objectname)%00%(upstream:track)%00%(upstream:remotename)%00%(upstream:remoteref) refs/heads/master refs/remotes/master [3ms]
2026-05-18 22:01:36.226 [warning] [Git][getBranch] No such branch: master
2026-05-18 22:01:36.240 [info] > git status -z -uall [8ms]
2026-05-18 22:01:36.242 [info] > git for-each-ref --sort -committerdate --format %(refname)%00%(objectname)%00%(*objectname) [3ms]
2026-05-18 22:01:41.270 [info] [Git][getRemotes] No remotes found in the git config file
2026-05-18 22:01:41.271 [info] > git config --get commit.template [13ms]
2026-05-18 22:01:41.272 [info] > git for-each-ref --format=%(refname)%00%(upstream:short)%00%(objectname)%00%(upstream:track)%00%(upstream:remotename)%00%(upstream:remoteref) refs/heads/master refs/remotes/master [3ms]
2026-05-18 22:01:41.272 [warning] [Git][getBranch] No such branch: master
2026-05-18 22:01:41.287 [info] > git status -z -uall [8ms]
2026-05-18 22:01:41.290 [info] > git for-each-ref --sort -committerdate --format %(refname)%00%(objectname)%00%(*objectname) [3ms]
2026-05-18 22:01:46.314 [info] [Git][getRemotes] No remotes found in the git config file
2026-05-18 22:01:46.315 [info] > git config --get commit.template [9ms]
2026-05-18 22:01:46.316 [info] > git for-each-ref --format=%(refname)%00%(upstream:short)%00%(objectname)%00%(upstream:track)%00%(upstream:remotename)%00%(upstream:remoteref) refs/heads/master refs/remotes/master [3ms]
2026-05-18 22:01:46.316 [warning] [Git][getBranch] No such branch: master
2026-05-18 22:01:46.335 [info] > git status -z -uall [10ms]
2026-05-18 22:01:46.337 [info] > git for-each-ref --sort -committerdate --format %(refname)%00%(objectname)%00%(*objectname) [3ms]
2026-05-18 22:01:51.354 [info] > git config --get commit.template [3ms]
2026-05-18 22:01:51.362 [info] [Git][getRemotes] No remotes found in the git config file
2026-05-18 22:01:51.364 [info] > git for-each-ref --format=%(refname)%00%(upstream:short)%00%(objectname)%00%(upstream:track)%00%(upstream:remotename)%00%(upstream:remoteref) refs/heads/master refs/remotes/master [2ms]
2026-05-18 22:01:51.365 [warning] [Git][getBranch] No such branch: master
2026-05-18 22:01:51.380 [info] > git status -z -uall [8ms]
2026-05-18 22:01:51.382 [info] > git for-each-ref --sort -committerdate --format %(refname)%00%(objectname)%00%(*objectname) [3ms]
2026-05-18 22:01:56.397 [info] [Git][getRemotes] No remotes found in the git config file
2026-05-18 22:01:56.409 [info] > git config --get commit.template [14ms]
2026-05-18 22:01:56.409 [info] > git for-each-ref --format=%(refname)%00%(upstream:short)%00%(objectname)%00%(upstream:track)%00%(upstream:remotename)%00%(upstream:remoteref) refs/heads/master refs/remotes/master [3ms]
2026-05-18 22:01:56.409 [warning] [Git][getBranch] No such branch: master
2026-05-18 22:01:56.426 [info] > git status -z -uall [9ms]
2026-05-18 22:01:56.428 [info] > git for-each-ref --sort -committerdate --format %(refname)%00%(objectname)%00%(*objectname) [3ms]
2026-05-18 22:02:01.444 [info] [Git][getRemotes] No remotes found in the git config file
2026-05-18 22:02:01.454 [info] > git config --get commit.template [10ms]
2026-05-18 22:02:01.454 [info] > git for-each-ref --format=%(refname)%00%(upstream:short)%00%(objectname)%00%(upstream:track)%00%(upstream:remotename)%00%(upstream:remoteref) refs/heads/master refs/remotes/master [3ms]
2026-05-18 22:02:01.454 [warning] [Git][getBranch] No such branch: master
2026-05-18 22:02:01.470 [info] > git status -z -uall [8ms]
2026-05-18 22:02:01.472 [info] > git for-each-ref --sort -committerdate --format %(refname)%00%(objectname)%00%(*objectname) [3ms]
2026-05-18 22:02:06.491 [info] [Git][getRemotes] No remotes found in the git config file
2026-05-18 22:02:06.492 [info] > git config --get commit.template [9ms]
2026-05-18 22:02:06.494 [info] > git for-each-ref --format=%(refname)%00%(upstream:short)%00%(objectname)%00%(upstream:track)%00%(upstream:remotename)%00%(upstream:remoteref) refs/heads/master refs/remotes/master [2ms]
2026-05-18 22:02:06.494 [warning] [Git][getBranch] No such branch: master
2026-05-18 22:02:06.508 [info] > git status -z -uall [7ms]
2026-05-18 22:02:06.510 [info] > git for-each-ref --sort -committerdate --format %(refname)%00%(objectname)%00%(*objectname) [2ms]
2026-05-18 22:02:07.164 [info] > git fetch [8ms]
2026-05-18 22:02:07.180 [info] [Git][getRemotes] No remotes found in the git config file
2026-05-18 22:02:07.182 [info] > git config --get commit.template [10ms]
2026-05-18 22:02:07.183 [info] > git for-each-ref --format=%(refname)%00%(upstream:short)%00%(objectname)%00%(upstream:track)%00%(upstream:remotename)%00%(upstream:remoteref) refs/heads/master refs/remotes/master [3ms]
2026-05-18 22:02:07.183 [warning] [Git][getBranch] No such branch: master
2026-05-18 22:02:07.198 [info] > git status -z -uall [8ms]
2026-05-18 22:02:07.200 [info] > git for-each-ref --sort -committerdate --format %(refname)%00%(objectname)%00%(*objectname) [3ms]
2026-05-18 22:02:09.512 [info] > git fetch [8ms]
2026-05-18 22:02:09.530 [info] [Git][getRemotes] No remotes found in the git config file
2026-05-18 22:02:09.531 [info] > git config --get commit.template [10ms]
2026-05-18 22:02:09.532 [info] > git for-each-ref --format=%(refname)%00%(upstream:short)%00%(objectname)%00%(upstream:track)%00%(upstream:remotename)%00%(upstream:remoteref) refs/heads/master refs/remotes/master [2ms]
2026-05-18 22:02:09.532 [warning] [Git][getBranch] No such branch: master
2026-05-18 22:02:09.559 [info] > git status -z -uall [17ms]
2026-05-18 22:02:09.559 [info] > git for-each-ref --sort -committerdate --format %(refname)%00%(objectname)%00%(*objectname) [9ms]
2026-05-18 22:02:09.565 [info] > git fetch [8ms]
2026-05-18 22:02:09.585 [info] [Git][getRemotes] No remotes found in the git config file
2026-05-18 22:02:09.587 [info] > git config --get commit.template [11ms]
2026-05-18 22:02:09.587 [info] > git for-each-ref --format=%(refname)%00%(upstream:short)%00%(objectname)%00%(upstream:track)%00%(upstream:remotename)%00%(upstream:remoteref) refs/heads/master refs/remotes/master [2ms]
2026-05-18 22:02:09.605 [info] > git status -z -uall [11ms]
2026-05-18 22:02:09.607 [info] > git for-each-ref --sort -committerdate --format %(refname)%00%(objectname)%00%(*objectname) [3ms]
2026-05-18 22:02:10.606 [info] [Git][getRemotes] No remotes found in the git config file
2026-05-18 22:02:10.607 [info] > git config --get commit.template [10ms]
2026-05-18 22:02:10.608 [info] > git for-each-ref --format=%(refname)%00%(upstream:short)%00%(objectname)%00%(upstream:track)%00%(upstream:remotename)%00%(upstream:remoteref) refs/heads/master refs/remotes/master [3ms]
2026-05-18 22:02:10.608 [warning] [Git][getBranch] No such branch: master
2026-05-18 22:02:10.623 [info] > git status -z -uall [8ms]
2026-05-18 22:02:10.626 [info] > git for-each-ref --sort -committerdate --format %(refname)%00%(objectname)%00%(*objectname) [3ms]
2026-05-18 22:02:10.707 [info] > git config --get commit.template [5ms]
2026-05-18 22:02:10.720 [info] [Git][getRemotes] No remotes found in the git config file
2026-05-18 22:02:10.723 [info] > git for-each-ref --format=%(refname)%00%(upstream:short)%00%(objectname)%00%(upstream:track)%00%(upstream:remotename)%00%(upstream:remoteref) refs/heads/master refs/remotes/master [3ms]
2026-05-18 22:02:10.742 [info] > git status -z -uall [11ms]
2026-05-18 22:02:10.743 [info] > git for-each-ref --sort -committerdate --format %(refname)%00%(objectname)%00%(*objectname) [3ms]
2026-05-18 22:02:11.523 [info] [Git][getRemotes] No remotes found in the git config file
2026-05-18 22:02:11.531 [info] > git config --get commit.template [9ms]
2026-05-18 22:02:11.533 [info] > git for-each-ref --format=%(refname)%00%(upstream:short)%00%(objectname)%00%(upstream:track)%00%(upstream:remotename)%00%(upstream:remoteref) refs/heads/master refs/remotes/master [3ms]
2026-05-18 22:02:11.533 [warning] [Git][getBranch] No such branch: master
2026-05-18 22:02:11.550 [info] > git status -z -uall [8ms]
2026-05-18 22:02:11.552 [info] > git for-each-ref --sort -committerdate --format %(refname)%00%(objectname)%00%(*objectname) [2ms]
2026-05-18 22:02:17.750 [info] > git config --get commit.template [2ms]
2026-05-18 22:02:17.760 [info] [Git][getRemotes] No remotes found in the git config file
2026-05-18 22:02:17.764 [info] > git for-each-ref --format=%(refname)%00%(upstream:short)%00%(objectname)%00%(upstream:track)%00%(upstream:remotename)%00%(upstream:remoteref) refs/heads/master refs/remotes/master [5ms]
2026-05-18 22:02:17.764 [warning] [Git][getBranch] No such branch: master
2026-05-18 22:02:17.790 [info] > git status -z -uall [18ms]
2026-05-18 22:02:17.791 [info] > git for-each-ref --sort -committerdate --format %(refname)%00%(objectname)%00%(*objectname) [10ms]
2026-05-18 22:02:22.815 [info] [Git][getRemotes] No remotes found in the git config file
2026-05-18 22:02:22.816 [info] > git config --get commit.template [9ms]
2026-05-18 22:02:22.818 [info] > git for-each-ref --format=%(refname)%00%(upstream:short)%00%(objectname)%00%(upstream:track)%00%(upstream:remotename)%00%(upstream:remoteref) refs/heads/master refs/remotes/master [3ms]
2026-05-18 22:02:22.818 [warning] [Git][getBranch] No such branch: master
2026-05-18 22:02:22.835 [info] > git status -z -uall [10ms]
2026-05-18 22:02:22.836 [info] > git for-each-ref --sort -committerdate --format %(refname)%00%(objectname)%00%(*objectname) [3ms]
2026-05-18 22:02:30.569 [info] [Git][getRemotes] No remotes found in the git config file
2026-05-18 22:02:30.578 [info] > git config --get commit.template [10ms]
2026-05-18 22:02:30.578 [info] > git for-each-ref --format=%(refname)%00%(upstream:short)%00%(objectname)%00%(upstream:track)%00%(upstream:remotename)%00%(upstream:remoteref) refs/heads/master refs/remotes/master [1ms]
2026-05-18 22:02:30.578 [warning] [Git][getBranch] No such branch: master
2026-05-18 22:02:30.594 [info] > git status -z -uall [8ms]
2026-05-18 22:02:30.596 [info] > git for-each-ref --sort -committerdate --format %(refname)%00%(objectname)%00%(*objectname) [3ms]
2026-05-18 22:02:35.619 [info] [Git][getRemotes] No remotes found in the git config file
2026-05-18 22:02:35.620 [info] > git config --get commit.template [10ms]
2026-05-18 22:02:35.622 [info] > git for-each-ref --format=%(refname)%00%(upstream:short)%00%(objectname)%00%(upstream:track)%00%(upstream:remotename)%00%(upstream:remoteref) refs/heads/master refs/remotes/master [2ms]
2026-05-18 22:02:35.622 [warning] [Git][getBranch] No such branch: master
2026-05-18 22:02:35.641 [info] > git status -z -uall [12ms]
2026-05-18 22:02:35.642 [info] > git for-each-ref --sort -committerdate --format %(refname)%00%(objectname)%00%(*objectname) [2ms]
2026-05-18 22:02:39.515 [info] > git fetch [4912ms]
2026-05-18 22:02:39.525 [info] > git fetch [4930ms]
2026-05-18 22:02:39.534 [info] > git config --get commit.template [10ms]
2026-05-18 22:02:39.545 [info] > git config --get commit.template [12ms]
2026-05-18 22:02:39.556 [info] > git for-each-ref --format=%(refname)%00%(upstream:short)%00%(objectname)%00%(upstream:track)%00%(upstream:remotename)%00%(upstream:remoteref) refs/heads/master refs/remotes/master [11ms]
2026-05-18 22:02:39.557 [info] > git for-each-ref --format=%(refname)%00%(upstream:short)%00%(objectname)%00%(upstream:track)%00%(upstream:remotename)%00%(upstream:remoteref) refs/heads/amar refs/remotes/amar [3ms]
2026-05-18 22:02:39.575 [info] > git status -z -uall [9ms]
2026-05-18 22:02:39.577 [info] > git for-each-ref --sort -committerdate --format %(refname)%00%(objectname)%00%(*objectname) [3ms]
2026-05-18 22:02:39.597 [info] > git status -z -uall [10ms]
2026-05-18 22:02:39.599 [info] > git for-each-ref --sort -committerdate --format %(refname)%00%(objectname)%00%(*objectname) [4ms]
2026-05-18 22:02:40.665 [info] [Git][getRemotes] No remotes found in the git config file
2026-05-18 22:02:40.666 [info] > git config --get commit.template [12ms]
2026-05-18 22:02:40.667 [info] > git for-each-ref --format=%(refname)%00%(upstream:short)%00%(objectname)%00%(upstream:track)%00%(upstream:remotename)%00%(upstream:remoteref) refs/heads/master refs/remotes/master [2ms]
2026-05-18 22:02:40.667 [warning] [Git][getBranch] No such branch: master
2026-05-18 22:02:40.685 [info] > git status -z -uall [10ms]
2026-05-18 22:02:40.686 [info] > git for-each-ref --sort -committerdate --format %(refname)%00%(objectname)%00%(*objectname) [3ms]
2026-05-18 22:02:47.295 [info] [Git][getRemotes] No remotes found in the git config file
2026-05-18 22:02:47.297 [info] > git config --get commit.template [10ms]
2026-05-18 22:02:47.299 [info] > git for-each-ref --format=%(refname)%00%(upstream:short)%00%(objectname)%00%(upstream:track)%00%(upstream:remotename)%00%(upstream:remoteref) refs/heads/master refs/remotes/master [4ms]
2026-05-18 22:02:47.299 [warning] [Git][getBranch] No such branch: master
2026-05-18 22:02:47.315 [info] > git status -z -uall [9ms]
2026-05-18 22:02:47.317 [info] > git for-each-ref --sort -committerdate --format %(refname)%00%(objectname)%00%(*objectname) [3ms]
2026-05-18 22:02:56.981 [info] > git config --get commit.template [3ms]
2026-05-18 22:02:56.991 [info] [Git][getRemotes] No remotes found in the git config file
2026-05-18 22:02:56.994 [info] > git for-each-ref --format=%(refname)%00%(upstream:short)%00%(objectname)%00%(upstream:track)%00%(upstream:remotename)%00%(upstream:remoteref) refs/heads/master refs/remotes/master [3ms]
2026-05-18 22:02:56.994 [warning] [Git][getBranch] No such branch: master
2026-05-18 22:02:57.011 [info] > git status -z -uall [9ms]
2026-05-18 22:02:57.014 [info] > git for-each-ref --sort -committerdate --format %(refname)%00%(objectname)%00%(*objectname) [4ms]
2026-05-18 22:03:02.184 [info] [Git][getRemotes] No remotes found in the git config file
2026-05-18 22:03:02.185 [info] > git config --get commit.template [10ms]
2026-05-18 22:03:02.186 [info] > git for-each-ref --format=%(refname)%00%(upstream:short)%00%(objectname)%00%(upstream:track)%00%(upstream:remotename)%00%(upstream:remoteref) refs/heads/master refs/remotes/master [2ms]
2026-05-18 22:03:02.186 [warning] [Git][getBranch] No such branch: master
2026-05-18 22:03:02.202 [info] > git status -z -uall [8ms]
2026-05-18 22:03:02.203 [info] > git for-each-ref --sort -committerdate --format %(refname)%00%(objectname)%00%(*objectname) [1ms]
2026-05-18 22:05:07.218 [info] > git fetch [7ms]
2026-05-18 22:05:07.230 [info] > git config --get commit.template [3ms]
2026-05-18 22:05:07.241 [info] [Git][getRemotes] No remotes found in the git config file
2026-05-18 22:05:07.244 [info] > git for-each-ref --format=%(refname)%00%(upstream:short)%00%(objectname)%00%(upstream:track)%00%(upstream:remotename)%00%(upstream:remoteref) refs/heads/master refs/remotes/master [3ms]
2026-05-18 22:05:07.244 [warning] [Git][getBranch] No such branch: master
2026-05-18 22:05:07.261 [info] > git status -z -uall [9ms]
2026-05-18 22:05:07.263 [info] > git for-each-ref --sort -committerdate --format %(refname)%00%(objectname)%00%(*objectname) [3ms]
2026-05-18 22:07:12.895 [info] > git fetch [35ms]
2026-05-18 22:07:12.897 [info] > git fetch [48ms]
2026-05-18 22:07:12.921 [info] > git config --get commit.template [27ms]
2026-05-18 22:07:12.922 [info] > git config --get commit.template [2ms]
2026-05-18 22:07:12.922 [info] > git config --get commit.template [12ms]
2026-05-18 22:07:12.930 [info] [Git][getRemotes] No remotes found in the git config file
2026-05-18 22:07:12.941 [info] [Git][getRemotes] No remotes found in the git config file
2026-05-18 22:07:12.949 [info] [Git][getRemotes] No remotes found in the git config file
2026-05-18 22:07:12.954 [info] > git for-each-ref --format=%(refname)%00%(upstream:short)%00%(objectname)%00%(upstream:track)%00%(upstream:remotename)%00%(upstream:remoteref) refs/heads/master refs/remotes/master [24ms]
2026-05-18 22:07:12.954 [warning] [Git][getBranch] No such branch: master
2026-05-18 22:07:12.972 [info] > git status -z -uall [10ms]
2026-05-18 22:07:12.973 [info] > git for-each-ref --format=%(refname)%00%(upstream:short)%00%(objectname)%00%(upstream:track)%00%(upstream:remotename)%00%(upstream:remoteref) refs/heads/master refs/remotes/master [24ms]
2026-05-18 22:07:12.973 [warning] [Git][getBranch] No such branch: master
2026-05-18 22:07:12.989 [info] > git for-each-ref --format=%(refname)%00%(upstream:short)%00%(objectname)%00%(upstream:track)%00%(upstream:remotename)%00%(upstream:remoteref) refs/heads/master refs/remotes/master [47ms]
2026-05-18 22:07:13.004 [info] > git status -z -uall [24ms]
2026-05-18 22:07:13.004 [info] > git status -z -uall [8ms]
2026-05-18 22:07:13.005 [info] > git for-each-ref --sort -committerdate --format %(refname)%00%(objectname)%00%(*objectname) [17ms]
2026-05-18 22:07:13.007 [info] > git for-each-ref --sort -committerdate --format %(refname)%00%(objectname)%00%(*objectname) [36ms]
2026-05-18 22:07:13.010 [info] > git for-each-ref --sort -committerdate --format %(refname)%00%(objectname)%00%(*objectname) [7ms]
2026-05-18 22:07:14.031 [info] [Git][getRemotes] No remotes found in the git config file
2026-05-18 22:07:14.040 [info] > git config --get commit.template [10ms]
2026-05-18 22:07:14.042 [info] > git for-each-ref --format=%(refname)%00%(upstream:short)%00%(objectname)%00%(upstream:track)%00%(upstream:remotename)%00%(upstream:remoteref) refs/heads/master refs/remotes/master [3ms]
2026-05-18 22:07:14.063 [info] > git status -z -uall [14ms]
2026-05-18 22:07:14.065 [info] > git for-each-ref --sort -committerdate --format %(refname)%00%(objectname)%00%(*objectname) [6ms]
2026-05-18 22:07:17.585 [info] > git fetch [4712ms]
2026-05-18 22:07:17.595 [info] > git fetch [4712ms]
2026-05-18 22:07:17.611 [info] > git config --get commit.template [17ms]
2026-05-18 22:07:17.612 [info] > git config --get commit.template [9ms]
2026-05-18 22:07:17.621 [info] > git for-each-ref --format=%(refname)%00%(upstream:short)%00%(objectname)%00%(upstream:track)%00%(upstream:remotename)%00%(upstream:remoteref) refs/heads/master refs/remotes/master [10ms]
2026-05-18 22:07:17.640 [info] > git status -z -uall [12ms]
2026-05-18 22:07:17.641 [info] > git for-each-ref --format=%(refname)%00%(upstream:short)%00%(objectname)%00%(upstream:track)%00%(upstream:remotename)%00%(upstream:remoteref) refs/heads/amar refs/remotes/amar [21ms]
2026-05-18 22:07:17.643 [info] > git for-each-ref --sort -committerdate --format %(refname)%00%(objectname)%00%(*objectname) [4ms]
2026-05-18 22:07:17.670 [info] > git status -z -uall [11ms]
2026-05-18 22:07:17.672 [info] > git for-each-ref --sort -committerdate --format %(refname)%00%(objectname)%00%(*objectname) [5ms]
2026-05-18 22:11:00.790 [info] > git fetch [20ms]
2026-05-18 22:11:00.792 [info] > git fetch [32ms]
2026-05-18 22:11:00.793 [info] > git fetch [44ms]
2026-05-18 22:11:00.828 [info] > git config --get commit.template [13ms]
2026-05-18 22:11:00.828 [info] > git config --get commit.template [23ms]
2026-05-18 22:11:00.829 [info] > git config --get commit.template [4ms]
2026-05-18 22:11:00.838 [info] [Git][getRemotes] No remotes found in the git config file
2026-05-18 22:11:00.848 [info] [Git][getRemotes] No remotes found in the git config file
2026-05-18 22:11:00.857 [info] [Git][getRemotes] No remotes found in the git config file
2026-05-18 22:11:00.861 [info] > git for-each-ref --format=%(refname)%00%(upstream:short)%00%(objectname)%00%(upstream:track)%00%(upstream:remotename)%00%(upstream:remoteref) refs/heads/master refs/remotes/master [4ms]
2026-05-18 22:11:00.861 [warning] [Git][getBranch] No such branch: master
2026-05-18 22:11:00.877 [info] > git for-each-ref --format=%(refname)%00%(upstream:short)%00%(objectname)%00%(upstream:track)%00%(upstream:remotename)%00%(upstream:remoteref) refs/heads/master refs/remotes/master [30ms]
2026-05-18 22:11:00.877 [warning] [Git][getBranch] No such branch: master
2026-05-18 22:11:00.892 [info] > git for-each-ref --format=%(refname)%00%(upstream:short)%00%(objectname)%00%(upstream:track)%00%(upstream:remotename)%00%(upstream:remoteref) refs/heads/master refs/remotes/master [54ms]
2026-05-18 22:11:00.907 [info] > git status -z -uall [38ms]
2026-05-18 22:11:00.907 [info] > git status -z -uall [23ms]
2026-05-18 22:11:00.907 [info] > git status -z -uall [9ms]
2026-05-18 22:11:00.908 [info] > git for-each-ref --sort -committerdate --format %(refname)%00%(objectname)%00%(*objectname) [17ms]
2026-05-18 22:11:00.910 [info] > git for-each-ref --sort -committerdate --format %(refname)%00%(objectname)%00%(*objectname) [33ms]
2026-05-18 22:11:00.913 [info] > git for-each-ref --sort -committerdate --format %(refname)%00%(objectname)%00%(*objectname) [7ms]
2026-05-18 22:11:01.952 [info] > git config --get commit.template [3ms]
2026-05-18 22:11:01.953 [info] > git config --get commit.template [15ms]
2026-05-18 22:11:01.964 [info] [Git][getRemotes] No remotes found in the git config file
2026-05-18 22:11:01.964 [info] [Git][getRemotes] No remotes found in the git config file
2026-05-18 22:11:01.974 [info] > git for-each-ref --format=%(refname)%00%(upstream:short)%00%(objectname)%00%(upstream:track)%00%(upstream:remotename)%00%(upstream:remoteref) refs/heads/master refs/remotes/master [11ms]
2026-05-18 22:11:01.994 [info] > git status -z -uall [11ms]
2026-05-18 22:11:01.994 [info] > git for-each-ref --format=%(refname)%00%(upstream:short)%00%(objectname)%00%(upstream:track)%00%(upstream:remotename)%00%(upstream:remoteref) refs/heads/master refs/remotes/master [21ms]
2026-05-18 22:11:01.995 [warning] [Git][getBranch] No such branch: master
2026-05-18 22:11:02.014 [info] > git status -z -uall [10ms]
2026-05-18 22:11:02.015 [info] > git for-each-ref --sort -committerdate --format %(refname)%00%(objectname)%00%(*objectname) [22ms]
2026-05-18 22:11:02.017 [info] > git for-each-ref --sort -committerdate --format %(refname)%00%(objectname)%00%(*objectname) [4ms]
2026-05-18 22:11:06.064 [info] > git fetch [5286ms]
2026-05-18 22:11:06.076 [info] > git fetch [5288ms]
2026-05-18 22:11:06.088 [info] > git config --get commit.template [13ms]
2026-05-18 22:11:06.090 [info] > git config --get commit.template [3ms]
2026-05-18 22:11:06.115 [info] > git for-each-ref --format=%(refname)%00%(upstream:short)%00%(objectname)%00%(upstream:track)%00%(upstream:remotename)%00%(upstream:remoteref) refs/heads/master refs/remotes/master [13ms]
2026-05-18 22:11:06.119 [info] > git for-each-ref --format=%(refname)%00%(upstream:short)%00%(objectname)%00%(upstream:track)%00%(upstream:remotename)%00%(upstream:remoteref) refs/heads/amar refs/remotes/amar [6ms]
2026-05-18 22:11:06.157 [info] > git status -z -uall [28ms]
2026-05-18 22:11:06.164 [info] > git status -z -uall [16ms]
2026-05-18 22:11:06.165 [info] > git for-each-ref --sort -committerdate --format %(refname)%00%(objectname)%00%(*objectname) [9ms]
2026-05-18 22:11:06.170 [info] > git for-each-ref --sort -committerdate --format %(refname)%00%(objectname)%00%(*objectname) [32ms]
2026-05-18 22:14:13.874 [info] > git fetch [21ms]
2026-05-18 22:14:13.876 [info] > git fetch [35ms]
2026-05-18 22:14:13.877 [info] > git fetch [47ms]
2026-05-18 22:14:13.911 [info] > git config --get commit.template [11ms]
2026-05-18 22:14:13.911 [info] > git config --get commit.template [22ms]
2026-05-18 22:14:13.913 [info] > git config --get commit.template [5ms]
2026-05-18 22:14:13.923 [info] [Git][getRemotes] No remotes found in the git config file
2026-05-18 22:14:13.923 [info] [Git][getRemotes] No remotes found in the git config file
2026-05-18 22:14:13.931 [info] [Git][getRemotes] No remotes found in the git config file
2026-05-18 22:14:13.939 [info] > git for-each-ref --format=%(refname)%00%(upstream:short)%00%(objectname)%00%(upstream:track)%00%(upstream:remotename)%00%(upstream:remoteref) refs/heads/master refs/remotes/master [9ms]
2026-05-18 22:14:13.939 [warning] [Git][getBranch] No such branch: master
2026-05-18 22:14:13.952 [info] > git for-each-ref --format=%(refname)%00%(upstream:short)%00%(objectname)%00%(upstream:track)%00%(upstream:remotename)%00%(upstream:remoteref) refs/heads/master refs/remotes/master [30ms]
2026-05-18 22:14:13.972 [info] > git status -z -uall [26ms]
2026-05-18 22:14:13.972 [info] > git status -z -uall [10ms]
2026-05-18 22:14:13.972 [info] > git for-each-ref --sort -committerdate --format %(refname)%00%(objectname)%00%(*objectname) [20ms]
2026-05-18 22:14:13.974 [info] > git for-each-ref --format=%(refname)%00%(upstream:short)%00%(objectname)%00%(upstream:track)%00%(upstream:remotename)%00%(upstream:remoteref) refs/heads/master refs/remotes/master [36ms]
2026-05-18 22:14:13.974 [warning] [Git][getBranch] No such branch: master
2026-05-18 22:14:13.991 [info] > git status -z -uall [9ms]
2026-05-18 22:14:13.991 [info] > git for-each-ref --sort -committerdate --format %(refname)%00%(objectname)%00%(*objectname) [22ms]
2026-05-18 22:14:13.994 [info] > git for-each-ref --sort -committerdate --format %(refname)%00%(objectname)%00%(*objectname) [4ms]
2026-05-18 22:14:15.023 [info] > git config --get commit.template [2ms]
2026-05-18 22:14:15.023 [info] > git config --get commit.template [9ms]
2026-05-18 22:14:15.032 [info] [Git][getRemotes] No remotes found in the git config file
2026-05-18 22:14:15.033 [info] [Git][getRemotes] No remotes found in the git config file
2026-05-18 22:14:15.041 [info] > git for-each-ref --format=%(refname)%00%(upstream:short)%00%(objectname)%00%(upstream:track)%00%(upstream:remotename)%00%(upstream:remoteref) refs/heads/master refs/remotes/master [9ms]
2026-05-18 22:14:15.058 [info] > git status -z -uall [11ms]
2026-05-18 22:14:15.058 [info] > git for-each-ref --format=%(refname)%00%(upstream:short)%00%(objectname)%00%(upstream:track)%00%(upstream:remotename)%00%(upstream:remoteref) refs/heads/master refs/remotes/master [18ms]
2026-05-18 22:14:15.059 [warning] [Git][getBranch] No such branch: master
2026-05-18 22:14:15.076 [info] > git status -z -uall [10ms]
2026-05-18 22:14:15.077 [info] > git for-each-ref --sort -committerdate --format %(refname)%00%(objectname)%00%(*objectname) [21ms]
2026-05-18 22:14:15.080 [info] > git for-each-ref --sort -committerdate --format %(refname)%00%(objectname)%00%(*objectname) [8ms]
2026-05-18 22:14:18.934 [info] > git fetch [5064ms]
2026-05-18 22:14:18.945 [info] > git fetch [5083ms]
2026-05-18 22:14:18.957 [info] > git config --get commit.template [12ms]
2026-05-18 22:14:18.958 [info] > git config --get commit.template [3ms]
2026-05-18 22:14:18.980 [info] > git for-each-ref --format=%(refname)%00%(upstream:short)%00%(objectname)%00%(upstream:track)%00%(upstream:remotename)%00%(upstream:remoteref) refs/heads/master refs/remotes/master [14ms]
2026-05-18 22:14:18.985 [info] > git for-each-ref --format=%(refname)%00%(upstream:short)%00%(objectname)%00%(upstream:track)%00%(upstream:remotename)%00%(upstream:remoteref) refs/heads/amar refs/remotes/amar [8ms]
2026-05-18 22:14:19.045 [info] > git status -z -uall [46ms]
2026-05-18 22:14:19.045 [info] > git status -z -uall [17ms]
2026-05-18 22:14:19.048 [info] > git for-each-ref --sort -committerdate --format %(refname)%00%(objectname)%00%(*objectname) [35ms]
2026-05-18 22:14:19.057 [info] > git for-each-ref --sort -committerdate --format %(refname)%00%(objectname)%00%(*objectname) [13ms]
2026-05-18 22:15:03.643 [info] [Git][getRemotes] No remotes found in the git config file
2026-05-18 22:15:03.644 [info] > git config --get commit.template [9ms]
2026-05-18 22:15:03.646 [info] > git for-each-ref --format=%(refname)%00%(upstream:short)%00%(objectname)%00%(upstream:track)%00%(upstream:remotename)%00%(upstream:remoteref) refs/heads/master refs/remotes/master [3ms]
2026-05-18 22:15:03.646 [warning] [Git][getBranch] No such branch: master
2026-05-18 22:15:03.661 [info] > git status -z -uall [8ms]
2026-05-18 22:15:03.663 [info] > git for-each-ref --sort -committerdate --format %(refname)%00%(objectname)%00%(*objectname) [3ms]
2026-05-18 22:15:08.683 [info] [Git][getRemotes] No remotes found in the git config file
2026-05-18 22:15:08.685 [info] > git config --get commit.template [9ms]
2026-05-18 22:15:08.686 [info] > git for-each-ref --format=%(refname)%00%(upstream:short)%00%(objectname)%00%(upstream:track)%00%(upstream:remotename)%00%(upstream:remoteref) refs/heads/master refs/remotes/master [3ms]
2026-05-18 22:15:08.686 [warning] [Git][getBranch] No such branch: master
2026-05-18 22:15:08.702 [info] > git status -z -uall [8ms]
2026-05-18 22:15:08.704 [info] > git for-each-ref --sort -committerdate --format %(refname)%00%(objectname)%00%(*objectname) [3ms]
2026-05-18 22:15:17.429 [info] [Git][getRemotes] No remotes found in the git config file
2026-05-18 22:15:17.431 [info] > git config --get commit.template [13ms]
2026-05-18 22:15:17.432 [info] > git for-each-ref --format=%(refname)%00%(upstream:short)%00%(objectname)%00%(upstream:track)%00%(upstream:remotename)%00%(upstream:remoteref) refs/heads/master refs/remotes/master [3ms]
2026-05-18 22:15:17.432 [warning] [Git][getBranch] No such branch: master
2026-05-18 22:15:17.448 [info] > git status -z -uall [8ms]
2026-05-18 22:15:17.450 [info] > git for-each-ref --sort -committerdate --format %(refname)%00%(objectname)%00%(*objectname) [2ms]
2026-05-18 22:15:22.470 [info] > git config --get commit.template [4ms]
2026-05-18 22:15:22.479 [info] [Git][getRemotes] No remotes found in the git config file
2026-05-18 22:15:22.483 [info] > git for-each-ref --format=%(refname)%00%(upstream:short)%00%(objectname)%00%(upstream:track)%00%(upstream:remotename)%00%(upstream:remoteref) refs/heads/master refs/remotes/master [5ms]
2026-05-18 22:15:22.483 [warning] [Git][getBranch] No such branch: master
2026-05-18 22:15:22.506 [info] > git status -z -uall [15ms]
2026-05-18 22:15:22.506 [info] > git for-each-ref --sort -committerdate --format %(refname)%00%(objectname)%00%(*objectname) [4ms]
2026-05-18 22:15:27.528 [info] [Git][getRemotes] No remotes found in the git config file
2026-05-18 22:15:27.529 [info] > git config --get commit.template [9ms]
2026-05-18 22:15:27.531 [info] > git for-each-ref --format=%(refname)%00%(upstream:short)%00%(objectname)%00%(upstream:track)%00%(upstream:remotename)%00%(upstream:remoteref) refs/heads/master refs/remotes/master [3ms]
2026-05-18 22:15:27.531 [warning] [Git][getBranch] No such branch: master
2026-05-18 22:15:27.547 [info] > git status -z -uall [9ms]
2026-05-18 22:15:27.549 [info] > git for-each-ref --sort -committerdate --format %(refname)%00%(objectname)%00%(*objectname) [3ms]
2026-05-18 22:15:32.570 [info] [Git][getRemotes] No remotes found in the git config file
2026-05-18 22:15:32.571 [info] > git config --get commit.template [9ms]
2026-05-18 22:15:32.573 [info] > git for-each-ref --format=%(refname)%00%(upstream:short)%00%(objectname)%00%(upstream:track)%00%(upstream:remotename)%00%(upstream:remoteref) refs/heads/master refs/remotes/master [3ms]
2026-05-18 22:15:32.573 [warning] [Git][getBranch] No such branch: master
2026-05-18 22:15:32.588 [info] > git status -z -uall [9ms]
2026-05-18 22:15:32.589 [info] > git for-each-ref --sort -committerdate --format %(refname)%00%(objectname)%00%(*objectname) [2ms]
2026-05-18 22:15:37.604 [info] [Git][getRemotes] No remotes found in the git config file
2026-05-18 22:15:37.612 [info] > git config --get commit.template [9ms]
2026-05-18 22:15:37.613 [info] > git for-each-ref --format=%(refname)%00%(upstream:short)%00%(objectname)%00%(upstream:track)%00%(upstream:remotename)%00%(upstream:remoteref) refs/heads/master refs/remotes/master [2ms]
2026-05-18 22:15:37.613 [warning] [Git][getBranch] No such branch: master
2026-05-18 22:15:37.627 [info] > git status -z -uall [8ms]
2026-05-18 22:15:37.629 [info] > git for-each-ref --sort -committerdate --format %(refname)%00%(objectname)%00%(*objectname) [3ms]
2026-05-18 22:15:42.652 [info] [Git][getRemotes] No remotes found in the git config file
2026-05-18 22:15:42.654 [info] > git config --get commit.template [10ms]
2026-05-18 22:15:42.654 [info] > git for-each-ref --format=%(refname)%00%(upstream:short)%00%(objectname)%00%(upstream:track)%00%(upstream:remotename)%00%(upstream:remoteref) refs/heads/master refs/remotes/master [2ms]
2026-05-18 22:15:42.655 [warning] [Git][getBranch] No such branch: master
2026-05-18 22:15:42.670 [info] > git status -z -uall [8ms]
2026-05-18 22:15:42.672 [info] > git for-each-ref --sort -committerdate --format %(refname)%00%(objectname)%00%(*objectname) [3ms]
2026-05-18 22:15:47.690 [info] > git config --get commit.template [2ms]
2026-05-18 22:15:47.700 [info] [Git][getRemotes] No remotes found in the git config file
2026-05-18 22:15:47.703 [info] > git for-each-ref --format=%(refname)%00%(upstream:short)%00%(objectname)%00%(upstream:track)%00%(upstream:remotename)%00%(upstream:remoteref) refs/heads/master refs/remotes/master [3ms]
2026-05-18 22:15:47.703 [warning] [Git][getBranch] No such branch: master
2026-05-18 22:15:47.725 [info] > git status -z -uall [11ms]
2026-05-18 22:15:47.726 [info] > git for-each-ref --sort -committerdate --format %(refname)%00%(objectname)%00%(*objectname) [3ms]
2026-05-18 22:19:01.071 [info] > git fetch [23ms]
2026-05-18 22:19:01.072 [info] > git fetch [37ms]
2026-05-18 22:19:01.073 [info] > git fetch [52ms]
2026-05-18 22:19:01.105 [info] > git config --get commit.template [10ms]
2026-05-18 22:19:01.105 [info] > git config --get commit.template [20ms]
2026-05-18 22:19:01.107 [info] > git config --get commit.template [4ms]
2026-05-18 22:19:01.108 [info] [Git][getRemotes] No remotes found in the git config file
2026-05-18 22:19:01.122 [info] [Git][getRemotes] No remotes found in the git config file
2026-05-18 22:19:01.128 [info] [Git][getRemotes] No remotes found in the git config file
2026-05-18 22:19:01.130 [info] > git for-each-ref --format=%(refname)%00%(upstream:short)%00%(objectname)%00%(upstream:track)%00%(upstream:remotename)%00%(upstream:remoteref) refs/heads/master refs/remotes/master [8ms]
2026-05-18 22:19:01.149 [info] > git for-each-ref --format=%(refname)%00%(upstream:short)%00%(objectname)%00%(upstream:track)%00%(upstream:remotename)%00%(upstream:remoteref) refs/heads/master refs/remotes/master [34ms]
2026-05-18 22:19:01.149 [warning] [Git][getBranch] No such branch: master
2026-05-18 22:19:01.166 [info] > git status -z -uall [26ms]
2026-05-18 22:19:01.166 [info] > git status -z -uall [10ms]
2026-05-18 22:19:01.167 [info] > git for-each-ref --sort -committerdate --format %(refname)%00%(objectname)%00%(*objectname) [19ms]
2026-05-18 22:19:01.171 [info] > git for-each-ref --format=%(refname)%00%(upstream:short)%00%(objectname)%00%(upstream:track)%00%(upstream:remotename)%00%(upstream:remoteref) refs/heads/master refs/remotes/master [43ms]
2026-05-18 22:19:01.171 [warning] [Git][getBranch] No such branch: master
2026-05-18 22:19:01.191 [info] > git status -z -uall [11ms]
2026-05-18 22:19:01.191 [info] > git for-each-ref --sort -committerdate --format %(refname)%00%(objectname)%00%(*objectname) [2ms]
2026-05-18 22:19:01.196 [info] > git for-each-ref --sort -committerdate --format %(refname)%00%(objectname)%00%(*objectname) [33ms]
2026-05-18 22:19:02.230 [info] > git config --get commit.template [11ms]
2026-05-18 22:19:02.232 [info] > git config --get commit.template [5ms]
2026-05-18 22:19:02.242 [info] [Git][getRemotes] No remotes found in the git config file
2026-05-18 22:19:02.243 [info] [Git][getRemotes] No remotes found in the git config file
2026-05-18 22:19:02.255 [info] > git for-each-ref --format=%(refname)%00%(upstream:short)%00%(objectname)%00%(upstream:track)%00%(upstream:remotename)%00%(upstream:remoteref) refs/heads/master refs/remotes/master [3ms]
2026-05-18 22:19:02.255 [warning] [Git][getBranch] No such branch: master
2026-05-18 22:19:02.275 [info] > git for-each-ref --format=%(refname)%00%(upstream:short)%00%(objectname)%00%(upstream:track)%00%(upstream:remotename)%00%(upstream:remoteref) refs/heads/master refs/remotes/master [33ms]
2026-05-18 22:19:02.300 [info] > git status -z -uall [35ms]
2026-05-18 22:19:02.300 [info] > git status -z -uall [13ms]
2026-05-18 22:19:02.301 [info] > git for-each-ref --sort -committerdate --format %(refname)%00%(objectname)%00%(*objectname) [26ms]
2026-05-18 22:19:02.307 [info] > git for-each-ref --sort -committerdate --format %(refname)%00%(objectname)%00%(*objectname) [9ms]
2026-05-18 22:19:05.792 [info] > git fetch [4723ms]
2026-05-18 22:19:05.801 [info] > git fetch [4743ms]
2026-05-18 22:19:05.811 [info] > git config --get commit.template [10ms]
2026-05-18 22:19:05.821 [info] > git config --get commit.template [12ms]
2026-05-18 22:19:05.832 [info] > git for-each-ref --format=%(refname)%00%(upstream:short)%00%(objectname)%00%(upstream:track)%00%(upstream:remotename)%00%(upstream:remoteref) refs/heads/amar refs/remotes/amar [12ms]
2026-05-18 22:19:05.833 [info] > git for-each-ref --format=%(refname)%00%(upstream:short)%00%(objectname)%00%(upstream:track)%00%(upstream:remotename)%00%(upstream:remoteref) refs/heads/master refs/remotes/master [3ms]
2026-05-18 22:19:05.871 [info] > git status -z -uall [28ms]
2026-05-18 22:19:05.871 [info] > git status -z -uall [10ms]
2026-05-18 22:19:05.872 [info] > git for-each-ref --sort -committerdate --format %(refname)%00%(objectname)%00%(*objectname) [3ms]
2026-05-18 22:19:05.875 [info] > git for-each-ref --sort -committerdate --format %(refname)%00%(objectname)%00%(*objectname) [23ms]
2026-05-18 22:28:53.306 [info] > git fetch [42ms]
2026-05-18 22:28:53.307 [info] > git fetch [54ms]
2026-05-18 22:28:53.309 [info] > git fetch [66ms]
2026-05-18 22:28:53.351 [info] > git config --get commit.template [47ms]
2026-05-18 22:28:53.354 [info] > git config --get commit.template [7ms]
2026-05-18 22:28:53.354 [info] > git config --get commit.template [19ms]
2026-05-18 22:28:53.354 [info] > git config --get commit.template [30ms]
2026-05-18 22:28:53.364 [info] [Git][getRemotes] No remotes found in the git config file
2026-05-18 22:28:53.374 [info] [Git][getRemotes] No remotes found in the git config file
2026-05-18 22:28:53.386 [info] [Git][getRemotes] No remotes found in the git config file
2026-05-18 22:28:53.395 [info] [Git][getRemotes] No remotes found in the git config file
2026-05-18 22:28:53.397 [info] > git for-each-ref --format=%(refname)%00%(upstream:short)%00%(objectname)%00%(upstream:track)%00%(upstream:remotename)%00%(upstream:remoteref) refs/heads/master refs/remotes/master [12ms]
2026-05-18 22:28:53.412 [info] > git for-each-ref --format=%(refname)%00%(upstream:short)%00%(objectname)%00%(upstream:track)%00%(upstream:remotename)%00%(upstream:remoteref) refs/heads/master refs/remotes/master [38ms]
2026-05-18 22:28:53.413 [warning] [Git][getBranch] No such branch: master
2026-05-18 22:28:53.429 [info] > git for-each-ref --format=%(refname)%00%(upstream:short)%00%(objectname)%00%(upstream:track)%00%(upstream:remotename)%00%(upstream:remoteref) refs/heads/master refs/remotes/master [65ms]
2026-05-18 22:28:53.432 [info] > git status -z -uall [26ms]
2026-05-18 22:28:53.432 [info] > git status -z -uall [12ms]
2026-05-18 22:28:53.432 [info] > git for-each-ref --sort -committerdate --format %(refname)%00%(objectname)%00%(*objectname) [4ms]
2026-05-18 22:28:53.434 [info] > git for-each-ref --sort -committerdate --format %(refname)%00%(objectname)%00%(*objectname) [22ms]
2026-05-18 22:28:53.437 [info] > git for-each-ref --format=%(refname)%00%(upstream:short)%00%(objectname)%00%(upstream:track)%00%(upstream:remotename)%00%(upstream:remoteref) refs/heads/master refs/remotes/master [42ms]
2026-05-18 22:28:53.460 [info] > git status -z -uall [15ms]
2026-05-18 22:28:53.460 [info] > git for-each-ref --sort -committerdate --format %(refname)%00%(objectname)%00%(*objectname) [5ms]
2026-05-18 22:28:53.758 [info] > git check-ignore -v -z --stdin [2ms]
2026-05-18 22:28:53.784 [info] > git show --textconv :main.go [9ms]
2026-05-18 22:28:53.786 [info] > git ls-files --stage -- main.go [3ms]
2026-05-18 22:28:53.797 [info] > git cat-file -s 8e2fc68a1db8975ee2957491d6cb67b658f34058 [3ms]
2026-05-18 22:28:53.955 [info] > git blame --root --incremental c692211cda0a30dcbfdf8e6f13145861757de712 -- main.go [4ms]
2026-05-18 22:28:57.447 [info] > git fetch [4158ms]
2026-05-18 22:28:57.448 [info] > git fetch [4172ms]
2026-05-18 22:28:57.470 [info] > git config --get commit.template [11ms]
2026-05-18 22:28:57.486 [info] > git config --get commit.template [17ms]
2026-05-18 22:28:57.487 [info] > git for-each-ref --format=%(refname)%00%(upstream:short)%00%(objectname)%00%(upstream:track)%00%(upstream:remotename)%00%(upstream:remoteref) refs/heads/amar refs/remotes/amar [8ms]
2026-05-18 22:28:57.487 [info] > git for-each-ref --format=%(refname)%00%(upstream:short)%00%(objectname)%00%(upstream:track)%00%(upstream:remotename)%00%(upstream:remoteref) refs/heads/master refs/remotes/master [2ms]
2026-05-18 22:28:57.517 [info] > git status -z -uall [23ms]
2026-05-18 22:28:57.517 [info] > git status -z -uall [9ms]
2026-05-18 22:28:57.517 [info] > git for-each-ref --sort -committerdate --format %(refname)%00%(objectname)%00%(*objectname) [15ms]
2026-05-18 22:28:57.521 [info] > git for-each-ref --sort -committerdate --format %(refname)%00%(objectname)%00%(*objectname) [5ms]
2026-05-18 22:31:21.884 [info] > git config --get commit.template [17ms]
2026-05-18 22:31:21.899 [info] > git config --get commit.template [18ms]
2026-05-18 22:31:21.909 [info] [Git][getRemotes] No remotes found in the git config file
2026-05-18 22:31:21.919 [info] > git ls-files --stage -- main.go [23ms]
2026-05-18 22:31:21.931 [info] > git for-each-ref --format=%(refname)%00%(upstream:short)%00%(objectname)%00%(upstream:track)%00%(upstream:remotename)%00%(upstream:remoteref) refs/heads/master refs/remotes/master [13ms]
2026-05-18 22:31:21.931 [info] > git for-each-ref --format=%(refname)%00%(upstream:short)%00%(objectname)%00%(upstream:track)%00%(upstream:remotename)%00%(upstream:remoteref) refs/heads/master refs/remotes/master [22ms]
2026-05-18 22:31:21.931 [warning] [Git][getBranch] No such branch: master
2026-05-18 22:31:21.952 [info] > git status -z -uall [11ms]
2026-05-18 22:31:21.952 [info] > git cat-file -s 8e2fc68a1db8975ee2957491d6cb67b658f34058 [23ms]
2026-05-18 22:31:21.953 [info] > git for-each-ref --sort -committerdate --format %(refname)%00%(objectname)%00%(*objectname) [3ms]
2026-05-18 22:31:21.981 [info] > git show --textconv :main.go [18ms]
2026-05-18 22:31:21.981 [info] > git status -z -uall [12ms]
2026-05-18 22:31:21.982 [info] > git for-each-ref --sort -committerdate --format %(refname)%00%(objectname)%00%(*objectname) [3ms]
2026-05-18 22:31:21.995 [info] > git merge-base refs/heads/master refs/remotes/origin/master [2ms]
2026-05-18 22:31:22.010 [info] > git diff --raw --numstat --diff-filter=ADMR -z --find-renames=50% c692211cda0a30dcbfdf8e6f13145861757de712...refs/remotes/origin/master -- [4ms]
2026-05-18 22:31:22.274 [info] > git check-ignore -v -z --stdin [3ms]
2026-05-18 22:31:27.013 [info] > git config --get commit.template [9ms]
2026-05-18 22:31:27.015 [info] > git for-each-ref --format=%(refname)%00%(upstream:short)%00%(objectname)%00%(upstream:track)%00%(upstream:remotename)%00%(upstream:remoteref) refs/heads/master refs/remotes/master [3ms]
2026-05-18 22:31:27.033 [info] > git status -z -uall [8ms]
2026-05-18 22:31:27.036 [info] > git for-each-ref --sort -committerdate --format %(refname)%00%(objectname)%00%(*objectname) [4ms]
2026-05-18 22:31:33.083 [info] > git check-ignore -v -z --stdin [3ms]
2026-05-18 22:31:34.508 [info] > git check-ignore -v -z --stdin [2ms]
2026-05-18 22:31:34.745 [info] > git check-ignore -v -z --stdin [17ms]
2026-05-18 22:31:34.980 [info] > git config --get commit.template [3ms]
2026-05-18 22:31:34.996 [info] > git for-each-ref --format=%(refname)%00%(upstream:short)%00%(objectname)%00%(upstream:track)%00%(upstream:remotename)%00%(upstream:remoteref) refs/heads/master refs/remotes/master [4ms]
2026-05-18 22:31:35.013 [info] > git status -z -uall [8ms]
2026-05-18 22:31:35.015 [info] > git for-each-ref --sort -committerdate --format %(refname)%00%(objectname)%00%(*objectname) [3ms]
2026-05-18 22:31:35.094 [info] > git check-ignore -v -z --stdin [3ms]
2026-05-18 22:31:35.335 [info] > git check-ignore -v -z --stdin [3ms]
2026-05-18 22:31:36.280 [info] > git check-ignore -v -z --stdin [3ms]
2026-05-18 22:31:36.659 [info] > git check-ignore -v -z --stdin [2ms]
2026-05-18 22:31:39.161 [info] > git check-ignore -v -z --stdin [1ms]
2026-05-18 22:31:40.042 [info] > git config --get commit.template [13ms]
2026-05-18 22:31:40.070 [info] > git for-each-ref --format=%(refname)%00%(upstream:short)%00%(objectname)%00%(upstream:track)%00%(upstream:remotename)%00%(upstream:remoteref) refs/heads/master refs/remotes/master [10ms]
2026-05-18 22:31:40.100 [info] > git status -z -uall [12ms]
2026-05-18 22:31:40.102 [info] > git for-each-ref --sort -committerdate --format %(refname)%00%(objectname)%00%(*objectname) [3ms]
2026-05-18 22:31:40.493 [info] > git check-ignore -v -z --stdin [3ms]
2026-05-18 22:31:41.506 [info] > git check-ignore -v -z --stdin [3ms]
2026-05-18 22:31:42.508 [info] > git check-ignore -v -z --stdin [2ms]
2026-05-18 22:31:43.455 [info] > git check-ignore -v -z --stdin [3ms]
2026-05-18 22:31:44.876 [info] > git check-ignore -v -z --stdin [12ms]
2026-05-18 22:31:45.363 [info] > git config --get commit.template [3ms]
2026-05-18 22:31:45.374 [info] > git for-each-ref --format=%(refname)%00%(upstream:short)%00%(objectname)%00%(upstream:track)%00%(upstream:remotename)%00%(upstream:remoteref) refs/heads/master refs/remotes/master [3ms]
2026-05-18 22:31:45.392 [info] > git status -z -uall [9ms]
2026-05-18 22:31:45.394 [info] > git for-each-ref --sort -committerdate --format %(refname)%00%(objectname)%00%(*objectname) [3ms]
2026-05-18 22:31:46.721 [info] > git check-ignore -v -z --stdin [2ms]
2026-05-18 22:31:47.632 [info] > git check-ignore -v -z --stdin [2ms]
2026-05-18 22:31:48.201 [info] > git check-ignore -v -z --stdin [3ms]
2026-05-18 22:31:50.417 [info] > git config --get commit.template [9ms]
2026-05-18 22:31:50.417 [info] > git for-each-ref --format=%(refname)%00%(upstream:short)%00%(objectname)%00%(upstream:track)%00%(upstream:remotename)%00%(upstream:remoteref) refs/heads/master refs/remotes/master [1ms]
2026-05-18 22:31:50.434 [info] > git status -z -uall [8ms]
2026-05-18 22:31:50.436 [info] > git for-each-ref --sort -committerdate --format %(refname)%00%(objectname)%00%(*objectname) [2ms]
2026-05-18 22:31:50.960 [info] > git check-ignore -v -z --stdin [3ms]
2026-05-18 22:31:52.023 [info] > git check-ignore -v -z --stdin [2ms]
2026-05-18 22:31:52.364 [info] > git check-ignore -v -z --stdin [3ms]
2026-05-18 22:31:52.906 [info] > git check-ignore -v -z --stdin [2ms]
2026-05-18 22:31:53.214 [info] > git check-ignore -v -z --stdin [1ms]
2026-05-18 22:31:53.435 [info] > git check-ignore -v -z --stdin [2ms]
2026-05-18 22:31:54.093 [info] > git fetch [10ms]
2026-05-18 22:31:54.106 [info] > git config --get commit.template [2ms]
2026-05-18 22:31:54.126 [info] [Git][getRemotes] No remotes found in the git config file
2026-05-18 22:31:54.127 [info] > git fetch [11ms]
2026-05-18 22:31:54.135 [info] > git for-each-ref --format=%(refname)%00%(upstream:short)%00%(objectname)%00%(upstream:track)%00%(upstream:remotename)%00%(upstream:remoteref) refs/heads/master refs/remotes/master [10ms]
2026-05-18 22:31:54.135 [warning] [Git][getBranch] No such branch: master
2026-05-18 22:31:54.152 [info] > git status -z -uall [9ms]
2026-05-18 22:31:54.152 [info] > git config --get commit.template [17ms]
2026-05-18 22:31:54.153 [info] > git for-each-ref --sort -committerdate --format %(refname)%00%(objectname)%00%(*objectname) [2ms]
2026-05-18 22:31:54.155 [info] [Git][getRemotes] No remotes found in the git config file
2026-05-18 22:31:54.164 [info] > git for-each-ref --format=%(refname)%00%(upstream:short)%00%(objectname)%00%(upstream:track)%00%(upstream:remotename)%00%(upstream:remoteref) refs/heads/master refs/remotes/master [2ms]
2026-05-18 22:31:54.180 [info] > git status -z -uall [8ms]
2026-05-18 22:31:54.183 [info] > git for-each-ref --sort -committerdate --format %(refname)%00%(objectname)%00%(*objectname) [3ms]
2026-05-18 22:31:54.199 [info] > git check-ignore -v -z --stdin [3ms]
2026-05-18 22:31:54.469 [info] > git check-ignore -v -z --stdin [2ms]
2026-05-18 22:31:54.937 [info] > git check-ignore -v -z --stdin [3ms]
2026-05-18 22:31:55.184 [info] [Git][getRemotes] No remotes found in the git config file
2026-05-18 22:31:55.185 [info] > git config --get commit.template [10ms]
2026-05-18 22:31:55.186 [info] > git for-each-ref --format=%(refname)%00%(upstream:short)%00%(objectname)%00%(upstream:track)%00%(upstream:remotename)%00%(upstream:remoteref) refs/heads/master refs/remotes/master [3ms]
2026-05-18 22:31:55.186 [warning] [Git][getBranch] No such branch: master
2026-05-18 22:31:55.204 [info] > git status -z -uall [11ms]
2026-05-18 22:31:55.206 [info] > git for-each-ref --sort -committerdate --format %(refname)%00%(objectname)%00%(*objectname) [3ms]
2026-05-18 22:31:55.272 [info] [Git][getRemotes] No remotes found in the git config file
2026-05-18 22:31:55.273 [info] > git config --get commit.template [12ms]
2026-05-18 22:31:55.275 [info] > git for-each-ref --format=%(refname)%00%(upstream:short)%00%(objectname)%00%(upstream:track)%00%(upstream:remotename)%00%(upstream:remoteref) refs/heads/master refs/remotes/master [3ms]
2026-05-18 22:31:55.291 [info] > git status -z -uall [8ms]
2026-05-18 22:31:55.292 [info] > git for-each-ref --sort -committerdate --format %(refname)%00%(objectname)%00%(*objectname) [2ms]
2026-05-18 22:31:55.360 [info] > git ls-files --stage -- main.go [2ms]
2026-05-18 22:31:55.370 [info] > git cat-file -s 8e2fc68a1db8975ee2957491d6cb67b658f34058 [2ms]
2026-05-18 22:31:55.384 [info] > git show --textconv :main.go [2ms]
2026-05-18 22:31:55.524 [info] > git check-ignore -v -z --stdin [2ms]
2026-05-18 22:31:56.599 [info] > git check-ignore -v -z --stdin [3ms]
2026-05-18 22:31:56.855 [info] > git check-ignore -v -z --stdin [3ms]
2026-05-18 22:31:58.294 [info] > git check-ignore -v -z --stdin [2ms]
2026-05-18 22:31:58.549 [info] > git check-ignore -v -z --stdin [2ms]
2026-05-18 22:31:58.766 [info] > git check-ignore -v -z --stdin [2ms]
2026-05-18 22:31:58.912 [info] > git fetch [4820ms]
2026-05-18 22:31:58.933 [info] > git config --get commit.template [11ms]
2026-05-18 22:31:58.935 [info] > git for-each-ref --format=%(refname)%00%(upstream:short)%00%(objectname)%00%(upstream:track)%00%(upstream:remotename)%00%(upstream:remoteref) refs/heads/master refs/remotes/master [4ms]
2026-05-18 22:31:58.951 [info] > git status -z -uall [8ms]
2026-05-18 22:31:58.954 [info] > git for-each-ref --sort -committerdate --format %(refname)%00%(objectname)%00%(*objectname) [4ms]
2026-05-18 22:31:59.693 [info] > git check-ignore -v -z --stdin [2ms]
2026-05-18 22:31:59.758 [info] > git ls-files --stage -- main.go [2ms]
2026-05-18 22:31:59.769 [info] > git cat-file -s 8e2fc68a1db8975ee2957491d6cb67b658f34058 [3ms]
2026-05-18 22:31:59.784 [info] > git show --textconv :main.go [3ms]
2026-05-18 22:32:01.603 [info] > git config --get commit.template [11ms]
2026-05-18 22:32:01.641 [info] > git for-each-ref --format=%(refname)%00%(upstream:short)%00%(objectname)%00%(upstream:track)%00%(upstream:remotename)%00%(upstream:remoteref) refs/heads/master refs/remotes/master [28ms]
2026-05-18 22:32:01.678 [info] > git status -z -uall [12ms]
2026-05-18 22:32:01.680 [info] > git for-each-ref --sort -committerdate --format %(refname)%00%(objectname)%00%(*objectname) [5ms]
2026-05-18 22:32:01.769 [info] > git check-ignore -v -z --stdin [3ms]
2026-05-18 22:32:02.797 [info] > git fetch [4613ms]
2026-05-18 22:32:02.806 [info] > git fetch [4630ms]
2026-05-18 22:32:02.817 [info] > git config --get commit.template [10ms]
2026-05-18 22:32:02.828 [info] > git config --get commit.template [13ms]
2026-05-18 22:32:02.839 [info] > git for-each-ref --format=%(refname)%00%(upstream:short)%00%(objectname)%00%(upstream:track)%00%(upstream:remotename)%00%(upstream:remoteref) refs/heads/master refs/remotes/master [12ms]
2026-05-18 22:32:02.859 [info] > git status -z -uall [10ms]
2026-05-18 22:32:02.859 [info] > git for-each-ref --format=%(refname)%00%(upstream:short)%00%(objectname)%00%(upstream:track)%00%(upstream:remotename)%00%(upstream:remoteref) refs/heads/amar refs/remotes/amar [21ms]
2026-05-18 22:32:02.879 [info] > git status -z -uall [10ms]
2026-05-18 22:32:02.879 [info] > git for-each-ref --sort -committerdate --format %(refname)%00%(objectname)%00%(*objectname) [21ms]
2026-05-18 22:32:02.882 [info] > git for-each-ref --sort -committerdate --format %(refname)%00%(objectname)%00%(*objectname) [4ms]
2026-05-18 22:32:06.703 [info] > git config --get commit.template [11ms]
2026-05-18 22:32:06.706 [info] > git for-each-ref --format=%(refname)%00%(upstream:short)%00%(objectname)%00%(upstream:track)%00%(upstream:remotename)%00%(upstream:remoteref) refs/heads/master refs/remotes/master [4ms]
2026-05-18 22:32:06.730 [info] > git status -z -uall [14ms]
2026-05-18 22:32:06.730 [info] > git for-each-ref --sort -committerdate --format %(refname)%00%(objectname)%00%(*objectname) [4ms]
2026-05-18 22:32:11.735 [info] > git check-ignore -v -z --stdin [1ms]
2026-05-18 22:32:13.638 [info] > git config --get commit.template [13ms]
2026-05-18 22:32:13.639 [info] > git for-each-ref --format=%(refname)%00%(upstream:short)%00%(objectname)%00%(upstream:track)%00%(upstream:remotename)%00%(upstream:remoteref) refs/heads/master refs/remotes/master [3ms]
2026-05-18 22:32:13.662 [info] > git status -z -uall [12ms]
2026-05-18 22:32:13.664 [info] > git for-each-ref --sort -committerdate --format %(refname)%00%(objectname)%00%(*objectname) [3ms]
2026-05-18 22:32:19.021 [info] > git check-ignore -v -z --stdin [3ms]
2026-05-18 22:32:19.426 [info] > git check-ignore -v -z --stdin [3ms]
2026-05-18 22:32:21.330 [info] > git config --get commit.template [10ms]
2026-05-18 22:32:21.332 [info] > git for-each-ref --format=%(refname)%00%(upstream:short)%00%(objectname)%00%(upstream:track)%00%(upstream:remotename)%00%(upstream:remoteref) refs/heads/master refs/remotes/master [3ms]
2026-05-18 22:32:21.350 [info] > git status -z -uall [8ms]
2026-05-18 22:32:21.353 [info] > git for-each-ref --sort -committerdate --format %(refname)%00%(objectname)%00%(*objectname) [4ms]
2026-05-18 22:32:22.029 [info] > git check-ignore -v -z --stdin [2ms]
2026-05-18 22:32:22.655 [info] > git check-ignore -v -z --stdin [3ms]
2026-05-18 22:32:23.192 [info] > git check-ignore -v -z --stdin [2ms]
2026-05-18 22:32:27.966 [info] > git config --get commit.template [15ms]
2026-05-18 22:32:27.967 [info] > git for-each-ref --format=%(refname)%00%(upstream:short)%00%(objectname)%00%(upstream:track)%00%(upstream:remotename)%00%(upstream:remoteref) refs/heads/master refs/remotes/master [3ms]
2026-05-18 22:32:27.990 [info] > git status -z -uall [11ms]
2026-05-18 22:32:27.992 [info] > git for-each-ref --sort -committerdate --format %(refname)%00%(objectname)%00%(*objectname) [3ms]
2026-05-18 22:34:25.460 [info] > git config --get commit.template [12ms]
2026-05-18 22:34:25.469 [info] > git for-each-ref --format=%(refname)%00%(upstream:short)%00%(objectname)%00%(upstream:track)%00%(upstream:remotename)%00%(upstream:remoteref) refs/heads/master refs/remotes/master [11ms]
2026-05-18 22:34:25.470 [info] > git ls-files --stage -- main.go [2ms]
2026-05-18 22:34:25.493 [info] > git status -z -uall [8ms]
2026-05-18 22:34:25.494 [info] > git cat-file -s 292512df0ae01b8cc17b7934fde6fb1137bbf30c [17ms]
2026-05-18 22:34:25.495 [info] > git for-each-ref --sort -committerdate --format %(refname)%00%(objectname)%00%(*objectname) [3ms]
2026-05-18 22:34:25.520 [info] > git merge-base refs/heads/master refs/remotes/origin/master [4ms]
2026-05-18 22:34:25.530 [info] > git blame --root --incremental a76de72c43b7420de8081192691ceb26b4bf6038 -- main.go [22ms]
2026-05-18 22:34:25.541 [info] > git diff --raw --numstat --diff-filter=ADMR -z --find-renames=50% c692211cda0a30dcbfdf8e6f13145861757de712...refs/remotes/origin/master -- [11ms]
2026-05-18 22:34:25.542 [info] > git show --textconv :main.go [3ms]
2026-05-18 22:34:25.814 [info] > git check-ignore -v -z --stdin [3ms]
2026-05-18 22:34:43.413 [info] > git config --get commit.template [12ms]
2026-05-18 22:34:43.421 [info] > git ls-files --stage -- main.go [10ms]
2026-05-18 22:34:43.430 [info] > git for-each-ref --format=%(refname)%00%(upstream:short)%00%(objectname)%00%(upstream:track)%00%(upstream:remotename)%00%(upstream:remoteref) refs/heads/master refs/remotes/master [9ms]
2026-05-18 22:34:43.446 [info] > git status -z -uall [9ms]
2026-05-18 22:34:43.447 [info] > git cat-file -s 292512df0ae01b8cc17b7934fde6fb1137bbf30c [17ms]
2026-05-18 22:34:43.457 [info] > git for-each-ref --sort -committerdate --format %(refname)%00%(objectname)%00%(*objectname) [11ms]
2026-05-18 22:34:43.469 [info] > git show --textconv :main.go [13ms]
2026-05-18 22:34:43.471 [info] > git merge-base refs/heads/master refs/remotes/origin/master [4ms]
2026-05-18 22:34:43.484 [info] > git diff --raw --numstat --diff-filter=ADMR -z --find-renames=50% a76de72c43b7420de8081192691ceb26b4bf6038...refs/remotes/origin/master -- [4ms]
2026-05-18 22:34:59.747 [info] > git fetch [27ms]
2026-05-18 22:34:59.748 [info] > git fetch [40ms]
2026-05-18 22:34:59.766 [info] > git config --get commit.template [24ms]
2026-05-18 22:34:59.767 [info] > git config --get commit.template [10ms]
2026-05-18 22:34:59.776 [info] > git config --get commit.template [10ms]
2026-05-18 22:34:59.784 [info] [Git][getRemotes] No remotes found in the git config file
2026-05-18 22:34:59.791 [info] [Git][getRemotes] No remotes found in the git config file
2026-05-18 22:34:59.792 [info] > git for-each-ref --format=%(refname)%00%(upstream:short)%00%(objectname)%00%(upstream:track)%00%(upstream:remotename)%00%(upstream:remoteref) refs/heads/master refs/remotes/master [17ms]
2026-05-18 22:34:59.794 [info] > git for-each-ref --format=%(refname)%00%(upstream:short)%00%(objectname)%00%(upstream:track)%00%(upstream:remotename)%00%(upstream:remoteref) refs/heads/master refs/remotes/master [3ms]
2026-05-18 22:34:59.794 [warning] [Git][getBranch] No such branch: master
2026-05-18 22:34:59.809 [info] > git for-each-ref --format=%(refname)%00%(upstream:short)%00%(objectname)%00%(upstream:track)%00%(upstream:remotename)%00%(upstream:remoteref) refs/heads/master refs/remotes/master [25ms]
2026-05-18 22:34:59.826 [info] > git status -z -uall [24ms]
2026-05-18 22:34:59.826 [info] > git status -z -uall [10ms]
2026-05-18 22:34:59.826 [info] > git for-each-ref --sort -committerdate --format %(refname)%00%(objectname)%00%(*objectname) [17ms]
2026-05-18 22:34:59.829 [info] > git for-each-ref --sort -committerdate --format %(refname)%00%(objectname)%00%(*objectname) [5ms]
2026-05-18 22:34:59.848 [info] > git status -z -uall [9ms]
2026-05-18 22:34:59.850 [info] > git for-each-ref --sort -committerdate --format %(refname)%00%(objectname)%00%(*objectname) [3ms]
2026-05-18 22:35:00.147 [info] > git check-ignore -v -z --stdin [2ms]
2026-05-18 22:35:00.905 [info] > git ls-files --stage -- main.go [2ms]
2026-05-18 22:35:00.914 [info] > git cat-file -s 292512df0ae01b8cc17b7934fde6fb1137bbf30c [2ms]
2026-05-18 22:35:00.929 [info] > git show --textconv :main.go [3ms]
2026-05-18 22:35:04.065 [info] > git fetch [4334ms]
2026-05-18 22:35:04.091 [info] > git config --get commit.template [14ms]
2026-05-18 22:35:04.092 [info] > git for-each-ref --format=%(refname)%00%(upstream:short)%00%(objectname)%00%(upstream:track)%00%(upstream:remotename)%00%(upstream:remoteref) refs/heads/master refs/remotes/master [3ms]
2026-05-18 22:35:04.120 [info] > git status -z -uall [14ms]
2026-05-18 22:35:04.120 [info] > git for-each-ref --sort -committerdate --format %(refname)%00%(objectname)%00%(*objectname) [4ms]
2026-05-18 22:35:06.688 [info] > git fetch [3796ms]
2026-05-18 22:35:06.700 [info] > git fetch [3797ms]
2026-05-18 22:35:06.709 [info] > git config --get commit.template [10ms]
2026-05-18 22:35:06.717 [info] > git config --get commit.template [9ms]
2026-05-18 22:35:06.724 [info] > git for-each-ref --format=%(refname)%00%(upstream:short)%00%(objectname)%00%(upstream:track)%00%(upstream:remotename)%00%(upstream:remoteref) refs/heads/master refs/remotes/master [8ms]
2026-05-18 22:35:06.740 [info] > git status -z -uall [8ms]
2026-05-18 22:35:06.740 [info] > git for-each-ref --format=%(refname)%00%(upstream:short)%00%(objectname)%00%(upstream:track)%00%(upstream:remotename)%00%(upstream:remoteref) refs/heads/amar refs/remotes/amar [17ms]
2026-05-18 22:35:06.759 [info] > git for-each-ref --sort -committerdate --format %(refname)%00%(objectname)%00%(*objectname) [19ms]
2026-05-18 22:35:06.762 [info] > git status -z -uall [13ms]
2026-05-18 22:35:06.762 [info] > git for-each-ref --sort -committerdate --format %(refname)%00%(objectname)%00%(*objectname) [5ms]
2026-05-18 22:36:22.705 [info] > git ls-files --stage -- main.go [2ms]
2026-05-18 22:36:22.718 [info] > git cat-file -s 292512df0ae01b8cc17b7934fde6fb1137bbf30c [4ms]
2026-05-18 22:36:22.732 [info] > git show --textconv :main.go [3ms]
2026-05-18 22:58:10.297 [info] > git fetch [34ms]
2026-05-18 22:58:10.299 [info] > git fetch [48ms]
2026-05-18 22:58:10.322 [info] > git config --get commit.template [10ms]
2026-05-18 22:58:10.323 [info] > git config --get commit.template [3ms]
2026-05-18 22:58:10.330 [info] [Git][getRemotes] No remotes found in the git config file
2026-05-18 22:58:10.337 [info] [Git][getRemotes] No remotes found in the git config file
2026-05-18 22:58:10.339 [info] > git for-each-ref --format=%(refname)%00%(upstream:short)%00%(objectname)%00%(upstream:track)%00%(upstream:remotename)%00%(upstream:remoteref) refs/heads/master refs/remotes/master [2ms]
2026-05-18 22:58:10.339 [warning] [Git][getBranch] No such branch: master
2026-05-18 22:58:10.355 [info] > git for-each-ref --format=%(refname)%00%(upstream:short)%00%(objectname)%00%(upstream:track)%00%(upstream:remotename)%00%(upstream:remoteref) refs/heads/master refs/remotes/master [25ms]
2026-05-18 22:58:10.370 [info] > git status -z -uall [23ms]
2026-05-18 22:58:10.370 [info] > git status -z -uall [8ms]
2026-05-18 22:58:10.371 [info] > git for-each-ref --sort -committerdate --format %(refname)%00%(objectname)%00%(*objectname) [16ms]
2026-05-18 22:58:10.373 [info] > git for-each-ref --sort -committerdate --format %(refname)%00%(objectname)%00%(*objectname) [4ms]
2026-05-18 22:58:10.689 [info] > git check-ignore -v -z --stdin [1ms]
2026-05-18 22:58:11.449 [info] [Git][getRemotes] No remotes found in the git config file
2026-05-18 22:58:11.450 [info] > git config --get commit.template [9ms]
2026-05-18 22:58:11.452 [info] > git for-each-ref --format=%(refname)%00%(upstream:short)%00%(objectname)%00%(upstream:track)%00%(upstream:remotename)%00%(upstream:remoteref) refs/heads/master refs/remotes/master [4ms]
2026-05-18 22:58:11.468 [info] > git status -z -uall [8ms]
2026-05-18 22:58:11.471 [info] > git for-each-ref --sort -committerdate --format %(refname)%00%(objectname)%00%(*objectname) [4ms]
2026-05-18 22:58:11.542 [info] > git ls-files --stage -- main.go [2ms]
2026-05-18 22:58:11.552 [info] > git cat-file -s 292512df0ae01b8cc17b7934fde6fb1137bbf30c [3ms]
2026-05-18 22:58:11.567 [info] > git show --textconv :main.go [4ms]
2026-05-18 22:58:14.522 [info] > git fetch [4237ms]
2026-05-18 22:58:14.534 [info] > git fetch [4238ms]
2026-05-18 22:58:14.536 [info] > git fetch [4262ms]
2026-05-18 22:58:14.556 [info] > git config --get commit.template [23ms]
2026-05-18 22:58:14.558 [info] > git config --get commit.template [11ms]
2026-05-18 22:58:14.571 [info] > git config --get commit.template [15ms]
2026-05-18 22:58:14.588 [info] > git for-each-ref --format=%(refname)%00%(upstream:short)%00%(objectname)%00%(upstream:track)%00%(upstream:remotename)%00%(upstream:remoteref) refs/heads/master refs/remotes/master [20ms]
2026-05-18 22:58:14.589 [info] > git for-each-ref --format=%(refname)%00%(upstream:short)%00%(objectname)%00%(upstream:track)%00%(upstream:remotename)%00%(upstream:remoteref) refs/heads/amar refs/remotes/amar [9ms]
2026-05-18 22:58:14.590 [info] > git for-each-ref --format=%(refname)%00%(upstream:short)%00%(objectname)%00%(upstream:track)%00%(upstream:remotename)%00%(upstream:remoteref) refs/heads/master refs/remotes/master [3ms]
2026-05-18 22:58:14.627 [info] > git status -z -uall [29ms]
2026-05-18 22:58:14.628 [info] > git status -z -uall [10ms]
2026-05-18 22:58:14.628 [info] > git for-each-ref --sort -committerdate --format %(refname)%00%(objectname)%00%(*objectname) [20ms]
2026-05-18 22:58:14.647 [info] > git status -z -uall [9ms]
2026-05-18 22:58:14.648 [info] > git for-each-ref --sort -committerdate --format %(refname)%00%(objectname)%00%(*objectname) [21ms]
2026-05-18 22:58:14.652 [info] > git for-each-ref --sort -committerdate --format %(refname)%00%(objectname)%00%(*objectname) [5ms]
2026-05-18 22:58:20.733 [info] > git ls-files --stage -- main.go [3ms]
2026-05-18 22:58:20.746 [info] > git cat-file -s 292512df0ae01b8cc17b7934fde6fb1137bbf30c [3ms]
2026-05-18 22:58:20.757 [info] > git show --textconv :main.go [2ms]
2026-05-18 22:58:50.453 [info] > git config --get commit.template [11ms]
2026-05-18 22:58:50.456 [info] > git for-each-ref --format=%(refname)%00%(upstream:short)%00%(objectname)%00%(upstream:track)%00%(upstream:remotename)%00%(upstream:remoteref) refs/heads/master refs/remotes/master [4ms]
2026-05-18 22:58:50.479 [info] > git status -z -uall [11ms]
2026-05-18 22:58:50.481 [info] > git for-each-ref --sort -committerdate --format %(refname)%00%(objectname)%00%(*objectname) [3ms]
2026-05-18 22:58:50.798 [info] > git check-ignore -v -z --stdin [2ms]
2026-05-18 22:58:57.463 [info] > git check-ignore -v -z --stdin [1ms]
2026-05-18 22:59:01.240 [info] > git config --get commit.template [10ms]
2026-05-18 22:59:01.242 [info] > git for-each-ref --format=%(refname)%00%(upstream:short)%00%(objectname)%00%(upstream:track)%00%(upstream:remotename)%00%(upstream:remoteref) refs/heads/master refs/remotes/master [4ms]
2026-05-18 22:59:01.263 [info] > git status -z -uall [11ms]
2026-05-18 22:59:01.265 [info] > git for-each-ref --sort -committerdate --format %(refname)%00%(objectname)%00%(*objectname) [4ms]
2026-05-18 23:00:51.374 [info] > git config --get commit.template [9ms]
2026-05-18 23:00:51.376 [info] > git for-each-ref --format=%(refname)%00%(upstream:short)%00%(objectname)%00%(upstream:track)%00%(upstream:remotename)%00%(upstream:remoteref) refs/heads/master refs/remotes/master [3ms]
2026-05-18 23:00:51.393 [info] > git status -z -uall [8ms]
2026-05-18 23:00:51.395 [info] > git for-each-ref --sort -committerdate --format %(refname)%00%(objectname)%00%(*objectname) [3ms]
2026-05-18 23:01:11.327 [info] > git fetch [12ms]
2026-05-18 23:01:11.341 [info] > git fetch [16ms]
2026-05-18 23:01:11.354 [info] > git config --get commit.template [15ms]
2026-05-18 23:01:11.355 [info] [Git][getRemotes] No remotes found in the git config file
2026-05-18 23:01:11.364 [info] > git config --get commit.template [11ms]
2026-05-18 23:01:11.375 [info] [Git][getRemotes] No remotes found in the git config file
2026-05-18 23:01:11.377 [info] > git for-each-ref --format=%(refname)%00%(upstream:short)%00%(objectname)%00%(upstream:track)%00%(upstream:remotename)%00%(upstream:remoteref) refs/heads/master refs/remotes/master [3ms]
2026-05-18 23:01:11.396 [info] > git for-each-ref --format=%(refname)%00%(upstream:short)%00%(objectname)%00%(upstream:track)%00%(upstream:remotename)%00%(upstream:remoteref) refs/heads/master refs/remotes/master [33ms]
2026-05-18 23:01:11.396 [warning] [Git][getBranch] No such branch: master
2026-05-18 23:01:11.417 [info] > git status -z -uall [30ms]
2026-05-18 23:01:11.418 [info] > git status -z -uall [14ms]
2026-05-18 23:01:11.418 [info] > git for-each-ref --sort -committerdate --format %(refname)%00%(objectname)%00%(*objectname) [5ms]
2026-05-18 23:01:11.422 [info] > git for-each-ref --sort -committerdate --format %(refname)%00%(objectname)%00%(*objectname) [26ms]
2026-05-18 23:01:12.449 [info] > git config --get commit.template [2ms]
2026-05-18 23:01:12.449 [info] > git config --get commit.template [9ms]
2026-05-18 23:01:12.457 [info] [Git][getRemotes] No remotes found in the git config file
2026-05-18 23:01:12.457 [info] [Git][getRemotes] No remotes found in the git config file
2026-05-18 23:01:12.465 [info] > git for-each-ref --format=%(refname)%00%(upstream:short)%00%(objectname)%00%(upstream:track)%00%(upstream:remotename)%00%(upstream:remoteref) refs/heads/master refs/remotes/master [8ms]
2026-05-18 23:01:12.465 [warning] [Git][getBranch] No such branch: master
2026-05-18 23:01:12.481 [info] > git status -z -uall [9ms]
2026-05-18 23:01:12.482 [info] > git for-each-ref --format=%(refname)%00%(upstream:short)%00%(objectname)%00%(upstream:track)%00%(upstream:remotename)%00%(upstream:remoteref) refs/heads/master refs/remotes/master [18ms]
2026-05-18 23:01:12.497 [info] > git status -z -uall [8ms]
2026-05-18 23:01:12.498 [info] > git for-each-ref --sort -committerdate --format %(refname)%00%(objectname)%00%(*objectname) [18ms]
2026-05-18 23:01:12.503 [info] > git for-each-ref --sort -committerdate --format %(refname)%00%(objectname)%00%(*objectname) [7ms]
2026-05-18 23:01:20.615 [info] > git fetch [5043ms]
2026-05-18 23:01:20.617 [info] > git fetch [5014ms]
2026-05-18 23:01:20.634 [info] > git fetch [5041ms]
2026-05-18 23:01:20.643 [info] > git config --get commit.template [9ms]
2026-05-18 23:01:20.644 [info] > git config --get commit.template [18ms]
2026-05-18 23:01:20.659 [info] > git config --get commit.template [17ms]
2026-05-18 23:01:20.666 [info] > git for-each-ref --format=%(refname)%00%(upstream:short)%00%(objectname)%00%(upstream:track)%00%(upstream:remotename)%00%(upstream:remoteref) refs/heads/master refs/remotes/master [15ms]
2026-05-18 23:01:20.667 [info] > git for-each-ref --format=%(refname)%00%(upstream:short)%00%(objectname)%00%(upstream:track)%00%(upstream:remotename)%00%(upstream:remoteref) refs/heads/master refs/remotes/master [9ms]
2026-05-18 23:01:20.683 [info] > git status -z -uall [8ms]
2026-05-18 23:01:20.683 [info] > git for-each-ref --format=%(refname)%00%(upstream:short)%00%(objectname)%00%(upstream:track)%00%(upstream:remotename)%00%(upstream:remoteref) refs/heads/amar refs/remotes/amar [17ms]
2026-05-18 23:01:20.700 [info] > git status -z -uall [9ms]
2026-05-18 23:01:20.700 [info] > git for-each-ref --sort -committerdate --format %(refname)%00%(objectname)%00%(*objectname) [17ms]
2026-05-18 23:01:20.703 [info] > git for-each-ref --sort -committerdate --format %(refname)%00%(objectname)%00%(*objectname) [5ms]
2026-05-18 23:01:20.722 [info] > git status -z -uall [10ms]
2026-05-18 23:01:20.724 [info] > git for-each-ref --sort -committerdate --format %(refname)%00%(objectname)%00%(*objectname) [4ms]
2026-05-18 23:02:23.753 [info] > git config --get commit.template [10ms]
2026-05-18 23:02:23.754 [info] > git for-each-ref --format=%(refname)%00%(upstream:short)%00%(objectname)%00%(upstream:track)%00%(upstream:remotename)%00%(upstream:remoteref) refs/heads/master refs/remotes/master [2ms]
2026-05-18 23:02:23.771 [info] > git status -z -uall [8ms]
2026-05-18 23:02:23.774 [info] > git for-each-ref --sort -committerdate --format %(refname)%00%(objectname)%00%(*objectname) [3ms]
2026-05-18 23:02:28.797 [info] > git config --get commit.template [9ms]
2026-05-18 23:02:28.798 [info] > git for-each-ref --format=%(refname)%00%(upstream:short)%00%(objectname)%00%(upstream:track)%00%(upstream:remotename)%00%(upstream:remoteref) refs/heads/master refs/remotes/master [2ms]
2026-05-18 23:02:28.815 [info] > git status -z -uall [8ms]
2026-05-18 23:02:28.818 [info] > git for-each-ref --sort -committerdate --format %(refname)%00%(objectname)%00%(*objectname) [3ms]
2026-05-18 23:03:08.217 [info] > git config --get commit.template [2ms]
2026-05-18 23:03:08.232 [info] > git for-each-ref --format=%(refname)%00%(upstream:short)%00%(objectname)%00%(upstream:track)%00%(upstream:remotename)%00%(upstream:remoteref) refs/heads/master refs/remotes/master [3ms]
2026-05-18 23:03:08.263 [info] > git status -z -uall [19ms]
2026-05-18 23:03:08.264 [info] > git for-each-ref --sort -committerdate --format %(refname)%00%(objectname)%00%(*objectname) [8ms]
2026-05-18 23:03:13.289 [info] > git config --get commit.template [9ms]
2026-05-18 23:03:13.290 [info] > git for-each-ref --format=%(refname)%00%(upstream:short)%00%(objectname)%00%(upstream:track)%00%(upstream:remotename)%00%(upstream:remoteref) refs/heads/master refs/remotes/master [2ms]
2026-05-18 23:03:13.308 [info] > git status -z -uall [9ms]
2026-05-18 23:03:13.310 [info] > git for-each-ref --sort -committerdate --format %(refname)%00%(objectname)%00%(*objectname) [3ms]
2026-05-18 23:03:18.334 [info] > git config --get commit.template [10ms]
2026-05-18 23:03:18.335 [info] > git for-each-ref --format=%(refname)%00%(upstream:short)%00%(objectname)%00%(upstream:track)%00%(upstream:remotename)%00%(upstream:remoteref) refs/heads/master refs/remotes/master [3ms]
2026-05-18 23:03:18.352 [info] > git status -z -uall [9ms]
2026-05-18 23:03:18.353 [info] > git for-each-ref --sort -committerdate --format %(refname)%00%(objectname)%00%(*objectname) [2ms]
2026-05-18 23:03:23.375 [info] > git config --get commit.template [9ms]
2026-05-18 23:03:23.376 [info] > git for-each-ref --format=%(refname)%00%(upstream:short)%00%(objectname)%00%(upstream:track)%00%(upstream:remotename)%00%(upstream:remoteref) refs/heads/master refs/remotes/master [3ms]
2026-05-18 23:03:23.393 [info] > git status -z -uall [8ms]
2026-05-18 23:03:23.394 [info] > git for-each-ref --sort -committerdate --format %(refname)%00%(objectname)%00%(*objectname) [1ms]
2026-05-18 23:03:28.420 [info] > git config --get commit.template [11ms]
2026-05-18 23:03:28.423 [info] > git for-each-ref --format=%(refname)%00%(upstream:short)%00%(objectname)%00%(upstream:track)%00%(upstream:remotename)%00%(upstream:remoteref) refs/heads/master refs/remotes/master [3ms]
2026-05-18 23:03:28.444 [info] > git status -z -uall [11ms]
2026-05-18 23:03:28.446 [info] > git for-each-ref --sort -committerdate --format %(refname)%00%(objectname)%00%(*objectname) [4ms]
2026-05-18 23:03:33.469 [info] > git config --get commit.template [10ms]
2026-05-18 23:03:33.471 [info] > git for-each-ref --format=%(refname)%00%(upstream:short)%00%(objectname)%00%(upstream:track)%00%(upstream:remotename)%00%(upstream:remoteref) refs/heads/master refs/remotes/master [2ms]
2026-05-18 23:03:33.488 [info] > git status -z -uall [9ms]
2026-05-18 23:03:33.490 [info] > git for-each-ref --sort -committerdate --format %(refname)%00%(objectname)%00%(*objectname) [3ms]
2026-05-18 23:03:38.513 [info] > git config --get commit.template [9ms]
2026-05-18 23:03:38.514 [info] > git for-each-ref --format=%(refname)%00%(upstream:short)%00%(objectname)%00%(upstream:track)%00%(upstream:remotename)%00%(upstream:remoteref) refs/heads/master refs/remotes/master [2ms]
2026-05-18 23:03:38.532 [info] > git status -z -uall [9ms]
2026-05-18 23:03:38.533 [info] > git for-each-ref --sort -committerdate --format %(refname)%00%(objectname)%00%(*objectname) [2ms]
2026-05-18 23:03:43.558 [info] > git config --get commit.template [10ms]
2026-05-18 23:03:43.560 [info] > git for-each-ref --format=%(refname)%00%(upstream:short)%00%(objectname)%00%(upstream:track)%00%(upstream:remotename)%00%(upstream:remoteref) refs/heads/master refs/remotes/master [3ms]
2026-05-18 23:03:43.579 [info] > git status -z -uall [9ms]
2026-05-18 23:03:43.581 [info] > git for-each-ref --sort -committerdate --format %(refname)%00%(objectname)%00%(*objectname) [3ms]
2026-05-18 23:03:50.401 [info] > git for-each-ref --format=%(refname)%00%(upstream:short)%00%(objectname)%00%(upstream:track)%00%(upstream:remotename)%00%(upstream:remoteref) refs/heads/master refs/remotes/master [4ms]
2026-05-18 23:03:50.402 [info] > git config --get commit.template [14ms]
2026-05-18 23:03:50.426 [info] > git status -z -uall [12ms]
2026-05-18 23:03:50.427 [info] > git for-each-ref --sort -committerdate --format %(refname)%00%(objectname)%00%(*objectname) [4ms]
2026-05-18 23:03:58.615 [info] > git config --get commit.template [10ms]
2026-05-18 23:03:58.616 [info] > git for-each-ref --format=%(refname)%00%(upstream:short)%00%(objectname)%00%(upstream:track)%00%(upstream:remotename)%00%(upstream:remoteref) refs/heads/master refs/remotes/master [3ms]
2026-05-18 23:03:58.638 [info] > git status -z -uall [10ms]
2026-05-18 23:03:58.639 [info] > git for-each-ref --sort -committerdate --format %(refname)%00%(objectname)%00%(*objectname) [2ms]
2026-05-18 23:04:11.442 [info] > git fetch [11ms]
2026-05-18 23:04:11.451 [info] > git fetch [10ms]
2026-05-18 23:04:11.468 [info] [Git][getRemotes] No remotes found in the git config file
2026-05-18 23:04:11.469 [info] > git config --get commit.template [10ms]
2026-05-18 23:04:11.469 [info] > git config --get commit.template [19ms]
2026-05-18 23:04:11.469 [info] [Git][getRemotes] No remotes found in the git config file
2026-05-18 23:04:11.477 [info] > git for-each-ref --format=%(refname)%00%(upstream:short)%00%(objectname)%00%(upstream:track)%00%(upstream:remotename)%00%(upstream:remoteref) refs/heads/master refs/remotes/master [9ms]
2026-05-18 23:04:11.477 [warning] [Git][getBranch] No such branch: master
2026-05-18 23:04:11.491 [info] > git status -z -uall [7ms]
2026-05-18 23:04:11.491 [info] > git for-each-ref --format=%(refname)%00%(upstream:short)%00%(objectname)%00%(upstream:track)%00%(upstream:remotename)%00%(upstream:remoteref) refs/heads/master refs/remotes/master [15ms]
2026-05-18 23:04:11.506 [info] > git status -z -uall [9ms]
2026-05-18 23:04:11.506 [info] > git for-each-ref --sort -committerdate --format %(refname)%00%(objectname)%00%(*objectname) [16ms]
2026-05-18 23:04:11.508 [info] > git for-each-ref --sort -committerdate --format %(refname)%00%(objectname)%00%(*objectname) [3ms]
2026-05-18 23:04:12.533 [info] > git config --get commit.template [9ms]
2026-05-18 23:04:12.541 [info] [Git][getRemotes] No remotes found in the git config file
2026-05-18 23:04:12.548 [info] [Git][getRemotes] No remotes found in the git config file
2026-05-18 23:04:12.549 [info] > git config --get commit.template [17ms]
2026-05-18 23:04:12.550 [info] > git for-each-ref --format=%(refname)%00%(upstream:short)%00%(objectname)%00%(upstream:track)%00%(upstream:remotename)%00%(upstream:remoteref) refs/heads/master refs/remotes/master [9ms]
2026-05-18 23:04:12.565 [info] > git status -z -uall [8ms]
2026-05-18 23:04:12.566 [info] > git for-each-ref --format=%(refname)%00%(upstream:short)%00%(objectname)%00%(upstream:track)%00%(upstream:remotename)%00%(upstream:remoteref) refs/heads/master refs/remotes/master [18ms]
2026-05-18 23:04:12.566 [warning] [Git][getBranch] No such branch: master
2026-05-18 23:04:12.582 [info] > git status -z -uall [9ms]
2026-05-18 23:04:12.582 [info] > git for-each-ref --sort -committerdate --format %(refname)%00%(objectname)%00%(*objectname) [17ms]
2026-05-18 23:04:12.584 [info] > git for-each-ref --sort -committerdate --format %(refname)%00%(objectname)%00%(*objectname) [3ms]
2026-05-18 23:04:20.228 [info] > git for-each-ref --format=%(refname)%00%(upstream:short)%00%(objectname)%00%(upstream:track)%00%(upstream:remotename)%00%(upstream:remoteref) refs/heads/master refs/remotes/master [7ms]
2026-05-18 23:04:20.228 [info] > git config --get commit.template [15ms]
2026-05-18 23:04:20.249 [info] > git status -z -uall [9ms]
2026-05-18 23:04:20.250 [info] > git for-each-ref --sort -committerdate --format %(refname)%00%(objectname)%00%(*objectname) [2ms]
2026-05-18 23:04:25.462 [info] > git fetch [4750ms]
2026-05-18 23:04:25.463 [info] > git fetch [4725ms]
2026-05-18 23:04:25.464 [info] > git fetch [4740ms]
2026-05-18 23:04:25.496 [info] > git config --get commit.template [3ms]
2026-05-18 23:04:25.497 [info] > git config --get commit.template [13ms]
2026-05-18 23:04:25.497 [info] > git config --get commit.template [21ms]
2026-05-18 23:04:25.528 [info] > git for-each-ref --format=%(refname)%00%(upstream:short)%00%(objectname)%00%(upstream:track)%00%(upstream:remotename)%00%(upstream:remoteref) refs/heads/master refs/remotes/master [6ms]
2026-05-18 23:04:25.529 [info] > git for-each-ref --format=%(refname)%00%(upstream:short)%00%(objectname)%00%(upstream:track)%00%(upstream:remotename)%00%(upstream:remoteref) refs/heads/amar refs/remotes/amar [13ms]
2026-05-18 23:04:25.529 [info] > git for-each-ref --format=%(refname)%00%(upstream:short)%00%(objectname)%00%(upstream:track)%00%(upstream:remotename)%00%(upstream:remoteref) refs/heads/master refs/remotes/master [23ms]
2026-05-18 23:04:25.586 [info] > git status -z -uall [46ms]
2026-05-18 23:04:25.586 [info] > git status -z -uall [29ms]
2026-05-18 23:04:25.586 [info] > git status -z -uall [11ms]
2026-05-18 23:04:25.587 [info] > git for-each-ref --sort -committerdate --format %(refname)%00%(objectname)%00%(*objectname) [21ms]
2026-05-18 23:04:25.589 [info] > git for-each-ref --sort -committerdate --format %(refname)%00%(objectname)%00%(*objectname) [40ms]
2026-05-18 23:04:25.597 [info] > git for-each-ref --sort -committerdate --format %(refname)%00%(objectname)%00%(*objectname) [12ms]
2026-05-18 23:04:27.890 [info] > git config --get commit.template [11ms]
2026-05-18 23:04:27.893 [info] > git for-each-ref --format=%(refname)%00%(upstream:short)%00%(objectname)%00%(upstream:track)%00%(upstream:remotename)%00%(upstream:remoteref) refs/heads/master refs/remotes/master [3ms]
2026-05-18 23:04:27.913 [info] > git status -z -uall [11ms]
2026-05-18 23:04:27.915 [info] > git for-each-ref --sort -committerdate --format %(refname)%00%(objectname)%00%(*objectname) [3ms]
2026-05-18 23:04:33.471 [info] > git config --get commit.template [9ms]
2026-05-18 23:04:33.472 [info] > git for-each-ref --format=%(refname)%00%(upstream:short)%00%(objectname)%00%(upstream:track)%00%(upstream:remotename)%00%(upstream:remoteref) refs/heads/master refs/remotes/master [2ms]
2026-05-18 23:04:33.489 [info] > git status -z -uall [9ms]
2026-05-18 23:04:33.489 [info] > git for-each-ref --sort -committerdate --format %(refname)%00%(objectname)%00%(*objectname) [2ms]
2026-05-18 23:05:01.500 [info] > git config --get commit.template [2ms]
2026-05-18 23:05:01.510 [info] > git for-each-ref --format=%(refname)%00%(upstream:short)%00%(objectname)%00%(upstream:track)%00%(upstream:remotename)%00%(upstream:remoteref) refs/heads/master refs/remotes/master [3ms]
2026-05-18 23:05:01.528 [info] > git status -z -uall [9ms]
2026-05-18 23:05:01.530 [info] > git for-each-ref --sort -committerdate --format %(refname)%00%(objectname)%00%(*objectname) [3ms]
2026-05-18 23:05:06.553 [info] > git config --get commit.template [9ms]
2026-05-18 23:05:06.554 [info] > git for-each-ref --format=%(refname)%00%(upstream:short)%00%(objectname)%00%(upstream:track)%00%(upstream:remotename)%00%(upstream:remoteref) refs/heads/master refs/remotes/master [2ms]
2026-05-18 23:05:06.571 [info] > git status -z -uall [9ms]
2026-05-18 23:05:06.573 [info] > git for-each-ref --sort -committerdate --format %(refname)%00%(objectname)%00%(*objectname) [3ms]
2026-05-18 23:05:11.596 [info] > git config --get commit.template [9ms]
2026-05-18 23:05:11.598 [info] > git for-each-ref --format=%(refname)%00%(upstream:short)%00%(objectname)%00%(upstream:track)%00%(upstream:remotename)%00%(upstream:remoteref) refs/heads/master refs/remotes/master [3ms]
2026-05-18 23:05:11.615 [info] > git status -z -uall [7ms]
2026-05-18 23:05:11.617 [info] > git for-each-ref --sort -committerdate --format %(refname)%00%(objectname)%00%(*objectname) [3ms]
2026-05-18 23:05:16.641 [info] > git config --get commit.template [9ms]
2026-05-18 23:05:16.642 [info] > git for-each-ref --format=%(refname)%00%(upstream:short)%00%(objectname)%00%(upstream:track)%00%(upstream:remotename)%00%(upstream:remoteref) refs/heads/master refs/remotes/master [2ms]
2026-05-18 23:05:16.663 [info] > git status -z -uall [11ms]
2026-05-18 23:05:16.665 [info] > git for-each-ref --sort -committerdate --format %(refname)%00%(objectname)%00%(*objectname) [3ms]
2026-05-18 23:05:33.933 [info] > git config --get commit.template [9ms]
2026-05-18 23:05:33.935 [info] > git for-each-ref --format=%(refname)%00%(upstream:short)%00%(objectname)%00%(upstream:track)%00%(upstream:remotename)%00%(upstream:remoteref) refs/heads/master refs/remotes/master [3ms]
2026-05-18 23:05:33.953 [info] > git status -z -uall [9ms]
2026-05-18 23:05:33.955 [info] > git for-each-ref --sort -committerdate --format %(refname)%00%(objectname)%00%(*objectname) [3ms]
2026-05-18 23:05:44.779 [info] > git config --get commit.template [9ms]
2026-05-18 23:05:44.779 [info] > git for-each-ref --format=%(refname)%00%(upstream:short)%00%(objectname)%00%(upstream:track)%00%(upstream:remotename)%00%(upstream:remoteref) refs/heads/master refs/remotes/master [2ms]
2026-05-18 23:05:44.799 [info] > git status -z -uall [10ms]
2026-05-18 23:05:44.800 [info] > git for-each-ref --sort -committerdate --format %(refname)%00%(objectname)%00%(*objectname) [3ms]
2026-05-18 23:05:49.823 [info] > git config --get commit.template [9ms]
2026-05-18 23:05:49.826 [info] > git for-each-ref --format=%(refname)%00%(upstream:short)%00%(objectname)%00%(upstream:track)%00%(upstream:remotename)%00%(upstream:remoteref) refs/heads/master refs/remotes/master [3ms]
2026-05-18 23:05:49.844 [info] > git status -z -uall [9ms]
2026-05-18 23:05:49.846 [info] > git for-each-ref --sort -committerdate --format %(refname)%00%(objectname)%00%(*objectname) [3ms]
2026-05-18 23:05:54.859 [info] > git config --get commit.template [1ms]
2026-05-18 23:05:54.872 [info] > git for-each-ref --format=%(refname)%00%(upstream:short)%00%(objectname)%00%(upstream:track)%00%(upstream:remotename)%00%(upstream:remoteref) refs/heads/master refs/remotes/master [2ms]
2026-05-18 23:05:54.896 [info] > git status -z -uall [14ms]
2026-05-18 23:05:54.896 [info] > git for-each-ref --sort -committerdate --format %(refname)%00%(objectname)%00%(*objectname) [3ms]
2026-05-18 23:05:59.920 [info] > git config --get commit.template [10ms]
2026-05-18 23:05:59.922 [info] > git for-each-ref --format=%(refname)%00%(upstream:short)%00%(objectname)%00%(upstream:track)%00%(upstream:remotename)%00%(upstream:remoteref) refs/heads/master refs/remotes/master [4ms]
2026-05-18 23:05:59.940 [info] > git status -z -uall [8ms]
2026-05-18 23:05:59.943 [info] > git for-each-ref --sort -committerdate --format %(refname)%00%(objectname)%00%(*objectname) [4ms]
2026-05-18 23:06:17.424 [info] > git config --get commit.template [10ms]
2026-05-18 23:06:17.425 [info] > git for-each-ref --format=%(refname)%00%(upstream:short)%00%(objectname)%00%(upstream:track)%00%(upstream:remotename)%00%(upstream:remoteref) refs/heads/master refs/remotes/master [3ms]
2026-05-18 23:06:17.442 [info] > git status -z -uall [9ms]
2026-05-18 23:06:17.446 [info] > git for-each-ref --sort -committerdate --format %(refname)%00%(objectname)%00%(*objectname) [5ms]
2026-05-18 23:06:44.960 [info] > git config --get commit.template [14ms]
2026-05-18 23:06:44.962 [info] > git for-each-ref --format=%(refname)%00%(upstream:short)%00%(objectname)%00%(upstream:track)%00%(upstream:remotename)%00%(upstream:remoteref) refs/heads/master refs/remotes/master [4ms]
2026-05-18 23:06:44.987 [info] > git status -z -uall [13ms]
2026-05-18 23:06:44.990 [info] > git for-each-ref --sort -committerdate --format %(refname)%00%(objectname)%00%(*objectname) [5ms]
2026-05-18 23:06:51.861 [info] > git config --get commit.template [9ms]
2026-05-18 23:06:51.862 [info] > git for-each-ref --format=%(refname)%00%(upstream:short)%00%(objectname)%00%(upstream:track)%00%(upstream:remotename)%00%(upstream:remoteref) refs/heads/master refs/remotes/master [2ms]
2026-05-18 23:06:51.879 [info] > git status -z -uall [8ms]
2026-05-18 23:06:51.881 [info] > git for-each-ref --sort -committerdate --format %(refname)%00%(objectname)%00%(*objectname) [2ms]
2026-05-18 23:06:58.354 [info] > git config --get commit.template [9ms]
2026-05-18 23:06:58.356 [info] > git for-each-ref --format=%(refname)%00%(upstream:short)%00%(objectname)%00%(upstream:track)%00%(upstream:remotename)%00%(upstream:remoteref) refs/heads/master refs/remotes/master [4ms]
2026-05-18 23:06:58.372 [info] > git status -z -uall [9ms]
2026-05-18 23:06:58.374 [info] > git for-each-ref --sort -committerdate --format %(refname)%00%(objectname)%00%(*objectname) [3ms]
2026-05-18 23:07:04.406 [info] > git config --get commit.template [11ms]
2026-05-18 23:07:04.407 [info] > git for-each-ref --format=%(refname)%00%(upstream:short)%00%(objectname)%00%(upstream:track)%00%(upstream:remotename)%00%(upstream:remoteref) refs/heads/master refs/remotes/master [2ms]
2026-05-18 23:07:04.427 [info] > git status -z -uall [10ms]
2026-05-18 23:07:04.430 [info] > git for-each-ref --sort -committerdate --format %(refname)%00%(objectname)%00%(*objectname) [4ms]
2026-05-18 23:07:11.530 [info] > git fetch [11ms]
2026-05-18 23:07:11.542 [info] > git fetch [13ms]
2026-05-18 23:07:11.550 [info] > git config --get commit.template [9ms]
2026-05-18 23:07:11.558 [info] [Git][getRemotes] No remotes found in the git config file
2026-05-18 23:07:11.559 [info] > git config --get commit.template [9ms]
2026-05-18 23:07:11.559 [info] [Git][getRemotes] No remotes found in the git config file
2026-05-18 23:07:11.567 [info] > git for-each-ref --format=%(refname)%00%(upstream:short)%00%(objectname)%00%(upstream:track)%00%(upstream:remotename)%00%(upstream:remoteref) refs/heads/master refs/remotes/master [9ms]
2026-05-18 23:07:11.567 [warning] [Git][getBranch] No such branch: master
2026-05-18 23:07:11.585 [info] > git status -z -uall [10ms]
2026-05-18 23:07:11.586 [info] > git for-each-ref --format=%(refname)%00%(upstream:short)%00%(objectname)%00%(upstream:track)%00%(upstream:remotename)%00%(upstream:remoteref) refs/heads/master refs/remotes/master [19ms]
2026-05-18 23:07:11.604 [info] > git status -z -uall [10ms]
2026-05-18 23:07:11.604 [info] > git for-each-ref --sort -committerdate --format %(refname)%00%(objectname)%00%(*objectname) [21ms]
2026-05-18 23:07:11.609 [info] > git for-each-ref --sort -committerdate --format %(refname)%00%(objectname)%00%(*objectname) [6ms]
2026-05-18 23:07:12.629 [info] [Git][getRemotes] No remotes found in the git config file
2026-05-18 23:07:12.630 [info] > git config --get commit.template [9ms]
2026-05-18 23:07:12.630 [info] > git for-each-ref --format=%(refname)%00%(upstream:short)%00%(objectname)%00%(upstream:track)%00%(upstream:remotename)%00%(upstream:remoteref) refs/heads/master refs/remotes/master [1ms]
2026-05-18 23:07:12.631 [warning] [Git][getBranch] No such branch: master
2026-05-18 23:07:12.647 [info] > git status -z -uall [10ms]
2026-05-18 23:07:12.650 [info] > git for-each-ref --sort -committerdate --format %(refname)%00%(objectname)%00%(*objectname) [4ms]
2026-05-18 23:07:12.955 [info] > git config --get commit.template [9ms]
2026-05-18 23:07:12.956 [info] > git for-each-ref --format=%(refname)%00%(upstream:short)%00%(objectname)%00%(upstream:track)%00%(upstream:remotename)%00%(upstream:remoteref) refs/heads/master refs/remotes/master [2ms]
2026-05-18 23:07:12.973 [info] > git status -z -uall [8ms]
2026-05-18 23:07:12.976 [info] > git for-each-ref --sort -committerdate --format %(refname)%00%(objectname)%00%(*objectname) [3ms]
2026-05-18 23:07:17.998 [info] > git config --get commit.template [10ms]
2026-05-18 23:07:18.000 [info] > git for-each-ref --format=%(refname)%00%(upstream:short)%00%(objectname)%00%(upstream:track)%00%(upstream:remotename)%00%(upstream:remoteref) refs/heads/master refs/remotes/master [3ms]
2026-05-18 23:07:18.018 [info] > git status -z -uall [9ms]
2026-05-18 23:07:18.020 [info] > git for-each-ref --sort -committerdate --format %(refname)%00%(objectname)%00%(*objectname) [3ms]
2026-05-18 23:07:23.045 [info] > git config --get commit.template [10ms]
2026-05-18 23:07:23.047 [info] > git for-each-ref --format=%(refname)%00%(upstream:short)%00%(objectname)%00%(upstream:track)%00%(upstream:remotename)%00%(upstream:remoteref) refs/heads/master refs/remotes/master [3ms]
2026-05-18 23:07:23.067 [info] > git status -z -uall [10ms]
2026-05-18 23:07:23.069 [info] > git for-each-ref --sort -committerdate --format %(refname)%00%(objectname)%00%(*objectname) [3ms]
2026-05-18 23:07:36.268 [info] > git fetch [4989ms]
2026-05-18 23:07:36.278 [info] > git fetch [5010ms]
2026-05-18 23:07:36.287 [info] > git config --get commit.template [9ms]
2026-05-18 23:07:36.295 [info] > git config --get commit.template [9ms]
2026-05-18 23:07:36.307 [info] > git for-each-ref --format=%(refname)%00%(upstream:short)%00%(objectname)%00%(upstream:track)%00%(upstream:remotename)%00%(upstream:remoteref) refs/heads/master refs/remotes/master [13ms]
2026-05-18 23:07:36.308 [info] > git for-each-ref --format=%(refname)%00%(upstream:short)%00%(objectname)%00%(upstream:track)%00%(upstream:remotename)%00%(upstream:remoteref) refs/heads/amar refs/remotes/amar [5ms]
2026-05-18 23:07:36.340 [info] > git status -z -uall [24ms]
2026-05-18 23:07:36.340 [info] > git status -z -uall [9ms]
2026-05-18 23:07:36.342 [info] > git for-each-ref --sort -committerdate --format %(refname)%00%(objectname)%00%(*objectname) [18ms]
2026-05-18 23:07:36.345 [info] > git for-each-ref --sort -committerdate --format %(refname)%00%(objectname)%00%(*objectname) [6ms]
2026-05-18 23:07:36.445 [info] > git fetch [5189ms]
2026-05-18 23:07:36.466 [info] > git config --get commit.template [9ms]
2026-05-18 23:07:36.467 [info] > git for-each-ref --format=%(refname)%00%(upstream:short)%00%(objectname)%00%(upstream:track)%00%(upstream:remotename)%00%(upstream:remoteref) refs/heads/master refs/remotes/master [3ms]
2026-05-18 23:07:36.484 [info] > git status -z -uall [8ms]
2026-05-18 23:07:36.487 [info] > git for-each-ref --sort -committerdate --format %(refname)%00%(objectname)%00%(*objectname) [4ms]
2026-05-18 23:07:38.903 [info] > git config --get commit.template [10ms]
2026-05-18 23:07:38.905 [info] > git for-each-ref --format=%(refname)%00%(upstream:short)%00%(objectname)%00%(upstream:track)%00%(upstream:remotename)%00%(upstream:remoteref) refs/heads/master refs/remotes/master [3ms]
2026-05-18 23:07:38.922 [info] > git status -z -uall [8ms]
2026-05-18 23:07:38.925 [info] > git for-each-ref --sort -committerdate --format %(refname)%00%(objectname)%00%(*objectname) [3ms]
2026-05-18 23:07:59.473 [info] > git config --get commit.template [9ms]
2026-05-18 23:07:59.476 [info] > git for-each-ref --format=%(refname)%00%(upstream:short)%00%(objectname)%00%(upstream:track)%00%(upstream:remotename)%00%(upstream:remoteref) refs/heads/master refs/remotes/master [4ms]
2026-05-18 23:07:59.500 [info] > git status -z -uall [12ms]
2026-05-18 23:07:59.502 [info] > git for-each-ref --sort -committerdate --format %(refname)%00%(objectname)%00%(*objectname) [3ms]
2026-05-18 23:08:10.095 [info] > git config --get commit.template [9ms]
2026-05-18 23:08:10.096 [info] > git for-each-ref --format=%(refname)%00%(upstream:short)%00%(objectname)%00%(upstream:track)%00%(upstream:remotename)%00%(upstream:remoteref) refs/heads/master refs/remotes/master [3ms]
2026-05-18 23:08:10.118 [info] > git status -z -uall [12ms]
2026-05-18 23:08:10.119 [info] > git for-each-ref --sort -committerdate --format %(refname)%00%(objectname)%00%(*objectname) [4ms]
2026-05-18 23:08:15.145 [info] > git for-each-ref --format=%(refname)%00%(upstream:short)%00%(objectname)%00%(upstream:track)%00%(upstream:remotename)%00%(upstream:remoteref) refs/heads/master refs/remotes/master [4ms]
2026-05-18 23:08:15.145 [info] > git config --get commit.template [12ms]
2026-05-18 23:08:15.164 [info] > git status -z -uall [9ms]
2026-05-18 23:08:15.167 [info] > git for-each-ref --sort -committerdate --format %(refname)%00%(objectname)%00%(*objectname) [4ms]
2026-05-18 23:08:20.191 [info] > git config --get commit.template [9ms]
2026-05-18 23:08:20.193 [info] > git for-each-ref --format=%(refname)%00%(upstream:short)%00%(objectname)%00%(upstream:track)%00%(upstream:remotename)%00%(upstream:remoteref) refs/heads/master refs/remotes/master [3ms]
2026-05-18 23:08:20.209 [info] > git status -z -uall [8ms]
2026-05-18 23:08:20.212 [info] > git for-each-ref --sort -committerdate --format %(refname)%00%(objectname)%00%(*objectname) [4ms]
2026-05-18 23:08:25.239 [info] > git config --get commit.template [10ms]
2026-05-18 23:08:25.240 [info] > git for-each-ref --format=%(refname)%00%(upstream:short)%00%(objectname)%00%(upstream:track)%00%(upstream:remotename)%00%(upstream:remoteref) refs/heads/master refs/remotes/master [4ms]
2026-05-18 23:08:25.257 [info] > git status -z -uall [8ms]
2026-05-18 23:08:25.260 [info] > git for-each-ref --sort -committerdate --format %(refname)%00%(objectname)%00%(*objectname) [3ms]
2026-05-18 23:08:50.236 [info] > git config --get commit.template [2ms]
2026-05-18 23:08:50.249 [info] > git for-each-ref --format=%(refname)%00%(upstream:short)%00%(objectname)%00%(upstream:track)%00%(upstream:remotename)%00%(upstream:remoteref) refs/heads/master refs/remotes/master [3ms]
2026-05-18 23:08:50.271 [info] > git status -z -uall [12ms]
2026-05-18 23:08:50.273 [info] > git for-each-ref --sort -committerdate --format %(refname)%00%(objectname)%00%(*objectname) [3ms]
2026-05-18 23:08:55.477 [info] > git config --get commit.template [9ms]
2026-05-18 23:08:55.478 [info] > git for-each-ref --format=%(refname)%00%(upstream:short)%00%(objectname)%00%(upstream:track)%00%(upstream:remotename)%00%(upstream:remoteref) refs/heads/master refs/remotes/master [2ms]
2026-05-18 23:08:55.496 [info] > git status -z -uall [10ms]
2026-05-18 23:08:55.498 [info] > git for-each-ref --sort -committerdate --format %(refname)%00%(objectname)%00%(*objectname) [3ms]
2026-05-18 23:09:00.522 [info] > git config --get commit.template [8ms]
2026-05-18 23:09:00.523 [info] > git for-each-ref --format=%(refname)%00%(upstream:short)%00%(objectname)%00%(upstream:track)%00%(upstream:remotename)%00%(upstream:remoteref) refs/heads/master refs/remotes/master [2ms]
2026-05-18 23:09:00.544 [info] > git status -z -uall [13ms]
2026-05-18 23:09:00.546 [info] > git for-each-ref --sort -committerdate --format %(refname)%00%(objectname)%00%(*objectname) [4ms]
2026-05-18 23:09:39.145 [info] > git config --get commit.template [11ms]
2026-05-18 23:09:39.148 [info] > git for-each-ref --format=%(refname)%00%(upstream:short)%00%(objectname)%00%(upstream:track)%00%(upstream:remotename)%00%(upstream:remoteref) refs/heads/master refs/remotes/master [4ms]
2026-05-18 23:09:39.167 [info] > git status -z -uall [10ms]
2026-05-18 23:09:39.168 [info] > git for-each-ref --sort -committerdate --format %(refname)%00%(objectname)%00%(*objectname) [4ms]
2026-05-18 23:09:44.193 [info] > git config --get commit.template [9ms]
2026-05-18 23:09:44.194 [info] > git for-each-ref --format=%(refname)%00%(upstream:short)%00%(objectname)%00%(upstream:track)%00%(upstream:remotename)%00%(upstream:remoteref) refs/heads/master refs/remotes/master [3ms]
2026-05-18 23:09:44.211 [info] > git status -z -uall [8ms]
2026-05-18 23:09:44.214 [info] > git for-each-ref --sort -committerdate --format %(refname)%00%(objectname)%00%(*objectname) [4ms]
2026-05-18 23:10:11.627 [info] > git fetch [11ms]
2026-05-18 23:10:11.639 [info] > git fetch [13ms]
2026-05-18 23:10:11.651 [info] > git config --get commit.template [13ms]
2026-05-18 23:10:11.661 [info] [Git][getRemotes] No remotes found in the git config file
2026-05-18 23:10:11.662 [info] > git config --get commit.template [12ms]
2026-05-18 23:10:11.672 [info] [Git][getRemotes] No remotes found in the git config file
2026-05-18 23:10:11.673 [info] > git for-each-ref --format=%(refname)%00%(upstream:short)%00%(objectname)%00%(upstream:track)%00%(upstream:remotename)%00%(upstream:remoteref) refs/heads/master refs/remotes/master [13ms]
2026-05-18 23:10:11.673 [warning] [Git][getBranch] No such branch: master
2026-05-18 23:10:11.689 [info] > git status -z -uall [8ms]
2026-05-18 23:10:11.690 [info] > git for-each-ref --format=%(refname)%00%(upstream:short)%00%(objectname)%00%(upstream:track)%00%(upstream:remotename)%00%(upstream:remoteref) refs/heads/master refs/remotes/master [18ms]
2026-05-18 23:10:11.710 [info] > git status -z -uall [11ms]
2026-05-18 23:10:11.710 [info] > git for-each-ref --sort -committerdate --format %(refname)%00%(objectname)%00%(*objectname) [23ms]
2026-05-18 23:10:11.713 [info] > git for-each-ref --sort -committerdate --format %(refname)%00%(objectname)%00%(*objectname) [4ms]
2026-05-18 23:10:12.733 [info] [Git][getRemotes] No remotes found in the git config file
2026-05-18 23:10:12.734 [info] > git config --get commit.template [10ms]
2026-05-18 23:10:12.734 [info] > git for-each-ref --format=%(refname)%00%(upstream:short)%00%(objectname)%00%(upstream:track)%00%(upstream:remotename)%00%(upstream:remoteref) refs/heads/master refs/remotes/master [1ms]
2026-05-18 23:10:12.734 [warning] [Git][getBranch] No such branch: master
2026-05-18 23:10:12.753 [info] > git status -z -uall [10ms]
2026-05-18 23:10:12.754 [info] > git for-each-ref --sort -committerdate --format %(refname)%00%(objectname)%00%(*objectname) [2ms]
2026-05-18 23:10:31.502 [info] > git config --get commit.template [9ms]
2026-05-18 23:10:31.505 [info] > git for-each-ref --format=%(refname)%00%(upstream:short)%00%(objectname)%00%(upstream:track)%00%(upstream:remotename)%00%(upstream:remoteref) refs/heads/master refs/remotes/master [4ms]
2026-05-18 23:10:31.522 [info] > git status -z -uall [8ms]
2026-05-18 23:10:31.524 [info] > git for-each-ref --sort -committerdate --format %(refname)%00%(objectname)%00%(*objectname) [3ms]
2026-05-18 23:10:40.642 [info] > git fetch [4142ms]
2026-05-18 23:10:40.665 [info] > git config --get commit.template [11ms]
2026-05-18 23:10:40.666 [info] > git for-each-ref --format=%(refname)%00%(upstream:short)%00%(objectname)%00%(upstream:track)%00%(upstream:remotename)%00%(upstream:remoteref) refs/heads/master refs/remotes/master [3ms]
2026-05-18 23:10:40.687 [info] > git status -z -uall [10ms]
2026-05-18 23:10:40.689 [info] > git for-each-ref --sort -committerdate --format %(refname)%00%(objectname)%00%(*objectname) [3ms]
2026-05-18 23:10:46.146 [info] > git config --get commit.template [12ms]
2026-05-18 23:10:46.149 [info] > git for-each-ref --format=%(refname)%00%(upstream:short)%00%(objectname)%00%(upstream:track)%00%(upstream:remotename)%00%(upstream:remoteref) refs/heads/master refs/remotes/master [3ms]
2026-05-18 23:10:46.168 [info] > git status -z -uall [10ms]
2026-05-18 23:10:46.169 [info] > git for-each-ref --sort -committerdate --format %(refname)%00%(objectname)%00%(*objectname) [3ms]
2026-05-18 23:10:46.284 [info] > git fetch [9915ms]
2026-05-18 23:10:46.285 [info] > git fetch [9928ms]
2026-05-18 23:10:46.301 [info] > git config --get commit.template [9ms]
2026-05-18 23:10:46.302 [info] > git config --get commit.template [2ms]
2026-05-18 23:10:46.318 [info] > git for-each-ref --format=%(refname)%00%(upstream:short)%00%(objectname)%00%(upstream:track)%00%(upstream:remotename)%00%(upstream:remoteref) refs/heads/amar refs/remotes/amar [8ms]
2026-05-18 23:10:46.319 [info] > git for-each-ref --format=%(refname)%00%(upstream:short)%00%(objectname)%00%(upstream:track)%00%(upstream:remotename)%00%(upstream:remoteref) refs/heads/master refs/remotes/master [1ms]
2026-05-18 23:10:46.351 [info] > git status -z -uall [24ms]
2026-05-18 23:10:46.351 [info] > git status -z -uall [9ms]
2026-05-18 23:10:46.352 [info] > git for-each-ref --sort -committerdate --format %(refname)%00%(objectname)%00%(*objectname) [17ms]
2026-05-18 23:10:46.355 [info] > git for-each-ref --sort -committerdate --format %(refname)%00%(objectname)%00%(*objectname) [5ms]
2026-05-18 23:10:51.191 [info] > git config --get commit.template [9ms]
2026-05-18 23:10:51.193 [info] > git for-each-ref --format=%(refname)%00%(upstream:short)%00%(objectname)%00%(upstream:track)%00%(upstream:remotename)%00%(upstream:remoteref) refs/heads/master refs/remotes/master [3ms]
2026-05-18 23:10:51.211 [info] > git status -z -uall [9ms]
2026-05-18 23:10:51.213 [info] > git for-each-ref --sort -committerdate --format %(refname)%00%(objectname)%00%(*objectname) [3ms]
2026-05-18 23:10:56.237 [info] > git config --get commit.template [10ms]
2026-05-18 23:10:56.237 [info] > git for-each-ref --format=%(refname)%00%(upstream:short)%00%(objectname)%00%(upstream:track)%00%(upstream:remotename)%00%(upstream:remoteref) refs/heads/master refs/remotes/master [1ms]
2026-05-18 23:10:56.254 [info] > git status -z -uall [8ms]
2026-05-18 23:10:56.257 [info] > git for-each-ref --sort -committerdate --format %(refname)%00%(objectname)%00%(*objectname) [4ms]
2026-05-18 23:11:01.281 [info] > git config --get commit.template [10ms]
2026-05-18 23:11:01.282 [info] > git for-each-ref --format=%(refname)%00%(upstream:short)%00%(objectname)%00%(upstream:track)%00%(upstream:remotename)%00%(upstream:remoteref) refs/heads/master refs/remotes/master [4ms]
2026-05-18 23:11:01.310 [info] > git status -z -uall [15ms]
2026-05-18 23:11:01.310 [info] > git for-each-ref --sort -committerdate --format %(refname)%00%(objectname)%00%(*objectname) [5ms]
2026-05-18 23:11:06.336 [info] > git config --get commit.template [9ms]
2026-05-18 23:11:06.338 [info] > git for-each-ref --format=%(refname)%00%(upstream:short)%00%(objectname)%00%(upstream:track)%00%(upstream:remotename)%00%(upstream:remoteref) refs/heads/master refs/remotes/master [3ms]
2026-05-18 23:11:06.355 [info] > git status -z -uall [7ms]
2026-05-18 23:11:06.356 [info] > git for-each-ref --sort -committerdate --format %(refname)%00%(objectname)%00%(*objectname) [2ms]
2026-05-18 23:11:11.380 [info] > git config --get commit.template [9ms]
2026-05-18 23:11:11.382 [info] > git for-each-ref --format=%(refname)%00%(upstream:short)%00%(objectname)%00%(upstream:track)%00%(upstream:remotename)%00%(upstream:remoteref) refs/heads/master refs/remotes/master [3ms]
2026-05-18 23:11:11.401 [info] > git status -z -uall [10ms]
2026-05-18 23:11:11.403 [info] > git for-each-ref --sort -committerdate --format %(refname)%00%(objectname)%00%(*objectname) [3ms]
2026-05-18 23:11:16.425 [info] > git config --get commit.template [10ms]
2026-05-18 23:11:16.426 [info] > git for-each-ref --format=%(refname)%00%(upstream:short)%00%(objectname)%00%(upstream:track)%00%(upstream:remotename)%00%(upstream:remoteref) refs/heads/master refs/remotes/master [2ms]
2026-05-18 23:11:16.448 [info] > git status -z -uall [12ms]
2026-05-18 23:11:16.450 [info] > git for-each-ref --sort -committerdate --format %(refname)%00%(objectname)%00%(*objectname) [3ms]
2026-05-18 23:11:21.474 [info] > git config --get commit.template [10ms]
2026-05-18 23:11:21.477 [info] > git for-each-ref --format=%(refname)%00%(upstream:short)%00%(objectname)%00%(upstream:track)%00%(upstream:remotename)%00%(upstream:remoteref) refs/heads/master refs/remotes/master [4ms]
2026-05-18 23:11:21.496 [info] > git status -z -uall [9ms]
2026-05-18 23:11:21.498 [info] > git for-each-ref --sort -committerdate --format %(refname)%00%(objectname)%00%(*objectname) [3ms]
2026-05-18 23:11:26.522 [info] > git config --get commit.template [9ms]
2026-05-18 23:11:26.523 [info] > git for-each-ref --format=%(refname)%00%(upstream:short)%00%(objectname)%00%(upstream:track)%00%(upstream:remotename)%00%(upstream:remoteref) refs/heads/master refs/remotes/master [2ms]
2026-05-18 23:11:26.540 [info] > git status -z -uall [9ms]
2026-05-18 23:11:26.543 [info] > git for-each-ref --sort -committerdate --format %(refname)%00%(objectname)%00%(*objectname) [4ms]
2026-05-18 23:11:31.568 [info] > git config --get commit.template [8ms]
2026-05-18 23:11:31.569 [info] > git for-each-ref --format=%(refname)%00%(upstream:short)%00%(objectname)%00%(upstream:track)%00%(upstream:remotename)%00%(upstream:remoteref) refs/heads/master refs/remotes/master [2ms]
2026-05-18 23:11:31.587 [info] > git status -z -uall [9ms]
2026-05-18 23:11:31.589 [info] > git for-each-ref --sort -committerdate --format %(refname)%00%(objectname)%00%(*objectname) [3ms]
2026-05-18 23:12:32.845 [info] > git config --get commit.template [9ms]
2026-05-18 23:12:32.846 [info] > git for-each-ref --format=%(refname)%00%(upstream:short)%00%(objectname)%00%(upstream:track)%00%(upstream:remotename)%00%(upstream:remoteref) refs/heads/master refs/remotes/master [2ms]
2026-05-18 23:12:32.864 [info] > git status -z -uall [9ms]
2026-05-18 23:12:32.866 [info] > git for-each-ref --sort -committerdate --format %(refname)%00%(objectname)%00%(*objectname) [3ms]
2026-05-18 23:12:39.611 [info] > git config --get commit.template [10ms]
2026-05-18 23:12:39.613 [info] > git for-each-ref --format=%(refname)%00%(upstream:short)%00%(objectname)%00%(upstream:track)%00%(upstream:remotename)%00%(upstream:remoteref) refs/heads/master refs/remotes/master [3ms]
2026-05-18 23:12:39.631 [info] > git status -z -uall [9ms]
2026-05-18 23:12:39.633 [info] > git for-each-ref --sort -committerdate --format %(refname)%00%(objectname)%00%(*objectname) [3ms]
2026-05-18 23:12:44.985 [info] > git config --get commit.template [10ms]
2026-05-18 23:12:44.987 [info] > git for-each-ref --format=%(refname)%00%(upstream:short)%00%(objectname)%00%(upstream:track)%00%(upstream:remotename)%00%(upstream:remoteref) refs/heads/master refs/remotes/master [3ms]
2026-05-18 23:12:45.005 [info] > git status -z -uall [9ms]
2026-05-18 23:12:45.008 [info] > git for-each-ref --sort -committerdate --format %(refname)%00%(objectname)%00%(*objectname) [4ms]
2026-05-18 23:12:50.034 [info] > git config --get commit.template [11ms]
2026-05-18 23:12:50.035 [info] > git for-each-ref --format=%(refname)%00%(upstream:short)%00%(objectname)%00%(upstream:track)%00%(upstream:remotename)%00%(upstream:remoteref) refs/heads/master refs/remotes/master [2ms]
2026-05-18 23:12:50.054 [info] > git status -z -uall [9ms]
2026-05-18 23:12:50.055 [info] > git for-each-ref --sort -committerdate --format %(refname)%00%(objectname)%00%(*objectname) [3ms]
2026-05-18 23:12:57.960 [info] > git config --get commit.template [12ms]
2026-05-18 23:12:57.961 [info] > git for-each-ref --format=%(refname)%00%(upstream:short)%00%(objectname)%00%(upstream:track)%00%(upstream:remotename)%00%(upstream:remoteref) refs/heads/master refs/remotes/master [2ms]
2026-05-18 23:12:57.980 [info] > git status -z -uall [9ms]
2026-05-18 23:12:57.982 [info] > git for-each-ref --sort -committerdate --format %(refname)%00%(objectname)%00%(*objectname) [4ms]
2026-05-18 23:13:06.852 [info] > git config --get commit.template [9ms]
2026-05-18 23:13:06.854 [info] > git for-each-ref --format=%(refname)%00%(upstream:short)%00%(objectname)%00%(upstream:track)%00%(upstream:remotename)%00%(upstream:remoteref) refs/heads/master refs/remotes/master [3ms]
2026-05-18 23:13:06.872 [info] > git status -z -uall [9ms]
2026-05-18 23:13:06.875 [info] > git for-each-ref --sort -committerdate --format %(refname)%00%(objectname)%00%(*objectname) [3ms]
2026-05-18 23:13:11.730 [info] > git fetch [9ms]
2026-05-18 23:13:11.741 [info] > git fetch [12ms]
2026-05-18 23:13:11.757 [info] [Git][getRemotes] No remotes found in the git config file
2026-05-18 23:13:11.758 [info] > git config --get commit.template [18ms]
2026-05-18 23:13:11.758 [info] > git config --get commit.template [9ms]
2026-05-18 23:13:11.766 [info] [Git][getRemotes] No remotes found in the git config file
2026-05-18 23:13:11.768 [info] > git for-each-ref --format=%(refname)%00%(upstream:short)%00%(objectname)%00%(upstream:track)%00%(upstream:remotename)%00%(upstream:remoteref) refs/heads/master refs/remotes/master [10ms]
2026-05-18 23:13:11.768 [warning] [Git][getBranch] No such branch: master
2026-05-18 23:13:11.790 [info] > git status -z -uall [13ms]
2026-05-18 23:13:11.791 [info] > git for-each-ref --format=%(refname)%00%(upstream:short)%00%(objectname)%00%(upstream:track)%00%(upstream:remotename)%00%(upstream:remoteref) refs/heads/master refs/remotes/master [25ms]
2026-05-18 23:13:11.806 [info] > git status -z -uall [8ms]
2026-05-18 23:13:11.806 [info] > git for-each-ref --sort -committerdate --format %(refname)%00%(objectname)%00%(*objectname) [18ms]
2026-05-18 23:13:11.809 [info] > git for-each-ref --sort -committerdate --format %(refname)%00%(objectname)%00%(*objectname) [4ms]
2026-05-18 23:13:11.900 [info] > git config --get commit.template [10ms]
2026-05-18 23:13:11.915 [info] > git for-each-ref --format=%(refname)%00%(upstream:short)%00%(objectname)%00%(upstream:track)%00%(upstream:remotename)%00%(upstream:remoteref) refs/heads/master refs/remotes/master [6ms]
2026-05-18 23:13:11.933 [info] > git status -z -uall [9ms]
2026-05-18 23:13:11.935 [info] > git for-each-ref --sort -committerdate --format %(refname)%00%(objectname)%00%(*objectname) [2ms]
2026-05-18 23:13:12.820 [info] > git config --get commit.template [2ms]
2026-05-18 23:13:12.829 [info] [Git][getRemotes] No remotes found in the git config file
2026-05-18 23:13:12.831 [info] > git for-each-ref --format=%(refname)%00%(upstream:short)%00%(objectname)%00%(upstream:track)%00%(upstream:remotename)%00%(upstream:remoteref) refs/heads/master refs/remotes/master [2ms]
2026-05-18 23:13:12.831 [warning] [Git][getBranch] No such branch: master
2026-05-18 23:13:12.852 [info] > git status -z -uall [11ms]
2026-05-18 23:13:12.853 [info] > git for-each-ref --sort -committerdate --format %(refname)%00%(objectname)%00%(*objectname) [3ms]
2026-05-18 23:13:16.956 [info] > git config --get commit.template [9ms]
2026-05-18 23:13:16.957 [info] > git for-each-ref --format=%(refname)%00%(upstream:short)%00%(objectname)%00%(upstream:track)%00%(upstream:remotename)%00%(upstream:remoteref) refs/heads/master refs/remotes/master [3ms]
2026-05-18 23:13:16.974 [info] > git status -z -uall [9ms]
2026-05-18 23:13:16.976 [info] > git for-each-ref --sort -committerdate --format %(refname)%00%(objectname)%00%(*objectname) [3ms]
2026-05-18 23:13:21.992 [info] > git config --get commit.template [2ms]
2026-05-18 23:13:22.003 [info] > git for-each-ref --format=%(refname)%00%(upstream:short)%00%(objectname)%00%(upstream:track)%00%(upstream:remotename)%00%(upstream:remoteref) refs/heads/master refs/remotes/master [4ms]
2026-05-18 23:13:22.022 [info] > git status -z -uall [8ms]
2026-05-18 23:13:22.024 [info] > git for-each-ref --sort -committerdate --format %(refname)%00%(objectname)%00%(*objectname) [3ms]
2026-05-18 23:13:28.291 [info] > git config --get commit.template [11ms]
2026-05-18 23:13:28.292 [info] > git for-each-ref --format=%(refname)%00%(upstream:short)%00%(objectname)%00%(upstream:track)%00%(upstream:remotename)%00%(upstream:remoteref) refs/heads/master refs/remotes/master [2ms]
2026-05-18 23:13:28.311 [info] > git status -z -uall [10ms]
2026-05-18 23:13:28.312 [info] > git for-each-ref --sort -committerdate --format %(refname)%00%(objectname)%00%(*objectname) [3ms]
2026-05-18 23:13:33.335 [info] > git config --get commit.template [10ms]
2026-05-18 23:13:33.337 [info] > git for-each-ref --format=%(refname)%00%(upstream:short)%00%(objectname)%00%(upstream:track)%00%(upstream:remotename)%00%(upstream:remoteref) refs/heads/master refs/remotes/master [3ms]
2026-05-18 23:13:33.354 [info] > git status -z -uall [8ms]
2026-05-18 23:13:33.357 [info] > git for-each-ref --sort -committerdate --format %(refname)%00%(objectname)%00%(*objectname) [4ms]
2026-05-18 23:13:38.382 [info] > git config --get commit.template [9ms]
2026-05-18 23:13:38.384 [info] > git for-each-ref --format=%(refname)%00%(upstream:short)%00%(objectname)%00%(upstream:track)%00%(upstream:remotename)%00%(upstream:remoteref) refs/heads/master refs/remotes/master [4ms]
2026-05-18 23:13:38.401 [info] > git status -z -uall [8ms]
2026-05-18 23:13:38.402 [info] > git for-each-ref --sort -committerdate --format %(refname)%00%(objectname)%00%(*objectname) [2ms]
2026-05-18 23:13:45.766 [info] > git fetch [5064ms]
2026-05-18 23:13:45.782 [info] > git config --get commit.template [3ms]
2026-05-18 23:13:45.797 [info] > git for-each-ref --format=%(refname)%00%(upstream:short)%00%(objectname)%00%(upstream:track)%00%(upstream:remotename)%00%(upstream:remoteref) refs/heads/master refs/remotes/master [5ms]
2026-05-18 23:13:45.817 [info] > git status -z -uall [10ms]
2026-05-18 23:13:45.817 [info] > git for-each-ref --sort -committerdate --format %(refname)%00%(objectname)%00%(*objectname) [3ms]
2026-05-18 23:13:45.837 [info] > git config --get commit.template [9ms]
2026-05-18 23:13:45.838 [info] > git for-each-ref --format=%(refname)%00%(upstream:short)%00%(objectname)%00%(upstream:track)%00%(upstream:remotename)%00%(upstream:remoteref) refs/heads/master refs/remotes/master [2ms]
2026-05-18 23:13:45.855 [info] > git status -z -uall [8ms]
2026-05-18 23:13:45.858 [info] > git for-each-ref --sort -committerdate --format %(refname)%00%(objectname)%00%(*objectname) [3ms]
2026-05-18 23:13:50.880 [info] > git config --get commit.template [9ms]
2026-05-18 23:13:50.882 [info] > git for-each-ref --format=%(refname)%00%(upstream:short)%00%(objectname)%00%(upstream:track)%00%(upstream:remotename)%00%(upstream:remoteref) refs/heads/master refs/remotes/master [3ms]
2026-05-18 23:13:50.899 [info] > git status -z -uall [8ms]
2026-05-18 23:13:50.902 [info] > git for-each-ref --sort -committerdate --format %(refname)%00%(objectname)%00%(*objectname) [4ms]
2026-05-18 23:13:51.499 [info] > git fetch [5127ms]
2026-05-18 23:13:51.508 [info] > git fetch [5143ms]
2026-05-18 23:13:51.517 [info] > git config --get commit.template [9ms]
2026-05-18 23:13:51.534 [info] > git config --get commit.template [17ms]
2026-05-18 23:13:51.534 [info] > git for-each-ref --format=%(refname)%00%(upstream:short)%00%(objectname)%00%(upstream:track)%00%(upstream:remotename)%00%(upstream:remoteref) refs/heads/master refs/remotes/master [10ms]
2026-05-18 23:13:51.550 [info] > git status -z -uall [8ms]
2026-05-18 23:13:51.551 [info] > git for-each-ref --format=%(refname)%00%(upstream:short)%00%(objectname)%00%(upstream:track)%00%(upstream:remotename)%00%(upstream:remoteref) refs/heads/amar refs/remotes/amar [18ms]
2026-05-18 23:13:51.552 [info] > git for-each-ref --sort -committerdate --format %(refname)%00%(objectname)%00%(*objectname) [2ms]
2026-05-18 23:13:51.574 [info] > git status -z -uall [10ms]
2026-05-18 23:13:51.576 [info] > git for-each-ref --sort -committerdate --format %(refname)%00%(objectname)%00%(*objectname) [3ms]
2026-05-18 23:14:34.917 [info] > git config --get commit.template [12ms]
2026-05-18 23:14:34.918 [info] > git for-each-ref --format=%(refname)%00%(upstream:short)%00%(objectname)%00%(upstream:track)%00%(upstream:remotename)%00%(upstream:remoteref) refs/heads/master refs/remotes/master [3ms]
2026-05-18 23:14:34.935 [info] > git status -z -uall [8ms]
2026-05-18 23:14:34.937 [info] > git for-each-ref --sort -committerdate --format %(refname)%00%(objectname)%00%(*objectname) [4ms]
2026-05-18 23:14:42.032 [info] > git config --get commit.template [13ms]
2026-05-18 23:14:42.033 [info] > git for-each-ref --format=%(refname)%00%(upstream:short)%00%(objectname)%00%(upstream:track)%00%(upstream:remotename)%00%(upstream:remoteref) refs/heads/master refs/remotes/master [4ms]
2026-05-18 23:14:42.058 [info] > git status -z -uall [13ms]
2026-05-18 23:14:42.058 [info] > git for-each-ref --sort -committerdate --format %(refname)%00%(objectname)%00%(*objectname) [3ms]
2026-05-18 23:14:47.085 [info] > git config --get commit.template [10ms]
2026-05-18 23:14:47.086 [info] > git for-each-ref --format=%(refname)%00%(upstream:short)%00%(objectname)%00%(upstream:track)%00%(upstream:remotename)%00%(upstream:remoteref) refs/heads/master refs/remotes/master [2ms]
2026-05-18 23:14:47.105 [info] > git status -z -uall [10ms]
2026-05-18 23:14:47.107 [info] > git for-each-ref --sort -committerdate --format %(refname)%00%(objectname)%00%(*objectname) [3ms]
2026-05-18 23:14:52.133 [info] > git for-each-ref --format=%(refname)%00%(upstream:short)%00%(objectname)%00%(upstream:track)%00%(upstream:remotename)%00%(upstream:remoteref) refs/heads/master refs/remotes/master [5ms]
2026-05-18 23:14:52.133 [info] > git config --get commit.template [13ms]
2026-05-18 23:14:52.152 [info] > git status -z -uall [8ms]
2026-05-18 23:14:52.154 [info] > git for-each-ref --sort -committerdate --format %(refname)%00%(objectname)%00%(*objectname) [3ms]
2026-05-18 23:14:57.174 [info] > git config --get commit.template [9ms]
2026-05-18 23:14:57.177 [info] > git for-each-ref --format=%(refname)%00%(upstream:short)%00%(objectname)%00%(upstream:track)%00%(upstream:remotename)%00%(upstream:remoteref) refs/heads/master refs/remotes/master [4ms]
2026-05-18 23:14:57.193 [info] > git status -z -uall [8ms]
2026-05-18 23:14:57.194 [info] > git for-each-ref --sort -committerdate --format %(refname)%00%(objectname)%00%(*objectname) [2ms]
2026-05-18 23:15:02.211 [info] > git config --get commit.template [3ms]
2026-05-18 23:15:02.223 [info] > git for-each-ref --format=%(refname)%00%(upstream:short)%00%(objectname)%00%(upstream:track)%00%(upstream:remotename)%00%(upstream:remoteref) refs/heads/master refs/remotes/master [4ms]
2026-05-18 23:15:02.242 [info] > git status -z -uall [12ms]
2026-05-18 23:15:02.244 [info] > git for-each-ref --sort -committerdate --format %(refname)%00%(objectname)%00%(*objectname) [3ms]
2026-05-18 23:15:45.218 [info] > git config --get commit.template [12ms]
2026-05-18 23:15:45.221 [info] > git for-each-ref --format=%(refname)%00%(upstream:short)%00%(objectname)%00%(upstream:track)%00%(upstream:remotename)%00%(upstream:remoteref) refs/heads/master refs/remotes/master [3ms]
2026-05-18 23:15:45.239 [info] > git status -z -uall [8ms]
2026-05-18 23:15:45.243 [info] > git for-each-ref --sort -committerdate --format %(refname)%00%(objectname)%00%(*objectname) [5ms]
2026-05-18 23:16:08.016 [info] > git config --get commit.template [9ms]
2026-05-18 23:16:08.016 [info] > git for-each-ref --format=%(refname)%00%(upstream:short)%00%(objectname)%00%(upstream:track)%00%(upstream:remotename)%00%(upstream:remoteref) refs/heads/master refs/remotes/master [1ms]
2026-05-18 23:16:08.033 [info] > git status -z -uall [8ms]
2026-05-18 23:16:08.034 [info] > git for-each-ref --sort -committerdate --format %(refname)%00%(objectname)%00%(*objectname) [2ms]
2026-05-18 23:16:11.827 [info] > git fetch [9ms]
2026-05-18 23:16:11.836 [info] > git fetch [10ms]
2026-05-18 23:16:11.845 [info] > git config --get commit.template [10ms]
2026-05-18 23:16:11.851 [info] [Git][getRemotes] No remotes found in the git config file
2026-05-18 23:16:11.854 [info] > git for-each-ref --format=%(refname)%00%(upstream:short)%00%(objectname)%00%(upstream:track)%00%(upstream:remotename)%00%(upstream:remoteref) refs/heads/master refs/remotes/master [3ms]
2026-05-18 23:16:11.854 [warning] [Git][getBranch] No such branch: master
2026-05-18 23:16:11.870 [info] > git config --get commit.template [26ms]
2026-05-18 23:16:11.878 [info] [Git][getRemotes] No remotes found in the git config file
2026-05-18 23:16:11.879 [info] > git status -z -uall [17ms]
2026-05-18 23:16:11.880 [info] > git for-each-ref --sort -committerdate --format %(refname)%00%(objectname)%00%(*objectname) [10ms]
2026-05-18 23:16:11.884 [info] > git for-each-ref --format=%(refname)%00%(upstream:short)%00%(objectname)%00%(upstream:track)%00%(upstream:remotename)%00%(upstream:remoteref) refs/heads/master refs/remotes/master [6ms]
2026-05-18 23:16:11.908 [info] > git status -z -uall [13ms]
2026-05-18 23:16:11.908 [info] > git for-each-ref --sort -committerdate --format %(refname)%00%(objectname)%00%(*objectname) [5ms]
2026-05-18 23:16:12.929 [info] [Git][getRemotes] No remotes found in the git config file
2026-05-18 23:16:12.930 [info] > git config --get commit.template [11ms]
2026-05-18 23:16:12.930 [info] > git for-each-ref --format=%(refname)%00%(upstream:short)%00%(objectname)%00%(upstream:track)%00%(upstream:remotename)%00%(upstream:remoteref) refs/heads/master refs/remotes/master [1ms]
2026-05-18 23:16:12.930 [warning] [Git][getBranch] No such branch: master
2026-05-18 23:16:12.946 [info] > git status -z -uall [9ms]
2026-05-18 23:16:12.947 [info] > git for-each-ref --sort -committerdate --format %(refname)%00%(objectname)%00%(*objectname) [2ms]
2026-05-18 23:16:13.055 [info] > git config --get commit.template [5ms]
2026-05-18 23:16:13.076 [info] > git for-each-ref --format=%(refname)%00%(upstream:short)%00%(objectname)%00%(upstream:track)%00%(upstream:remotename)%00%(upstream:remoteref) refs/heads/master refs/remotes/master [4ms]
2026-05-18 23:16:13.103 [info] > git status -z -uall [16ms]
2026-05-18 23:16:13.103 [info] > git for-each-ref --sort -committerdate --format %(refname)%00%(objectname)%00%(*objectname) [5ms]
2026-05-18 23:16:20.726 [info] > git config --get commit.template [14ms]
2026-05-18 23:16:20.728 [info] > git for-each-ref --format=%(refname)%00%(upstream:short)%00%(objectname)%00%(upstream:track)%00%(upstream:remotename)%00%(upstream:remoteref) refs/heads/master refs/remotes/master [4ms]
2026-05-18 23:16:20.752 [info] > git status -z -uall [12ms]
2026-05-18 23:16:20.754 [info] > git for-each-ref --sort -committerdate --format %(refname)%00%(objectname)%00%(*objectname) [3ms]
2026-05-18 23:16:26.599 [info] > git config --get commit.template [9ms]
2026-05-18 23:16:26.601 [info] > git for-each-ref --format=%(refname)%00%(upstream:short)%00%(objectname)%00%(upstream:track)%00%(upstream:remotename)%00%(upstream:remoteref) refs/heads/master refs/remotes/master [4ms]
2026-05-18 23:16:26.618 [info] > git status -z -uall [9ms]
2026-05-18 23:16:26.621 [info] > git for-each-ref --sort -committerdate --format %(refname)%00%(objectname)%00%(*objectname) [4ms]
2026-05-18 23:16:34.729 [info] > git config --get commit.template [9ms]
2026-05-18 23:16:34.731 [info] > git for-each-ref --format=%(refname)%00%(upstream:short)%00%(objectname)%00%(upstream:track)%00%(upstream:remotename)%00%(upstream:remoteref) refs/heads/master refs/remotes/master [3ms]
2026-05-18 23:16:34.756 [info] > git status -z -uall [13ms]
2026-05-18 23:16:34.757 [info] > git for-each-ref --sort -committerdate --format %(refname)%00%(objectname)%00%(*objectname) [3ms]
2026-05-18 23:16:51.073 [info] > git fetch [5244ms]
2026-05-18 23:16:51.091 [info] > git config --get commit.template [8ms]
2026-05-18 23:16:51.092 [info] > git for-each-ref --format=%(refname)%00%(upstream:short)%00%(objectname)%00%(upstream:track)%00%(upstream:remotename)%00%(upstream:remoteref) refs/heads/master refs/remotes/master [2ms]
2026-05-18 23:16:51.109 [info] > git status -z -uall [9ms]
2026-05-18 23:16:51.112 [info] > git for-each-ref --sort -committerdate --format %(refname)%00%(objectname)%00%(*objectname) [4ms]
2026-05-18 23:16:56.249 [info] > git fetch [4685ms]
2026-05-18 23:16:56.259 [info] > git fetch [4674ms]
2026-05-18 23:16:56.268 [info] > git config --get commit.template [10ms]
2026-05-18 23:16:56.276 [info] > git config --get commit.template [8ms]
2026-05-18 23:16:56.283 [info] > git for-each-ref --format=%(refname)%00%(upstream:short)%00%(objectname)%00%(upstream:track)%00%(upstream:remotename)%00%(upstream:remoteref) refs/heads/master refs/remotes/master [8ms]
2026-05-18 23:16:56.298 [info] > git status -z -uall [7ms]
2026-05-18 23:16:56.299 [info] > git for-each-ref --format=%(refname)%00%(upstream:short)%00%(objectname)%00%(upstream:track)%00%(upstream:remotename)%00%(upstream:remoteref) refs/heads/amar refs/remotes/amar [17ms]
2026-05-18 23:16:56.301 [info] > git for-each-ref --sort -committerdate --format %(refname)%00%(objectname)%00%(*objectname) [3ms]
2026-05-18 23:16:56.325 [info] > git status -z -uall [13ms]
2026-05-18 23:16:56.329 [info] > git for-each-ref --sort -committerdate --format %(refname)%00%(objectname)%00%(*objectname) [5ms]
2026-05-18 23:19:11.900 [info] > git fetch [6ms]
2026-05-18 23:19:11.919 [info] > git config --get commit.template [9ms]
2026-05-18 23:19:11.920 [info] [Git][getRemotes] No remotes found in the git config file
2026-05-18 23:19:11.929 [info] > git fetch [11ms]
2026-05-18 23:19:11.940 [info] > git for-each-ref --format=%(refname)%00%(upstream:short)%00%(objectname)%00%(upstream:track)%00%(upstream:remotename)%00%(upstream:remoteref) refs/heads/master refs/remotes/master [13ms]
2026-05-18 23:19:11.940 [warning] [Git][getBranch] No such branch: master
2026-05-18 23:19:11.958 [info] > git status -z -uall [9ms]
2026-05-18 23:19:11.959 [info] > git config --get commit.template [20ms]
2026-05-18 23:19:11.966 [info] [Git][getRemotes] No remotes found in the git config file
2026-05-18 23:19:11.967 [info] > git for-each-ref --sort -committerdate --format %(refname)%00%(objectname)%00%(*objectname) [10ms]
2026-05-18 23:19:11.973 [info] > git for-each-ref --format=%(refname)%00%(upstream:short)%00%(objectname)%00%(upstream:track)%00%(upstream:remotename)%00%(upstream:remoteref) refs/heads/master refs/remotes/master [8ms]
2026-05-18 23:19:11.991 [info] > git status -z -uall [9ms]
2026-05-18 23:19:11.994 [info] > git for-each-ref --sort -committerdate --format %(refname)%00%(objectname)%00%(*objectname) [4ms]
2026-05-18 23:19:13.014 [info] [Git][getRemotes] No remotes found in the git config file
2026-05-18 23:19:13.015 [info] > git config --get commit.template [9ms]
2026-05-18 23:19:13.016 [info] > git for-each-ref --format=%(refname)%00%(upstream:short)%00%(objectname)%00%(upstream:track)%00%(upstream:remotename)%00%(upstream:remoteref) refs/heads/master refs/remotes/master [3ms]
2026-05-18 23:19:13.016 [warning] [Git][getBranch] No such branch: master
2026-05-18 23:19:13.034 [info] > git status -z -uall [11ms]
2026-05-18 23:19:13.036 [info] > git for-each-ref --sort -committerdate --format %(refname)%00%(objectname)%00%(*objectname) [3ms]
2026-05-18 23:20:01.085 [info] > git fetch [9962ms]
2026-05-18 23:20:01.105 [info] > git config --get commit.template [8ms]
2026-05-18 23:20:01.107 [info] > git for-each-ref --format=%(refname)%00%(upstream:short)%00%(objectname)%00%(upstream:track)%00%(upstream:remotename)%00%(upstream:remoteref) refs/heads/master refs/remotes/master [3ms]
2026-05-18 23:20:01.125 [info] > git status -z -uall [9ms]
2026-05-18 23:20:01.127 [info] > git for-each-ref --sort -committerdate --format %(refname)%00%(objectname)%00%(*objectname) [4ms]
2026-05-18 23:20:03.072 [info] > git fetch [6729ms]
2026-05-18 23:20:03.090 [info] > git config --get commit.template [9ms]
2026-05-18 23:20:03.091 [info] > git for-each-ref --format=%(refname)%00%(upstream:short)%00%(objectname)%00%(upstream:track)%00%(upstream:remotename)%00%(upstream:remoteref) refs/heads/amar refs/remotes/amar [2ms]
2026-05-18 23:20:03.109 [info] > git status -z -uall [9ms]
2026-05-18 23:20:03.111 [info] > git for-each-ref --sort -committerdate --format %(refname)%00%(objectname)%00%(*objectname) [4ms]
2026-05-18 23:20:03.335 [info] > git fetch [7022ms]
2026-05-18 23:20:03.352 [info] > git config --get commit.template [9ms]
2026-05-18 23:20:03.354 [info] > git for-each-ref --format=%(refname)%00%(upstream:short)%00%(objectname)%00%(upstream:track)%00%(upstream:remotename)%00%(upstream:remoteref) refs/heads/master refs/remotes/master [3ms]
2026-05-18 23:20:03.370 [info] > git status -z -uall [8ms]
2026-05-18 23:20:03.373 [info] > git for-each-ref --sort -committerdate --format %(refname)%00%(objectname)%00%(*objectname) [3ms]
2026-05-18 23:22:11.987 [info] > git fetch [6ms]
2026-05-18 23:22:12.008 [info] > git config --get commit.template [13ms]
2026-05-18 23:22:12.017 [info] [Git][getRemotes] No remotes found in the git config file
2026-05-18 23:22:12.019 [info] > git fetch [12ms]
2026-05-18 23:22:12.030 [info] > git for-each-ref --format=%(refname)%00%(upstream:short)%00%(objectname)%00%(upstream:track)%00%(upstream:remotename)%00%(upstream:remoteref) refs/heads/master refs/remotes/master [13ms]
2026-05-18 23:22:12.030 [warning] [Git][getBranch] No such branch: master
2026-05-18 23:22:12.049 [info] > git status -z -uall [10ms]
2026-05-18 23:22:12.049 [info] > git config --get commit.template [20ms]
2026-05-18 23:22:12.057 [info] [Git][getRemotes] No remotes found in the git config file
2026-05-18 23:22:12.058 [info] > git for-each-ref --sort -committerdate --format %(refname)%00%(objectname)%00%(*objectname) [10ms]
2026-05-18 23:22:12.064 [info] > git for-each-ref --format=%(refname)%00%(upstream:short)%00%(objectname)%00%(upstream:track)%00%(upstream:remotename)%00%(upstream:remoteref) refs/heads/master refs/remotes/master [8ms]
2026-05-18 23:22:12.084 [info] > git status -z -uall [11ms]
2026-05-18 23:22:12.084 [info] > git for-each-ref --sort -committerdate --format %(refname)%00%(objectname)%00%(*objectname) [4ms]
2026-05-18 23:22:13.102 [info] [Git][getRemotes] No remotes found in the git config file
2026-05-18 23:22:13.104 [info] > git config --get commit.template [11ms]
2026-05-18 23:22:13.105 [info] > git for-each-ref --format=%(refname)%00%(upstream:short)%00%(objectname)%00%(upstream:track)%00%(upstream:remotename)%00%(upstream:remoteref) refs/heads/master refs/remotes/master [3ms]
2026-05-18 23:22:13.105 [warning] [Git][getBranch] No such branch: master
2026-05-18 23:22:13.126 [info] > git status -z -uall [12ms]
2026-05-18 23:22:13.127 [info] > git for-each-ref --sort -committerdate --format %(refname)%00%(objectname)%00%(*objectname) [2ms]
2026-05-18 23:22:13.159 [info] [Git][getRemotes] No remotes found in the git config file
2026-05-18 23:22:13.161 [info] > git for-each-ref --format=%(refname)%00%(upstream:short)%00%(objectname)%00%(upstream:track)%00%(upstream:remotename)%00%(upstream:remoteref) refs/heads/master refs/remotes/master [4ms]
2026-05-18 23:22:13.161 [info] > git config --get commit.template [12ms]
2026-05-18 23:22:13.177 [info] > git status -z -uall [9ms]
2026-05-18 23:22:13.179 [info] > git for-each-ref --sort -committerdate --format %(refname)%00%(objectname)%00%(*objectname) [3ms]
2026-05-18 23:23:06.271 [info] > git fetch [5129ms]
2026-05-18 23:23:06.289 [info] > git config --get commit.template [9ms]
2026-05-18 23:23:06.290 [info] > git for-each-ref --format=%(refname)%00%(upstream:short)%00%(objectname)%00%(upstream:track)%00%(upstream:remotename)%00%(upstream:remoteref) refs/heads/master refs/remotes/master [3ms]
2026-05-18 23:23:06.312 [info] > git status -z -uall [11ms]
2026-05-18 23:23:06.313 [info] > git for-each-ref --sort -committerdate --format %(refname)%00%(objectname)%00%(*objectname) [3ms]
2026-05-18 23:23:07.902 [info] > git fetch [4779ms]
2026-05-18 23:23:07.916 [info] > git config --get commit.template [3ms]
2026-05-18 23:23:07.928 [info] > git for-each-ref --format=%(refname)%00%(upstream:short)%00%(objectname)%00%(upstream:track)%00%(upstream:remotename)%00%(upstream:remoteref) refs/heads/amar refs/remotes/amar [5ms]
2026-05-18 23:23:07.946 [info] > git status -z -uall [9ms]
2026-05-18 23:23:07.947 [info] > git for-each-ref --sort -committerdate --format %(refname)%00%(objectname)%00%(*objectname) [3ms]
2026-05-18 23:23:08.313 [info] > git fetch [4928ms]
2026-05-18 23:23:08.333 [info] > git config --get commit.template [9ms]
2026-05-18 23:23:08.335 [info] > git for-each-ref --format=%(refname)%00%(upstream:short)%00%(objectname)%00%(upstream:track)%00%(upstream:remotename)%00%(upstream:remoteref) refs/heads/master refs/remotes/master [3ms]
2026-05-18 23:23:08.352 [info] > git status -z -uall [8ms]
2026-05-18 23:23:08.355 [info] > git for-each-ref --sort -committerdate --format %(refname)%00%(objectname)%00%(*objectname) [4ms]
2026-05-18 23:25:12.081 [info] > git fetch [7ms]
2026-05-18 23:25:12.100 [info] > git config --get commit.template [10ms]
2026-05-18 23:25:12.108 [info] [Git][getRemotes] No remotes found in the git config file
2026-05-18 23:25:12.109 [info] > git fetch [11ms]
2026-05-18 23:25:12.117 [info] > git for-each-ref --format=%(refname)%00%(upstream:short)%00%(objectname)%00%(upstream:track)%00%(upstream:remotename)%00%(upstream:remoteref) refs/heads/master refs/remotes/master [9ms]
2026-05-18 23:25:12.117 [warning] [Git][getBranch] No such branch: master
2026-05-18 23:25:12.133 [info] > git status -z -uall [8ms]
2026-05-18 23:25:12.134 [info] > git config --get commit.template [18ms]
2026-05-18 23:25:12.141 [info] [Git][getRemotes] No remotes found in the git config file
2026-05-18 23:25:12.142 [info] > git for-each-ref --sort -committerdate --format %(refname)%00%(objectname)%00%(*objectname) [10ms]
2026-05-18 23:25:12.144 [info] > git for-each-ref --format=%(refname)%00%(upstream:short)%00%(objectname)%00%(upstream:track)%00%(upstream:remotename)%00%(upstream:remoteref) refs/heads/master refs/remotes/master [3ms]
2026-05-18 23:25:12.160 [info] > git status -z -uall [8ms]
2026-05-18 23:25:12.163 [info] > git for-each-ref --sort -committerdate --format %(refname)%00%(objectname)%00%(*objectname) [3ms]
2026-05-18 23:25:13.175 [info] [Git][getRemotes] No remotes found in the git config file
2026-05-18 23:25:13.183 [info] > git config --get commit.template [9ms]
2026-05-18 23:25:13.184 [info] > git for-each-ref --format=%(refname)%00%(upstream:short)%00%(objectname)%00%(upstream:track)%00%(upstream:remotename)%00%(upstream:remoteref) refs/heads/master refs/remotes/master [2ms]
2026-05-18 23:25:13.185 [warning] [Git][getBranch] No such branch: master
2026-05-18 23:25:13.201 [info] > git status -z -uall [9ms]
2026-05-18 23:25:13.202 [info] > git for-each-ref --sort -committerdate --format %(refname)%00%(objectname)%00%(*objectname) [2ms]
2026-05-18 23:26:11.487 [info] > git fetch [5159ms]
2026-05-18 23:26:11.505 [info] > git config --get commit.template [8ms]
2026-05-18 23:26:11.506 [info] > git for-each-ref --format=%(refname)%00%(upstream:short)%00%(objectname)%00%(upstream:track)%00%(upstream:remotename)%00%(upstream:remoteref) refs/heads/master refs/remotes/master [2ms]
2026-05-18 23:26:11.523 [info] > git status -z -uall [9ms]
2026-05-18 23:26:11.525 [info] > git for-each-ref --sort -committerdate --format %(refname)%00%(objectname)%00%(*objectname) [3ms]
2026-05-18 23:26:12.719 [info] > git fetch [4759ms]
2026-05-18 23:26:12.736 [info] > git config --get commit.template [9ms]
2026-05-18 23:26:12.738 [info] > git for-each-ref --format=%(refname)%00%(upstream:short)%00%(objectname)%00%(upstream:track)%00%(upstream:remotename)%00%(upstream:remoteref) refs/heads/amar refs/remotes/amar [3ms]
2026-05-18 23:26:12.755 [info] > git status -z -uall [8ms]
2026-05-18 23:26:12.758 [info] > git for-each-ref --sort -committerdate --format %(refname)%00%(objectname)%00%(*objectname) [4ms]
2026-05-18 23:26:13.059 [info] > git fetch [4691ms]
2026-05-18 23:26:13.077 [info] > git config --get commit.template [9ms]
2026-05-18 23:26:13.080 [info] > git for-each-ref --format=%(refname)%00%(upstream:short)%00%(objectname)%00%(upstream:track)%00%(upstream:remotename)%00%(upstream:remoteref) refs/heads/master refs/remotes/master [3ms]
2026-05-18 23:26:13.096 [info] > git status -z -uall [8ms]
2026-05-18 23:26:13.099 [info] > git for-each-ref --sort -committerdate --format %(refname)%00%(objectname)%00%(*objectname) [3ms]
2026-05-18 23:28:12.120 [info] > git config --get commit.template [13ms]
2026-05-18 23:28:12.122 [info] > git for-each-ref --format=%(refname)%00%(upstream:short)%00%(objectname)%00%(upstream:track)%00%(upstream:remotename)%00%(upstream:remoteref) refs/heads/master refs/remotes/master [4ms]
2026-05-18 23:28:12.155 [info] > git status -z -uall [21ms]
2026-05-18 23:28:12.155 [info] > git for-each-ref --sort -committerdate --format %(refname)%00%(objectname)%00%(*objectname) [11ms]
2026-05-18 23:28:12.185 [info] > git merge-base refs/heads/master refs/remotes/origin/master [16ms]
2026-05-18 23:28:12.197 [info] > git fetch [44ms]
2026-05-18 23:28:12.213 [info] > git diff --raw --numstat --diff-filter=ADMR -z --find-renames=50% 85c74c9060e7eef582e811a86991cea7042acae9...refs/remotes/origin/master -- [16ms]
2026-05-18 23:28:12.214 [info] > git fetch [32ms]
2026-05-18 23:28:12.229 [info] > git config --get commit.template [17ms]
2026-05-18 23:28:12.240 [info] [Git][getRemotes] No remotes found in the git config file
2026-05-18 23:28:12.240 [info] > git config --get commit.template [12ms]
2026-05-18 23:28:12.241 [info] [Git][getRemotes] No remotes found in the git config file
2026-05-18 23:28:12.249 [info] > git for-each-ref --format=%(refname)%00%(upstream:short)%00%(objectname)%00%(upstream:track)%00%(upstream:remotename)%00%(upstream:remoteref) refs/heads/master refs/remotes/master [10ms]
2026-05-18 23:28:12.249 [warning] [Git][getBranch] No such branch: master
2026-05-18 23:28:12.268 [info] > git status -z -uall [11ms]
2026-05-18 23:28:12.268 [info] > git for-each-ref --format=%(refname)%00%(upstream:short)%00%(objectname)%00%(upstream:track)%00%(upstream:remotename)%00%(upstream:remoteref) refs/heads/master refs/remotes/master [20ms]
2026-05-18 23:28:12.285 [info] > git status -z -uall [10ms]
2026-05-18 23:28:12.286 [info] > git for-each-ref --sort -committerdate --format %(refname)%00%(objectname)%00%(*objectname) [20ms]
2026-05-18 23:28:12.289 [info] > git for-each-ref --sort -committerdate --format %(refname)%00%(objectname)%00%(*objectname) [6ms]
2026-05-18 23:28:12.614 [info] > git check-ignore -v -z --stdin [3ms]
2026-05-18 23:28:12.647 [info] > git show --textconv :Readme.md [16ms]
2026-05-18 23:28:12.649 [info] > git ls-files --stage -- Readme.md [5ms]
2026-05-18 23:28:12.665 [info] > git cat-file -s 21a1f737972e78166969eb4ad8bbe5b55a00df8e [5ms]
2026-05-18 23:28:12.702 [info] > git blame --root --incremental 85c74c9060e7eef582e811a86991cea7042acae9 -- Readme.md [2ms]
2026-05-18 23:29:12.780 [info] > git config --get commit.template [12ms]
2026-05-18 23:29:12.780 [info] > git config --get commit.template [23ms]
2026-05-18 23:29:12.793 [info] [Git][getRemotes] No remotes found in the git config file
2026-05-18 23:29:12.803 [info] > git for-each-ref --format=%(refname)%00%(upstream:short)%00%(objectname)%00%(upstream:track)%00%(upstream:remotename)%00%(upstream:remoteref) refs/heads/master refs/remotes/master [11ms]
2026-05-18 23:29:12.822 [info] > git status -z -uall [11ms]
2026-05-18 23:29:12.822 [info] > git for-each-ref --format=%(refname)%00%(upstream:short)%00%(objectname)%00%(upstream:track)%00%(upstream:remotename)%00%(upstream:remoteref) refs/heads/master refs/remotes/master [21ms]
2026-05-18 23:29:12.824 [info] > git for-each-ref --sort -committerdate --format %(refname)%00%(objectname)%00%(*objectname) [5ms]
2026-05-18 23:29:12.843 [info] > git status -z -uall [8ms]
2026-05-18 23:29:12.845 [info] > git for-each-ref --sort -committerdate --format %(refname)%00%(objectname)%00%(*objectname) [3ms]
2026-05-18 23:29:14.364 [info] > git ls-files --stage -- Readme.md [3ms]
2026-05-18 23:29:14.382 [info] > git cat-file -s 21a1f737972e78166969eb4ad8bbe5b55a00df8e [5ms]
2026-05-18 23:29:14.411 [info] > git show --textconv :Readme.md [4ms]
2026-05-18 23:29:17.581 [info] > git fetch [4839ms]
2026-05-18 23:29:17.582 [info] > git fetch [4804ms]
2026-05-18 23:29:17.599 [info] > git config --get commit.template [9ms]
2026-05-18 23:29:17.615 [info] > git for-each-ref --format=%(refname)%00%(upstream:short)%00%(objectname)%00%(upstream:track)%00%(upstream:remotename)%00%(upstream:remoteref) refs/heads/master refs/remotes/master [9ms]
2026-05-18 23:29:17.615 [info] > git config --get commit.template [17ms]
2026-05-18 23:29:17.633 [info] > git status -z -uall [9ms]
2026-05-18 23:29:17.633 [info] > git for-each-ref --format=%(refname)%00%(upstream:short)%00%(objectname)%00%(upstream:track)%00%(upstream:remotename)%00%(upstream:remoteref) refs/heads/amar refs/remotes/amar [19ms]
2026-05-18 23:29:17.634 [info] > git for-each-ref --sort -committerdate --format %(refname)%00%(objectname)%00%(*objectname) [3ms]
2026-05-18 23:29:17.653 [info] > git status -z -uall [8ms]
2026-05-18 23:29:17.657 [info] > git for-each-ref --sort -committerdate --format %(refname)%00%(objectname)%00%(*objectname) [4ms]
2026-05-18 23:29:17.786 [info] > git fetch [4674ms]
2026-05-18 23:29:17.805 [info] > git config --get commit.template [10ms]
2026-05-18 23:29:17.808 [info] > git for-each-ref --format=%(refname)%00%(upstream:short)%00%(objectname)%00%(upstream:track)%00%(upstream:remotename)%00%(upstream:remoteref) refs/heads/master refs/remotes/master [4ms]
2026-05-18 23:29:17.828 [info] > git status -z -uall [10ms]
2026-05-18 23:29:17.831 [info] > git for-each-ref --sort -committerdate --format %(refname)%00%(objectname)%00%(*objectname) [3ms]
2026-05-18 23:31:11.802 [info] > git ls-files --stage -- Readme.md [4ms]
2026-05-18 23:31:11.816 [info] > git cat-file -s 21a1f737972e78166969eb4ad8bbe5b55a00df8e [4ms]
2026-05-18 23:31:11.836 [info] > git show --textconv :Readme.md [5ms]
2026-05-18 23:31:12.317 [info] > git fetch [17ms]
2026-05-18 23:31:12.330 [info] > git fetch [17ms]
2026-05-18 23:31:12.343 [info] > git config --get commit.template [14ms]
2026-05-18 23:31:12.354 [info] [Git][getRemotes] No remotes found in the git config file
2026-05-18 23:31:12.356 [info] > git config --get commit.template [14ms]
2026-05-18 23:31:12.367 [info] [Git][getRemotes] No remotes found in the git config file
2026-05-18 23:31:12.368 [info] > git for-each-ref --format=%(refname)%00%(upstream:short)%00%(objectname)%00%(upstream:track)%00%(upstream:remotename)%00%(upstream:remoteref) refs/heads/master refs/remotes/master [15ms]
2026-05-18 23:31:12.368 [warning] [Git][getBranch] No such branch: master
2026-05-18 23:31:12.394 [info] > git status -z -uall [15ms]
2026-05-18 23:31:12.394 [info] > git for-each-ref --sort -committerdate --format %(refname)%00%(objectname)%00%(*objectname) [4ms]
2026-05-18 23:31:12.399 [info] > git for-each-ref --format=%(refname)%00%(upstream:short)%00%(objectname)%00%(upstream:track)%00%(upstream:remotename)%00%(upstream:remoteref) refs/heads/master refs/remotes/master [32ms]
2026-05-18 23:31:12.422 [info] > git status -z -uall [13ms]
2026-05-18 23:31:12.428 [info] > git for-each-ref --sort -committerdate --format %(refname)%00%(objectname)%00%(*objectname) [8ms]
2026-05-18 23:31:12.718 [info] > git check-ignore -v -z --stdin [3ms]
2026-05-18 23:32:19.092 [info] > git ls-files --stage -- Readme.md [2ms]
2026-05-18 23:32:19.105 [info] > git cat-file -s 21a1f737972e78166969eb4ad8bbe5b55a00df8e [4ms]
2026-05-18 23:32:19.120 [info] > git show --textconv :Readme.md [4ms]
2026-05-18 23:32:22.965 [info] > git fetch [5121ms]
2026-05-18 23:32:22.974 [info] > git fetch [5304ms]
2026-05-18 23:32:22.975 [info] > git fetch [5327ms]
2026-05-18 23:32:22.992 [info] > git config --get commit.template [18ms]
2026-05-18 23:32:22.993 [info] > git config --get commit.template [10ms]
2026-05-18 23:32:23.001 [info] > git config --get commit.template [10ms]
2026-05-18 23:32:23.016 [info] > git for-each-ref --format=%(refname)%00%(upstream:short)%00%(objectname)%00%(upstream:track)%00%(upstream:remotename)%00%(upstream:remoteref) refs/heads/amar refs/remotes/amar [8ms]
2026-05-18 23:32:23.017 [info] > git for-each-ref --format=%(refname)%00%(upstream:short)%00%(objectname)%00%(upstream:track)%00%(upstream:remotename)%00%(upstream:remoteref) refs/heads/master refs/remotes/master [17ms]
2026-05-18 23:32:23.057 [info] > git status -z -uall [32ms]
2026-05-18 23:32:23.057 [info] > git status -z -uall [11ms]
2026-05-18 23:32:23.058 [info] > git for-each-ref --sort -committerdate --format %(refname)%00%(objectname)%00%(*objectname) [22ms]
2026-05-18 23:32:23.061 [info] > git for-each-ref --format=%(refname)%00%(upstream:short)%00%(objectname)%00%(upstream:track)%00%(upstream:remotename)%00%(upstream:remoteref) refs/heads/master refs/remotes/master [46ms]
2026-05-18 23:32:23.062 [info] > git for-each-ref --sort -committerdate --format %(refname)%00%(objectname)%00%(*objectname) [6ms]
2026-05-18 23:32:23.084 [info] > git status -z -uall [9ms]
2026-05-18 23:32:23.086 [info] > git for-each-ref --sort -committerdate --format %(refname)%00%(objectname)%00%(*objectname) [3ms]
2026-05-18 23:32:23.748 [info] > git ls-files --stage -- Readme.md [3ms]
2026-05-18 23:32:23.759 [info] > git cat-file -s 21a1f737972e78166969eb4ad8bbe5b55a00df8e [3ms]
2026-05-18 23:32:23.774 [info] > git show --textconv :Readme.md [5ms]
2026-05-18 23:32:28.347 [info] > git check-ignore -v -z --stdin [1ms]
2026-05-18 23:32:30.247 [info] > git config --get commit.template [10ms]
2026-05-18 23:32:30.249 [info] > git for-each-ref --format=%(refname)%00%(upstream:short)%00%(objectname)%00%(upstream:track)%00%(upstream:remotename)%00%(upstream:remoteref) refs/heads/master refs/remotes/master [3ms]
2026-05-18 23:32:30.270 [info] > git status -z -uall [11ms]
2026-05-18 23:32:30.270 [info] > git for-each-ref --sort -committerdate --format %(refname)%00%(objectname)%00%(*objectname) [3ms]
2026-05-18 23:32:30.612 [info] > git check-ignore -v -z --stdin [3ms]
2026-05-18 23:32:31.653 [info] > git check-ignore -v -z --stdin [2ms]
2026-05-18 23:32:34.960 [info] > git check-ignore -v -z --stdin [42ms]
2026-05-18 23:32:34.961 [info] > git check-ignore -v -z --stdin [34ms]
2026-05-18 23:32:34.961 [info] > git check-ignore -v -z --stdin [25ms]
2026-05-18 23:32:34.962 [info] > git check-ignore -v -z --stdin [16ms]
2026-05-18 23:32:34.963 [info] > git check-ignore -v -z --stdin [8ms]
2026-05-18 23:32:35.297 [info] > git config --get commit.template [11ms]
2026-05-18 23:32:35.299 [info] > git for-each-ref --format=%(refname)%00%(upstream:short)%00%(objectname)%00%(upstream:track)%00%(upstream:remotename)%00%(upstream:remoteref) refs/heads/master refs/remotes/master [3ms]
2026-05-18 23:32:35.318 [info] > git status -z -uall [9ms]
2026-05-18 23:32:35.321 [info] > git for-each-ref --sort -committerdate --format %(refname)%00%(objectname)%00%(*objectname) [4ms]
2026-05-18 23:33:28.566 [info] > git check-ignore -v -z --stdin [2ms]
2026-05-18 23:33:30.656 [info] > git config --get commit.template [11ms]
2026-05-18 23:33:30.658 [info] > git for-each-ref --format=%(refname)%00%(upstream:short)%00%(objectname)%00%(upstream:track)%00%(upstream:remotename)%00%(upstream:remoteref) refs/heads/master refs/remotes/master [3ms]
2026-05-18 23:33:30.681 [info] > git status -z -uall [10ms]
2026-05-18 23:33:30.683 [info] > git for-each-ref --sort -committerdate --format %(refname)%00%(objectname)%00%(*objectname) [4ms]
2026-05-18 23:33:31.003 [info] > git check-ignore -v -z --stdin [3ms]
2026-05-18 23:33:40.847 [info] > git check-ignore -v -z --stdin [3ms]
2026-05-18 23:33:42.737 [info] > git config --get commit.template [2ms]
2026-05-18 23:33:42.749 [info] > git for-each-ref --format=%(refname)%00%(upstream:short)%00%(objectname)%00%(upstream:track)%00%(upstream:remotename)%00%(upstream:remoteref) refs/heads/master refs/remotes/master [4ms]
2026-05-18 23:33:42.778 [info] > git status -z -uall [10ms]
2026-05-18 23:33:42.781 [info] > git for-each-ref --sort -committerdate --format %(refname)%00%(objectname)%00%(*objectname) [3ms]
2026-05-18 23:33:43.099 [info] > git check-ignore -v -z --stdin [2ms]
2026-05-18 23:33:48.149 [info] > git check-ignore -v -z --stdin [3ms]
2026-05-18 23:33:48.896 [info] > git check-ignore -v -z --stdin [3ms]
2026-05-18 23:33:49.705 [info] > git check-ignore -v -z --stdin [2ms]
2026-05-18 23:33:51.599 [info] > git config --get commit.template [12ms]
2026-05-18 23:33:51.601 [info] > git for-each-ref --format=%(refname)%00%(upstream:short)%00%(objectname)%00%(upstream:track)%00%(upstream:remotename)%00%(upstream:remoteref) refs/heads/master refs/remotes/master [4ms]
2026-05-18 23:33:51.618 [info] > git status -z -uall [8ms]
2026-05-18 23:33:51.621 [info] > git for-each-ref --sort -committerdate --format %(refname)%00%(objectname)%00%(*objectname) [3ms]
2026-05-18 23:33:51.942 [info] > git check-ignore -v -z --stdin [3ms]
2026-05-18 23:33:53.440 [info] > git check-ignore -v -z --stdin [2ms]
2026-05-18 23:34:00.993 [info] > git config --get commit.template [15ms]
2026-05-18 23:34:00.995 [info] > git for-each-ref --format=%(refname)%00%(upstream:short)%00%(objectname)%00%(upstream:track)%00%(upstream:remotename)%00%(upstream:remoteref) refs/heads/master refs/remotes/master [4ms]
2026-05-18 23:34:01.022 [info] > git status -z -uall [11ms]
2026-05-18 23:34:01.024 [info] > git for-each-ref --sort -committerdate --format %(refname)%00%(objectname)%00%(*objectname) [4ms]
2026-05-18 23:34:01.345 [info] > git check-ignore -v -z --stdin [3ms]
2026-05-18 23:34:03.949 [info] > git check-ignore -v -z --stdin [10ms]
2026-05-18 23:34:04.035 [info] > git show --textconv :Readme.md [48ms]
2026-05-18 23:34:04.035 [info] > git ls-files --stage -- Readme.md [11ms]
2026-05-18 23:34:04.056 [info] > git cat-file -s 21a1f737972e78166969eb4ad8bbe5b55a00df8e [10ms]
2026-05-18 23:34:06.051 [info] > git config --get commit.template [9ms]
2026-05-18 23:34:06.053 [info] > git for-each-ref --format=%(refname)%00%(upstream:short)%00%(objectname)%00%(upstream:track)%00%(upstream:remotename)%00%(upstream:remoteref) refs/heads/master refs/remotes/master [3ms]
2026-05-18 23:34:06.070 [info] > git status -z -uall [9ms]
2026-05-18 23:34:06.073 [info] > git for-each-ref --sort -committerdate --format %(refname)%00%(objectname)%00%(*objectname) [4ms]
2026-05-18 23:34:06.390 [info] > git check-ignore -v -z --stdin [2ms]
2026-05-18 23:34:17.026 [info] > git fetch [13ms]
2026-05-18 23:34:17.038 [info] > git fetch [13ms]
2026-05-18 23:34:17.055 [info] > git config --get commit.template [18ms]
2026-05-18 23:34:17.064 [info] [Git][getRemotes] No remotes found in the git config file
2026-05-18 23:34:17.065 [info] > git config --get commit.template [11ms]
2026-05-18 23:34:17.065 [info] [Git][getRemotes] No remotes found in the git config file
2026-05-18 23:34:17.074 [info] > git for-each-ref --format=%(refname)%00%(upstream:short)%00%(objectname)%00%(upstream:track)%00%(upstream:remotename)%00%(upstream:remoteref) refs/heads/master refs/remotes/master [11ms]
2026-05-18 23:34:17.075 [warning] [Git][getBranch] No such branch: master
2026-05-18 23:34:17.091 [info] > git status -z -uall [9ms]
2026-05-18 23:34:17.091 [info] > git for-each-ref --format=%(refname)%00%(upstream:short)%00%(objectname)%00%(upstream:track)%00%(upstream:remotename)%00%(upstream:remoteref) refs/heads/master refs/remotes/master [17ms]
2026-05-18 23:34:17.109 [info] > git status -z -uall [9ms]
2026-05-18 23:34:17.109 [info] > git for-each-ref --sort -committerdate --format %(refname)%00%(objectname)%00%(*objectname) [19ms]
2026-05-18 23:34:17.112 [info] > git for-each-ref --sort -committerdate --format %(refname)%00%(objectname)%00%(*objectname) [6ms]
2026-05-18 23:34:17.428 [info] > git check-ignore -v -z --stdin [3ms]
2026-05-18 23:34:18.130 [info] [Git][getRemotes] No remotes found in the git config file
2026-05-18 23:34:18.132 [info] > git config --get commit.template [10ms]
2026-05-18 23:34:18.132 [info] > git for-each-ref --format=%(refname)%00%(upstream:short)%00%(objectname)%00%(upstream:track)%00%(upstream:remotename)%00%(upstream:remoteref) refs/heads/master refs/remotes/master [2ms]
2026-05-18 23:34:18.132 [warning] [Git][getBranch] No such branch: master
2026-05-18 23:34:18.147 [info] > git status -z -uall [7ms]
2026-05-18 23:34:18.149 [info] > git for-each-ref --sort -committerdate --format %(refname)%00%(objectname)%00%(*objectname) [3ms]
2026-05-18 23:34:18.467 [info] > git check-ignore -v -z --stdin [3ms]
2026-05-18 23:34:20.858 [info] > git check-ignore -v -z --stdin [3ms]
2026-05-18 23:34:21.261 [info] > git check-ignore -v -z --stdin [3ms]
2026-05-18 23:34:22.756 [info] > git config --get commit.template [10ms]
2026-05-18 23:34:22.758 [info] > git for-each-ref --format=%(refname)%00%(upstream:short)%00%(objectname)%00%(upstream:track)%00%(upstream:remotename)%00%(upstream:remoteref) refs/heads/master refs/remotes/master [3ms]
2026-05-18 23:34:22.777 [info] > git status -z -uall [11ms]
2026-05-18 23:34:22.778 [info] > git for-each-ref --sort -committerdate --format %(refname)%00%(objectname)%00%(*objectname) [2ms]
2026-05-18 23:34:23.096 [info] > git check-ignore -v -z --stdin [1ms]
2026-05-18 23:34:27.541 [info] > git check-ignore -v -z --stdin [2ms]
2026-05-18 23:34:27.566 [info] > git show --textconv :Readme.md [12ms]
2026-05-18 23:34:27.568 [info] > git ls-files --stage -- Readme.md [3ms]
2026-05-18 23:34:27.582 [info] > git cat-file -s 21a1f737972e78166969eb4ad8bbe5b55a00df8e [3ms]
2026-05-18 23:34:58.941 [info] > git config --get commit.template [12ms]
2026-05-18 23:34:58.953 [info] > git for-each-ref --format=%(refname)%00%(upstream:short)%00%(objectname)%00%(upstream:track)%00%(upstream:remotename)%00%(upstream:remoteref) refs/heads/master refs/remotes/master [14ms]
2026-05-18 23:34:58.972 [info] > git status -z -uall [8ms]
2026-05-18 23:34:58.972 [info] > git ls-files --stage -- Readme.md [20ms]
2026-05-18 23:34:58.981 [info] > git for-each-ref --sort -committerdate --format %(refname)%00%(objectname)%00%(*objectname) [10ms]
2026-05-18 23:34:59.010 [info] > git blame --root --incremental 0b6eb6b7a253c89e0ffce6da3ca6171a38da9a69 -- Readme.md [10ms]
2026-05-18 23:34:59.011 [info] > git cat-file -s 68898a0697762640e08ccb34d4569e8addc45876 [31ms]
2026-05-18 23:34:59.014 [info] > git merge-base refs/heads/master refs/remotes/origin/master [5ms]
2026-05-18 23:34:59.034 [info] > git diff --raw --numstat --diff-filter=ADMR -z --find-renames=50% 0b6eb6b7a253c89e0ffce6da3ca6171a38da9a69...refs/remotes/origin/master -- [11ms]
2026-05-18 23:34:59.035 [info] > git show --textconv :Readme.md [2ms]
2026-05-18 23:34:59.309 [info] > git check-ignore -v -z --stdin [3ms]
2026-05-18 23:35:05.363 [info] > git config --get commit.template [4ms]
2026-05-18 23:35:05.380 [info] > git for-each-ref --format=%(refname)%00%(upstream:short)%00%(objectname)%00%(upstream:track)%00%(upstream:remotename)%00%(upstream:remoteref) refs/heads/master refs/remotes/master [5ms]
2026-05-18 23:35:05.406 [info] > git status -z -uall [12ms]
2026-05-18 23:35:05.408 [info] > git for-each-ref --sort -committerdate --format %(refname)%00%(objectname)%00%(*objectname) [4ms]
2026-05-18 23:36:15.556 [info] > git fetch [4920ms]
2026-05-18 23:36:15.558 [info] > git fetch [4910ms]
2026-05-18 23:36:15.576 [info] > git fetch [4914ms]
2026-05-18 23:36:15.585 [info] > git config --get commit.template [17ms]
2026-05-18 23:36:15.587 [info] > git config --get commit.template [1ms]
2026-05-18 23:36:15.587 [info] > git config --get commit.template [11ms]
2026-05-18 23:36:15.614 [info] > git for-each-ref --format=%(refname)%00%(upstream:short)%00%(objectname)%00%(upstream:track)%00%(upstream:remotename)%00%(upstream:remoteref) refs/heads/amar refs/remotes/amar [20ms]
2026-05-18 23:36:15.615 [info] > git for-each-ref --format=%(refname)%00%(upstream:short)%00%(objectname)%00%(upstream:track)%00%(upstream:remotename)%00%(upstream:remoteref) refs/heads/master refs/remotes/master [3ms]
2026-05-18 23:36:15.616 [info] > git for-each-ref --format=%(refname)%00%(upstream:short)%00%(objectname)%00%(upstream:track)%00%(upstream:remotename)%00%(upstream:remoteref) refs/heads/master refs/remotes/master [13ms]
2026-05-18 23:36:15.668 [info] > git status -z -uall [41ms]
2026-05-18 23:36:15.668 [info] > git status -z -uall [25ms]
2026-05-18 23:36:15.668 [info] > git status -z -uall [11ms]
2026-05-18 23:36:15.668 [info] > git for-each-ref --sort -committerdate --format %(refname)%00%(objectname)%00%(*objectname) [18ms]
2026-05-18 23:36:15.671 [info] > git for-each-ref --sort -committerdate --format %(refname)%00%(objectname)%00%(*objectname) [36ms]
2026-05-18 23:36:15.673 [info] > git for-each-ref --sort -committerdate --format %(refname)%00%(objectname)%00%(*objectname) [8ms]
2026-05-18 23:37:50.205 [info] > git fetch [13ms]
2026-05-18 23:37:50.218 [info] > git fetch [14ms]
2026-05-18 23:37:50.243 [info] > git config --get commit.template [27ms]
2026-05-18 23:37:50.254 [info] [Git][getRemotes] No remotes found in the git config file
2026-05-18 23:37:50.256 [info] > git config --get commit.template [16ms]
2026-05-18 23:37:50.257 [info] > git ls-files --stage -- Readme.md [27ms]
2026-05-18 23:37:50.268 [info] > git for-each-ref --format=%(refname)%00%(upstream:short)%00%(objectname)%00%(upstream:track)%00%(upstream:remotename)%00%(upstream:remoteref) refs/heads/master refs/remotes/master [14ms]
2026-05-18 23:37:50.269 [warning] [Git][getBranch] No such branch: master
2026-05-18 23:37:50.302 [info] [Git][getRemotes] No remotes found in the git config file
2026-05-18 23:37:50.304 [info] > git status -z -uall [24ms]
2026-05-18 23:37:50.304 [info] > git for-each-ref --sort -committerdate --format %(refname)%00%(objectname)%00%(*objectname) [15ms]
2026-05-18 23:37:50.309 [info] > git cat-file -s 68898a0697762640e08ccb34d4569e8addc45876 [42ms]
2026-05-18 23:37:50.310 [info] > git for-each-ref --format=%(refname)%00%(upstream:short)%00%(objectname)%00%(upstream:track)%00%(upstream:remotename)%00%(upstream:remoteref) refs/heads/master refs/remotes/master [9ms]
2026-05-18 23:37:50.329 [info] > git status -z -uall [10ms]
2026-05-18 23:37:50.340 [info] > git for-each-ref --sort -committerdate --format %(refname)%00%(objectname)%00%(*objectname) [12ms]
2026-05-18 23:37:50.344 [info] > git show --textconv :Readme.md [6ms]
2026-05-18 23:37:50.625 [info] > git check-ignore -v -z --stdin [3ms]
2026-05-18 23:43:04.481 [info] > git fetch [14ms]
2026-05-18 23:43:04.497 [info] > git fetch [17ms]
2026-05-18 23:43:04.508 [info] > git config --get commit.template [13ms]
2026-05-18 23:43:04.509 [info] [Git][getRemotes] No remotes found in the git config file
2026-05-18 23:43:04.518 [info] > git for-each-ref --format=%(refname)%00%(upstream:short)%00%(objectname)%00%(upstream:track)%00%(upstream:remotename)%00%(upstream:remoteref) refs/heads/master refs/remotes/master [2ms]
2026-05-18 23:43:04.518 [warning] [Git][getBranch] No such branch: master
2026-05-18 23:43:04.534 [info] > git config --get commit.template [26ms]
2026-05-18 23:43:04.535 [info] [Git][getRemotes] No remotes found in the git config file
2026-05-18 23:43:04.544 [info] > git status -z -uall [18ms]
2026-05-18 23:43:04.545 [info] > git for-each-ref --format=%(refname)%00%(upstream:short)%00%(objectname)%00%(upstream:track)%00%(upstream:remotename)%00%(upstream:remoteref) refs/heads/master refs/remotes/master [3ms]
2026-05-18 23:43:04.561 [info] > git for-each-ref --sort -committerdate --format %(refname)%00%(objectname)%00%(*objectname) [27ms]
2026-05-18 23:43:04.565 [info] > git status -z -uall [12ms]
2026-05-18 23:43:04.565 [info] > git for-each-ref --sort -committerdate --format %(refname)%00%(objectname)%00%(*objectname) [4ms]
2026-05-18 23:43:04.885 [info] > git check-ignore -v -z --stdin [3ms]
2026-05-18 23:43:09.491 [info] > git fetch [5036ms]
2026-05-18 23:43:09.492 [info] > git fetch [5063ms]
2026-05-18 23:43:09.509 [info] > git fetch [5067ms]
2026-05-18 23:43:09.518 [info] > git config --get commit.template [17ms]
2026-05-18 23:43:09.518 [info] > git config --get commit.template [10ms]
2026-05-18 23:43:09.541 [info] > git for-each-ref --format=%(refname)%00%(upstream:short)%00%(objectname)%00%(upstream:track)%00%(upstream:remotename)%00%(upstream:remoteref) refs/heads/master refs/remotes/master [15ms]
2026-05-18 23:43:09.541 [info] > git config --get commit.template [24ms]
2026-05-18 23:43:09.542 [info] > git for-each-ref --format=%(refname)%00%(upstream:short)%00%(objectname)%00%(upstream:track)%00%(upstream:remotename)%00%(upstream:remoteref) refs/heads/master refs/remotes/master [9ms]
2026-05-18 23:43:09.574 [info] > git status -z -uall [25ms]
2026-05-18 23:43:09.574 [info] > git status -z -uall [8ms]
2026-05-18 23:43:09.575 [info] > git for-each-ref --format=%(refname)%00%(upstream:short)%00%(objectname)%00%(upstream:track)%00%(upstream:remotename)%00%(upstream:remoteref) refs/heads/amar refs/remotes/amar [35ms]
2026-05-18 23:43:09.576 [info] > git for-each-ref --sort -committerdate --format %(refname)%00%(objectname)%00%(*objectname) [3ms]
2026-05-18 23:43:09.578 [info] > git for-each-ref --sort -committerdate --format %(refname)%00%(objectname)%00%(*objectname) [21ms]
2026-05-18 23:43:09.598 [info] > git status -z -uall [9ms]
2026-05-18 23:43:09.599 [info] > git for-each-ref --sort -committerdate --format %(refname)%00%(objectname)%00%(*objectname) [2ms]
