I[01:19:55.307] clangd version 22.1.5
I[01:19:55.307] Features: linux
I[01:19:55.307] PID: 8352
I[01:19:55.307] Working directory: /home/amar/Code
I[01:19:55.307] argv[0]: /usr/bin/clangd
I[01:19:55.307] argv[1]: --background-index
I[01:19:55.307] argv[2]: --clang-tidy
I[01:19:55.307] argv[3]: --header-insertion=never
I[01:19:55.307] argv[4]: --compile-commands-dir=/home/amar/Code
I[01:19:55.307] Starting LSP over stdin/stdout
I[01:19:55.309] <-- initialize(0)
I[01:19:55.311] --> reply:initialize(0) 2 ms
I[01:19:55.493] <-- initialized
I[01:19:55.521] <-- textDocument/didOpen
I[01:19:55.522] Failed to find compilation database for /home/amar/Code/CAN/main.c
I[01:19:55.522] ASTWorker building file /home/amar/Code/CAN/main.c version 1 with command clangd fallback
[/home/amar/Code/CAN]
/usr/bin/clang -resource-dir=/usr/lib/clang/22 -- /home/amar/Code/CAN/main.c
I[01:19:55.524] --> textDocument/clangd.fileStatus
I[01:19:55.571] Built preamble of size 548272 for file /home/amar/Code/CAN/main.c version 1 in 0.05 seconds
I[01:19:55.571] --> workspace/semanticTokens/refresh(0)
I[01:19:55.571] Indexing c17 standard library in the context of /home/amar/Code/CAN/main.c
I[01:19:55.583] --> textDocument/publishDiagnostics
I[01:19:55.583] --> textDocument/inactiveRegions
I[01:19:55.584] --> textDocument/clangd.fileStatus
I[01:19:55.728] <-- textDocument/codeAction(1)
I[01:19:55.728] --> reply:textDocument/codeAction(1) 0 ms
I[01:19:55.729] --> textDocument/clangd.fileStatus
I[01:19:55.729] <-- textDocument/documentLink(2)
I[01:19:55.729] --> reply:textDocument/documentLink(2) 0 ms
I[01:19:55.730] --> textDocument/clangd.fileStatus
I[01:19:55.730] <-- textDocument/inlayHint(3)
I[01:19:55.730] --> reply:textDocument/inlayHint(3) 0 ms
I[01:19:55.730] --> textDocument/clangd.fileStatus
I[01:19:55.748] Indexed c17 standard library: 2981 symbols, 12 filtered
I[01:19:55.827] <-- reply(0)
I[01:19:55.858] <-- textDocument/codeAction(4)
I[01:19:55.858] --> reply:textDocument/codeAction(4) 0 ms
I[01:19:55.858] <-- $/cancelRequest
I[01:19:55.858] --> textDocument/clangd.fileStatus
I[01:19:55.922] <-- textDocument/codeAction(5)
I[01:19:55.922] --> reply:textDocument/codeAction(5) 0 ms
I[01:19:55.922] --> textDocument/clangd.fileStatus
I[01:19:55.929] <-- textDocument/documentSymbol(6)
I[01:19:55.930] --> reply:textDocument/documentSymbol(6) 0 ms
I[01:19:55.930] --> textDocument/clangd.fileStatus
I[01:19:57.001] <-- textDocument/documentLink(7)
I[01:19:57.001] --> reply:textDocument/documentLink(7) 0 ms
I[01:19:57.001] --> textDocument/clangd.fileStatus
I[01:19:57.201] <-- textDocument/inlayHint(8)
I[01:19:57.201] <-- textDocument/codeAction(9)
I[01:19:57.201] <-- $/cancelRequest
I[01:19:57.201] <-- textDocument/codeAction(10)
I[01:19:57.201] --> reply:textDocument/inlayHint(8) 0 ms
I[01:19:57.201] --> reply:textDocument/codeAction(9) 0 ms, error: Task was cancelled.
I[01:19:57.202] --> reply:textDocument/codeAction(10) 0 ms
I[01:19:57.202] --> textDocument/clangd.fileStatus
I[01:19:57.288] <-- $/setTrace
I[01:19:57.289] unhandled notification $/setTrace
I[01:19:57.289] <-- textDocument/codeAction(11)
I[01:19:57.289] <-- $/cancelRequest
I[01:19:57.289] --> reply:textDocument/codeAction(11) 0 ms
I[01:19:57.289] --> textDocument/clangd.fileStatus
[Error - 1:19:57 AM] Request textDocument/codeAction failed.
[object Object]
I[01:19:57.395] <-- $/cancelRequest
I[01:19:57.395] <-- textDocument/codeAction(12)
I[01:19:57.395] --> reply:textDocument/codeAction(12) 0 ms
I[01:19:57.395] --> textDocument/clangd.fileStatus
I[01:19:57.825] <-- $/setTrace
I[01:19:57.825] unhandled notification $/setTrace
I[01:19:57.993] <-- textDocument/codeAction(13)
I[01:19:57.993] --> reply:textDocument/codeAction(13) 0 ms
I[01:19:57.994] --> textDocument/clangd.fileStatus
I[01:19:58.084] <-- $/cancelRequest
I[01:19:58.084] <-- textDocument/codeAction(14)
I[01:19:58.084] <-- textDocument/documentLink(15)
I[01:19:58.084] <-- textDocument/inlayHint(16)
I[01:19:58.084] --> reply:textDocument/codeAction(14) 0 ms
I[01:19:58.085] --> reply:textDocument/documentLink(15) 0 ms
I[01:19:58.085] --> reply:textDocument/inlayHint(16) 0 ms
I[01:19:58.085] --> textDocument/clangd.fileStatus
I[01:19:58.133] <-- textDocument/documentSymbol(17)
I[01:19:58.134] --> reply:textDocument/documentSymbol(17) 0 ms
I[01:19:58.134] --> textDocument/clangd.fileStatus
I[01:19:58.677] <-- textDocument/codeAction(18)
I[01:19:58.677] --> reply:textDocument/codeAction(18) 0 ms
I[01:19:58.677] --> textDocument/clangd.fileStatus
I[01:19:58.688] <-- textDocument/codeAction(19)
I[01:19:58.689] --> reply:textDocument/codeAction(19) 0 ms
I[01:19:58.689] --> textDocument/clangd.fileStatus
I[01:19:58.907] <-- textDocument/inlayHint(20)
I[01:19:58.907] --> reply:textDocument/inlayHint(20) 0 ms
I[01:19:58.907] --> textDocument/clangd.fileStatus
I[01:20:10.875] <-- textDocument/didOpen
I[01:20:10.875] Failed to find compilation database for /home/amar/Code/summa/euler.m
I[01:20:10.876] ASTWorker building file /home/amar/Code/summa/euler.m version 1 with command clangd fallback
[/home/amar/Code/summa]
/usr/bin/clang -resource-dir=/usr/lib/clang/22 -- /home/amar/Code/summa/euler.m
I[01:20:10.878] --> textDocument/clangd.fileStatus
I[01:20:10.889] Built preamble of size 244764 for file /home/amar/Code/summa/euler.m version 1 in 0.01 seconds
I[01:20:10.889] --> workspace/semanticTokens/refresh(1)
I[01:20:10.900] --> textDocument/publishDiagnostics
I[01:20:10.900] --> textDocument/inactiveRegions
I[01:20:10.900] --> textDocument/clangd.fileStatus
I[01:20:10.909] <-- reply(1)
I[01:20:10.956] <-- textDocument/inlayHint(21)
I[01:20:10.956] <-- textDocument/documentLink(22)
I[01:20:10.956] --> reply:textDocument/inlayHint(21) 0 ms
I[01:20:10.957] --> reply:textDocument/documentLink(22) 0 ms
I[01:20:10.957] --> textDocument/clangd.fileStatus
I[01:20:11.190] <-- textDocument/documentSymbol(23)
I[01:20:11.190] --> reply:textDocument/documentSymbol(23) 0 ms
I[01:20:11.190] --> textDocument/clangd.fileStatus
I[01:20:11.195] <-- textDocument/foldingRange(24)
I[01:20:11.195] --> reply:textDocument/foldingRange(24) 0 ms
I[01:20:15.027] <-- textDocument/inlayHint(25)
I[01:20:15.028] --> reply:textDocument/inlayHint(25) 0 ms
I[01:20:15.028] --> textDocument/clangd.fileStatus
I[01:20:17.041] <-- textDocument/didChange
I[01:20:17.041] --> textDocument/clangd.fileStatus
I[01:20:17.082] <-- textDocument/inlayHint(26)
I[01:20:17.082] Failed to find compilation database for /home/amar/Code/summa/euler.m
I[01:20:17.083] ASTWorker building file /home/amar/Code/summa/euler.m version 2 with command clangd fallback
[/home/amar/Code/summa]
/usr/bin/clang -resource-dir=/usr/lib/clang/22 -- /home/amar/Code/summa/euler.m
I[01:20:17.085] --> textDocument/clangd.fileStatus
I[01:20:17.095] Built preamble of size 244764 for file /home/amar/Code/summa/euler.m version 2 in 0.01 seconds
I[01:20:17.096] --> workspace/semanticTokens/refresh(2)
I[01:20:17.096] --> textDocument/publishDiagnostics
I[01:20:17.096] --> textDocument/inactiveRegions
I[01:20:17.101] <-- reply(2)
I[01:20:17.108] --> textDocument/publishDiagnostics
I[01:20:17.108] --> textDocument/inactiveRegions
I[01:20:17.108] --> reply:textDocument/inlayHint(26) 26 ms
I[01:20:17.108] --> textDocument/clangd.fileStatus
I[01:20:17.173] <-- textDocument/didChange
I[01:20:17.173] --> textDocument/clangd.fileStatus
I[01:20:17.204] <-- textDocument/inlayHint(27)
I[01:20:17.204] Failed to find compilation database for /home/amar/Code/summa/euler.m
I[01:20:17.204] ASTWorker building file /home/amar/Code/summa/euler.m version 3 with command clangd fallback
[/home/amar/Code/summa]
/usr/bin/clang -resource-dir=/usr/lib/clang/22 -- /home/amar/Code/summa/euler.m
I[01:20:17.207] --> textDocument/clangd.fileStatus
I[01:20:17.217] --> textDocument/publishDiagnostics
I[01:20:17.217] --> textDocument/inactiveRegions
I[01:20:17.217] --> reply:textDocument/inlayHint(27) 13 ms
I[01:20:17.217] --> textDocument/clangd.fileStatus
I[01:20:17.322] <-- textDocument/inlayHint(28)
I[01:20:17.322] --> reply:textDocument/inlayHint(28) 0 ms
I[01:20:17.322] --> textDocument/clangd.fileStatus
I[01:20:17.413] <-- textDocument/didChange
I[01:20:17.414] --> textDocument/clangd.fileStatus
I[01:20:17.444] <-- textDocument/inlayHint(29)
I[01:20:17.444] Failed to find compilation database for /home/amar/Code/summa/euler.m
I[01:20:17.445] ASTWorker building file /home/amar/Code/summa/euler.m version 4 with command clangd fallback
[/home/amar/Code/summa]
/usr/bin/clang -resource-dir=/usr/lib/clang/22 -- /home/amar/Code/summa/euler.m
I[01:20:17.447] --> textDocument/clangd.fileStatus
I[01:20:17.458] --> textDocument/publishDiagnostics
I[01:20:17.458] --> textDocument/inactiveRegions
I[01:20:17.458] --> reply:textDocument/inlayHint(29) 14 ms
I[01:20:17.459] --> textDocument/clangd.fileStatus
I[01:20:17.718] <-- textDocument/codeAction(30)
I[01:20:17.718] --> reply:textDocument/codeAction(30) 0 ms
I[01:20:17.718] --> textDocument/clangd.fileStatus
I[01:20:17.768] <-- textDocument/documentSymbol(31)
I[01:20:17.768] --> reply:textDocument/documentSymbol(31) 0 ms
I[01:20:17.768] --> textDocument/clangd.fileStatus
I[01:20:18.101] <-- textDocument/didChange
I[01:20:18.101] --> textDocument/clangd.fileStatus
I[01:20:18.131] <-- textDocument/inlayHint(32)
I[01:20:18.131] Failed to find compilation database for /home/amar/Code/summa/euler.m
I[01:20:18.132] ASTWorker building file /home/amar/Code/summa/euler.m version 5 with command clangd fallback
[/home/amar/Code/summa]
/usr/bin/clang -resource-dir=/usr/lib/clang/22 -- /home/amar/Code/summa/euler.m
I[01:20:18.134] --> textDocument/clangd.fileStatus
I[01:20:18.145] --> textDocument/publishDiagnostics
I[01:20:18.145] --> textDocument/inactiveRegions
I[01:20:18.146] --> reply:textDocument/inlayHint(32) 14 ms
I[01:20:18.146] --> textDocument/clangd.fileStatus
I[01:20:18.355] <-- textDocument/didChange
I[01:20:18.355] --> textDocument/clangd.fileStatus
I[01:20:18.382] <-- textDocument/inlayHint(33)
I[01:20:18.383] Failed to find compilation database for /home/amar/Code/summa/euler.m
I[01:20:18.383] ASTWorker building file /home/amar/Code/summa/euler.m version 6 with command clangd fallback
[/home/amar/Code/summa]
/usr/bin/clang -resource-dir=/usr/lib/clang/22 -- /home/amar/Code/summa/euler.m
I[01:20:18.385] --> textDocument/clangd.fileStatus
I[01:20:18.392] --> textDocument/publishDiagnostics
I[01:20:18.392] --> textDocument/inactiveRegions
I[01:20:18.392] --> reply:textDocument/inlayHint(33) 9 ms
I[01:20:18.392] --> textDocument/clangd.fileStatus
I[01:20:18.707] <-- textDocument/documentSymbol(34)
I[01:20:18.707] --> reply:textDocument/documentSymbol(34) 0 ms
I[01:20:18.708] --> textDocument/clangd.fileStatus
I[01:20:19.158] <-- textDocument/inlayHint(35)
I[01:20:19.158] --> reply:textDocument/inlayHint(35) 0 ms
I[01:20:19.158] --> textDocument/clangd.fileStatus
I[01:20:19.359] <-- textDocument/documentLink(36)
I[01:20:19.359] --> reply:textDocument/documentLink(36) 0 ms
I[01:20:19.359] --> textDocument/clangd.fileStatus
I[01:20:19.379] <-- textDocument/didSave
I[01:20:19.379] File version went from 1 to 1
I[01:20:19.379] File version went from 6 to 6
I[01:20:19.380] --> textDocument/clangd.fileStatus
I[01:20:19.380] --> textDocument/clangd.fileStatus
I[01:20:19.430] Failed to find compilation database for /home/amar/Code/summa/euler.m
I[01:20:19.430] Failed to find compilation database for /home/amar/Code/CAN/main.c
I[01:20:19.430] ASTWorker building file /home/amar/Code/summa/euler.m version 6 with command clangd fallback
[/home/amar/Code/summa]
/usr/bin/clang -resource-dir=/usr/lib/clang/22 -- /home/amar/Code/summa/euler.m
I[01:20:19.430] ASTWorker building file /home/amar/Code/CAN/main.c version 1 with command clangd fallback
[/home/amar/Code/CAN]
/usr/bin/clang -resource-dir=/usr/lib/clang/22 -- /home/amar/Code/CAN/main.c
I[01:20:19.432] --> textDocument/clangd.fileStatus
I[01:20:19.432] --> textDocument/clangd.fileStatus
I[01:20:19.432] --> textDocument/clangd.fileStatus
I[01:20:19.432] --> textDocument/clangd.fileStatus
I[01:20:19.432] --> textDocument/clangd.fileStatus
I[01:20:19.432] --> textDocument/clangd.fileStatus
I[01:20:19.433] --> textDocument/clangd.fileStatus
I[01:20:19.433] --> textDocument/clangd.fileStatus
I[01:20:19.775] <-- textDocument/didChange
I[01:20:19.775] --> textDocument/clangd.fileStatus
I[01:20:19.795] <-- textDocument/completion(37)
I[01:20:19.799] <-- textDocument/inlayHint(38)
I[01:20:19.799] Failed to find compilation database for /home/amar/Code/summa/euler.m
I[01:20:19.800] ASTWorker building file /home/amar/Code/summa/euler.m version 7 with command clangd fallback
[/home/amar/Code/summa]
/usr/bin/clang -resource-dir=/usr/lib/clang/22 -- /home/amar/Code/summa/euler.m
I[01:20:19.802] --> textDocument/clangd.fileStatus
I[01:20:19.804] Code complete: sema context TopLevel, query scopes [] (AnyScope=true), expected type <none>
I[01:20:19.804] Code complete: 0 results from Sema, 11 from Index, 0 matched, 0 from identifiers, 11 returned (incomplete).
I[01:20:19.804] --> reply:textDocument/completion(37) 9 ms
I[01:20:19.813] --> textDocument/publishDiagnostics
I[01:20:19.813] --> textDocument/inactiveRegions
I[01:20:19.814] --> reply:textDocument/inlayHint(38) 14 ms
I[01:20:19.814] --> textDocument/clangd.fileStatus
I[01:20:20.126] <-- textDocument/codeAction(39)
I[01:20:20.126] --> reply:textDocument/codeAction(39) 0 ms
I[01:20:20.126] --> textDocument/clangd.fileStatus
I[01:20:20.154] <-- textDocument/documentSymbol(40)
I[01:20:20.154] --> reply:textDocument/documentSymbol(40) 0 ms
I[01:20:20.155] --> textDocument/clangd.fileStatus
I[01:20:20.275] <-- textDocument/didChange
I[01:20:20.275] --> textDocument/clangd.fileStatus
I[01:20:20.300] <-- textDocument/inlayHint(41)
I[01:20:20.300] Failed to find compilation database for /home/amar/Code/summa/euler.m
I[01:20:20.301] ASTWorker building file /home/amar/Code/summa/euler.m version 8 with command clangd fallback
[/home/amar/Code/summa]
/usr/bin/clang -resource-dir=/usr/lib/clang/22 -- /home/amar/Code/summa/euler.m
I[01:20:20.303] --> textDocument/clangd.fileStatus
I[01:20:20.311] --> textDocument/publishDiagnostics
I[01:20:20.311] --> textDocument/inactiveRegions
I[01:20:20.311] --> reply:textDocument/inlayHint(41) 11 ms
I[01:20:20.311] --> textDocument/clangd.fileStatus
I[01:20:20.507] <-- textDocument/didChange
I[01:20:20.508] --> textDocument/clangd.fileStatus
I[01:20:20.537] <-- textDocument/inlayHint(42)
I[01:20:20.537] Failed to find compilation database for /home/amar/Code/summa/euler.m
I[01:20:20.538] ASTWorker building file /home/amar/Code/summa/euler.m version 9 with command clangd fallback
[/home/amar/Code/summa]
/usr/bin/clang -resource-dir=/usr/lib/clang/22 -- /home/amar/Code/summa/euler.m
I[01:20:20.540] --> textDocument/clangd.fileStatus
I[01:20:20.549] --> textDocument/publishDiagnostics
I[01:20:20.549] --> textDocument/inactiveRegions
I[01:20:20.550] --> reply:textDocument/inlayHint(42) 12 ms
I[01:20:20.550] --> textDocument/clangd.fileStatus
I[01:20:20.718] <-- textDocument/didChange
I[01:20:20.718] --> textDocument/clangd.fileStatus
I[01:20:20.747] <-- textDocument/inlayHint(43)
I[01:20:20.747] Failed to find compilation database for /home/amar/Code/summa/euler.m
I[01:20:20.748] ASTWorker building file /home/amar/Code/summa/euler.m version 10 with command clangd fallback
[/home/amar/Code/summa]
/usr/bin/clang -resource-dir=/usr/lib/clang/22 -- /home/amar/Code/summa/euler.m
I[01:20:20.750] --> textDocument/clangd.fileStatus
I[01:20:20.760] --> textDocument/publishDiagnostics
I[01:20:20.760] --> textDocument/inactiveRegions
I[01:20:20.760] --> reply:textDocument/inlayHint(43) 13 ms
I[01:20:20.760] --> textDocument/clangd.fileStatus
I[01:20:21.020] <-- textDocument/codeAction(44)
I[01:20:21.021] --> reply:textDocument/codeAction(44) 0 ms
I[01:20:21.021] --> textDocument/clangd.fileStatus
I[01:20:21.084] <-- textDocument/documentSymbol(45)
I[01:20:21.085] --> reply:textDocument/documentSymbol(45) 0 ms
I[01:20:21.085] --> textDocument/clangd.fileStatus
I[01:20:21.295] <-- textDocument/didChange
I[01:20:21.296] --> textDocument/clangd.fileStatus
I[01:20:21.324] <-- textDocument/inlayHint(46)
I[01:20:21.324] Failed to find compilation database for /home/amar/Code/summa/euler.m
I[01:20:21.325] ASTWorker building file /home/amar/Code/summa/euler.m version 11 with command clangd fallback
[/home/amar/Code/summa]
/usr/bin/clang -resource-dir=/usr/lib/clang/22 -- /home/amar/Code/summa/euler.m
I[01:20:21.327] --> textDocument/clangd.fileStatus
I[01:20:21.337] --> textDocument/publishDiagnostics
I[01:20:21.337] --> textDocument/inactiveRegions
I[01:20:21.337] --> reply:textDocument/inlayHint(46) 13 ms
I[01:20:21.337] --> textDocument/clangd.fileStatus
I[01:20:21.665] <-- textDocument/documentSymbol(47)
I[01:20:21.666] --> reply:textDocument/documentSymbol(47) 0 ms
I[01:20:21.666] --> textDocument/clangd.fileStatus
I[01:20:22.096] <-- textDocument/inlayHint(48)
I[01:20:22.097] --> reply:textDocument/inlayHint(48) 0 ms
I[01:20:22.097] --> textDocument/clangd.fileStatus
I[01:20:22.271] <-- textDocument/didChange
I[01:20:22.271] --> textDocument/clangd.fileStatus
I[01:20:22.285] <-- textDocument/completion(49)
I[01:20:22.295] Code complete: sema context TopLevel, query scopes [] (AnyScope=true), expected type <none>
I[01:20:22.295] Code complete: 0 results from Sema, 29 from Index, 0 matched, 0 from identifiers, 29 returned (incomplete).
I[01:20:22.296] --> reply:textDocument/completion(49) 10 ms
I[01:20:22.302] <-- textDocument/inlayHint(50)
I[01:20:22.302] Failed to find compilation database for /home/amar/Code/summa/euler.m
I[01:20:22.302] ASTWorker building file /home/amar/Code/summa/euler.m version 12 with command clangd fallback
[/home/amar/Code/summa]
/usr/bin/clang -resource-dir=/usr/lib/clang/22 -- /home/amar/Code/summa/euler.m
I[01:20:22.305] --> textDocument/clangd.fileStatus
I[01:20:22.312] --> textDocument/publishDiagnostics
I[01:20:22.312] --> textDocument/inactiveRegions
I[01:20:22.312] --> reply:textDocument/inlayHint(50) 10 ms
I[01:20:22.312] --> textDocument/clangd.fileStatus
I[01:20:22.592] <-- textDocument/codeAction(51)
I[01:20:22.592] --> reply:textDocument/codeAction(51) 0 ms
I[01:20:22.593] --> textDocument/clangd.fileStatus
I[01:20:22.640] <-- textDocument/documentSymbol(52)
I[01:20:22.640] --> reply:textDocument/documentSymbol(52) 0 ms
I[01:20:22.640] --> textDocument/clangd.fileStatus
I[01:20:22.662] <-- textDocument/didChange
I[01:20:22.662] --> textDocument/clangd.fileStatus
I[01:20:22.695] <-- textDocument/inlayHint(53)
I[01:20:22.695] Failed to find compilation database for /home/amar/Code/summa/euler.m
I[01:20:22.696] ASTWorker building file /home/amar/Code/summa/euler.m version 13 with command clangd fallback
[/home/amar/Code/summa]
/usr/bin/clang -resource-dir=/usr/lib/clang/22 -- /home/amar/Code/summa/euler.m
I[01:20:22.698] --> textDocument/clangd.fileStatus
I[01:20:22.706] --> textDocument/publishDiagnostics
I[01:20:22.706] --> textDocument/inactiveRegions
I[01:20:22.706] --> reply:textDocument/inlayHint(53) 11 ms
I[01:20:22.707] --> textDocument/clangd.fileStatus
I[01:20:22.964] <-- textDocument/codeAction(54)
I[01:20:22.965] --> reply:textDocument/codeAction(54) 0 ms
I[01:20:22.965] --> textDocument/clangd.fileStatus
I[01:20:23.015] <-- textDocument/documentSymbol(55)
I[01:20:23.015] --> reply:textDocument/documentSymbol(55) 0 ms
I[01:20:23.015] --> textDocument/clangd.fileStatus
I[01:20:23.109] <-- textDocument/didChange
I[01:20:23.109] --> textDocument/clangd.fileStatus
I[01:20:23.134] <-- textDocument/inlayHint(56)
I[01:20:23.134] Failed to find compilation database for /home/amar/Code/summa/euler.m
I[01:20:23.134] ASTWorker building file /home/amar/Code/summa/euler.m version 14 with command clangd fallback
[/home/amar/Code/summa]
/usr/bin/clang -resource-dir=/usr/lib/clang/22 -- /home/amar/Code/summa/euler.m
I[01:20:23.136] --> textDocument/clangd.fileStatus
I[01:20:23.142] --> textDocument/publishDiagnostics
I[01:20:23.142] --> textDocument/inactiveRegions
I[01:20:23.142] --> reply:textDocument/inlayHint(56) 8 ms
I[01:20:23.142] --> textDocument/clangd.fileStatus
I[01:20:23.380] <-- textDocument/didChange
I[01:20:23.380] --> textDocument/clangd.fileStatus
I[01:20:23.382] <-- textDocument/completion(57)
I[01:20:23.391] Code complete: 0 results from Sema, 0 from Index, 0 matched, 0 from identifiers, 0 returned.
I[01:20:23.391] --> reply:textDocument/completion(57) 9 ms
I[01:20:23.405] <-- textDocument/inlayHint(58)
I[01:20:23.405] Failed to find compilation database for /home/amar/Code/summa/euler.m
I[01:20:23.406] ASTWorker building file /home/amar/Code/summa/euler.m version 15 with command clangd fallback
[/home/amar/Code/summa]
/usr/bin/clang -resource-dir=/usr/lib/clang/22 -- /home/amar/Code/summa/euler.m
I[01:20:23.408] --> textDocument/clangd.fileStatus
I[01:20:23.417] --> textDocument/publishDiagnostics
I[01:20:23.417] --> textDocument/inactiveRegions
I[01:20:23.417] --> reply:textDocument/inlayHint(58) 12 ms
I[01:20:23.417] --> textDocument/clangd.fileStatus
I[01:20:23.674] <-- textDocument/codeAction(59)
I[01:20:23.674] --> reply:textDocument/codeAction(59) 0 ms
I[01:20:23.674] --> textDocument/clangd.fileStatus
I[01:20:23.730] <-- textDocument/documentSymbol(60)
I[01:20:23.731] --> reply:textDocument/documentSymbol(60) 0 ms
I[01:20:23.731] --> textDocument/clangd.fileStatus
I[01:20:23.801] <-- textDocument/didChange
I[01:20:23.802] --> textDocument/clangd.fileStatus
I[01:20:23.827] <-- textDocument/inlayHint(61)
I[01:20:23.827] Failed to find compilation database for /home/amar/Code/summa/euler.m
I[01:20:23.828] ASTWorker building file /home/amar/Code/summa/euler.m version 16 with command clangd fallback
[/home/amar/Code/summa]
/usr/bin/clang -resource-dir=/usr/lib/clang/22 -- /home/amar/Code/summa/euler.m
I[01:20:23.830] --> textDocument/clangd.fileStatus
I[01:20:23.838] --> textDocument/publishDiagnostics
I[01:20:23.838] --> textDocument/inactiveRegions
I[01:20:23.838] --> reply:textDocument/inlayHint(61) 11 ms
I[01:20:23.838] --> textDocument/clangd.fileStatus
I[01:20:24.048] <-- textDocument/didChange
I[01:20:24.048] --> textDocument/clangd.fileStatus
I[01:20:24.077] <-- textDocument/inlayHint(62)
I[01:20:24.077] Failed to find compilation database for /home/amar/Code/summa/euler.m
I[01:20:24.078] ASTWorker building file /home/amar/Code/summa/euler.m version 17 with command clangd fallback
[/home/amar/Code/summa]
/usr/bin/clang -resource-dir=/usr/lib/clang/22 -- /home/amar/Code/summa/euler.m
I[01:20:24.080] --> textDocument/clangd.fileStatus
I[01:20:24.091] --> textDocument/publishDiagnostics
I[01:20:24.091] --> textDocument/inactiveRegions
I[01:20:24.091] --> reply:textDocument/inlayHint(62) 14 ms
I[01:20:24.091] --> textDocument/clangd.fileStatus
I[01:20:24.348] <-- textDocument/codeAction(63)
I[01:20:24.348] --> reply:textDocument/codeAction(63) 0 ms
I[01:20:24.348] --> textDocument/clangd.fileStatus
I[01:20:24.392] <-- textDocument/didChange
I[01:20:24.392] --> textDocument/clangd.fileStatus
I[01:20:24.416] <-- textDocument/inlayHint(64)
I[01:20:24.416] <-- textDocument/documentSymbol(65)
I[01:20:24.416] Failed to find compilation database for /home/amar/Code/summa/euler.m
I[01:20:24.417] ASTWorker building file /home/amar/Code/summa/euler.m version 18 with command clangd fallback
[/home/amar/Code/summa]
/usr/bin/clang -resource-dir=/usr/lib/clang/22 -- /home/amar/Code/summa/euler.m
I[01:20:24.418] --> textDocument/clangd.fileStatus
I[01:20:24.425] --> textDocument/publishDiagnostics
I[01:20:24.425] --> textDocument/inactiveRegions
I[01:20:24.425] --> reply:textDocument/inlayHint(64) 9 ms
I[01:20:24.425] --> reply:textDocument/documentSymbol(65) 9 ms
I[01:20:24.425] --> textDocument/clangd.fileStatus
I[01:20:24.744] <-- textDocument/documentSymbol(66)
I[01:20:24.745] --> reply:textDocument/documentSymbol(66) 0 ms
I[01:20:24.745] --> textDocument/clangd.fileStatus
I[01:20:25.193] <-- textDocument/inlayHint(67)
I[01:20:25.193] --> reply:textDocument/inlayHint(67) 0 ms
I[01:20:25.193] --> textDocument/clangd.fileStatus
I[01:20:25.392] <-- textDocument/documentLink(68)
I[01:20:25.392] --> reply:textDocument/documentLink(68) 0 ms
I[01:20:25.392] --> textDocument/clangd.fileStatus
I[01:20:25.411] <-- textDocument/didSave
I[01:20:25.412] File version went from 1 to 1
I[01:20:25.412] File version went from 18 to 18
I[01:20:25.412] --> textDocument/clangd.fileStatus
I[01:20:25.412] --> textDocument/clangd.fileStatus
I[01:20:25.462] Failed to find compilation database for /home/amar/Code/summa/euler.m
I[01:20:25.462] Failed to find compilation database for /home/amar/Code/CAN/main.c
I[01:20:25.462] ASTWorker building file /home/amar/Code/summa/euler.m version 18 with command clangd fallback
[/home/amar/Code/summa]
/usr/bin/clang -resource-dir=/usr/lib/clang/22 -- /home/amar/Code/summa/euler.m
I[01:20:25.462] ASTWorker building file /home/amar/Code/CAN/main.c version 1 with command clangd fallback
[/home/amar/Code/CAN]
/usr/bin/clang -resource-dir=/usr/lib/clang/22 -- /home/amar/Code/CAN/main.c
I[01:20:25.463] --> textDocument/clangd.fileStatus
I[01:20:25.463] --> textDocument/clangd.fileStatus
I[01:20:25.464] --> textDocument/clangd.fileStatus
I[01:20:25.464] --> textDocument/clangd.fileStatus
I[01:20:25.464] --> textDocument/clangd.fileStatus
I[01:20:25.464] --> textDocument/clangd.fileStatus
I[01:20:25.464] --> textDocument/clangd.fileStatus
I[01:20:25.464] --> textDocument/clangd.fileStatus
I[01:20:26.536] <-- textDocument/codeAction(69)
I[01:20:26.536] --> reply:textDocument/codeAction(69) 0 ms
I[01:20:26.537] --> textDocument/clangd.fileStatus
I[01:20:26.895] <-- textDocument/didChange
I[01:20:26.895] --> textDocument/clangd.fileStatus
I[01:20:26.924] <-- textDocument/inlayHint(70)
I[01:20:26.924] Failed to find compilation database for /home/amar/Code/summa/euler.m
I[01:20:26.925] ASTWorker building file /home/amar/Code/summa/euler.m version 19 with command clangd fallback
[/home/amar/Code/summa]
/usr/bin/clang -resource-dir=/usr/lib/clang/22 -- /home/amar/Code/summa/euler.m
I[01:20:26.926] --> textDocument/clangd.fileStatus
I[01:20:26.933] --> textDocument/publishDiagnostics
I[01:20:26.933] --> textDocument/inactiveRegions
I[01:20:26.933] --> reply:textDocument/inlayHint(70) 9 ms
I[01:20:26.933] --> textDocument/clangd.fileStatus
I[01:20:27.194] <-- textDocument/codeAction(71)
I[01:20:27.194] --> reply:textDocument/codeAction(71) 0 ms
I[01:20:27.194] --> textDocument/clangd.fileStatus
I[01:20:27.249] <-- textDocument/documentSymbol(72)
I[01:20:27.249] --> reply:textDocument/documentSymbol(72) 0 ms
I[01:20:27.250] --> textDocument/clangd.fileStatus
I[01:20:27.664] <-- textDocument/codeAction(73)
I[01:20:27.664] --> reply:textDocument/codeAction(73) 0 ms
I[01:20:27.664] --> textDocument/clangd.fileStatus
I[01:20:27.699] <-- textDocument/inlayHint(74)
I[01:20:27.699] --> reply:textDocument/inlayHint(74) 0 ms
I[01:20:27.699] --> textDocument/clangd.fileStatus
I[01:20:27.751] <-- textDocument/didChange
I[01:20:27.751] --> textDocument/clangd.fileStatus
I[01:20:27.777] <-- textDocument/inlayHint(75)
I[01:20:27.777] Failed to find compilation database for /home/amar/Code/summa/euler.m
I[01:20:27.778] ASTWorker building file /home/amar/Code/summa/euler.m version 20 with command clangd fallback
[/home/amar/Code/summa]
/usr/bin/clang -resource-dir=/usr/lib/clang/22 -- /home/amar/Code/summa/euler.m
I[01:20:27.780] --> textDocument/clangd.fileStatus
I[01:20:27.788] --> textDocument/publishDiagnostics
I[01:20:27.788] --> textDocument/inactiveRegions
I[01:20:27.788] --> reply:textDocument/inlayHint(75) 11 ms
I[01:20:27.788] --> textDocument/clangd.fileStatus
I[01:20:27.885] <-- textDocument/inlayHint(76)
I[01:20:27.885] --> reply:textDocument/inlayHint(76) 0 ms
I[01:20:27.885] --> textDocument/clangd.fileStatus
I[01:20:28.059] <-- textDocument/codeAction(77)
I[01:20:28.060] --> reply:textDocument/codeAction(77) 0 ms
I[01:20:28.060] --> textDocument/clangd.fileStatus
I[01:20:28.110] <-- textDocument/documentSymbol(78)
I[01:20:28.110] --> reply:textDocument/documentSymbol(78) 0 ms
I[01:20:28.110] --> textDocument/clangd.fileStatus
I[01:20:28.551] <-- textDocument/inlayHint(79)
I[01:20:28.552] --> reply:textDocument/inlayHint(79) 0 ms
I[01:20:28.552] --> textDocument/clangd.fileStatus
I[01:20:28.615] <-- textDocument/codeAction(80)
I[01:20:28.615] --> reply:textDocument/codeAction(80) 0 ms
I[01:20:28.615] --> textDocument/clangd.fileStatus
I[01:20:28.751] <-- textDocument/documentLink(81)
I[01:20:28.751] --> reply:textDocument/documentLink(81) 0 ms
I[01:20:28.751] --> textDocument/clangd.fileStatus
I[01:20:28.777] <-- textDocument/didSave
I[01:20:28.777] File version went from 1 to 1
I[01:20:28.777] File version went from 20 to 20
I[01:20:28.777] --> textDocument/clangd.fileStatus
I[01:20:28.778] --> textDocument/clangd.fileStatus
I[01:20:28.828] Failed to find compilation database for /home/amar/Code/summa/euler.m
I[01:20:28.828] Failed to find compilation database for /home/amar/Code/CAN/main.c
I[01:20:28.828] ASTWorker building file /home/amar/Code/summa/euler.m version 20 with command clangd fallback
[/home/amar/Code/summa]
/usr/bin/clang -resource-dir=/usr/lib/clang/22 -- /home/amar/Code/summa/euler.m
I[01:20:28.828] ASTWorker building file /home/amar/Code/CAN/main.c version 1 with command clangd fallback
[/home/amar/Code/CAN]
/usr/bin/clang -resource-dir=/usr/lib/clang/22 -- /home/amar/Code/CAN/main.c
I[01:20:28.830] --> textDocument/clangd.fileStatus
I[01:20:28.830] --> textDocument/clangd.fileStatus
I[01:20:28.830] --> textDocument/clangd.fileStatus
I[01:20:28.830] --> textDocument/clangd.fileStatus
I[01:20:28.830] --> textDocument/clangd.fileStatus
I[01:20:28.830] --> textDocument/clangd.fileStatus
I[01:20:28.831] --> textDocument/clangd.fileStatus
I[01:20:28.831] --> textDocument/clangd.fileStatus
I[01:20:29.485] <-- textDocument/codeAction(82)
I[01:20:29.486] --> reply:textDocument/codeAction(82) 0 ms
I[01:20:29.486] --> textDocument/clangd.fileStatus
I[01:20:29.841] <-- textDocument/didChange
I[01:20:29.841] --> textDocument/clangd.fileStatus
I[01:20:29.877] <-- textDocument/inlayHint(83)
I[01:20:29.877] Failed to find compilation database for /home/amar/Code/summa/euler.m
I[01:20:29.878] ASTWorker building file /home/amar/Code/summa/euler.m version 21 with command clangd fallback
[/home/amar/Code/summa]
/usr/bin/clang -resource-dir=/usr/lib/clang/22 -- /home/amar/Code/summa/euler.m
I[01:20:29.880] --> textDocument/clangd.fileStatus
I[01:20:29.892] --> textDocument/publishDiagnostics
I[01:20:29.892] --> textDocument/inactiveRegions
I[01:20:29.892] --> reply:textDocument/inlayHint(83) 15 ms
I[01:20:29.892] --> textDocument/clangd.fileStatus
I[01:20:30.162] <-- textDocument/codeAction(84)
I[01:20:30.162] --> reply:textDocument/codeAction(84) 0 ms
I[01:20:30.163] --> textDocument/clangd.fileStatus
I[01:20:30.208] <-- textDocument/documentSymbol(85)
I[01:20:30.208] --> reply:textDocument/documentSymbol(85) 0 ms
I[01:20:30.208] --> textDocument/clangd.fileStatus
I[01:20:30.657] <-- textDocument/inlayHint(86)
I[01:20:30.657] --> reply:textDocument/inlayHint(86) 0 ms
I[01:20:30.658] --> textDocument/clangd.fileStatus
I[01:20:30.843] <-- textDocument/documentLink(87)
I[01:20:30.844] --> reply:textDocument/documentLink(87) 0 ms
I[01:20:30.844] --> textDocument/clangd.fileStatus
I[01:20:30.863] <-- textDocument/didSave
I[01:20:30.863] File version went from 1 to 1
I[01:20:30.863] File version went from 21 to 21
I[01:20:30.863] --> textDocument/clangd.fileStatus
I[01:20:30.863] --> textDocument/clangd.fileStatus
I[01:20:30.913] Failed to find compilation database for /home/amar/Code/summa/euler.m
I[01:20:30.914] Failed to find compilation database for /home/amar/Code/CAN/main.c
I[01:20:30.914] ASTWorker building file /home/amar/Code/summa/euler.m version 21 with command clangd fallback
[/home/amar/Code/summa]
/usr/bin/clang -resource-dir=/usr/lib/clang/22 -- /home/amar/Code/summa/euler.m
I[01:20:30.914] ASTWorker building file /home/amar/Code/CAN/main.c version 1 with command clangd fallback
[/home/amar/Code/CAN]
/usr/bin/clang -resource-dir=/usr/lib/clang/22 -- /home/amar/Code/CAN/main.c
I[01:20:30.916] --> textDocument/clangd.fileStatus
I[01:20:30.916] --> textDocument/clangd.fileStatus
I[01:20:30.916] --> textDocument/clangd.fileStatus
I[01:20:30.916] --> textDocument/clangd.fileStatus
I[01:20:30.916] --> textDocument/clangd.fileStatus
I[01:20:30.916] --> textDocument/clangd.fileStatus
I[01:20:30.916] --> textDocument/clangd.fileStatus
I[01:20:30.916] --> textDocument/clangd.fileStatus
I[01:20:31.277] <-- $/setTrace
I[01:20:31.277] unhandled notification $/setTrace
I[01:20:31.317] <-- textDocument/inlayHint(88)
I[01:20:31.317] --> reply:textDocument/inlayHint(88) 0 ms
I[01:20:31.317] --> textDocument/clangd.fileStatus
I[01:20:31.695] <-- $/setTrace
I[01:20:31.695] unhandled notification $/setTrace
I[01:20:37.463] <-- textDocument/didChange
I[01:20:37.463] --> textDocument/clangd.fileStatus
I[01:20:37.500] <-- textDocument/inlayHint(89)
I[01:20:37.500] Failed to find compilation database for /home/amar/Code/summa/euler.m
I[01:20:37.501] ASTWorker building file /home/amar/Code/summa/euler.m version 22 with command clangd fallback
[/home/amar/Code/summa]
/usr/bin/clang -resource-dir=/usr/lib/clang/22 -- /home/amar/Code/summa/euler.m
I[01:20:37.503] --> textDocument/clangd.fileStatus
I[01:20:37.511] --> textDocument/publishDiagnostics
I[01:20:37.511] --> textDocument/inactiveRegions
I[01:20:37.511] --> reply:textDocument/inlayHint(89) 11 ms
I[01:20:37.511] --> textDocument/clangd.fileStatus
I[01:20:37.765] <-- textDocument/didChange
I[01:20:37.765] --> textDocument/clangd.fileStatus
I[01:20:37.800] <-- textDocument/inlayHint(90)
I[01:20:37.800] Failed to find compilation database for /home/amar/Code/summa/euler.m
I[01:20:37.801] ASTWorker building file /home/amar/Code/summa/euler.m version 23 with command clangd fallback
[/home/amar/Code/summa]
/usr/bin/clang -resource-dir=/usr/lib/clang/22 -- /home/amar/Code/summa/euler.m
I[01:20:37.802] --> textDocument/clangd.fileStatus
I[01:20:37.809] --> textDocument/publishDiagnostics
I[01:20:37.809] --> textDocument/inactiveRegions
I[01:20:37.809] --> reply:textDocument/inlayHint(90) 8 ms
I[01:20:37.809] --> textDocument/clangd.fileStatus
I[01:20:38.118] <-- textDocument/documentSymbol(91)
I[01:20:38.118] --> reply:textDocument/documentSymbol(91) 0 ms
I[01:20:38.118] --> textDocument/clangd.fileStatus
I[01:20:38.564] <-- textDocument/inlayHint(92)
I[01:20:38.564] --> reply:textDocument/inlayHint(92) 0 ms
I[01:20:38.564] --> textDocument/clangd.fileStatus
I[01:20:38.755] <-- textDocument/didChange
I[01:20:38.755] --> textDocument/clangd.fileStatus
I[01:20:38.770] <-- textDocument/completion(93)
I[01:20:38.782] Code complete: sema context TopLevel, query scopes [] (AnyScope=true), expected type <none>
I[01:20:38.782] Code complete: 0 results from Sema, 100 from Index, 0 matched, 0 from identifiers, 100 returned (incomplete).
I[01:20:38.788] --> reply:textDocument/completion(93) 17 ms
I[01:20:38.805] Failed to find compilation database for /home/amar/Code/summa/euler.m
I[01:20:38.806] ASTWorker building file /home/amar/Code/summa/euler.m version 24 with command clangd fallback
[/home/amar/Code/summa]
/usr/bin/clang -resource-dir=/usr/lib/clang/22 -- /home/amar/Code/summa/euler.m
I[01:20:38.808] --> textDocument/clangd.fileStatus
I[01:20:38.810] <-- textDocument/inlayHint(94)
I[01:20:38.818] --> textDocument/publishDiagnostics
I[01:20:38.819] --> textDocument/inactiveRegions
I[01:20:38.819] --> reply:textDocument/inlayHint(94) 8 ms
I[01:20:38.819] --> textDocument/clangd.fileStatus
I[01:20:38.894] <-- textDocument/didChange
I[01:20:38.894] --> textDocument/clangd.fileStatus
I[01:20:38.897] <-- textDocument/completion(95)
I[01:20:38.904] Code complete: sema context TopLevel, query scopes [] (AnyScope=true), expected type <none>
I[01:20:38.904] Code complete: 0 results from Sema, 1 from Index, 0 matched, 0 from identifiers, 1 returned (incomplete).
I[01:20:38.904] --> reply:textDocument/completion(95) 6 ms
I[01:20:38.938] <-- textDocument/inlayHint(96)
I[01:20:38.938] Failed to find compilation database for /home/amar/Code/summa/euler.m
I[01:20:38.939] ASTWorker building file /home/amar/Code/summa/euler.m version 25 with command clangd fallback
[/home/amar/Code/summa]
/usr/bin/clang -resource-dir=/usr/lib/clang/22 -- /home/amar/Code/summa/euler.m
I[01:20:38.941] --> textDocument/clangd.fileStatus
I[01:20:38.952] --> textDocument/publishDiagnostics
I[01:20:38.952] --> textDocument/inactiveRegions
I[01:20:38.952] --> reply:textDocument/inlayHint(96) 14 ms
I[01:20:38.952] --> textDocument/clangd.fileStatus
I[01:20:39.061] <-- textDocument/didChange
I[01:20:39.062] --> textDocument/clangd.fileStatus
I[01:20:39.064] <-- textDocument/completion(97)
I[01:20:39.072] Code complete: sema context TopLevel, query scopes [] (AnyScope=true), expected type <none>
I[01:20:39.072] Code complete: 0 results from Sema, 0 from Index, 0 matched, 0 from identifiers, 0 returned.
I[01:20:39.072] --> reply:textDocument/completion(97) 8 ms
I[01:20:39.111] <-- textDocument/inlayHint(98)
I[01:20:39.111] Failed to find compilation database for /home/amar/Code/summa/euler.m
I[01:20:39.112] ASTWorker building file /home/amar/Code/summa/euler.m version 26 with command clangd fallback
[/home/amar/Code/summa]
/usr/bin/clang -resource-dir=/usr/lib/clang/22 -- /home/amar/Code/summa/euler.m
I[01:20:39.114] --> textDocument/clangd.fileStatus
I[01:20:39.122] --> textDocument/publishDiagnostics
I[01:20:39.122] --> textDocument/inactiveRegions
I[01:20:39.123] --> reply:textDocument/inlayHint(98) 11 ms
I[01:20:39.123] --> textDocument/clangd.fileStatus
I[01:20:39.279] <-- textDocument/didChange
I[01:20:39.280] --> textDocument/clangd.fileStatus
I[01:20:39.290] <-- textDocument/completion(99)
I[01:20:39.300] Code complete: sema context TopLevel, query scopes [] (AnyScope=true), expected type <none>
I[01:20:39.300] Code complete: 0 results from Sema, 0 from Index, 0 matched, 0 from identifiers, 0 returned.
I[01:20:39.300] --> reply:textDocument/completion(99) 9 ms
I[01:20:39.306] <-- textDocument/inlayHint(100)
I[01:20:39.306] Failed to find compilation database for /home/amar/Code/summa/euler.m
I[01:20:39.307] ASTWorker building file /home/amar/Code/summa/euler.m version 27 with command clangd fallback
[/home/amar/Code/summa]
/usr/bin/clang -resource-dir=/usr/lib/clang/22 -- /home/amar/Code/summa/euler.m
I[01:20:39.309] --> textDocument/clangd.fileStatus
I[01:20:39.318] --> textDocument/publishDiagnostics
I[01:20:39.318] --> textDocument/inactiveRegions
I[01:20:39.319] --> reply:textDocument/inlayHint(100) 12 ms
I[01:20:39.319] --> textDocument/clangd.fileStatus
I[01:20:39.432] <-- textDocument/didChange
I[01:20:39.432] --> textDocument/clangd.fileStatus
I[01:20:39.442] <-- textDocument/completion(101)
I[01:20:39.452] Code complete: sema context TopLevel, query scopes [] (AnyScope=true), expected type <none>
I[01:20:39.452] Code complete: 0 results from Sema, 0 from Index, 0 matched, 0 from identifiers, 0 returned.
I[01:20:39.452] --> reply:textDocument/completion(101) 10 ms
I[01:20:39.457] <-- textDocument/inlayHint(102)
I[01:20:39.457] Failed to find compilation database for /home/amar/Code/summa/euler.m
I[01:20:39.458] ASTWorker building file /home/amar/Code/summa/euler.m version 28 with command clangd fallback
[/home/amar/Code/summa]
/usr/bin/clang -resource-dir=/usr/lib/clang/22 -- /home/amar/Code/summa/euler.m
I[01:20:39.460] --> textDocument/clangd.fileStatus
I[01:20:39.466] --> textDocument/publishDiagnostics
I[01:20:39.466] --> textDocument/inactiveRegions
I[01:20:39.466] --> reply:textDocument/inlayHint(102) 9 ms
I[01:20:39.466] --> textDocument/clangd.fileStatus
I[01:20:39.723] <-- textDocument/codeAction(103)
I[01:20:39.723] --> reply:textDocument/codeAction(103) 0 ms
I[01:20:39.723] --> textDocument/clangd.fileStatus
I[01:20:39.781] <-- textDocument/documentSymbol(104)
I[01:20:39.782] --> reply:textDocument/documentSymbol(104) 0 ms
I[01:20:39.782] --> textDocument/clangd.fileStatus
I[01:20:40.231] <-- textDocument/inlayHint(105)
I[01:20:40.232] --> reply:textDocument/inlayHint(105) 0 ms
I[01:20:40.232] --> textDocument/clangd.fileStatus
I[01:20:40.412] <-- textDocument/didChange
I[01:20:40.412] --> textDocument/clangd.fileStatus
I[01:20:40.440] <-- textDocument/inlayHint(106)
I[01:20:40.440] Failed to find compilation database for /home/amar/Code/summa/euler.m
I[01:20:40.441] ASTWorker building file /home/amar/Code/summa/euler.m version 29 with command clangd fallback
[/home/amar/Code/summa]
/usr/bin/clang -resource-dir=/usr/lib/clang/22 -- /home/amar/Code/summa/euler.m
I[01:20:40.443] --> textDocument/clangd.fileStatus
I[01:20:40.456] --> textDocument/publishDiagnostics
I[01:20:40.456] --> textDocument/inactiveRegions
I[01:20:40.456] --> reply:textDocument/inlayHint(106) 15 ms
I[01:20:40.456] --> textDocument/clangd.fileStatus
I[01:20:40.769] <-- textDocument/documentSymbol(107)
I[01:20:40.769] --> reply:textDocument/documentSymbol(107) 0 ms
I[01:20:40.769] --> textDocument/clangd.fileStatus
I[01:20:40.870] <-- textDocument/didChange
I[01:20:40.871] --> textDocument/clangd.fileStatus
I[01:20:40.900] <-- textDocument/completion(108)
I[01:20:40.903] <-- textDocument/inlayHint(109)
I[01:20:40.903] Failed to find compilation database for /home/amar/Code/summa/euler.m
I[01:20:40.903] ASTWorker building file /home/amar/Code/summa/euler.m version 30 with command clangd fallback
[/home/amar/Code/summa]
/usr/bin/clang -resource-dir=/usr/lib/clang/22 -- /home/amar/Code/summa/euler.m
I[01:20:40.905] --> textDocument/clangd.fileStatus
I[01:20:40.911] Code complete: sema context TopLevel, query scopes [] (AnyScope=true), expected type <none>
I[01:20:40.911] Code complete: 0 results from Sema, 9 from Index, 0 matched, 0 from identifiers, 9 returned (incomplete).
I[01:20:40.911] --> reply:textDocument/completion(108) 11 ms
I[01:20:40.912] --> textDocument/publishDiagnostics
I[01:20:40.912] --> textDocument/inactiveRegions
I[01:20:40.912] --> reply:textDocument/inlayHint(109) 9 ms
I[01:20:40.912] --> textDocument/clangd.fileStatus
I[01:20:41.197] <-- textDocument/codeAction(110)
I[01:20:41.197] --> reply:textDocument/codeAction(110) 0 ms
I[01:20:41.197] --> textDocument/clangd.fileStatus
I[01:20:41.237] <-- textDocument/didChange
I[01:20:41.237] --> textDocument/clangd.fileStatus
I[01:20:41.246] <-- textDocument/completion(111)
I[01:20:41.246] --> reply:textDocument/completion(111) 0 ms
I[01:20:41.261] <-- textDocument/documentSymbol(112)
I[01:20:41.261] Failed to find compilation database for /home/amar/Code/summa/euler.m
I[01:20:41.262] ASTWorker building file /home/amar/Code/summa/euler.m version 31 with command clangd fallback
[/home/amar/Code/summa]
/usr/bin/clang -resource-dir=/usr/lib/clang/22 -- /home/amar/Code/summa/euler.m
I[01:20:41.264] --> textDocument/clangd.fileStatus
I[01:20:41.266] <-- textDocument/inlayHint(113)
I[01:20:41.274] --> textDocument/publishDiagnostics
I[01:20:41.274] --> textDocument/inactiveRegions
I[01:20:41.274] --> reply:textDocument/documentSymbol(112) 13 ms
I[01:20:41.274] --> reply:textDocument/inlayHint(113) 8 ms
I[01:20:41.275] --> textDocument/clangd.fileStatus
I[01:20:41.369] <-- textDocument/signatureHelp(114)
I[01:20:41.377] --> reply:textDocument/signatureHelp(114) 8 ms
I[01:20:41.532] <-- textDocument/codeAction(115)
I[01:20:41.533] --> reply:textDocument/codeAction(115) 0 ms
I[01:20:41.533] --> textDocument/clangd.fileStatus
I[01:20:41.590] <-- textDocument/documentSymbol(116)
I[01:20:41.590] --> reply:textDocument/documentSymbol(116) 0 ms
I[01:20:41.590] --> textDocument/clangd.fileStatus
I[01:20:42.041] <-- textDocument/inlayHint(117)
I[01:20:42.041] --> reply:textDocument/inlayHint(117) 0 ms
I[01:20:42.042] --> textDocument/clangd.fileStatus
I[01:20:42.240] <-- textDocument/documentLink(118)
I[01:20:42.240] --> reply:textDocument/documentLink(118) 0 ms
I[01:20:42.240] --> textDocument/clangd.fileStatus
I[01:20:42.261] <-- textDocument/didSave
I[01:20:42.261] File version went from 1 to 1
I[01:20:42.261] File version went from 31 to 31
I[01:20:42.261] --> textDocument/clangd.fileStatus
I[01:20:42.261] --> textDocument/clangd.fileStatus
I[01:20:42.311] Failed to find compilation database for /home/amar/Code/CAN/main.c
I[01:20:42.311] ASTWorker building file /home/amar/Code/CAN/main.c version 1 with command clangd fallback
[/home/amar/Code/CAN]
/usr/bin/clang -resource-dir=/usr/lib/clang/22 -- /home/amar/Code/CAN/main.c
I[01:20:42.312] Failed to find compilation database for /home/amar/Code/summa/euler.m
I[01:20:42.312] ASTWorker building file /home/amar/Code/summa/euler.m version 31 with command clangd fallback
[/home/amar/Code/summa]
/usr/bin/clang -resource-dir=/usr/lib/clang/22 -- /home/amar/Code/summa/euler.m
I[01:20:42.314] --> textDocument/clangd.fileStatus
I[01:20:42.314] --> textDocument/clangd.fileStatus
I[01:20:42.314] --> textDocument/clangd.fileStatus
I[01:20:42.314] --> textDocument/clangd.fileStatus
I[01:20:42.314] --> textDocument/clangd.fileStatus
I[01:20:42.314] --> textDocument/clangd.fileStatus
I[01:20:42.314] --> textDocument/clangd.fileStatus
I[01:20:42.314] --> textDocument/clangd.fileStatus
I[01:20:42.379] <-- textDocument/didChange
I[01:20:42.379] --> textDocument/clangd.fileStatus
I[01:20:42.404] <-- textDocument/inlayHint(119)
I[01:20:42.404] Failed to find compilation database for /home/amar/Code/summa/euler.m
I[01:20:42.404] ASTWorker building file /home/amar/Code/summa/euler.m version 32 with command clangd fallback
[/home/amar/Code/summa]
/usr/bin/clang -resource-dir=/usr/lib/clang/22 -- /home/amar/Code/summa/euler.m
I[01:20:42.406] --> textDocument/clangd.fileStatus
I[01:20:42.417] --> textDocument/publishDiagnostics
I[01:20:42.417] --> textDocument/inactiveRegions
I[01:20:42.417] --> reply:textDocument/inlayHint(119) 13 ms
I[01:20:42.417] --> textDocument/clangd.fileStatus
I[01:20:42.675] <-- textDocument/codeAction(120)
I[01:20:42.676] --> reply:textDocument/codeAction(120) 0 ms
I[01:20:42.676] --> textDocument/clangd.fileStatus
I[01:20:42.732] <-- textDocument/documentSymbol(121)
I[01:20:42.732] --> reply:textDocument/documentSymbol(121) 0 ms
I[01:20:42.732] --> textDocument/clangd.fileStatus
I[01:20:43.180] <-- textDocument/inlayHint(122)
I[01:20:43.180] --> reply:textDocument/inlayHint(122) 0 ms
I[01:20:43.181] --> textDocument/clangd.fileStatus
I[01:20:43.380] <-- textDocument/documentLink(123)
I[01:20:43.381] --> reply:textDocument/documentLink(123) 0 ms
I[01:20:43.381] --> textDocument/clangd.fileStatus
I[01:20:43.403] <-- textDocument/didSave
I[01:20:43.404] File version went from 1 to 1
I[01:20:43.404] File version went from 32 to 32
I[01:20:43.404] --> textDocument/clangd.fileStatus
I[01:20:43.404] --> textDocument/clangd.fileStatus
I[01:20:43.454] Failed to find compilation database for /home/amar/Code/CAN/main.c
I[01:20:43.454] Failed to find compilation database for /home/amar/Code/summa/euler.m
I[01:20:43.454] ASTWorker building file /home/amar/Code/CAN/main.c version 1 with command clangd fallback
[/home/amar/Code/CAN]
/usr/bin/clang -resource-dir=/usr/lib/clang/22 -- /home/amar/Code/CAN/main.c
I[01:20:43.454] ASTWorker building file /home/amar/Code/summa/euler.m version 32 with command clangd fallback
[/home/amar/Code/summa]
/usr/bin/clang -resource-dir=/usr/lib/clang/22 -- /home/amar/Code/summa/euler.m
I[01:20:43.456] --> textDocument/clangd.fileStatus
I[01:20:43.456] --> textDocument/clangd.fileStatus
I[01:20:43.457] --> textDocument/clangd.fileStatus
I[01:20:43.457] --> textDocument/clangd.fileStatus
I[01:20:43.457] --> textDocument/clangd.fileStatus
I[01:20:43.457] --> textDocument/clangd.fileStatus
I[01:20:43.457] --> textDocument/clangd.fileStatus
I[01:20:43.457] --> textDocument/clangd.fileStatus
I[01:20:44.104] <-- textDocument/didChange
I[01:20:44.104] --> textDocument/clangd.fileStatus
I[01:20:44.129] <-- textDocument/inlayHint(124)
I[01:20:44.129] Failed to find compilation database for /home/amar/Code/summa/euler.m
I[01:20:44.129] ASTWorker building file /home/amar/Code/summa/euler.m version 33 with command clangd fallback
[/home/amar/Code/summa]
/usr/bin/clang -resource-dir=/usr/lib/clang/22 -- /home/amar/Code/summa/euler.m
I[01:20:44.132] --> textDocument/clangd.fileStatus
I[01:20:44.142] --> textDocument/publishDiagnostics
I[01:20:44.142] --> textDocument/inactiveRegions
I[01:20:44.143] --> reply:textDocument/inlayHint(124) 14 ms
I[01:20:44.143] --> textDocument/clangd.fileStatus
I[01:20:44.454] <-- textDocument/documentSymbol(125)
I[01:20:44.455] --> reply:textDocument/documentSymbol(125) 0 ms
I[01:20:44.455] --> textDocument/clangd.fileStatus
I[01:20:44.904] <-- textDocument/inlayHint(126)
I[01:20:44.904] --> reply:textDocument/inlayHint(126) 0 ms
I[01:20:44.904] --> textDocument/clangd.fileStatus
I[01:20:45.104] <-- textDocument/documentLink(127)
I[01:20:45.105] --> reply:textDocument/documentLink(127) 0 ms
I[01:20:45.105] --> textDocument/clangd.fileStatus
I[01:20:45.124] <-- textDocument/didSave
I[01:20:45.124] File version went from 1 to 1
I[01:20:45.124] File version went from 33 to 33
I[01:20:45.124] --> textDocument/clangd.fileStatus
I[01:20:45.124] --> textDocument/clangd.fileStatus
I[01:20:45.174] Failed to find compilation database for /home/amar/Code/CAN/main.c
I[01:20:45.174] Failed to find compilation database for /home/amar/Code/summa/euler.m
I[01:20:45.174] ASTWorker building file /home/amar/Code/CAN/main.c version 1 with command clangd fallback
[/home/amar/Code/CAN]
/usr/bin/clang -resource-dir=/usr/lib/clang/22 -- /home/amar/Code/CAN/main.c
I[01:20:45.175] ASTWorker building file /home/amar/Code/summa/euler.m version 33 with command clangd fallback
[/home/amar/Code/summa]
/usr/bin/clang -resource-dir=/usr/lib/clang/22 -- /home/amar/Code/summa/euler.m
I[01:20:45.177] --> textDocument/clangd.fileStatus
I[01:20:45.177] --> textDocument/clangd.fileStatus
I[01:20:45.177] --> textDocument/clangd.fileStatus
I[01:20:45.177] --> textDocument/clangd.fileStatus
I[01:20:45.177] --> textDocument/clangd.fileStatus
I[01:20:45.177] --> textDocument/clangd.fileStatus
I[01:20:45.177] --> textDocument/clangd.fileStatus
I[01:20:45.178] --> textDocument/clangd.fileStatus
I[01:20:45.294] <-- textDocument/didChange
I[01:20:45.295] --> textDocument/clangd.fileStatus
I[01:20:45.326] <-- textDocument/inlayHint(128)
I[01:20:45.326] Failed to find compilation database for /home/amar/Code/summa/euler.m
I[01:20:45.326] ASTWorker building file /home/amar/Code/summa/euler.m version 34 with command clangd fallback
[/home/amar/Code/summa]
/usr/bin/clang -resource-dir=/usr/lib/clang/22 -- /home/amar/Code/summa/euler.m
I[01:20:45.328] --> textDocument/clangd.fileStatus
I[01:20:45.334] --> textDocument/publishDiagnostics
I[01:20:45.334] --> textDocument/inactiveRegions
I[01:20:45.334] --> reply:textDocument/inlayHint(128) 8 ms
I[01:20:45.334] --> textDocument/clangd.fileStatus
I[01:20:45.647] <-- textDocument/documentSymbol(129)
I[01:20:45.647] --> reply:textDocument/documentSymbol(129) 0 ms
I[01:20:45.647] --> textDocument/clangd.fileStatus
I[01:20:46.097] <-- textDocument/inlayHint(130)
I[01:20:46.097] --> reply:textDocument/inlayHint(130) 0 ms
I[01:20:46.097] --> textDocument/clangd.fileStatus
I[01:20:46.297] <-- textDocument/documentLink(131)
I[01:20:46.297] --> reply:textDocument/documentLink(131) 0 ms
I[01:20:46.297] --> textDocument/clangd.fileStatus
I[01:20:46.317] <-- textDocument/didSave
I[01:20:46.317] File version went from 1 to 1
I[01:20:46.317] File version went from 34 to 34
I[01:20:46.317] --> textDocument/clangd.fileStatus
I[01:20:46.317] --> textDocument/clangd.fileStatus
I[01:20:46.367] Failed to find compilation database for /home/amar/Code/CAN/main.c
I[01:20:46.367] Failed to find compilation database for /home/amar/Code/summa/euler.m
I[01:20:46.367] ASTWorker building file /home/amar/Code/CAN/main.c version 1 with command clangd fallback
[/home/amar/Code/CAN]
/usr/bin/clang -resource-dir=/usr/lib/clang/22 -- /home/amar/Code/CAN/main.c
I[01:20:46.368] ASTWorker building file /home/amar/Code/summa/euler.m version 34 with command clangd fallback
[/home/amar/Code/summa]
/usr/bin/clang -resource-dir=/usr/lib/clang/22 -- /home/amar/Code/summa/euler.m
I[01:20:46.370] --> textDocument/clangd.fileStatus
I[01:20:46.370] --> textDocument/clangd.fileStatus
I[01:20:46.370] --> textDocument/clangd.fileStatus
I[01:20:46.370] --> textDocument/clangd.fileStatus
I[01:20:46.370] --> textDocument/clangd.fileStatus
I[01:20:46.370] --> textDocument/clangd.fileStatus
I[01:20:46.370] --> textDocument/clangd.fileStatus
I[01:20:46.370] --> textDocument/clangd.fileStatus
I[01:20:46.396] <-- textDocument/didChange
I[01:20:46.397] --> textDocument/clangd.fileStatus
I[01:20:46.414] <-- textDocument/completion(132)
I[01:20:46.421] Code complete: sema context TopLevel, query scopes [] (AnyScope=true), expected type <none>
I[01:20:46.421] Code complete: 5 results from Sema, 100 from Index, 0 matched, 0 from identifiers, 100 returned (incomplete).
I[01:20:46.423] --> reply:textDocument/completion(132) 9 ms
I[01:20:46.424] <-- textDocument/inlayHint(133)
I[01:20:46.424] Failed to find compilation database for /home/amar/Code/summa/euler.m
I[01:20:46.424] ASTWorker building file /home/amar/Code/summa/euler.m version 35 with command clangd fallback
[/home/amar/Code/summa]
/usr/bin/clang -resource-dir=/usr/lib/clang/22 -- /home/amar/Code/summa/euler.m
I[01:20:46.427] --> textDocument/clangd.fileStatus
I[01:20:46.437] --> textDocument/publishDiagnostics
I[01:20:46.437] --> textDocument/inactiveRegions
I[01:20:46.437] --> reply:textDocument/inlayHint(133) 13 ms
I[01:20:46.437] --> textDocument/clangd.fileStatus
I[01:20:46.556] <-- textDocument/didChange
I[01:20:46.557] --> textDocument/clangd.fileStatus
I[01:20:46.559] <-- textDocument/completion(134)
I[01:20:46.570] Code complete: sema context TopLevel, query scopes [] (AnyScope=true), expected type <none>
I[01:20:46.570] Code complete: 0 results from Sema, 41 from Index, 0 matched, 0 from identifiers, 41 returned (incomplete).
I[01:20:46.572] --> reply:textDocument/completion(134) 12 ms
I[01:20:46.580] <-- textDocument/inlayHint(135)
I[01:20:46.580] Failed to find compilation database for /home/amar/Code/summa/euler.m
I[01:20:46.581] ASTWorker building file /home/amar/Code/summa/euler.m version 36 with command clangd fallback
[/home/amar/Code/summa]
/usr/bin/clang -resource-dir=/usr/lib/clang/22 -- /home/amar/Code/summa/euler.m
I[01:20:46.583] --> textDocument/clangd.fileStatus
I[01:20:46.593] --> textDocument/publishDiagnostics
I[01:20:46.593] --> textDocument/inactiveRegions
I[01:20:46.593] --> reply:textDocument/inlayHint(135) 13 ms
I[01:20:46.593] --> textDocument/clangd.fileStatus
I[01:20:46.729] <-- textDocument/didChange
I[01:20:46.729] --> textDocument/clangd.fileStatus
I[01:20:46.732] <-- textDocument/completion(136)
I[01:20:46.741] Code complete: sema context TopLevel, query scopes [] (AnyScope=true), expected type <none>
I[01:20:46.742] Code complete: 0 results from Sema, 0 from Index, 0 matched, 0 from identifiers, 0 returned.
I[01:20:46.742] --> reply:textDocument/completion(136) 9 ms
I[01:20:46.758] <-- textDocument/inlayHint(137)
I[01:20:46.758] Failed to find compilation database for /home/amar/Code/summa/euler.m
I[01:20:46.758] ASTWorker building file /home/amar/Code/summa/euler.m version 37 with command clangd fallback
[/home/amar/Code/summa]
/usr/bin/clang -resource-dir=/usr/lib/clang/22 -- /home/amar/Code/summa/euler.m
I[01:20:46.760] --> textDocument/clangd.fileStatus
I[01:20:46.766] --> textDocument/publishDiagnostics
I[01:20:46.766] --> textDocument/inactiveRegions
I[01:20:46.766] --> reply:textDocument/inlayHint(137) 8 ms
I[01:20:46.766] --> textDocument/clangd.fileStatus
I[01:20:46.894] <-- textDocument/didChange
I[01:20:46.894] --> textDocument/clangd.fileStatus
I[01:20:46.908] <-- textDocument/completion(138)
I[01:20:46.916] Code complete: sema context TopLevel, query scopes [] (AnyScope=true), expected type <none>
I[01:20:46.916] Code complete: 0 results from Sema, 0 from Index, 0 matched, 0 from identifiers, 0 returned.
I[01:20:46.916] --> reply:textDocument/completion(138) 8 ms
I[01:20:46.923] <-- textDocument/inlayHint(139)
I[01:20:46.923] Failed to find compilation database for /home/amar/Code/summa/euler.m
I[01:20:46.923] ASTWorker building file /home/amar/Code/summa/euler.m version 38 with command clangd fallback
[/home/amar/Code/summa]
/usr/bin/clang -resource-dir=/usr/lib/clang/22 -- /home/amar/Code/summa/euler.m
I[01:20:46.925] --> textDocument/clangd.fileStatus
I[01:20:46.931] --> textDocument/publishDiagnostics
I[01:20:46.931] --> textDocument/inactiveRegions
I[01:20:46.931] --> reply:textDocument/inlayHint(139) 8 ms
I[01:20:46.931] --> textDocument/clangd.fileStatus
I[01:20:47.192] <-- textDocument/codeAction(140)
I[01:20:47.192] --> reply:textDocument/codeAction(140) 0 ms
I[01:20:47.192] --> textDocument/clangd.fileStatus
I[01:20:47.244] <-- textDocument/documentSymbol(141)
I[01:20:47.245] --> reply:textDocument/documentSymbol(141) 0 ms
I[01:20:47.245] --> textDocument/clangd.fileStatus
I[01:20:47.294] <-- textDocument/didChange
I[01:20:47.294] --> textDocument/clangd.fileStatus
I[01:20:47.307] <-- textDocument/completion(142)
I[01:20:47.316] Code complete: sema context TopLevel, query scopes [] (AnyScope=true), expected type <none>
I[01:20:47.317] Code complete: 0 results from Sema, 0 from Index, 0 matched, 0 from identifiers, 0 returned.
I[01:20:47.317] --> reply:textDocument/completion(142) 9 ms
I[01:20:47.318] <-- textDocument/inlayHint(143)
I[01:20:47.318] Failed to find compilation database for /home/amar/Code/summa/euler.m
I[01:20:47.319] ASTWorker building file /home/amar/Code/summa/euler.m version 39 with command clangd fallback
[/home/amar/Code/summa]
/usr/bin/clang -resource-dir=/usr/lib/clang/22 -- /home/amar/Code/summa/euler.m
I[01:20:47.320] --> textDocument/clangd.fileStatus
I[01:20:47.327] --> textDocument/publishDiagnostics
I[01:20:47.327] --> textDocument/inactiveRegions
I[01:20:47.327] --> reply:textDocument/inlayHint(143) 8 ms
I[01:20:47.327] --> textDocument/clangd.fileStatus
I[01:20:47.583] <-- textDocument/codeAction(144)
I[01:20:47.584] --> reply:textDocument/codeAction(144) 0 ms
I[01:20:47.584] --> textDocument/clangd.fileStatus
I[01:20:47.659] <-- textDocument/documentSymbol(145)
I[01:20:47.659] --> reply:textDocument/documentSymbol(145) 0 ms
I[01:20:47.659] --> textDocument/clangd.fileStatus
I[01:20:48.093] <-- textDocument/inlayHint(146)
I[01:20:48.094] --> reply:textDocument/inlayHint(146) 0 ms
I[01:20:48.094] --> textDocument/clangd.fileStatus
I[01:20:48.295] <-- textDocument/documentLink(147)
I[01:20:48.295] --> reply:textDocument/documentLink(147) 0 ms
I[01:20:48.295] --> textDocument/clangd.fileStatus
I[01:20:48.317] <-- textDocument/didSave
I[01:20:48.317] File version went from 1 to 1
I[01:20:48.317] File version went from 39 to 39
I[01:20:48.317] --> textDocument/clangd.fileStatus
I[01:20:48.317] --> textDocument/clangd.fileStatus
I[01:20:48.367] Failed to find compilation database for /home/amar/Code/summa/euler.m
I[01:20:48.367] Failed to find compilation database for /home/amar/Code/CAN/main.c
I[01:20:48.367] ASTWorker building file /home/amar/Code/summa/euler.m version 39 with command clangd fallback
[/home/amar/Code/summa]
/usr/bin/clang -resource-dir=/usr/lib/clang/22 -- /home/amar/Code/summa/euler.m
I[01:20:48.367] ASTWorker building file /home/amar/Code/CAN/main.c version 1 with command clangd fallback
[/home/amar/Code/CAN]
/usr/bin/clang -resource-dir=/usr/lib/clang/22 -- /home/amar/Code/CAN/main.c
I[01:20:48.369] --> textDocument/clangd.fileStatus
I[01:20:48.369] --> textDocument/clangd.fileStatus
I[01:20:48.369] --> textDocument/clangd.fileStatus
I[01:20:48.369] --> textDocument/clangd.fileStatus
I[01:20:48.369] --> textDocument/clangd.fileStatus
I[01:20:48.369] --> textDocument/clangd.fileStatus
I[01:20:48.370] --> textDocument/clangd.fileStatus
I[01:20:48.370] --> textDocument/clangd.fileStatus
I[01:20:48.545] <-- textDocument/didChange
I[01:20:48.545] --> textDocument/clangd.fileStatus
I[01:20:48.572] <-- textDocument/inlayHint(148)
I[01:20:48.572] Failed to find compilation database for /home/amar/Code/summa/euler.m
I[01:20:48.573] ASTWorker building file /home/amar/Code/summa/euler.m version 40 with command clangd fallback
[/home/amar/Code/summa]
/usr/bin/clang -resource-dir=/usr/lib/clang/22 -- /home/amar/Code/summa/euler.m
I[01:20:48.575] --> textDocument/clangd.fileStatus
I[01:20:48.584] --> textDocument/publishDiagnostics
I[01:20:48.584] --> textDocument/inactiveRegions
I[01:20:48.584] --> reply:textDocument/inlayHint(148) 12 ms
I[01:20:48.584] --> textDocument/clangd.fileStatus
I[01:20:48.840] <-- textDocument/codeAction(149)
I[01:20:48.841] --> reply:textDocument/codeAction(149) 0 ms
I[01:20:48.841] --> textDocument/clangd.fileStatus
I[01:20:48.896] <-- textDocument/documentSymbol(150)
I[01:20:48.896] --> reply:textDocument/documentSymbol(150) 0 ms
I[01:20:48.896] --> textDocument/clangd.fileStatus
I[01:20:49.346] <-- textDocument/inlayHint(151)
I[01:20:49.347] --> reply:textDocument/inlayHint(151) 0 ms
I[01:20:49.347] --> textDocument/clangd.fileStatus
I[01:20:49.538] <-- textDocument/didChange
I[01:20:49.538] --> textDocument/clangd.fileStatus
I[01:20:49.560] <-- textDocument/completion(152)
I[01:20:49.561] <-- textDocument/inlayHint(153)
I[01:20:49.561] Failed to find compilation database for /home/amar/Code/summa/euler.m
I[01:20:49.562] ASTWorker building file /home/amar/Code/summa/euler.m version 41 with command clangd fallback
[/home/amar/Code/summa]
/usr/bin/clang -resource-dir=/usr/lib/clang/22 -- /home/amar/Code/summa/euler.m
I[01:20:49.563] --> textDocument/clangd.fileStatus
I[01:20:49.570] --> textDocument/publishDiagnostics
I[01:20:49.570] --> textDocument/inactiveRegions
I[01:20:49.570] Code complete: sema context TopLevel, query scopes [] (AnyScope=true), expected type <none>
I[01:20:49.570] --> reply:textDocument/inlayHint(153) 8 ms
I[01:20:49.570] --> textDocument/clangd.fileStatus
I[01:20:49.570] Code complete: 0 results from Sema, 9 from Index, 0 matched, 0 from identifiers, 9 returned (incomplete).
I[01:20:49.570] --> reply:textDocument/completion(152) 10 ms
I[01:20:49.828] <-- textDocument/codeAction(154)
I[01:20:49.829] --> reply:textDocument/codeAction(154) 0 ms
I[01:20:49.829] --> textDocument/clangd.fileStatus
I[01:20:49.861] <-- textDocument/didChange
I[01:20:49.861] --> textDocument/clangd.fileStatus
I[01:20:49.863] <-- textDocument/completion(155)
I[01:20:49.866] <-- textDocument/didChange
I[01:20:49.867] --> textDocument/clangd.fileStatus
I[01:20:49.873] Code complete: sema context TopLevel, query scopes [] (AnyScope=true), expected type <none>
I[01:20:49.873] Code complete: 0 results from Sema, 0 from Index, 0 matched, 0 from identifiers, 0 returned (incomplete).
I[01:20:49.873] --> reply:textDocument/completion(155) 9 ms
I[01:20:49.902] <-- textDocument/inlayHint(156)
I[01:20:49.903] <-- textDocument/documentSymbol(157)
I[01:20:49.903] Failed to find compilation database for /home/amar/Code/summa/euler.m
I[01:20:49.903] ASTWorker building file /home/amar/Code/summa/euler.m version 43 with command clangd fallback
[/home/amar/Code/summa]
/usr/bin/clang -resource-dir=/usr/lib/clang/22 -- /home/amar/Code/summa/euler.m
I[01:20:49.905] --> textDocument/clangd.fileStatus
I[01:20:49.911] --> textDocument/publishDiagnostics
I[01:20:49.911] --> textDocument/inactiveRegions
I[01:20:49.911] --> reply:textDocument/inlayHint(156) 8 ms
I[01:20:49.911] --> reply:textDocument/documentSymbol(157) 8 ms
I[01:20:49.911] --> textDocument/clangd.fileStatus
I[01:20:50.171] <-- textDocument/codeAction(158)
I[01:20:50.171] --> reply:textDocument/codeAction(158) 0 ms
I[01:20:50.171] --> textDocument/clangd.fileStatus
I[01:20:50.221] <-- textDocument/documentSymbol(159)
I[01:20:50.222] --> reply:textDocument/documentSymbol(159) 0 ms
I[01:20:50.222] --> textDocument/clangd.fileStatus
I[01:20:50.667] <-- textDocument/inlayHint(160)
I[01:20:50.667] --> reply:textDocument/inlayHint(160) 0 ms
I[01:20:50.667] --> textDocument/clangd.fileStatus
I[01:20:50.672] <-- textDocument/didChange
I[01:20:50.673] --> textDocument/clangd.fileStatus
I[01:20:50.696] <-- textDocument/inlayHint(161)
I[01:20:50.697] Failed to find compilation database for /home/amar/Code/summa/euler.m
I[01:20:50.697] ASTWorker building file /home/amar/Code/summa/euler.m version 44 with command clangd fallback
[/home/amar/Code/summa]
/usr/bin/clang -resource-dir=/usr/lib/clang/22 -- /home/amar/Code/summa/euler.m
I[01:20:50.699] --> textDocument/clangd.fileStatus
I[01:20:50.709] --> textDocument/publishDiagnostics
I[01:20:50.709] --> textDocument/inactiveRegions
I[01:20:50.709] --> reply:textDocument/inlayHint(161) 12 ms
I[01:20:50.709] --> textDocument/clangd.fileStatus
I[01:20:50.807] <-- textDocument/didChange
I[01:20:50.808] --> textDocument/clangd.fileStatus
I[01:20:50.837] <-- textDocument/inlayHint(162)
I[01:20:50.837] Failed to find compilation database for /home/amar/Code/summa/euler.m
I[01:20:50.837] ASTWorker building file /home/amar/Code/summa/euler.m version 45 with command clangd fallback
[/home/amar/Code/summa]
/usr/bin/clang -resource-dir=/usr/lib/clang/22 -- /home/amar/Code/summa/euler.m
I[01:20:50.839] --> textDocument/clangd.fileStatus
I[01:20:50.845] --> textDocument/publishDiagnostics
I[01:20:50.845] --> textDocument/inactiveRegions
I[01:20:50.845] --> reply:textDocument/inlayHint(162) 8 ms
I[01:20:50.845] --> textDocument/clangd.fileStatus
I[01:20:51.046] <-- textDocument/didChange
I[01:20:51.046] --> textDocument/clangd.fileStatus
I[01:20:51.071] <-- textDocument/inlayHint(163)
I[01:20:51.071] Failed to find compilation database for /home/amar/Code/summa/euler.m
I[01:20:51.071] ASTWorker building file /home/amar/Code/summa/euler.m version 46 with command clangd fallback
[/home/amar/Code/summa]
/usr/bin/clang -resource-dir=/usr/lib/clang/22 -- /home/amar/Code/summa/euler.m
I[01:20:51.073] --> textDocument/clangd.fileStatus
I[01:20:51.080] --> textDocument/publishDiagnostics
I[01:20:51.081] --> textDocument/inactiveRegions
I[01:20:51.081] --> reply:textDocument/inlayHint(163) 9 ms
I[01:20:51.081] --> textDocument/clangd.fileStatus
I[01:20:51.338] <-- textDocument/codeAction(164)
I[01:20:51.338] --> reply:textDocument/codeAction(164) 0 ms
I[01:20:51.338] --> textDocument/clangd.fileStatus
I[01:20:51.396] <-- textDocument/documentSymbol(165)
I[01:20:51.396] --> reply:textDocument/documentSymbol(165) 0 ms
I[01:20:51.397] --> textDocument/clangd.fileStatus
I[01:20:51.670] <-- textDocument/didChange
I[01:20:51.671] --> textDocument/clangd.fileStatus
I[01:20:51.692] <-- textDocument/completion(166)
I[01:20:51.694] <-- textDocument/inlayHint(167)
I[01:20:51.695] Failed to find compilation database for /home/amar/Code/summa/euler.m
I[01:20:51.695] ASTWorker building file /home/amar/Code/summa/euler.m version 47 with command clangd fallback
[/home/amar/Code/summa]
/usr/bin/clang -resource-dir=/usr/lib/clang/22 -- /home/amar/Code/summa/euler.m
I[01:20:51.696] --> textDocument/clangd.fileStatus
I[01:20:51.702] Code complete: sema context TopLevel, query scopes [] (AnyScope=true), expected type <none>
I[01:20:51.702] Code complete: 0 results from Sema, 11 from Index, 0 matched, 0 from identifiers, 11 returned (incomplete).
I[01:20:51.703] --> reply:textDocument/completion(166) 10 ms
I[01:20:51.705] --> textDocument/publishDiagnostics
I[01:20:51.705] --> textDocument/inactiveRegions
I[01:20:51.705] --> reply:textDocument/inlayHint(167) 10 ms
I[01:20:51.705] --> textDocument/clangd.fileStatus
I[01:20:51.965] <-- textDocument/codeAction(168)
I[01:20:51.965] --> reply:textDocument/codeAction(168) 0 ms
I[01:20:51.965] --> textDocument/clangd.fileStatus
I[01:20:52.035] <-- textDocument/documentSymbol(169)
I[01:20:52.035] --> reply:textDocument/documentSymbol(169) 0 ms
I[01:20:52.036] --> textDocument/clangd.fileStatus
I[01:20:52.470] <-- textDocument/inlayHint(170)
I[01:20:52.470] --> reply:textDocument/inlayHint(170) 0 ms
I[01:20:52.470] --> textDocument/clangd.fileStatus
I[01:20:52.668] <-- textDocument/didChange
I[01:20:52.669] --> textDocument/clangd.fileStatus
I[01:20:52.695] <-- textDocument/inlayHint(171)
I[01:20:52.696] Failed to find compilation database for /home/amar/Code/summa/euler.m
I[01:20:52.696] ASTWorker building file /home/amar/Code/summa/euler.m version 48 with command clangd fallback
[/home/amar/Code/summa]
/usr/bin/clang -resource-dir=/usr/lib/clang/22 -- /home/amar/Code/summa/euler.m
I[01:20:52.698] --> textDocument/clangd.fileStatus
I[01:20:52.704] --> textDocument/publishDiagnostics
I[01:20:52.704] --> textDocument/inactiveRegions
I[01:20:52.704] --> reply:textDocument/inlayHint(171) 8 ms
I[01:20:52.704] --> textDocument/clangd.fileStatus
I[01:20:52.961] <-- textDocument/codeAction(172)
I[01:20:52.961] --> reply:textDocument/codeAction(172) 0 ms
I[01:20:52.961] --> textDocument/clangd.fileStatus
I[01:20:53.020] <-- textDocument/documentSymbol(173)
I[01:20:53.020] --> reply:textDocument/documentSymbol(173) 0 ms
I[01:20:53.021] --> textDocument/clangd.fileStatus
I[01:20:53.211] <-- textDocument/didChange
I[01:20:53.211] --> textDocument/clangd.fileStatus
I[01:20:53.237] <-- textDocument/inlayHint(174)
I[01:20:53.237] Failed to find compilation database for /home/amar/Code/summa/euler.m
I[01:20:53.238] ASTWorker building file /home/amar/Code/summa/euler.m version 49 with command clangd fallback
[/home/amar/Code/summa]
/usr/bin/clang -resource-dir=/usr/lib/clang/22 -- /home/amar/Code/summa/euler.m
I[01:20:53.240] --> textDocument/clangd.fileStatus
I[01:20:53.249] --> textDocument/publishDiagnostics
I[01:20:53.249] --> textDocument/inactiveRegions
I[01:20:53.249] --> reply:textDocument/inlayHint(174) 12 ms
I[01:20:53.249] --> textDocument/clangd.fileStatus
I[01:20:53.561] <-- textDocument/documentSymbol(175)
I[01:20:53.561] --> reply:textDocument/documentSymbol(175) 0 ms
I[01:20:53.561] --> textDocument/clangd.fileStatus
I[01:20:54.011] <-- textDocument/inlayHint(176)
I[01:20:54.012] --> reply:textDocument/inlayHint(176) 0 ms
I[01:20:54.012] --> textDocument/clangd.fileStatus
I[01:20:54.211] <-- textDocument/documentLink(177)
I[01:20:54.211] --> reply:textDocument/documentLink(177) 0 ms
I[01:20:54.211] --> textDocument/clangd.fileStatus
I[01:20:54.228] <-- textDocument/didSave
I[01:20:54.228] File version went from 1 to 1
I[01:20:54.228] File version went from 49 to 49
I[01:20:54.228] --> textDocument/clangd.fileStatus
I[01:20:54.228] --> textDocument/clangd.fileStatus
I[01:20:54.278] Failed to find compilation database for /home/amar/Code/summa/euler.m
I[01:20:54.278] Failed to find compilation database for /home/amar/Code/CAN/main.c
I[01:20:54.279] ASTWorker building file /home/amar/Code/summa/euler.m version 49 with command clangd fallback
[/home/amar/Code/summa]
/usr/bin/clang -resource-dir=/usr/lib/clang/22 -- /home/amar/Code/summa/euler.m
I[01:20:54.279] ASTWorker building file /home/amar/Code/CAN/main.c version 1 with command clangd fallback
[/home/amar/Code/CAN]
/usr/bin/clang -resource-dir=/usr/lib/clang/22 -- /home/amar/Code/CAN/main.c
I[01:20:54.280] --> textDocument/clangd.fileStatus
I[01:20:54.280] --> textDocument/clangd.fileStatus
I[01:20:54.281] --> textDocument/clangd.fileStatus
I[01:20:54.281] --> textDocument/clangd.fileStatus
I[01:20:54.281] --> textDocument/clangd.fileStatus
I[01:20:54.281] --> textDocument/clangd.fileStatus
I[01:20:54.281] --> textDocument/clangd.fileStatus
I[01:20:54.281] --> textDocument/clangd.fileStatus
I[01:20:54.704] <-- textDocument/didChange
I[01:20:54.704] --> textDocument/clangd.fileStatus
I[01:20:54.724] <-- textDocument/completion(178)
I[01:20:54.730] Code complete: sema context TopLevel, query scopes [] (AnyScope=true), expected type <none>
I[01:20:54.731] Code complete: 0 results from Sema, 11 from Index, 0 matched, 0 from identifiers, 11 returned (incomplete).
I[01:20:54.731] --> reply:textDocument/completion(178) 6 ms
I[01:20:54.747] <-- textDocument/inlayHint(179)
I[01:20:54.748] Failed to find compilation database for /home/amar/Code/summa/euler.m
I[01:20:54.748] ASTWorker building file /home/amar/Code/summa/euler.m version 50 with command clangd fallback
[/home/amar/Code/summa]
/usr/bin/clang -resource-dir=/usr/lib/clang/22 -- /home/amar/Code/summa/euler.m
I[01:20:54.750] --> textDocument/clangd.fileStatus
I[01:20:54.761] --> textDocument/publishDiagnostics
I[01:20:54.761] --> textDocument/inactiveRegions
I[01:20:54.762] --> reply:textDocument/inlayHint(179) 14 ms
I[01:20:54.762] --> textDocument/clangd.fileStatus
I[01:20:55.026] <-- textDocument/codeAction(180)
I[01:20:55.027] --> reply:textDocument/codeAction(180) 0 ms
I[01:20:55.027] --> textDocument/clangd.fileStatus
I[01:20:55.073] <-- textDocument/documentSymbol(181)
I[01:20:55.074] --> reply:textDocument/documentSymbol(181) 0 ms
I[01:20:55.074] --> textDocument/clangd.fileStatus
I[01:20:55.506] <-- textDocument/inlayHint(182)
I[01:20:55.506] --> reply:textDocument/inlayHint(182) 0 ms
I[01:20:55.506] --> textDocument/clangd.fileStatus
I[01:20:55.668] <-- textDocument/didChange
I[01:20:55.668] --> textDocument/clangd.fileStatus
I[01:20:55.694] <-- textDocument/inlayHint(183)
I[01:20:55.694] Failed to find compilation database for /home/amar/Code/summa/euler.m
I[01:20:55.694] ASTWorker building file /home/amar/Code/summa/euler.m version 51 with command clangd fallback
[/home/amar/Code/summa]
/usr/bin/clang -resource-dir=/usr/lib/clang/22 -- /home/amar/Code/summa/euler.m
I[01:20:55.696] --> textDocument/clangd.fileStatus
I[01:20:55.704] --> textDocument/publishDiagnostics
I[01:20:55.704] --> textDocument/inactiveRegions
I[01:20:55.704] --> reply:textDocument/inlayHint(183) 10 ms
I[01:20:55.704] --> textDocument/clangd.fileStatus
I[01:20:55.796] <-- textDocument/inlayHint(184)
I[01:20:55.796] --> reply:textDocument/inlayHint(184) 0 ms
I[01:20:55.796] --> textDocument/clangd.fileStatus
I[01:20:55.968] <-- textDocument/codeAction(185)
I[01:20:55.968] --> reply:textDocument/codeAction(185) 0 ms
I[01:20:55.968] --> textDocument/clangd.fileStatus
I[01:20:56.019] <-- textDocument/documentSymbol(186)
I[01:20:56.019] --> reply:textDocument/documentSymbol(186) 0 ms
I[01:20:56.019] --> textDocument/clangd.fileStatus
I[01:20:56.061] <-- textDocument/didChange
I[01:20:56.061] --> textDocument/clangd.fileStatus
I[01:20:56.074] <-- textDocument/completion(187)
I[01:20:56.082] Code complete: sema context Expression, query scopes [] (AnyScope=true), expected type int
I[01:20:56.082] Code complete: 0 results from Sema, 11 from Index, 0 matched, 0 from identifiers, 11 returned (incomplete).
I[01:20:56.082] --> reply:textDocument/completion(187) 8 ms
I[01:20:56.086] <-- textDocument/inlayHint(188)
I[01:20:56.086] Failed to find compilation database for /home/amar/Code/summa/euler.m
I[01:20:56.086] ASTWorker building file /home/amar/Code/summa/euler.m version 52 with command clangd fallback
[/home/amar/Code/summa]
/usr/bin/clang -resource-dir=/usr/lib/clang/22 -- /home/amar/Code/summa/euler.m
I[01:20:56.089] --> textDocument/clangd.fileStatus
I[01:20:56.100] --> textDocument/publishDiagnostics
I[01:20:56.100] --> textDocument/inactiveRegions
I[01:20:56.100] --> reply:textDocument/inlayHint(188) 14 ms
I[01:20:56.100] --> textDocument/clangd.fileStatus
I[01:20:56.377] <-- textDocument/codeAction(189)
I[01:20:56.378] --> reply:textDocument/codeAction(189) 0 ms
I[01:20:56.378] --> textDocument/clangd.fileStatus
I[01:20:56.422] <-- textDocument/documentSymbol(190)
I[01:20:56.423] --> reply:textDocument/documentSymbol(190) 0 ms
I[01:20:56.423] --> textDocument/clangd.fileStatus
I[01:20:56.860] <-- textDocument/inlayHint(191)
I[01:20:56.860] --> reply:textDocument/inlayHint(191) 0 ms
I[01:20:56.861] --> textDocument/clangd.fileStatus
I[01:20:57.060] <-- textDocument/documentLink(192)
I[01:20:57.060] --> reply:textDocument/documentLink(192) 0 ms
I[01:20:57.060] --> textDocument/clangd.fileStatus
I[01:20:57.084] <-- textDocument/didSave
I[01:20:57.084] File version went from 1 to 1
I[01:20:57.084] File version went from 52 to 52
I[01:20:57.084] --> textDocument/clangd.fileStatus
I[01:20:57.084] --> textDocument/clangd.fileStatus
I[01:20:57.134] Failed to find compilation database for /home/amar/Code/CAN/main.c
I[01:20:57.134] Failed to find compilation database for /home/amar/Code/summa/euler.m
I[01:20:57.134] ASTWorker building file /home/amar/Code/CAN/main.c version 1 with command clangd fallback
[/home/amar/Code/CAN]
/usr/bin/clang -resource-dir=/usr/lib/clang/22 -- /home/amar/Code/CAN/main.c
I[01:20:57.134] ASTWorker building file /home/amar/Code/summa/euler.m version 52 with command clangd fallback
[/home/amar/Code/summa]
/usr/bin/clang -resource-dir=/usr/lib/clang/22 -- /home/amar/Code/summa/euler.m
I[01:20:57.135] --> textDocument/clangd.fileStatus
I[01:20:57.135] --> textDocument/clangd.fileStatus
I[01:20:57.136] --> textDocument/clangd.fileStatus
I[01:20:57.136] --> textDocument/clangd.fileStatus
I[01:20:57.136] --> textDocument/clangd.fileStatus
I[01:20:57.136] --> textDocument/clangd.fileStatus
I[01:20:57.136] --> textDocument/clangd.fileStatus
I[01:20:57.136] --> textDocument/clangd.fileStatus
I[01:20:57.560] <-- textDocument/didChange
I[01:20:57.561] --> textDocument/clangd.fileStatus
I[01:20:57.586] <-- textDocument/inlayHint(193)
I[01:20:57.586] Failed to find compilation database for /home/amar/Code/summa/euler.m
I[01:20:57.587] ASTWorker building file /home/amar/Code/summa/euler.m version 53 with command clangd fallback
[/home/amar/Code/summa]
/usr/bin/clang -resource-dir=/usr/lib/clang/22 -- /home/amar/Code/summa/euler.m
I[01:20:57.588] --> textDocument/clangd.fileStatus
I[01:20:57.598] --> textDocument/publishDiagnostics
I[01:20:57.598] --> textDocument/inactiveRegions
I[01:20:57.598] --> reply:textDocument/inlayHint(193) 12 ms
I[01:20:57.598] --> textDocument/clangd.fileStatus
I[01:20:57.855] <-- textDocument/codeAction(194)
I[01:20:57.856] --> reply:textDocument/codeAction(194) 0 ms
I[01:20:57.856] --> textDocument/clangd.fileStatus
I[01:20:57.917] <-- textDocument/documentSymbol(195)
I[01:20:57.918] --> reply:textDocument/documentSymbol(195) 0 ms
I[01:20:57.918] --> textDocument/clangd.fileStatus
I[01:20:58.362] <-- textDocument/inlayHint(196)
I[01:20:58.363] --> reply:textDocument/inlayHint(196) 0 ms
I[01:20:58.363] --> textDocument/clangd.fileStatus
I[01:20:58.560] <-- textDocument/documentLink(197)
I[01:20:58.560] --> reply:textDocument/documentLink(197) 0 ms
I[01:20:58.560] --> textDocument/clangd.fileStatus
I[01:20:58.579] <-- textDocument/didSave
I[01:20:58.579] File version went from 1 to 1
I[01:20:58.579] File version went from 53 to 53
I[01:20:58.579] --> textDocument/clangd.fileStatus
I[01:20:58.579] --> textDocument/clangd.fileStatus
I[01:20:58.629] Failed to find compilation database for /home/amar/Code/CAN/main.c
I[01:20:58.630] ASTWorker building file /home/amar/Code/CAN/main.c version 1 with command clangd fallback
[/home/amar/Code/CAN]
/usr/bin/clang -resource-dir=/usr/lib/clang/22 -- /home/amar/Code/CAN/main.c
I[01:20:58.630] Failed to find compilation database for /home/amar/Code/summa/euler.m
I[01:20:58.630] ASTWorker building file /home/amar/Code/summa/euler.m version 53 with command clangd fallback
[/home/amar/Code/summa]
/usr/bin/clang -resource-dir=/usr/lib/clang/22 -- /home/amar/Code/summa/euler.m
I[01:20:58.631] --> textDocument/clangd.fileStatus
I[01:20:58.631] --> textDocument/clangd.fileStatus
I[01:20:58.631] --> textDocument/clangd.fileStatus
I[01:20:58.631] --> textDocument/clangd.fileStatus
I[01:20:58.632] --> textDocument/clangd.fileStatus
I[01:20:58.632] --> textDocument/clangd.fileStatus
I[01:20:58.632] --> textDocument/clangd.fileStatus
I[01:20:58.632] --> textDocument/clangd.fileStatus
I[01:20:58.883] <-- textDocument/didChange
I[01:20:58.883] --> textDocument/clangd.fileStatus
I[01:20:58.906] <-- textDocument/completion(198)
I[01:20:58.916] <-- textDocument/inlayHint(199)
I[01:20:58.917] Failed to find compilation database for /home/amar/Code/summa/euler.m
I[01:20:58.917] Code complete: sema context Expression, query scopes [] (AnyScope=true), expected type int
I[01:20:58.917] Code complete: 0 results from Sema, 29 from Index, 0 matched, 0 from identifiers, 29 returned (incomplete).
I[01:20:58.917] ASTWorker building file /home/amar/Code/summa/euler.m version 54 with command clangd fallback
[/home/amar/Code/summa]
/usr/bin/clang -resource-dir=/usr/lib/clang/22 -- /home/amar/Code/summa/euler.m
I[01:20:58.918] --> reply:textDocument/completion(198) 11 ms
I[01:20:58.919] --> textDocument/clangd.fileStatus
I[01:20:58.931] --> textDocument/publishDiagnostics
I[01:20:58.931] --> textDocument/inactiveRegions
I[01:20:58.931] --> reply:textDocument/inlayHint(199) 14 ms
I[01:20:58.931] --> textDocument/clangd.fileStatus
I[01:20:59.235] <-- textDocument/codeAction(200)
I[01:20:59.236] --> reply:textDocument/codeAction(200) 0 ms
I[01:20:59.236] --> textDocument/clangd.fileStatus
I[01:20:59.275] <-- textDocument/documentSymbol(201)
I[01:20:59.275] --> reply:textDocument/documentSymbol(201) 0 ms
I[01:20:59.275] --> textDocument/clangd.fileStatus
I[01:20:59.684] <-- textDocument/inlayHint(202)
I[01:20:59.684] --> reply:textDocument/inlayHint(202) 0 ms
I[01:20:59.685] --> textDocument/clangd.fileStatus
I[01:20:59.885] <-- textDocument/documentLink(203)
I[01:20:59.885] --> reply:textDocument/documentLink(203) 0 ms
I[01:20:59.885] --> textDocument/clangd.fileStatus
I[01:20:59.904] <-- textDocument/didSave
I[01:20:59.904] File version went from 1 to 1
I[01:20:59.904] File version went from 54 to 54
I[01:20:59.905] --> textDocument/clangd.fileStatus
I[01:20:59.905] --> textDocument/clangd.fileStatus
I[01:20:59.935] <-- textDocument/didChange
I[01:20:59.936] --> textDocument/clangd.fileStatus
I[01:20:59.940] <-- textDocument/completion(204)
I[01:20:59.940] --> reply:textDocument/completion(204) 0 ms
I[01:20:59.955] Failed to find compilation database for /home/amar/Code/CAN/main.c
I[01:20:59.955] ASTWorker building file /home/amar/Code/CAN/main.c version 1 with command clangd fallback
[/home/amar/Code/CAN]
/usr/bin/clang -resource-dir=/usr/lib/clang/22 -- /home/amar/Code/CAN/main.c
I[01:20:59.957] --> textDocument/clangd.fileStatus
I[01:20:59.957] --> textDocument/clangd.fileStatus
I[01:20:59.957] --> textDocument/clangd.fileStatus
I[01:20:59.958] --> textDocument/clangd.fileStatus
I[01:20:59.964] <-- textDocument/inlayHint(205)
I[01:20:59.964] Failed to find compilation database for /home/amar/Code/summa/euler.m
I[01:20:59.964] ASTWorker building file /home/amar/Code/summa/euler.m version 55 with command clangd fallback
[/home/amar/Code/summa]
/usr/bin/clang -resource-dir=/usr/lib/clang/22 -- /home/amar/Code/summa/euler.m
I[01:20:59.967] --> textDocument/clangd.fileStatus
I[01:20:59.978] --> textDocument/publishDiagnostics
I[01:20:59.978] --> textDocument/inactiveRegions
I[01:20:59.978] --> reply:textDocument/inlayHint(205) 14 ms
I[01:20:59.978] --> textDocument/clangd.fileStatus
I[01:21:00.236] <-- textDocument/codeAction(206)
I[01:21:00.236] --> reply:textDocument/codeAction(206) 0 ms
I[01:21:00.237] --> textDocument/clangd.fileStatus
I[01:21:00.299] <-- textDocument/documentSymbol(207)
I[01:21:00.299] --> reply:textDocument/documentSymbol(207) 0 ms
I[01:21:00.299] --> textDocument/clangd.fileStatus
I[01:21:00.356] <-- textDocument/didChange
I[01:21:00.356] --> textDocument/clangd.fileStatus
I[01:21:00.373] <-- textDocument/completion(208)
I[01:21:00.383] <-- textDocument/inlayHint(209)
I[01:21:00.383] Failed to find compilation database for /home/amar/Code/summa/euler.m
I[01:21:00.384] ASTWorker building file /home/amar/Code/summa/euler.m version 56 with command clangd fallback
[/home/amar/Code/summa]
/usr/bin/clang -resource-dir=/usr/lib/clang/22 -- /home/amar/Code/summa/euler.m
I[01:21:00.385] Code complete: sema context Expression, query scopes [] (AnyScope=true), expected type <none>
I[01:21:00.385] Code complete: 2 results from Sema, 100 from Index, 0 matched, 0 from identifiers, 100 returned (incomplete).
I[01:21:00.386] --> textDocument/clangd.fileStatus
I[01:21:00.387] --> reply:textDocument/completion(208) 13 ms
I[01:21:00.396] --> textDocument/publishDiagnostics
I[01:21:00.397] --> textDocument/inactiveRegions
I[01:21:00.397] --> reply:textDocument/inlayHint(209) 13 ms
I[01:21:00.397] --> textDocument/clangd.fileStatus
I[01:21:00.516] <-- textDocument/didChange
I[01:21:00.517] --> textDocument/clangd.fileStatus
I[01:21:00.519] <-- textDocument/completion(210)
I[01:21:00.529] Code complete: sema context Expression, query scopes [] (AnyScope=true), expected type <none>
I[01:21:00.530] Code complete: 0 results from Sema, 41 from Index, 0 matched, 0 from identifiers, 41 returned (incomplete).
I[01:21:00.531] --> reply:textDocument/completion(210) 12 ms
I[01:21:00.561] <-- textDocument/inlayHint(211)
I[01:21:00.561] Failed to find compilation database for /home/amar/Code/summa/euler.m
I[01:21:00.562] ASTWorker building file /home/amar/Code/summa/euler.m version 57 with command clangd fallback
[/home/amar/Code/summa]
/usr/bin/clang -resource-dir=/usr/lib/clang/22 -- /home/amar/Code/summa/euler.m
I[01:21:00.563] --> textDocument/clangd.fileStatus
I[01:21:00.571] --> textDocument/publishDiagnostics
I[01:21:00.571] --> textDocument/inactiveRegions
I[01:21:00.572] --> reply:textDocument/inlayHint(211) 10 ms
I[01:21:00.572] --> textDocument/clangd.fileStatus
I[01:21:00.689] <-- textDocument/didChange
I[01:21:00.689] --> textDocument/clangd.fileStatus
I[01:21:00.690] <-- textDocument/completion(212)
I[01:21:00.699] Code complete: sema context Expression, query scopes [] (AnyScope=true), expected type <none>
I[01:21:00.699] Code complete: 0 results from Sema, 0 from Index, 0 matched, 0 from identifiers, 0 returned.
I[01:21:00.699] --> reply:textDocument/completion(212) 9 ms
I[01:21:00.721] <-- textDocument/inlayHint(213)
I[01:21:00.721] Failed to find compilation database for /home/amar/Code/summa/euler.m
I[01:21:00.722] ASTWorker building file /home/amar/Code/summa/euler.m version 58 with command clangd fallback
[/home/amar/Code/summa]
/usr/bin/clang -resource-dir=/usr/lib/clang/22 -- /home/amar/Code/summa/euler.m
I[01:21:00.724] --> textDocument/clangd.fileStatus
I[01:21:00.733] --> textDocument/publishDiagnostics
I[01:21:00.733] --> textDocument/inactiveRegions
I[01:21:00.733] --> reply:textDocument/inlayHint(213) 11 ms
I[01:21:00.733] --> textDocument/clangd.fileStatus
I[01:21:01.001] <-- textDocument/codeAction(214)
I[01:21:01.001] --> reply:textDocument/codeAction(214) 0 ms
I[01:21:01.001] --> textDocument/clangd.fileStatus
I[01:21:01.022] <-- textDocument/didChange
I[01:21:01.022] --> textDocument/clangd.fileStatus
I[01:21:01.038] <-- textDocument/completion(215)
I[01:21:01.047] <-- textDocument/documentSymbol(216)
I[01:21:01.047] Failed to find compilation database for /home/amar/Code/summa/euler.m
I[01:21:01.047] Code complete: sema context Expression, query scopes [] (AnyScope=true), expected type <none>
I[01:21:01.047] Code complete: 0 results from Sema, 0 from Index, 0 matched, 0 from identifiers, 0 returned.
I[01:21:01.047] ASTWorker building file /home/amar/Code/summa/euler.m version 59 with command clangd fallback
[/home/amar/Code/summa]
/usr/bin/clang -resource-dir=/usr/lib/clang/22 -- /home/amar/Code/summa/euler.m
I[01:21:01.048] --> reply:textDocument/completion(215) 9 ms
I[01:21:01.050] --> textDocument/clangd.fileStatus
I[01:21:01.063] --> textDocument/publishDiagnostics
I[01:21:01.064] --> textDocument/inactiveRegions
I[01:21:01.064] --> reply:textDocument/documentSymbol(216) 17 ms
I[01:21:01.064] --> textDocument/clangd.fileStatus
I[01:21:01.082] <-- textDocument/inlayHint(217)
I[01:21:01.083] --> reply:textDocument/inlayHint(217) 0 ms
I[01:21:01.083] --> textDocument/clangd.fileStatus
I[01:21:01.165] <-- textDocument/didChange
I[01:21:01.166] --> textDocument/clangd.fileStatus
I[01:21:01.201] <-- textDocument/inlayHint(218)
I[01:21:01.201] Failed to find compilation database for /home/amar/Code/summa/euler.m
I[01:21:01.201] ASTWorker building file /home/amar/Code/summa/euler.m version 60 with command clangd fallback
[/home/amar/Code/summa]
/usr/bin/clang -resource-dir=/usr/lib/clang/22 -- /home/amar/Code/summa/euler.m
I[01:21:01.204] --> textDocument/clangd.fileStatus
I[01:21:01.212] --> textDocument/publishDiagnostics
I[01:21:01.212] --> textDocument/inactiveRegions
I[01:21:01.212] --> reply:textDocument/inlayHint(218) 11 ms
I[01:21:01.212] --> textDocument/clangd.fileStatus
I[01:21:01.469] <-- textDocument/codeAction(219)
I[01:21:01.469] --> reply:textDocument/codeAction(219) 0 ms
I[01:21:01.469] --> textDocument/clangd.fileStatus
I[01:21:01.519] <-- textDocument/documentSymbol(220)
I[01:21:01.519] --> reply:textDocument/documentSymbol(220) 0 ms
I[01:21:01.520] --> textDocument/clangd.fileStatus
I[01:21:01.971] <-- textDocument/inlayHint(221)
I[01:21:01.971] --> reply:textDocument/inlayHint(221) 0 ms
I[01:21:01.971] --> textDocument/clangd.fileStatus
I[01:21:02.009] <-- textDocument/didChange
I[01:21:02.009] --> textDocument/clangd.fileStatus
I[01:21:02.038] <-- textDocument/inlayHint(222)
I[01:21:02.038] Failed to find compilation database for /home/amar/Code/summa/euler.m
I[01:21:02.039] ASTWorker building file /home/amar/Code/summa/euler.m version 61 with command clangd fallback
[/home/amar/Code/summa]
/usr/bin/clang -resource-dir=/usr/lib/clang/22 -- /home/amar/Code/summa/euler.m
I[01:21:02.041] --> textDocument/clangd.fileStatus
I[01:21:02.053] --> textDocument/publishDiagnostics
I[01:21:02.053] --> textDocument/inactiveRegions
I[01:21:02.053] --> reply:textDocument/inlayHint(222) 15 ms
I[01:21:02.053] --> textDocument/clangd.fileStatus
I[01:21:02.311] <-- textDocument/codeAction(223)
I[01:21:02.312] --> reply:textDocument/codeAction(223) 0 ms
I[01:21:02.312] --> textDocument/clangd.fileStatus
I[01:21:02.362] <-- textDocument/documentSymbol(224)
I[01:21:02.362] --> reply:textDocument/documentSymbol(224) 0 ms
I[01:21:02.363] --> textDocument/clangd.fileStatus
I[01:21:02.600] <-- textDocument/didChange
I[01:21:02.601] --> textDocument/clangd.fileStatus
I[01:21:02.626] <-- textDocument/inlayHint(225)
I[01:21:02.626] Failed to find compilation database for /home/amar/Code/summa/euler.m
I[01:21:02.627] ASTWorker building file /home/amar/Code/summa/euler.m version 62 with command clangd fallback
[/home/amar/Code/summa]
/usr/bin/clang -resource-dir=/usr/lib/clang/22 -- /home/amar/Code/summa/euler.m
I[01:21:02.628] --> textDocument/clangd.fileStatus
I[01:21:02.635] --> textDocument/publishDiagnostics
I[01:21:02.636] --> textDocument/inactiveRegions
I[01:21:02.636] --> reply:textDocument/inlayHint(225) 9 ms
I[01:21:02.636] --> textDocument/clangd.fileStatus
I[01:21:02.895] <-- textDocument/codeAction(226)
I[01:21:02.895] --> reply:textDocument/codeAction(226) 0 ms
I[01:21:02.895] --> textDocument/clangd.fileStatus
I[01:21:02.964] <-- textDocument/documentSymbol(227)
I[01:21:02.965] --> reply:textDocument/documentSymbol(227) 0 ms
I[01:21:02.965] --> textDocument/clangd.fileStatus
I[01:21:03.401] <-- textDocument/inlayHint(228)
I[01:21:03.402] --> reply:textDocument/inlayHint(228) 0 ms
I[01:21:03.402] --> textDocument/clangd.fileStatus
I[01:21:03.601] <-- textDocument/documentLink(229)
I[01:21:03.601] --> reply:textDocument/documentLink(229) 0 ms
I[01:21:03.601] --> textDocument/clangd.fileStatus
I[01:21:03.625] <-- textDocument/didSave
I[01:21:03.625] File version went from 1 to 1
I[01:21:03.625] File version went from 62 to 62
I[01:21:03.626] --> textDocument/clangd.fileStatus
I[01:21:03.626] --> textDocument/clangd.fileStatus
I[01:21:03.662] <-- textDocument/didChange
I[01:21:03.662] --> textDocument/clangd.fileStatus
I[01:21:03.676] Failed to find compilation database for /home/amar/Code/CAN/main.c
I[01:21:03.676] ASTWorker building file /home/amar/Code/CAN/main.c version 1 with command clangd fallback
[/home/amar/Code/CAN]
/usr/bin/clang -resource-dir=/usr/lib/clang/22 -- /home/amar/Code/CAN/main.c
I[01:21:03.678] --> textDocument/clangd.fileStatus
I[01:21:03.678] --> textDocument/clangd.fileStatus
I[01:21:03.678] --> textDocument/clangd.fileStatus
I[01:21:03.678] --> textDocument/clangd.fileStatus
I[01:21:03.693] <-- textDocument/inlayHint(230)
I[01:21:03.693] Failed to find compilation database for /home/amar/Code/summa/euler.m
I[01:21:03.694] ASTWorker building file /home/amar/Code/summa/euler.m version 63 with command clangd fallback
[/home/amar/Code/summa]
/usr/bin/clang -resource-dir=/usr/lib/clang/22 -- /home/amar/Code/summa/euler.m
I[01:21:03.696] --> textDocument/clangd.fileStatus
I[01:21:03.708] --> textDocument/publishDiagnostics
I[01:21:03.709] --> textDocument/inactiveRegions
I[01:21:03.709] --> reply:textDocument/inlayHint(230) 15 ms
I[01:21:03.709] --> textDocument/clangd.fileStatus
I[01:21:03.925] <-- textDocument/didChange
I[01:21:03.925] --> textDocument/clangd.fileStatus
I[01:21:03.949] <-- textDocument/inlayHint(231)
I[01:21:03.949] Failed to find compilation database for /home/amar/Code/summa/euler.m
I[01:21:03.950] ASTWorker building file /home/amar/Code/summa/euler.m version 64 with command clangd fallback
[/home/amar/Code/summa]
/usr/bin/clang -resource-dir=/usr/lib/clang/22 -- /home/amar/Code/summa/euler.m
I[01:21:03.952] --> textDocument/clangd.fileStatus
I[01:21:03.963] --> textDocument/publishDiagnostics
I[01:21:03.963] --> textDocument/inactiveRegions
I[01:21:03.963] --> reply:textDocument/inlayHint(231) 14 ms
I[01:21:03.963] --> textDocument/clangd.fileStatus
I[01:21:04.279] <-- textDocument/documentSymbol(232)
I[01:21:04.279] --> reply:textDocument/documentSymbol(232) 0 ms
I[01:21:04.279] --> textDocument/clangd.fileStatus
I[01:21:04.724] <-- textDocument/inlayHint(233)
I[01:21:04.724] --> reply:textDocument/inlayHint(233) 0 ms
I[01:21:04.724] --> textDocument/clangd.fileStatus
I[01:21:04.924] <-- textDocument/documentLink(234)
I[01:21:04.924] --> reply:textDocument/documentLink(234) 0 ms
I[01:21:04.924] --> textDocument/clangd.fileStatus
I[01:21:04.940] <-- textDocument/didSave
I[01:21:04.940] File version went from 1 to 1
I[01:21:04.940] File version went from 64 to 64
I[01:21:04.940] --> textDocument/clangd.fileStatus
I[01:21:04.940] --> textDocument/clangd.fileStatus
I[01:21:04.990] Failed to find compilation database for /home/amar/Code/CAN/main.c
I[01:21:04.990] Failed to find compilation database for /home/amar/Code/summa/euler.m
I[01:21:04.990] ASTWorker building file /home/amar/Code/CAN/main.c version 1 with command clangd fallback
[/home/amar/Code/CAN]
/usr/bin/clang -resource-dir=/usr/lib/clang/22 -- /home/amar/Code/CAN/main.c
I[01:21:04.990] ASTWorker building file /home/amar/Code/summa/euler.m version 64 with command clangd fallback
[/home/amar/Code/summa]
/usr/bin/clang -resource-dir=/usr/lib/clang/22 -- /home/amar/Code/summa/euler.m
I[01:21:04.992] --> textDocument/clangd.fileStatus
I[01:21:04.992] --> textDocument/clangd.fileStatus
I[01:21:04.992] --> textDocument/clangd.fileStatus
I[01:21:04.993] --> textDocument/clangd.fileStatus
I[01:21:04.993] --> textDocument/clangd.fileStatus
I[01:21:04.993] --> textDocument/clangd.fileStatus
I[01:21:04.993] --> textDocument/clangd.fileStatus
I[01:21:04.993] --> textDocument/clangd.fileStatus
I[01:21:09.246] <-- textDocument/inlayHint(235)
I[01:21:09.246] --> reply:textDocument/inlayHint(235) 0 ms
I[01:21:09.246] --> textDocument/clangd.fileStatus
I[01:21:09.276] <-- textDocument/inlayHint(236)
I[01:21:09.277] --> reply:textDocument/inlayHint(236) 0 ms
I[01:21:09.277] --> textDocument/clangd.fileStatus
I[01:21:09.310] <-- textDocument/inlayHint(237)
I[01:21:09.310] --> reply:textDocument/inlayHint(237) 0 ms
I[01:21:09.310] --> textDocument/clangd.fileStatus
I[01:21:09.343] <-- textDocument/inlayHint(238)
I[01:21:09.343] --> reply:textDocument/inlayHint(238) 0 ms
I[01:21:09.344] --> textDocument/clangd.fileStatus
I[01:21:09.375] <-- textDocument/inlayHint(239)
I[01:21:09.375] --> reply:textDocument/inlayHint(239) 0 ms
I[01:21:09.376] --> textDocument/clangd.fileStatus
I[01:21:09.408] <-- textDocument/inlayHint(240)
I[01:21:09.408] --> reply:textDocument/inlayHint(240) 0 ms
I[01:21:09.408] --> textDocument/clangd.fileStatus
I[01:21:09.443] <-- textDocument/inlayHint(241)
I[01:21:09.443] --> reply:textDocument/inlayHint(241) 0 ms
I[01:21:09.443] --> textDocument/clangd.fileStatus
I[01:21:09.476] <-- textDocument/inlayHint(242)
I[01:21:09.477] --> reply:textDocument/inlayHint(242) 0 ms
I[01:21:09.477] --> textDocument/clangd.fileStatus
I[01:21:09.509] <-- textDocument/inlayHint(243)
I[01:21:09.510] --> reply:textDocument/inlayHint(243) 0 ms
I[01:21:09.510] --> textDocument/clangd.fileStatus
I[01:21:09.542] <-- textDocument/inlayHint(244)
I[01:21:09.542] --> reply:textDocument/inlayHint(244) 0 ms
I[01:21:09.542] --> textDocument/clangd.fileStatus
I[01:21:09.576] <-- textDocument/inlayHint(245)
I[01:21:09.576] --> reply:textDocument/inlayHint(245) 0 ms
I[01:21:09.576] --> textDocument/clangd.fileStatus
I[01:21:10.109] <-- textDocument/inlayHint(246)
I[01:21:10.109] --> reply:textDocument/inlayHint(246) 0 ms
I[01:21:10.109] --> textDocument/clangd.fileStatus
I[01:21:10.141] <-- textDocument/inlayHint(247)
I[01:21:10.142] --> reply:textDocument/inlayHint(247) 0 ms
I[01:21:10.142] --> textDocument/clangd.fileStatus
I[01:21:10.176] <-- textDocument/inlayHint(248)
I[01:21:10.176] --> reply:textDocument/inlayHint(248) 0 ms
I[01:21:10.176] --> textDocument/clangd.fileStatus
I[01:21:13.655] <-- textDocument/didChange
I[01:21:13.656] --> textDocument/clangd.fileStatus
I[01:21:13.680] <-- textDocument/completion(249)
I[01:21:13.687] <-- textDocument/inlayHint(250)
I[01:21:13.688] Failed to find compilation database for /home/amar/Code/summa/euler.m
I[01:21:13.688] ASTWorker building file /home/amar/Code/summa/euler.m version 65 with command clangd fallback
[/home/amar/Code/summa]
/usr/bin/clang -resource-dir=/usr/lib/clang/22 -- /home/amar/Code/summa/euler.m
I[01:21:13.690] Code complete: sema context TopLevel, query scopes [] (AnyScope=true), expected type <none>
I[01:21:13.690] Code complete: 0 results from Sema, 9 from Index, 0 matched, 0 from identifiers, 9 returned (incomplete).
I[01:21:13.690] --> textDocument/clangd.fileStatus
I[01:21:13.691] --> reply:textDocument/completion(249) 10 ms
I[01:21:13.704] --> textDocument/publishDiagnostics
I[01:21:13.704] --> textDocument/inactiveRegions
I[01:21:13.704] --> reply:textDocument/inlayHint(250) 16 ms
I[01:21:13.704] --> textDocument/clangd.fileStatus
I[01:21:13.839] <-- textDocument/didChange
I[01:21:13.839] --> textDocument/clangd.fileStatus
I[01:21:13.871] <-- textDocument/inlayHint(251)
I[01:21:13.871] Failed to find compilation database for /home/amar/Code/summa/euler.m
I[01:21:13.872] ASTWorker building file /home/amar/Code/summa/euler.m version 66 with command clangd fallback
[/home/amar/Code/summa]
/usr/bin/clang -resource-dir=/usr/lib/clang/22 -- /home/amar/Code/summa/euler.m
I[01:21:13.874] --> textDocument/clangd.fileStatus
I[01:21:13.885] --> textDocument/publishDiagnostics
I[01:21:13.885] --> textDocument/inactiveRegions
I[01:21:13.886] --> reply:textDocument/inlayHint(251) 14 ms
I[01:21:13.886] --> textDocument/clangd.fileStatus
I[01:21:14.086] <-- textDocument/didChange
I[01:21:14.087] --> textDocument/clangd.fileStatus
I[01:21:14.103] <-- textDocument/completion(252)
I[01:21:14.111] <-- textDocument/inlayHint(253)
I[01:21:14.111] Failed to find compilation database for /home/amar/Code/summa/euler.m
I[01:21:14.112] ASTWorker building file /home/amar/Code/summa/euler.m version 67 with command clangd fallback
[/home/amar/Code/summa]
/usr/bin/clang -resource-dir=/usr/lib/clang/22 -- /home/amar/Code/summa/euler.m
I[01:21:14.113] Code complete: sema context Expression, query scopes [] (AnyScope=true), expected type int
I[01:21:14.113] Code complete: 0 results from Sema, 9 from Index, 0 matched, 0 from identifiers, 9 returned (incomplete).
I[01:21:14.114] --> reply:textDocument/completion(252) 10 ms
I[01:21:14.114] --> textDocument/clangd.fileStatus
I[01:21:14.126] --> textDocument/publishDiagnostics
I[01:21:14.126] --> textDocument/inactiveRegions
I[01:21:14.127] --> reply:textDocument/inlayHint(253) 15 ms
I[01:21:14.127] --> textDocument/clangd.fileStatus
I[01:21:14.398] <-- textDocument/codeAction(254)
I[01:21:14.398] --> reply:textDocument/codeAction(254) 0 ms
I[01:21:14.398] --> textDocument/clangd.fileStatus
I[01:21:14.455] <-- textDocument/documentSymbol(255)
I[01:21:14.456] --> reply:textDocument/documentSymbol(255) 0 ms
I[01:21:14.456] --> textDocument/clangd.fileStatus
I[01:21:14.887] <-- textDocument/inlayHint(256)
I[01:21:14.887] --> reply:textDocument/inlayHint(256) 0 ms
I[01:21:14.887] --> textDocument/clangd.fileStatus
I[01:21:14.934] <-- textDocument/didChange
I[01:21:14.934] --> textDocument/clangd.fileStatus
I[01:21:14.960] <-- textDocument/inlayHint(257)
I[01:21:14.960] Failed to find compilation database for /home/amar/Code/summa/euler.m
I[01:21:14.961] ASTWorker building file /home/amar/Code/summa/euler.m version 68 with command clangd fallback
[/home/amar/Code/summa]
/usr/bin/clang -resource-dir=/usr/lib/clang/22 -- /home/amar/Code/summa/euler.m
I[01:21:14.963] --> textDocument/clangd.fileStatus
I[01:21:14.972] --> textDocument/publishDiagnostics
I[01:21:14.972] --> textDocument/inactiveRegions
I[01:21:14.972] --> reply:textDocument/inlayHint(257) 12 ms
I[01:21:14.972] --> textDocument/clangd.fileStatus
I[01:21:15.229] <-- textDocument/codeAction(258)
I[01:21:15.230] --> reply:textDocument/codeAction(258) 0 ms
I[01:21:15.230] --> textDocument/clangd.fileStatus
I[01:21:15.285] <-- textDocument/documentSymbol(259)
I[01:21:15.285] --> reply:textDocument/documentSymbol(259) 0 ms
I[01:21:15.285] --> textDocument/clangd.fileStatus
I[01:21:15.735] <-- textDocument/inlayHint(260)
I[01:21:15.735] --> reply:textDocument/inlayHint(260) 0 ms
I[01:21:15.736] --> textDocument/clangd.fileStatus
I[01:21:15.786] <-- textDocument/didChange
I[01:21:15.786] --> textDocument/clangd.fileStatus
I[01:21:15.806] <-- textDocument/completion(261)
I[01:21:15.818] Code complete: sema context Expression, query scopes [] (AnyScope=true), expected type int
I[01:21:15.818] Code complete: 0 results from Sema, 29 from Index, 0 matched, 0 from identifiers, 29 returned (incomplete).
I[01:21:15.819] <-- textDocument/inlayHint(262)
I[01:21:15.819] Failed to find compilation database for /home/amar/Code/summa/euler.m
I[01:21:15.819] --> reply:textDocument/completion(261) 12 ms
I[01:21:15.820] ASTWorker building file /home/amar/Code/summa/euler.m version 69 with command clangd fallback
[/home/amar/Code/summa]
/usr/bin/clang -resource-dir=/usr/lib/clang/22 -- /home/amar/Code/summa/euler.m
I[01:21:15.822] --> textDocument/clangd.fileStatus
I[01:21:15.835] --> textDocument/publishDiagnostics
I[01:21:15.835] --> textDocument/inactiveRegions
I[01:21:15.835] --> reply:textDocument/inlayHint(262) 16 ms
I[01:21:15.835] --> textDocument/clangd.fileStatus
I[01:21:16.122] <-- textDocument/codeAction(263)
I[01:21:16.123] --> reply:textDocument/codeAction(263) 0 ms
I[01:21:16.123] --> textDocument/clangd.fileStatus
I[01:21:16.164] <-- textDocument/documentSymbol(264)
I[01:21:16.165] --> reply:textDocument/documentSymbol(264) 0 ms
I[01:21:16.165] --> textDocument/clangd.fileStatus
I[01:21:16.319] <-- textDocument/didChange
I[01:21:16.319] --> textDocument/clangd.fileStatus
I[01:21:16.363] <-- textDocument/inlayHint(265)
I[01:21:16.364] Failed to find compilation database for /home/amar/Code/summa/euler.m
I[01:21:16.364] ASTWorker building file /home/amar/Code/summa/euler.m version 70 with command clangd fallback
[/home/amar/Code/summa]
/usr/bin/clang -resource-dir=/usr/lib/clang/22 -- /home/amar/Code/summa/euler.m
I[01:21:16.366] --> textDocument/clangd.fileStatus
I[01:21:16.377] --> textDocument/publishDiagnostics
I[01:21:16.377] --> textDocument/inactiveRegions
I[01:21:16.378] --> reply:textDocument/inlayHint(265) 14 ms
I[01:21:16.378] --> textDocument/clangd.fileStatus
I[01:21:16.635] <-- textDocument/codeAction(266)
I[01:21:16.636] --> reply:textDocument/codeAction(266) 0 ms
I[01:21:16.636] --> textDocument/clangd.fileStatus
I[01:21:16.671] <-- textDocument/documentSymbol(267)
I[01:21:16.671] --> reply:textDocument/documentSymbol(267) 0 ms
I[01:21:16.671] --> textDocument/clangd.fileStatus
I[01:21:17.123] <-- textDocument/inlayHint(268)
I[01:21:17.123] --> reply:textDocument/inlayHint(268) 0 ms
I[01:21:17.123] --> textDocument/clangd.fileStatus
I[01:21:17.295] <-- textDocument/didChange
I[01:21:17.295] --> textDocument/clangd.fileStatus
I[01:21:17.321] <-- textDocument/inlayHint(269)
I[01:21:17.321] Failed to find compilation database for /home/amar/Code/summa/euler.m
I[01:21:17.322] ASTWorker building file /home/amar/Code/summa/euler.m version 71 with command clangd fallback
[/home/amar/Code/summa]
/usr/bin/clang -resource-dir=/usr/lib/clang/22 -- /home/amar/Code/summa/euler.m
I[01:21:17.324] --> textDocument/clangd.fileStatus
I[01:21:17.334] --> textDocument/publishDiagnostics
I[01:21:17.334] --> textDocument/inactiveRegions
I[01:21:17.334] --> reply:textDocument/inlayHint(269) 13 ms
I[01:21:17.334] --> textDocument/clangd.fileStatus
I[01:21:17.650] <-- textDocument/documentSymbol(270)
I[01:21:17.650] --> reply:textDocument/documentSymbol(270) 0 ms
I[01:21:17.650] --> textDocument/clangd.fileStatus
I[01:21:18.101] <-- textDocument/didChange
I[01:21:18.101] --> textDocument/clangd.fileStatus
I[01:21:18.120] <-- textDocument/completion(271)
I[01:21:18.129] <-- textDocument/inlayHint(272)
I[01:21:18.129] Failed to find compilation database for /home/amar/Code/summa/euler.m
I[01:21:18.130] ASTWorker building file /home/amar/Code/summa/euler.m version 72 with command clangd fallback
[/home/amar/Code/summa]
/usr/bin/clang -resource-dir=/usr/lib/clang/22 -- /home/amar/Code/summa/euler.m
I[01:21:18.132] --> textDocument/clangd.fileStatus
I[01:21:18.132] Code complete: sema context TopLevel, query scopes [] (AnyScope=true), expected type <none>
I[01:21:18.133] Code complete: 2 results from Sema, 100 from Index, 0 matched, 0 from identifiers, 100 returned (incomplete).
I[01:21:18.136] --> reply:textDocument/completion(271) 16 ms
I[01:21:18.146] --> textDocument/publishDiagnostics
I[01:21:18.146] --> textDocument/inactiveRegions
I[01:21:18.146] --> reply:textDocument/inlayHint(272) 17 ms
I[01:21:18.146] --> textDocument/clangd.fileStatus
I[01:21:18.271] <-- textDocument/didChange
I[01:21:18.271] --> textDocument/clangd.fileStatus
I[01:21:18.273] <-- textDocument/completion(273)
I[01:21:18.282] Code complete: sema context TopLevel, query scopes [] (AnyScope=true), expected type <none>
I[01:21:18.282] Code complete: 2 results from Sema, 95 from Index, 0 matched, 0 from identifiers, 97 returned (incomplete).
I[01:21:18.284] --> reply:textDocument/completion(273) 10 ms
I[01:21:18.304] <-- textDocument/inlayHint(274)
I[01:21:18.304] Failed to find compilation database for /home/amar/Code/summa/euler.m
I[01:21:18.305] ASTWorker building file /home/amar/Code/summa/euler.m version 73 with command clangd fallback
[/home/amar/Code/summa]
/usr/bin/clang -resource-dir=/usr/lib/clang/22 -- /home/amar/Code/summa/euler.m
I[01:21:18.306] --> textDocument/clangd.fileStatus
I[01:21:18.315] --> textDocument/publishDiagnostics
I[01:21:18.315] --> textDocument/inactiveRegions
I[01:21:18.315] --> reply:textDocument/inlayHint(274) 11 ms
I[01:21:18.315] --> textDocument/clangd.fileStatus
I[01:21:18.436] <-- textDocument/didChange
I[01:21:18.436] --> textDocument/clangd.fileStatus
I[01:21:18.436] <-- textDocument/completion(275)
I[01:21:18.446] Code complete: sema context TopLevel, query scopes [] (AnyScope=true), expected type <none>
I[01:21:18.446] Code complete: 0 results from Sema, 88 from Index, 0 matched, 0 from identifiers, 88 returned.
I[01:21:18.448] --> reply:textDocument/completion(275) 11 ms
I[01:21:18.486] Failed to find compilation database for /home/amar/Code/summa/euler.m
I[01:21:18.486] ASTWorker building file /home/amar/Code/summa/euler.m version 74 with command clangd fallback
[/home/amar/Code/summa]
/usr/bin/clang -resource-dir=/usr/lib/clang/22 -- /home/amar/Code/summa/euler.m
I[01:21:18.488] <-- textDocument/inlayHint(276)
I[01:21:18.488] --> textDocument/clangd.fileStatus
I[01:21:18.498] --> textDocument/publishDiagnostics
I[01:21:18.498] --> textDocument/inactiveRegions
I[01:21:18.498] --> reply:textDocument/inlayHint(276) 10 ms
I[01:21:18.498] --> textDocument/clangd.fileStatus
I[01:21:18.592] <-- textDocument/didChange
I[01:21:18.592] --> textDocument/clangd.fileStatus
I[01:21:18.594] <-- textDocument/completion(277)
I[01:21:18.604] Code complete: sema context TopLevel, query scopes [] (AnyScope=true), expected type <none>
I[01:21:18.604] Code complete: 0 results from Sema, 3 from Index, 0 matched, 0 from identifiers, 3 returned.
I[01:21:18.604] --> reply:textDocument/completion(277) 9 ms
I[01:21:18.619] <-- textDocument/inlayHint(278)
I[01:21:18.619] Failed to find compilation database for /home/amar/Code/summa/euler.m
I[01:21:18.619] ASTWorker building file /home/amar/Code/summa/euler.m version 75 with command clangd fallback
[/home/amar/Code/summa]
/usr/bin/clang -resource-dir=/usr/lib/clang/22 -- /home/amar/Code/summa/euler.m
I[01:21:18.622] --> textDocument/clangd.fileStatus
I[01:21:18.632] --> textDocument/publishDiagnostics
I[01:21:18.632] --> textDocument/inactiveRegions
I[01:21:18.632] --> reply:textDocument/inlayHint(278) 13 ms
I[01:21:18.632] --> textDocument/clangd.fileStatus
I[01:21:18.741] <-- textDocument/didChange
I[01:21:18.742] --> textDocument/clangd.fileStatus
I[01:21:18.743] <-- textDocument/completion(279)
I[01:21:18.751] Code complete: sema context TopLevel, query scopes [] (AnyScope=true), expected type <none>
I[01:21:18.751] Code complete: 0 results from Sema, 3 from Index, 0 matched, 0 from identifiers, 3 returned.
I[01:21:18.751] --> reply:textDocument/completion(279) 7 ms
I[01:21:18.769] <-- textDocument/inlayHint(280)
I[01:21:18.769] Failed to find compilation database for /home/amar/Code/summa/euler.m
I[01:21:18.770] ASTWorker building file /home/amar/Code/summa/euler.m version 76 with command clangd fallback
[/home/amar/Code/summa]
/usr/bin/clang -resource-dir=/usr/lib/clang/22 -- /home/amar/Code/summa/euler.m
I[01:21:18.772] --> textDocument/clangd.fileStatus
I[01:21:18.786] --> textDocument/publishDiagnostics
I[01:21:18.786] --> textDocument/inactiveRegions
I[01:21:18.786] --> reply:textDocument/inlayHint(280) 17 ms
I[01:21:18.786] --> textDocument/clangd.fileStatus
I[01:21:19.004] <-- textDocument/didChange
I[01:21:19.004] --> textDocument/clangd.fileStatus
I[01:21:19.006] <-- textDocument/completion(281)
I[01:21:19.015] Code complete: sema context TopLevel, query scopes [] (AnyScope=true), expected type <none>
I[01:21:19.016] Code complete: 0 results from Sema, 1 from Index, 0 matched, 0 from identifiers, 1 returned.
I[01:21:19.016] --> reply:textDocument/completion(281) 10 ms
I[01:21:19.034] <-- textDocument/inlayHint(282)
I[01:21:19.034] Failed to find compilation database for /home/amar/Code/summa/euler.m
I[01:21:19.035] ASTWorker building file /home/amar/Code/summa/euler.m version 77 with command clangd fallback
[/home/amar/Code/summa]
/usr/bin/clang -resource-dir=/usr/lib/clang/22 -- /home/amar/Code/summa/euler.m
I[01:21:19.037] --> textDocument/clangd.fileStatus
I[01:21:19.051] --> textDocument/publishDiagnostics
I[01:21:19.051] --> textDocument/inactiveRegions
I[01:21:19.051] --> reply:textDocument/inlayHint(282) 17 ms
I[01:21:19.051] --> textDocument/clangd.fileStatus
I[01:21:19.310] <-- textDocument/codeAction(283)
I[01:21:19.310] --> reply:textDocument/codeAction(283) 0 ms
I[01:21:19.310] --> textDocument/clangd.fileStatus
I[01:21:19.357] <-- textDocument/didChange
I[01:21:19.357] --> textDocument/clangd.fileStatus
I[01:21:19.408] Failed to find compilation database for /home/amar/Code/summa/euler.m
I[01:21:19.408] ASTWorker building file /home/amar/Code/summa/euler.m version 78 with command clangd fallback
[/home/amar/Code/summa]
/usr/bin/clang -resource-dir=/usr/lib/clang/22 -- /home/amar/Code/summa/euler.m
I[01:21:19.410] --> textDocument/clangd.fileStatus
I[01:21:19.424] --> textDocument/publishDiagnostics
I[01:21:19.424] --> textDocument/inactiveRegions
I[01:21:19.424] --> textDocument/clangd.fileStatus
I[01:21:19.442] <-- textDocument/signatureHelp(284)
I[01:21:19.448] --> reply:textDocument/signatureHelp(284) 5 ms
I[01:21:19.448] <-- textDocument/documentSymbol(285)
I[01:21:19.448] --> reply:textDocument/documentSymbol(285) 0 ms
I[01:21:19.448] --> textDocument/clangd.fileStatus
I[01:21:19.449] <-- textDocument/inlayHint(286)
I[01:21:19.449] --> reply:textDocument/inlayHint(286) 0 ms
I[01:21:19.449] --> textDocument/clangd.fileStatus
I[01:21:19.510] <-- textDocument/codeAction(287)
I[01:21:19.511] --> reply:textDocument/codeAction(287) 0 ms
I[01:21:19.511] --> textDocument/clangd.fileStatus
I[01:21:19.711] <-- textDocument/codeAction(288)
I[01:21:19.711] --> reply:textDocument/codeAction(288) 0 ms
I[01:21:19.711] --> textDocument/clangd.fileStatus
I[01:21:19.781] <-- textDocument/documentSymbol(289)
I[01:21:19.781] --> reply:textDocument/documentSymbol(289) 0 ms
I[01:21:19.781] --> textDocument/clangd.fileStatus
I[01:21:19.926] <-- textDocument/didChange
I[01:21:19.926] --> textDocument/clangd.fileStatus
I[01:21:19.952] <-- textDocument/inlayHint(290)
I[01:21:19.953] Failed to find compilation database for /home/amar/Code/summa/euler.m
I[01:21:19.953] ASTWorker building file /home/amar/Code/summa/euler.m version 79 with command clangd fallback
[/home/amar/Code/summa]
/usr/bin/clang -resource-dir=/usr/lib/clang/22 -- /home/amar/Code/summa/euler.m
I[01:21:19.955] --> textDocument/clangd.fileStatus
I[01:21:19.966] --> textDocument/publishDiagnostics
I[01:21:19.967] --> textDocument/inactiveRegions
I[01:21:19.967] --> reply:textDocument/inlayHint(290) 14 ms
I[01:21:19.967] --> textDocument/clangd.fileStatus
I[01:21:20.035] <-- textDocument/codeAction(291)
I[01:21:20.035] --> reply:textDocument/codeAction(291) 0 ms
I[01:21:20.035] --> textDocument/clangd.fileStatus
I[01:21:20.229] <-- textDocument/codeAction(292)
I[01:21:20.230] --> reply:textDocument/codeAction(292) 0 ms
I[01:21:20.230] --> textDocument/clangd.fileStatus
I[01:21:20.279] <-- textDocument/documentSymbol(293)
I[01:21:20.279] --> reply:textDocument/documentSymbol(293) 0 ms
I[01:21:20.280] --> textDocument/clangd.fileStatus
I[01:21:20.727] <-- textDocument/inlayHint(294)
I[01:21:20.728] --> reply:textDocument/inlayHint(294) 0 ms
I[01:21:20.728] --> textDocument/clangd.fileStatus
I[01:21:20.928] <-- textDocument/documentLink(295)
I[01:21:20.928] --> reply:textDocument/documentLink(295) 0 ms
I[01:21:20.928] --> textDocument/clangd.fileStatus
I[01:21:20.955] <-- textDocument/didSave
I[01:21:20.955] File version went from 1 to 1
I[01:21:20.956] File version went from 79 to 79
I[01:21:20.956] --> textDocument/clangd.fileStatus
I[01:21:20.956] --> textDocument/clangd.fileStatus
I[01:21:20.965] <-- textDocument/didChange
I[01:21:20.965] --> textDocument/clangd.fileStatus
I[01:21:20.969] <-- textDocument/completion(296)
I[01:21:20.969] --> reply:textDocument/completion(296) 0 ms
I[01:21:20.994] <-- textDocument/inlayHint(297)
I[01:21:20.995] Failed to find compilation database for /home/amar/Code/summa/euler.m
I[01:21:20.995] ASTWorker building file /home/amar/Code/summa/euler.m version 80 with command clangd fallback
[/home/amar/Code/summa]
/usr/bin/clang -resource-dir=/usr/lib/clang/22 -- /home/amar/Code/summa/euler.m
I[01:21:20.998] --> textDocument/clangd.fileStatus
I[01:21:21.006] --> textDocument/publishDiagnostics
I[01:21:21.006] Failed to find compilation database for /home/amar/Code/CAN/main.c
I[01:21:21.006] --> textDocument/inactiveRegions
I[01:21:21.006] ASTWorker building file /home/amar/Code/CAN/main.c version 1 with command clangd fallback
[/home/amar/Code/CAN]
/usr/bin/clang -resource-dir=/usr/lib/clang/22 -- /home/amar/Code/CAN/main.c
I[01:21:21.006] --> reply:textDocument/inlayHint(297) 11 ms
I[01:21:21.006] --> textDocument/clangd.fileStatus
I[01:21:21.008] --> textDocument/clangd.fileStatus
I[01:21:21.008] --> textDocument/clangd.fileStatus
I[01:21:21.009] --> textDocument/clangd.fileStatus
I[01:21:21.009] --> textDocument/clangd.fileStatus
I[01:21:21.114] <-- textDocument/codeAction(298)
I[01:21:21.114] --> reply:textDocument/codeAction(298) 0 ms
I[01:21:21.114] --> textDocument/clangd.fileStatus
I[01:21:21.263] <-- textDocument/codeAction(299)
I[01:21:21.264] --> reply:textDocument/codeAction(299) 0 ms
I[01:21:21.264] --> textDocument/clangd.fileStatus
I[01:21:21.317] <-- textDocument/documentSymbol(300)
I[01:21:21.317] --> reply:textDocument/documentSymbol(300) 0 ms
I[01:21:21.317] --> textDocument/clangd.fileStatus
I[01:21:21.684] <-- textDocument/didChange
I[01:21:21.684] --> textDocument/clangd.fileStatus
I[01:21:21.711] <-- textDocument/inlayHint(301)
I[01:21:21.711] Failed to find compilation database for /home/amar/Code/summa/euler.m
I[01:21:21.712] ASTWorker building file /home/amar/Code/summa/euler.m version 81 with command clangd fallback
[/home/amar/Code/summa]
/usr/bin/clang -resource-dir=/usr/lib/clang/22 -- /home/amar/Code/summa/euler.m
I[01:21:21.714] --> textDocument/clangd.fileStatus
I[01:21:21.725] --> textDocument/publishDiagnostics
I[01:21:21.725] --> textDocument/inactiveRegions
I[01:21:21.725] --> reply:textDocument/inlayHint(301) 14 ms
I[01:21:21.725] --> textDocument/clangd.fileStatus
I[01:21:21.790] <-- textDocument/codeAction(302)
I[01:21:21.790] --> reply:textDocument/codeAction(302) 0 ms
I[01:21:21.790] --> textDocument/clangd.fileStatus
I[01:21:21.982] <-- textDocument/didChange
I[01:21:21.983] --> textDocument/clangd.fileStatus
I[01:21:22.010] <-- textDocument/inlayHint(303)
I[01:21:22.010] Failed to find compilation database for /home/amar/Code/summa/euler.m
I[01:21:22.011] ASTWorker building file /home/amar/Code/summa/euler.m version 82 with command clangd fallback
[/home/amar/Code/summa]
/usr/bin/clang -resource-dir=/usr/lib/clang/22 -- /home/amar/Code/summa/euler.m
I[01:21:22.012] --> textDocument/clangd.fileStatus
I[01:21:22.020] --> textDocument/publishDiagnostics
I[01:21:22.020] --> textDocument/inactiveRegions
I[01:21:22.020] --> reply:textDocument/inlayHint(303) 10 ms
I[01:21:22.020] --> textDocument/clangd.fileStatus
I[01:21:22.084] <-- textDocument/codeAction(304)
I[01:21:22.084] --> reply:textDocument/codeAction(304) 0 ms
I[01:21:22.084] --> textDocument/clangd.fileStatus
I[01:21:22.295] <-- textDocument/codeAction(305)
I[01:21:22.295] --> reply:textDocument/codeAction(305) 0 ms
I[01:21:22.295] --> textDocument/clangd.fileStatus
I[01:21:22.345] <-- textDocument/documentSymbol(306)
I[01:21:22.345] --> reply:textDocument/documentSymbol(306) 0 ms
I[01:21:22.345] --> textDocument/clangd.fileStatus
I[01:21:22.783] <-- textDocument/inlayHint(307)
I[01:21:22.783] --> reply:textDocument/inlayHint(307) 0 ms
I[01:21:22.783] --> textDocument/clangd.fileStatus
I[01:21:22.983] <-- textDocument/documentLink(308)
I[01:21:22.984] --> reply:textDocument/documentLink(308) 0 ms
I[01:21:22.984] --> textDocument/clangd.fileStatus
I[01:21:23.003] <-- textDocument/didSave
I[01:21:23.003] File version went from 1 to 1
I[01:21:23.003] File version went from 82 to 82
I[01:21:23.003] --> textDocument/clangd.fileStatus
I[01:21:23.003] --> textDocument/clangd.fileStatus
I[01:21:23.053] Failed to find compilation database for /home/amar/Code/CAN/main.c
I[01:21:23.053] Failed to find compilation database for /home/amar/Code/summa/euler.m
I[01:21:23.053] ASTWorker building file /home/amar/Code/CAN/main.c version 1 with command clangd fallback
[/home/amar/Code/CAN]
/usr/bin/clang -resource-dir=/usr/lib/clang/22 -- /home/amar/Code/CAN/main.c
I[01:21:23.053] ASTWorker building file /home/amar/Code/summa/euler.m version 82 with command clangd fallback
[/home/amar/Code/summa]
/usr/bin/clang -resource-dir=/usr/lib/clang/22 -- /home/amar/Code/summa/euler.m
I[01:21:23.055] --> textDocument/clangd.fileStatus
I[01:21:23.055] --> textDocument/clangd.fileStatus
I[01:21:23.055] --> textDocument/clangd.fileStatus
I[01:21:23.055] --> textDocument/clangd.fileStatus
I[01:21:23.056] --> textDocument/clangd.fileStatus
I[01:21:23.056] --> textDocument/clangd.fileStatus
I[01:21:23.056] --> textDocument/clangd.fileStatus
I[01:21:23.056] --> textDocument/clangd.fileStatus
I[01:21:25.967] <-- textDocument/didChange
I[01:21:25.967] --> textDocument/clangd.fileStatus
I[01:21:25.992] <-- textDocument/inlayHint(309)
I[01:21:25.992] Failed to find compilation database for /home/amar/Code/summa/euler.m
I[01:21:25.993] ASTWorker building file /home/amar/Code/summa/euler.m version 83 with command clangd fallback
[/home/amar/Code/summa]
/usr/bin/clang -resource-dir=/usr/lib/clang/22 -- /home/amar/Code/summa/euler.m
I[01:21:25.995] --> textDocument/clangd.fileStatus
I[01:21:26.004] --> textDocument/publishDiagnostics
I[01:21:26.004] --> textDocument/inactiveRegions
I[01:21:26.004] --> reply:textDocument/inlayHint(309) 12 ms
I[01:21:26.004] --> textDocument/clangd.fileStatus
I[01:21:26.069] <-- textDocument/codeAction(310)
I[01:21:26.069] --> reply:textDocument/codeAction(310) 0 ms
I[01:21:26.069] --> textDocument/clangd.fileStatus
I[01:21:26.262] <-- textDocument/codeAction(311)
I[01:21:26.262] --> reply:textDocument/codeAction(311) 0 ms
I[01:21:26.263] --> textDocument/clangd.fileStatus
I[01:21:26.339] <-- textDocument/documentSymbol(312)
I[01:21:26.340] --> reply:textDocument/documentSymbol(312) 0 ms
I[01:21:26.340] --> textDocument/clangd.fileStatus
I[01:21:26.767] <-- textDocument/inlayHint(313)
I[01:21:26.768] --> reply:textDocument/inlayHint(313) 0 ms
I[01:21:26.768] --> textDocument/clangd.fileStatus
I[01:21:26.968] <-- textDocument/documentLink(314)
I[01:21:26.968] --> reply:textDocument/documentLink(314) 0 ms
I[01:21:26.968] --> textDocument/clangd.fileStatus
I[01:21:26.997] <-- textDocument/didSave
I[01:21:26.997] File version went from 1 to 1
I[01:21:26.997] File version went from 83 to 83
I[01:21:26.997] --> textDocument/clangd.fileStatus
I[01:21:26.997] --> textDocument/clangd.fileStatus
I[01:21:27.047] Failed to find compilation database for /home/amar/Code/summa/euler.m
I[01:21:27.047] Failed to find compilation database for /home/amar/Code/CAN/main.c
I[01:21:27.047] ASTWorker building file /home/amar/Code/summa/euler.m version 83 with command clangd fallback
[/home/amar/Code/summa]
/usr/bin/clang -resource-dir=/usr/lib/clang/22 -- /home/amar/Code/summa/euler.m
I[01:21:27.048] ASTWorker building file /home/amar/Code/CAN/main.c version 1 with command clangd fallback
[/home/amar/Code/CAN]
/usr/bin/clang -resource-dir=/usr/lib/clang/22 -- /home/amar/Code/CAN/main.c
I[01:21:27.049] --> textDocument/clangd.fileStatus
I[01:21:27.049] --> textDocument/clangd.fileStatus
I[01:21:27.050] --> textDocument/clangd.fileStatus
I[01:21:27.050] --> textDocument/clangd.fileStatus
I[01:21:27.050] --> textDocument/clangd.fileStatus
I[01:21:27.050] --> textDocument/clangd.fileStatus
I[01:21:27.050] --> textDocument/clangd.fileStatus
I[01:21:27.050] --> textDocument/clangd.fileStatus
I[01:21:27.405] <-- textDocument/didChange
I[01:21:27.405] --> textDocument/clangd.fileStatus
I[01:21:27.409] <-- textDocument/completion(315)
I[01:21:27.416] Code complete: 0 results from Sema, 0 from Index, 0 matched, 0 from identifiers, 0 returned.
I[01:21:27.416] --> reply:textDocument/completion(315) 6 ms
I[01:21:27.433] <-- textDocument/inlayHint(316)
I[01:21:27.433] Failed to find compilation database for /home/amar/Code/summa/euler.m
I[01:21:27.433] ASTWorker building file /home/amar/Code/summa/euler.m version 84 with command clangd fallback
[/home/amar/Code/summa]
/usr/bin/clang -resource-dir=/usr/lib/clang/22 -- /home/amar/Code/summa/euler.m
I[01:21:27.435] --> textDocument/clangd.fileStatus
I[01:21:27.447] --> textDocument/publishDiagnostics
I[01:21:27.448] --> textDocument/inactiveRegions
I[01:21:27.448] --> reply:textDocument/inlayHint(316) 15 ms
I[01:21:27.448] --> textDocument/clangd.fileStatus
I[01:21:27.506] <-- textDocument/codeAction(317)
I[01:21:27.507] --> reply:textDocument/codeAction(317) 0 ms
I[01:21:27.507] --> textDocument/clangd.fileStatus
I[01:21:27.593] <-- textDocument/didChange
I[01:21:27.593] --> textDocument/clangd.fileStatus
I[01:21:27.622] <-- textDocument/inlayHint(318)
I[01:21:27.622] Failed to find compilation database for /home/amar/Code/summa/euler.m
I[01:21:27.623] ASTWorker building file /home/amar/Code/summa/euler.m version 85 with command clangd fallback
[/home/amar/Code/summa]
/usr/bin/clang -resource-dir=/usr/lib/clang/22 -- /home/amar/Code/summa/euler.m
I[01:21:27.625] --> textDocument/clangd.fileStatus
I[01:21:27.638] --> textDocument/publishDiagnostics
I[01:21:27.638] --> textDocument/inactiveRegions
I[01:21:27.638] --> reply:textDocument/inlayHint(318) 15 ms
I[01:21:27.638] --> textDocument/clangd.fileStatus
I[01:21:27.695] <-- textDocument/codeAction(319)
I[01:21:27.695] --> reply:textDocument/codeAction(319) 0 ms
I[01:21:27.695] --> textDocument/clangd.fileStatus
I[01:21:27.895] <-- textDocument/codeAction(320)
I[01:21:27.895] --> reply:textDocument/codeAction(320) 0 ms
I[01:21:27.896] --> textDocument/clangd.fileStatus
I[01:21:27.943] <-- textDocument/documentSymbol(321)
I[01:21:27.943] --> reply:textDocument/documentSymbol(321) 0 ms
I[01:21:27.943] --> textDocument/clangd.fileStatus
I[01:21:28.393] <-- textDocument/inlayHint(322)
I[01:21:28.393] --> reply:textDocument/inlayHint(322) 0 ms
I[01:21:28.393] --> textDocument/clangd.fileStatus
I[01:21:28.593] <-- textDocument/documentLink(323)
I[01:21:28.593] --> reply:textDocument/documentLink(323) 0 ms
I[01:21:28.594] --> textDocument/clangd.fileStatus
I[01:21:28.615] <-- textDocument/didSave
I[01:21:28.615] File version went from 1 to 1
I[01:21:28.615] File version went from 85 to 85
I[01:21:28.615] --> textDocument/clangd.fileStatus
I[01:21:28.615] --> textDocument/clangd.fileStatus
I[01:21:28.665] Failed to find compilation database for /home/amar/Code/CAN/main.c
I[01:21:28.665] Failed to find compilation database for /home/amar/Code/summa/euler.m
I[01:21:28.665] ASTWorker building file /home/amar/Code/CAN/main.c version 1 with command clangd fallback
[/home/amar/Code/CAN]
/usr/bin/clang -resource-dir=/usr/lib/clang/22 -- /home/amar/Code/CAN/main.c
I[01:21:28.665] ASTWorker building file /home/amar/Code/summa/euler.m version 85 with command clangd fallback
[/home/amar/Code/summa]
/usr/bin/clang -resource-dir=/usr/lib/clang/22 -- /home/amar/Code/summa/euler.m
I[01:21:28.667] --> textDocument/clangd.fileStatus
I[01:21:28.667] --> textDocument/clangd.fileStatus
I[01:21:28.667] --> textDocument/clangd.fileStatus
I[01:21:28.667] --> textDocument/clangd.fileStatus
I[01:21:28.667] --> textDocument/clangd.fileStatus
I[01:21:28.667] --> textDocument/clangd.fileStatus
I[01:21:28.668] --> textDocument/clangd.fileStatus
I[01:21:28.668] --> textDocument/clangd.fileStatus
I[01:21:29.191] <-- textDocument/didChange
I[01:21:29.191] --> textDocument/clangd.fileStatus
I[01:21:29.220] <-- textDocument/inlayHint(324)
I[01:21:29.220] Failed to find compilation database for /home/amar/Code/summa/euler.m
I[01:21:29.220] ASTWorker building file /home/amar/Code/summa/euler.m version 86 with command clangd fallback
[/home/amar/Code/summa]
/usr/bin/clang -resource-dir=/usr/lib/clang/22 -- /home/amar/Code/summa/euler.m
I[01:21:29.222] --> textDocument/clangd.fileStatus
I[01:21:29.236] --> textDocument/publishDiagnostics
I[01:21:29.236] --> textDocument/inactiveRegions
I[01:21:29.236] --> reply:textDocument/inlayHint(324) 16 ms
I[01:21:29.236] --> textDocument/clangd.fileStatus
I[01:21:29.293] <-- textDocument/codeAction(325)
I[01:21:29.293] --> reply:textDocument/codeAction(325) 0 ms
I[01:21:29.293] --> textDocument/clangd.fileStatus
I[01:21:29.504] <-- textDocument/codeAction(326)
I[01:21:29.505] --> reply:textDocument/codeAction(326) 0 ms
I[01:21:29.505] --> textDocument/clangd.fileStatus
I[01:21:29.555] <-- textDocument/documentSymbol(327)
I[01:21:29.555] --> reply:textDocument/documentSymbol(327) 0 ms
I[01:21:29.555] --> textDocument/clangd.fileStatus
I[01:21:29.992] <-- textDocument/inlayHint(328)
I[01:21:29.992] --> reply:textDocument/inlayHint(328) 0 ms
I[01:21:29.992] --> textDocument/clangd.fileStatus
I[01:21:30.192] <-- textDocument/documentLink(329)
I[01:21:30.192] --> reply:textDocument/documentLink(329) 0 ms
I[01:21:30.192] --> textDocument/clangd.fileStatus
I[01:21:30.210] <-- textDocument/didSave
I[01:21:30.210] File version went from 1 to 1
I[01:21:30.210] File version went from 86 to 86
I[01:21:30.210] --> textDocument/clangd.fileStatus
I[01:21:30.210] --> textDocument/clangd.fileStatus
I[01:21:30.260] Failed to find compilation database for /home/amar/Code/CAN/main.c
I[01:21:30.260] ASTWorker building file /home/amar/Code/CAN/main.c version 1 with command clangd fallback
[/home/amar/Code/CAN]
/usr/bin/clang -resource-dir=/usr/lib/clang/22 -- /home/amar/Code/CAN/main.c
I[01:21:30.260] Failed to find compilation database for /home/amar/Code/summa/euler.m
I[01:21:30.261] ASTWorker building file /home/amar/Code/summa/euler.m version 86 with command clangd fallback
[/home/amar/Code/summa]
/usr/bin/clang -resource-dir=/usr/lib/clang/22 -- /home/amar/Code/summa/euler.m
I[01:21:30.262] --> textDocument/clangd.fileStatus
I[01:21:30.262] --> textDocument/clangd.fileStatus
I[01:21:30.262] --> textDocument/clangd.fileStatus
I[01:21:30.262] --> textDocument/clangd.fileStatus
I[01:21:30.262] --> textDocument/clangd.fileStatus
I[01:21:30.263] --> textDocument/clangd.fileStatus
I[01:21:30.263] --> textDocument/clangd.fileStatus
I[01:21:30.263] --> textDocument/clangd.fileStatus
I[01:21:31.559] <-- textDocument/didChange
I[01:21:31.559] --> textDocument/clangd.fileStatus
I[01:21:31.564] <-- textDocument/completion(330)
I[01:21:31.571] Code complete: 0 results from Sema, 0 from Index, 0 matched, 0 from identifiers, 0 returned.
I[01:21:31.571] --> reply:textDocument/completion(330) 7 ms
I[01:21:31.601] <-- textDocument/inlayHint(331)
I[01:21:31.601] Failed to find compilation database for /home/amar/Code/summa/euler.m
I[01:21:31.601] ASTWorker building file /home/amar/Code/summa/euler.m version 87 with command clangd fallback
[/home/amar/Code/summa]
/usr/bin/clang -resource-dir=/usr/lib/clang/22 -- /home/amar/Code/summa/euler.m
I[01:21:31.604] --> textDocument/clangd.fileStatus
I[01:21:31.613] --> textDocument/publishDiagnostics
I[01:21:31.613] --> textDocument/inactiveRegions
I[01:21:31.613] --> reply:textDocument/inlayHint(331) 12 ms
I[01:21:31.613] --> textDocument/clangd.fileStatus
I[01:21:31.663] <-- textDocument/codeAction(332)
I[01:21:31.664] --> reply:textDocument/codeAction(332) 0 ms
I[01:21:31.664] --> textDocument/clangd.fileStatus
I[01:21:31.873] <-- textDocument/codeAction(333)
I[01:21:31.873] --> reply:textDocument/codeAction(333) 0 ms
I[01:21:31.873] --> textDocument/clangd.fileStatus
I[01:21:31.910] <-- textDocument/documentSymbol(334)
I[01:21:31.911] --> reply:textDocument/documentSymbol(334) 0 ms
I[01:21:31.911] --> textDocument/clangd.fileStatus
I[01:21:32.361] <-- textDocument/inlayHint(335)
I[01:21:32.361] --> reply:textDocument/inlayHint(335) 0 ms
I[01:21:32.361] --> textDocument/clangd.fileStatus
I[01:21:32.561] <-- textDocument/documentLink(336)
I[01:21:32.562] --> reply:textDocument/documentLink(336) 0 ms
I[01:21:32.562] --> textDocument/clangd.fileStatus
I[01:21:32.582] <-- textDocument/didSave
I[01:21:32.582] File version went from 1 to 1
I[01:21:32.582] File version went from 87 to 87
I[01:21:32.582] --> textDocument/clangd.fileStatus
I[01:21:32.582] --> textDocument/clangd.fileStatus
I[01:21:32.632] Failed to find compilation database for /home/amar/Code/summa/euler.m
I[01:21:32.632] Failed to find compilation database for /home/amar/Code/CAN/main.c
I[01:21:32.632] ASTWorker building file /home/amar/Code/summa/euler.m version 87 with command clangd fallback
[/home/amar/Code/summa]
/usr/bin/clang -resource-dir=/usr/lib/clang/22 -- /home/amar/Code/summa/euler.m
I[01:21:32.633] ASTWorker building file /home/amar/Code/CAN/main.c version 1 with command clangd fallback
[/home/amar/Code/CAN]
/usr/bin/clang -resource-dir=/usr/lib/clang/22 -- /home/amar/Code/CAN/main.c
I[01:21:32.634] --> textDocument/clangd.fileStatus
I[01:21:32.635] --> textDocument/clangd.fileStatus
I[01:21:32.635] --> textDocument/clangd.fileStatus
I[01:21:32.635] --> textDocument/clangd.fileStatus
I[01:21:32.635] --> textDocument/clangd.fileStatus
I[01:21:32.635] --> textDocument/clangd.fileStatus
I[01:21:32.635] --> textDocument/clangd.fileStatus
I[01:21:32.635] --> textDocument/clangd.fileStatus
I[01:21:33.303] <-- textDocument/didChange
I[01:21:33.303] --> textDocument/clangd.fileStatus
I[01:21:33.333] <-- textDocument/inlayHint(337)
I[01:21:33.333] Failed to find compilation database for /home/amar/Code/summa/euler.m
I[01:21:33.333] ASTWorker building file /home/amar/Code/summa/euler.m version 88 with command clangd fallback
[/home/amar/Code/summa]
/usr/bin/clang -resource-dir=/usr/lib/clang/22 -- /home/amar/Code/summa/euler.m
I[01:21:33.335] --> textDocument/clangd.fileStatus
I[01:21:33.349] --> textDocument/publishDiagnostics
I[01:21:33.349] --> textDocument/inactiveRegions
I[01:21:33.349] --> reply:textDocument/inlayHint(337) 16 ms
I[01:21:33.349] --> textDocument/clangd.fileStatus
I[01:21:33.607] <-- textDocument/codeAction(338)
I[01:21:33.607] --> reply:textDocument/codeAction(338) 0 ms
I[01:21:33.608] --> textDocument/clangd.fileStatus
I[01:21:33.658] <-- textDocument/documentSymbol(339)
I[01:21:33.658] --> reply:textDocument/documentSymbol(339) 0 ms
I[01:21:33.659] --> textDocument/clangd.fileStatus
I[01:21:34.099] <-- textDocument/didChange
I[01:21:34.099] --> textDocument/clangd.fileStatus
I[01:21:34.125] <-- textDocument/inlayHint(340)
I[01:21:34.125] Failed to find compilation database for /home/amar/Code/summa/euler.m
I[01:21:34.126] ASTWorker building file /home/amar/Code/summa/euler.m version 89 with command clangd fallback
[/home/amar/Code/summa]
/usr/bin/clang -resource-dir=/usr/lib/clang/22 -- /home/amar/Code/summa/euler.m
I[01:21:34.128] --> textDocument/clangd.fileStatus
I[01:21:34.142] --> textDocument/publishDiagnostics
I[01:21:34.142] --> textDocument/inactiveRegions
I[01:21:34.142] --> reply:textDocument/inlayHint(340) 17 ms
I[01:21:34.142] --> textDocument/clangd.fileStatus
I[01:21:34.204] <-- textDocument/codeAction(341)
I[01:21:34.204] --> reply:textDocument/codeAction(341) 0 ms
I[01:21:34.204] --> textDocument/clangd.fileStatus
I[01:21:34.221] <-- textDocument/signatureHelp(342)
I[01:21:34.228] --> reply:textDocument/signatureHelp(342) 6 ms
I[01:21:34.400] <-- textDocument/codeAction(343)
I[01:21:34.401] --> reply:textDocument/codeAction(343) 0 ms
I[01:21:34.401] --> textDocument/clangd.fileStatus
I[01:21:34.452] <-- textDocument/documentSymbol(344)
I[01:21:34.452] --> reply:textDocument/documentSymbol(344) 0 ms
I[01:21:34.453] --> textDocument/clangd.fileStatus
I[01:21:34.608] <-- textDocument/didChange
I[01:21:34.608] --> textDocument/clangd.fileStatus
I[01:21:34.636] <-- textDocument/inlayHint(345)
I[01:21:34.636] Failed to find compilation database for /home/amar/Code/summa/euler.m
I[01:21:34.637] ASTWorker building file /home/amar/Code/summa/euler.m version 90 with command clangd fallback
[/home/amar/Code/summa]
/usr/bin/clang -resource-dir=/usr/lib/clang/22 -- /home/amar/Code/summa/euler.m
I[01:21:34.638] --> textDocument/clangd.fileStatus
I[01:21:34.647] --> textDocument/publishDiagnostics
I[01:21:34.647] --> textDocument/inactiveRegions
I[01:21:34.647] --> reply:textDocument/inlayHint(345) 11 ms
I[01:21:34.647] --> textDocument/clangd.fileStatus
I[01:21:34.903] <-- textDocument/codeAction(346)
I[01:21:34.903] --> reply:textDocument/codeAction(346) 0 ms
I[01:21:34.904] --> textDocument/clangd.fileStatus
I[01:21:34.927] <-- textDocument/didChange
I[01:21:34.927] --> textDocument/clangd.fileStatus
I[01:21:34.953] <-- textDocument/inlayHint(347)
I[01:21:34.953] Failed to find compilation database for /home/amar/Code/summa/euler.m
I[01:21:34.954] ASTWorker building file /home/amar/Code/summa/euler.m version 91 with command clangd fallback
[/home/amar/Code/summa]
/usr/bin/clang -resource-dir=/usr/lib/clang/22 -- /home/amar/Code/summa/euler.m
I[01:21:34.955] --> textDocument/clangd.fileStatus
I[01:21:34.963] --> textDocument/publishDiagnostics
I[01:21:34.964] --> textDocument/inactiveRegions
I[01:21:34.964] --> reply:textDocument/inlayHint(347) 10 ms
I[01:21:34.964] --> textDocument/clangd.fileStatus
I[01:21:34.982] <-- textDocument/documentSymbol(348)
I[01:21:34.983] --> reply:textDocument/documentSymbol(348) 0 ms
I[01:21:34.983] --> textDocument/clangd.fileStatus
I[01:21:34.983] <-- $/cancelRequest
I[01:21:35.038] <-- textDocument/codeAction(349)
I[01:21:35.038] --> reply:textDocument/codeAction(349) 0 ms
I[01:21:35.038] --> textDocument/clangd.fileStatus
I[01:21:35.127] <-- textDocument/didChange
I[01:21:35.127] --> textDocument/clangd.fileStatus
I[01:21:35.152] <-- textDocument/inlayHint(350)
I[01:21:35.152] Failed to find compilation database for /home/amar/Code/summa/euler.m
I[01:21:35.153] ASTWorker building file /home/amar/Code/summa/euler.m version 92 with command clangd fallback
[/home/amar/Code/summa]
/usr/bin/clang -resource-dir=/usr/lib/clang/22 -- /home/amar/Code/summa/euler.m
I[01:21:35.155] --> textDocument/clangd.fileStatus
I[01:21:35.168] --> textDocument/publishDiagnostics
I[01:21:35.168] --> textDocument/inactiveRegions
I[01:21:35.168] --> reply:textDocument/inlayHint(350) 15 ms
I[01:21:35.168] --> textDocument/clangd.fileStatus
I[01:21:35.238] <-- textDocument/codeAction(351)
I[01:21:35.238] --> reply:textDocument/codeAction(351) 0 ms
I[01:21:35.238] --> textDocument/clangd.fileStatus
I[01:21:35.248] <-- textDocument/signatureHelp(352)
I[01:21:35.254] --> reply:textDocument/signatureHelp(352) 6 ms
I[01:21:35.366] <-- textDocument/didChange
I[01:21:35.366] --> textDocument/clangd.fileStatus
I[01:21:35.392] <-- textDocument/inlayHint(353)
I[01:21:35.392] Failed to find compilation database for /home/amar/Code/summa/euler.m
I[01:21:35.393] ASTWorker building file /home/amar/Code/summa/euler.m version 93 with command clangd fallback
[/home/amar/Code/summa]
/usr/bin/clang -resource-dir=/usr/lib/clang/22 -- /home/amar/Code/summa/euler.m
I[01:21:35.395] --> textDocument/clangd.fileStatus
I[01:21:35.403] --> textDocument/publishDiagnostics
I[01:21:35.403] --> textDocument/inactiveRegions
I[01:21:35.404] --> reply:textDocument/inlayHint(353) 11 ms
I[01:21:35.404] --> textDocument/clangd.fileStatus
I[01:21:35.469] <-- textDocument/codeAction(354)
I[01:21:35.469] --> reply:textDocument/codeAction(354) 0 ms
I[01:21:35.470] --> textDocument/clangd.fileStatus
I[01:21:35.661] <-- textDocument/codeAction(355)
I[01:21:35.661] --> reply:textDocument/codeAction(355) 0 ms
I[01:21:35.661] --> textDocument/clangd.fileStatus
I[01:21:35.717] <-- textDocument/documentSymbol(356)
I[01:21:35.718] --> reply:textDocument/documentSymbol(356) 0 ms
I[01:21:35.718] --> textDocument/clangd.fileStatus
I[01:21:36.167] <-- textDocument/inlayHint(357)
I[01:21:36.167] --> reply:textDocument/inlayHint(357) 0 ms
I[01:21:36.167] --> textDocument/clangd.fileStatus
I[01:21:36.367] <-- textDocument/documentLink(358)
I[01:21:36.368] --> reply:textDocument/documentLink(358) 0 ms
I[01:21:36.368] --> textDocument/clangd.fileStatus
I[01:21:36.392] <-- textDocument/didSave
I[01:21:36.392] File version went from 1 to 1
I[01:21:36.392] File version went from 93 to 93
I[01:21:36.392] --> textDocument/clangd.fileStatus
I[01:21:36.392] --> textDocument/clangd.fileStatus
I[01:21:36.442] Failed to find compilation database for /home/amar/Code/summa/euler.m
I[01:21:36.442] Failed to find compilation database for /home/amar/Code/CAN/main.c
I[01:21:36.442] ASTWorker building file /home/amar/Code/summa/euler.m version 93 with command clangd fallback
[/home/amar/Code/summa]
/usr/bin/clang -resource-dir=/usr/lib/clang/22 -- /home/amar/Code/summa/euler.m
I[01:21:36.442] ASTWorker building file /home/amar/Code/CAN/main.c version 1 with command clangd fallback
[/home/amar/Code/CAN]
/usr/bin/clang -resource-dir=/usr/lib/clang/22 -- /home/amar/Code/CAN/main.c
I[01:21:36.444] --> textDocument/clangd.fileStatus
I[01:21:36.445] --> textDocument/clangd.fileStatus
I[01:21:36.445] --> textDocument/clangd.fileStatus
I[01:21:36.445] --> textDocument/clangd.fileStatus
I[01:21:36.445] --> textDocument/clangd.fileStatus
I[01:21:36.445] --> textDocument/clangd.fileStatus
I[01:21:36.445] --> textDocument/clangd.fileStatus
I[01:21:36.445] --> textDocument/clangd.fileStatus
I[01:21:36.624] <-- textDocument/didChange
I[01:21:36.624] --> textDocument/clangd.fileStatus
I[01:21:36.653] <-- textDocument/inlayHint(359)
I[01:21:36.653] Failed to find compilation database for /home/amar/Code/summa/euler.m
I[01:21:36.654] ASTWorker building file /home/amar/Code/summa/euler.m version 94 with command clangd fallback
[/home/amar/Code/summa]
/usr/bin/clang -resource-dir=/usr/lib/clang/22 -- /home/amar/Code/summa/euler.m
I[01:21:36.656] --> textDocument/clangd.fileStatus
I[01:21:36.664] --> textDocument/publishDiagnostics
I[01:21:36.665] --> textDocument/inactiveRegions
I[01:21:36.665] --> reply:textDocument/inlayHint(359) 11 ms
I[01:21:36.665] --> textDocument/clangd.fileStatus
I[01:21:36.737] <-- textDocument/codeAction(360)
I[01:21:36.737] --> reply:textDocument/codeAction(360) 0 ms
I[01:21:36.737] --> textDocument/clangd.fileStatus
I[01:21:36.922] <-- textDocument/codeAction(361)
I[01:21:36.922] --> reply:textDocument/codeAction(361) 0 ms
I[01:21:36.922] --> textDocument/clangd.fileStatus
I[01:21:36.997] <-- textDocument/documentSymbol(362)
I[01:21:36.997] --> reply:textDocument/documentSymbol(362) 0 ms
I[01:21:36.997] --> textDocument/clangd.fileStatus
I[01:21:37.102] <-- textDocument/didChange
I[01:21:37.103] --> textDocument/clangd.fileStatus
I[01:21:37.128] <-- textDocument/inlayHint(363)
I[01:21:37.129] Failed to find compilation database for /home/amar/Code/summa/euler.m
I[01:21:37.129] ASTWorker building file /home/amar/Code/summa/euler.m version 95 with command clangd fallback
[/home/amar/Code/summa]
/usr/bin/clang -resource-dir=/usr/lib/clang/22 -- /home/amar/Code/summa/euler.m
I[01:21:37.131] --> textDocument/clangd.fileStatus
I[01:21:37.138] --> textDocument/publishDiagnostics
I[01:21:37.139] --> textDocument/inactiveRegions
I[01:21:37.139] --> reply:textDocument/inlayHint(363) 10 ms
I[01:21:37.139] --> textDocument/clangd.fileStatus
I[01:21:37.204] <-- textDocument/codeAction(364)
I[01:21:37.205] --> reply:textDocument/codeAction(364) 0 ms
I[01:21:37.205] --> textDocument/clangd.fileStatus
I[01:21:37.398] <-- textDocument/codeAction(365)
I[01:21:37.399] --> reply:textDocument/codeAction(365) 0 ms
I[01:21:37.399] --> textDocument/clangd.fileStatus
I[01:21:37.452] <-- textDocument/documentSymbol(366)
I[01:21:37.452] --> reply:textDocument/documentSymbol(366) 0 ms
I[01:21:37.452] --> textDocument/clangd.fileStatus
I[01:21:37.902] <-- textDocument/inlayHint(367)
I[01:21:37.903] --> reply:textDocument/inlayHint(367) 0 ms
I[01:21:37.903] --> textDocument/clangd.fileStatus
I[01:21:38.101] <-- textDocument/documentLink(368)
I[01:21:38.102] --> reply:textDocument/documentLink(368) 0 ms
I[01:21:38.102] --> textDocument/clangd.fileStatus
I[01:21:38.122] <-- textDocument/didSave
I[01:21:38.122] File version went from 1 to 1
I[01:21:38.122] File version went from 95 to 95
I[01:21:38.122] --> textDocument/clangd.fileStatus
I[01:21:38.122] --> textDocument/clangd.fileStatus
I[01:21:38.172] Failed to find compilation database for /home/amar/Code/summa/euler.m
I[01:21:38.172] Failed to find compilation database for /home/amar/Code/CAN/main.c
I[01:21:38.172] ASTWorker building file /home/amar/Code/summa/euler.m version 95 with command clangd fallback
[/home/amar/Code/summa]
/usr/bin/clang -resource-dir=/usr/lib/clang/22 -- /home/amar/Code/summa/euler.m
I[01:21:38.172] ASTWorker building file /home/amar/Code/CAN/main.c version 1 with command clangd fallback
[/home/amar/Code/CAN]
/usr/bin/clang -resource-dir=/usr/lib/clang/22 -- /home/amar/Code/CAN/main.c
I[01:21:38.174] --> textDocument/clangd.fileStatus
I[01:21:38.174] --> textDocument/clangd.fileStatus
I[01:21:38.174] --> textDocument/clangd.fileStatus
I[01:21:38.174] --> textDocument/clangd.fileStatus
I[01:21:38.175] --> textDocument/clangd.fileStatus
I[01:21:38.175] --> textDocument/clangd.fileStatus
I[01:21:38.175] --> textDocument/clangd.fileStatus
I[01:21:38.175] --> textDocument/clangd.fileStatus
I[01:21:39.910] <-- textDocument/didChange
I[01:21:39.911] --> textDocument/clangd.fileStatus
I[01:21:39.935] <-- textDocument/inlayHint(369)
I[01:21:39.935] Failed to find compilation database for /home/amar/Code/summa/euler.m
I[01:21:39.936] ASTWorker building file /home/amar/Code/summa/euler.m version 96 with command clangd fallback
[/home/amar/Code/summa]
/usr/bin/clang -resource-dir=/usr/lib/clang/22 -- /home/amar/Code/summa/euler.m
I[01:21:39.938] --> textDocument/clangd.fileStatus
I[01:21:39.951] --> textDocument/publishDiagnostics
I[01:21:39.952] --> textDocument/inactiveRegions
I[01:21:39.952] --> reply:textDocument/inlayHint(369) 16 ms
I[01:21:39.952] --> textDocument/clangd.fileStatus
I[01:21:40.012] <-- textDocument/codeAction(370)
I[01:21:40.012] --> reply:textDocument/codeAction(370) 0 ms
I[01:21:40.012] --> textDocument/clangd.fileStatus
I[01:21:40.211] <-- textDocument/codeAction(371)
I[01:21:40.212] --> reply:textDocument/codeAction(371) 0 ms
I[01:21:40.212] --> textDocument/clangd.fileStatus
I[01:21:40.281] <-- textDocument/documentSymbol(372)
I[01:21:40.282] --> reply:textDocument/documentSymbol(372) 0 ms
I[01:21:40.282] --> textDocument/clangd.fileStatus
I[01:21:40.710] <-- textDocument/inlayHint(373)
I[01:21:40.710] --> reply:textDocument/inlayHint(373) 0 ms
I[01:21:40.710] --> textDocument/clangd.fileStatus
I[01:21:40.910] <-- textDocument/documentLink(374)
I[01:21:40.910] --> reply:textDocument/documentLink(374) 0 ms
I[01:21:40.911] --> textDocument/clangd.fileStatus
I[01:21:40.927] <-- textDocument/didSave
I[01:21:40.927] File version went from 1 to 1
I[01:21:40.927] File version went from 96 to 96
I[01:21:40.928] --> textDocument/clangd.fileStatus
I[01:21:40.928] --> textDocument/clangd.fileStatus
I[01:21:40.978] Failed to find compilation database for /home/amar/Code/summa/euler.m
I[01:21:40.978] Failed to find compilation database for /home/amar/Code/CAN/main.c
I[01:21:40.978] ASTWorker building file /home/amar/Code/summa/euler.m version 96 with command clangd fallback
[/home/amar/Code/summa]
/usr/bin/clang -resource-dir=/usr/lib/clang/22 -- /home/amar/Code/summa/euler.m
I[01:21:40.978] ASTWorker building file /home/amar/Code/CAN/main.c version 1 with command clangd fallback
[/home/amar/Code/CAN]
/usr/bin/clang -resource-dir=/usr/lib/clang/22 -- /home/amar/Code/CAN/main.c
I[01:21:40.979] --> textDocument/clangd.fileStatus
I[01:21:40.979] --> textDocument/clangd.fileStatus
I[01:21:40.980] --> textDocument/clangd.fileStatus
I[01:21:40.980] --> textDocument/clangd.fileStatus
I[01:21:40.980] --> textDocument/clangd.fileStatus
I[01:21:40.980] --> textDocument/clangd.fileStatus
I[01:21:40.980] --> textDocument/clangd.fileStatus
I[01:21:40.980] --> textDocument/clangd.fileStatus
I[01:21:42.104] <-- textDocument/didChange
I[01:21:42.104] --> textDocument/clangd.fileStatus
I[01:21:42.108] <-- textDocument/completion(375)
I[01:21:42.116] Code complete: 0 results from Sema, 0 from Index, 0 matched, 0 from identifiers, 0 returned.
I[01:21:42.116] --> reply:textDocument/completion(375) 7 ms
I[01:21:42.131] <-- textDocument/inlayHint(376)
I[01:21:42.131] Failed to find compilation database for /home/amar/Code/summa/euler.m
I[01:21:42.132] ASTWorker building file /home/amar/Code/summa/euler.m version 97 with command clangd fallback
[/home/amar/Code/summa]
/usr/bin/clang -resource-dir=/usr/lib/clang/22 -- /home/amar/Code/summa/euler.m
I[01:21:42.134] --> textDocument/clangd.fileStatus
I[01:21:42.143] --> textDocument/publishDiagnostics
I[01:21:42.143] --> textDocument/inactiveRegions
I[01:21:42.143] --> reply:textDocument/inlayHint(376) 11 ms
I[01:21:42.143] --> textDocument/clangd.fileStatus
I[01:21:42.215] <-- textDocument/codeAction(377)
I[01:21:42.215] --> reply:textDocument/codeAction(377) 0 ms
I[01:21:42.215] --> textDocument/clangd.fileStatus
I[01:21:42.399] <-- textDocument/codeAction(378)
I[01:21:42.399] --> reply:textDocument/codeAction(378) 0 ms
I[01:21:42.399] --> textDocument/clangd.fileStatus
I[01:21:42.460] <-- textDocument/documentSymbol(379)
I[01:21:42.461] --> reply:textDocument/documentSymbol(379) 0 ms
I[01:21:42.461] --> textDocument/clangd.fileStatus
I[01:21:42.615] <-- textDocument/didChange
I[01:21:42.615] --> textDocument/clangd.fileStatus
I[01:21:42.641] <-- textDocument/inlayHint(380)
I[01:21:42.641] Failed to find compilation database for /home/amar/Code/summa/euler.m
I[01:21:42.642] ASTWorker building file /home/amar/Code/summa/euler.m version 98 with command clangd fallback
[/home/amar/Code/summa]
/usr/bin/clang -resource-dir=/usr/lib/clang/22 -- /home/amar/Code/summa/euler.m
I[01:21:42.644] --> textDocument/clangd.fileStatus
I[01:21:42.657] --> textDocument/publishDiagnostics
I[01:21:42.658] --> textDocument/inactiveRegions
I[01:21:42.658] --> reply:textDocument/inlayHint(380) 17 ms
I[01:21:42.658] --> textDocument/clangd.fileStatus
I[01:21:42.717] <-- textDocument/codeAction(381)
I[01:21:42.717] --> reply:textDocument/codeAction(381) 0 ms
I[01:21:42.717] --> textDocument/clangd.fileStatus
I[01:21:42.927] <-- textDocument/codeAction(382)
I[01:21:42.928] --> reply:textDocument/codeAction(382) 0 ms
I[01:21:42.928] --> textDocument/clangd.fileStatus
I[01:21:42.977] <-- textDocument/documentSymbol(383)
I[01:21:42.977] --> reply:textDocument/documentSymbol(383) 0 ms
I[01:21:42.978] --> textDocument/clangd.fileStatus
I[01:21:42.984] <-- textDocument/didChange
I[01:21:42.984] --> textDocument/clangd.fileStatus
I[01:21:43.013] <-- textDocument/inlayHint(384)
I[01:21:43.014] Failed to find compilation database for /home/amar/Code/summa/euler.m
I[01:21:43.014] ASTWorker building file /home/amar/Code/summa/euler.m version 99 with command clangd fallback
[/home/amar/Code/summa]
/usr/bin/clang -resource-dir=/usr/lib/clang/22 -- /home/amar/Code/summa/euler.m
I[01:21:43.018] --> textDocument/clangd.fileStatus
I[01:21:43.030] --> textDocument/publishDiagnostics
I[01:21:43.030] --> textDocument/inactiveRegions
I[01:21:43.030] --> reply:textDocument/inlayHint(384) 16 ms
I[01:21:43.030] --> textDocument/clangd.fileStatus
I[01:21:43.086] <-- textDocument/codeAction(385)
I[01:21:43.086] --> reply:textDocument/codeAction(385) 0 ms
I[01:21:43.086] --> textDocument/clangd.fileStatus
I[01:21:43.288] <-- textDocument/codeAction(386)
I[01:21:43.289] --> reply:textDocument/codeAction(386) 0 ms
I[01:21:43.289] --> textDocument/clangd.fileStatus
I[01:21:43.334] <-- textDocument/documentSymbol(387)
I[01:21:43.335] --> reply:textDocument/documentSymbol(387) 0 ms
I[01:21:43.335] --> textDocument/clangd.fileStatus
I[01:21:43.784] <-- textDocument/inlayHint(388)
I[01:21:43.784] --> reply:textDocument/inlayHint(388) 0 ms
I[01:21:43.785] --> textDocument/clangd.fileStatus
I[01:21:43.983] <-- textDocument/documentLink(389)
I[01:21:43.984] --> reply:textDocument/documentLink(389) 0 ms
I[01:21:43.984] --> textDocument/clangd.fileStatus
I[01:21:44.014] <-- textDocument/didSave
I[01:21:44.014] File version went from 1 to 1
I[01:21:44.014] File version went from 99 to 99
I[01:21:44.014] --> textDocument/clangd.fileStatus
I[01:21:44.014] --> textDocument/clangd.fileStatus
I[01:21:44.064] Failed to find compilation database for /home/amar/Code/summa/euler.m
I[01:21:44.064] ASTWorker building file /home/amar/Code/summa/euler.m version 99 with command clangd fallback
[/home/amar/Code/summa]
/usr/bin/clang -resource-dir=/usr/lib/clang/22 -- /home/amar/Code/summa/euler.m
I[01:21:44.064] Failed to find compilation database for /home/amar/Code/CAN/main.c
I[01:21:44.065] ASTWorker building file /home/amar/Code/CAN/main.c version 1 with command clangd fallback
[/home/amar/Code/CAN]
/usr/bin/clang -resource-dir=/usr/lib/clang/22 -- /home/amar/Code/CAN/main.c
I[01:21:44.067] --> textDocument/clangd.fileStatus
I[01:21:44.067] --> textDocument/clangd.fileStatus
I[01:21:44.067] --> textDocument/clangd.fileStatus
I[01:21:44.067] --> textDocument/clangd.fileStatus
I[01:21:44.067] --> textDocument/clangd.fileStatus
I[01:21:44.067] --> textDocument/clangd.fileStatus
I[01:21:44.067] --> textDocument/clangd.fileStatus
I[01:21:44.068] --> textDocument/clangd.fileStatus
I[01:21:45.285] <-- textDocument/didChange
I[01:21:45.285] --> textDocument/clangd.fileStatus
I[01:21:45.315] <-- textDocument/inlayHint(390)
I[01:21:45.315] Failed to find compilation database for /home/amar/Code/summa/euler.m
I[01:21:45.315] ASTWorker building file /home/amar/Code/summa/euler.m version 100 with command clangd fallback
[/home/amar/Code/summa]
/usr/bin/clang -resource-dir=/usr/lib/clang/22 -- /home/amar/Code/summa/euler.m
I[01:21:45.317] --> textDocument/clangd.fileStatus
I[01:21:45.328] --> textDocument/publishDiagnostics
I[01:21:45.328] --> textDocument/inactiveRegions
I[01:21:45.328] --> reply:textDocument/inlayHint(390) 13 ms
I[01:21:45.328] --> textDocument/clangd.fileStatus
I[01:21:45.390] <-- textDocument/codeAction(391)
I[01:21:45.391] --> reply:textDocument/codeAction(391) 0 ms
I[01:21:45.391] --> textDocument/clangd.fileStatus
I[01:21:45.444] <-- textDocument/didChange
I[01:21:45.444] --> textDocument/clangd.fileStatus
I[01:21:45.474] <-- textDocument/inlayHint(392)
I[01:21:45.475] Failed to find compilation database for /home/amar/Code/summa/euler.m
I[01:21:45.475] ASTWorker building file /home/amar/Code/summa/euler.m version 101 with command clangd fallback
[/home/amar/Code/summa]
/usr/bin/clang -resource-dir=/usr/lib/clang/22 -- /home/amar/Code/summa/euler.m
I[01:21:45.478] --> textDocument/clangd.fileStatus
I[01:21:45.487] --> textDocument/publishDiagnostics
I[01:21:45.487] --> textDocument/inactiveRegions
I[01:21:45.487] --> reply:textDocument/inlayHint(392) 12 ms
I[01:21:45.487] --> textDocument/clangd.fileStatus
I[01:21:45.744] <-- textDocument/codeAction(393)
I[01:21:45.744] --> reply:textDocument/codeAction(393) 0 ms
I[01:21:45.745] --> textDocument/clangd.fileStatus
I[01:21:45.795] <-- textDocument/documentSymbol(394)
I[01:21:45.795] --> reply:textDocument/documentSymbol(394) 0 ms
I[01:21:45.795] --> textDocument/clangd.fileStatus
I[01:21:46.245] <-- textDocument/inlayHint(395)
I[01:21:46.245] --> reply:textDocument/inlayHint(395) 0 ms
I[01:21:46.245] --> textDocument/clangd.fileStatus
I[01:21:46.444] <-- textDocument/documentLink(396)
I[01:21:46.444] --> reply:textDocument/documentLink(396) 0 ms
I[01:21:46.444] --> textDocument/clangd.fileStatus
I[01:21:46.466] <-- textDocument/didSave
I[01:21:46.467] File version went from 1 to 1
I[01:21:46.467] File version went from 101 to 101
I[01:21:46.467] --> textDocument/clangd.fileStatus
I[01:21:46.467] --> textDocument/clangd.fileStatus
I[01:21:46.517] Failed to find compilation database for /home/amar/Code/CAN/main.c
I[01:21:46.517] Failed to find compilation database for /home/amar/Code/summa/euler.m
I[01:21:46.517] ASTWorker building file /home/amar/Code/CAN/main.c version 1 with command clangd fallback
[/home/amar/Code/CAN]
/usr/bin/clang -resource-dir=/usr/lib/clang/22 -- /home/amar/Code/CAN/main.c
I[01:21:46.517] ASTWorker building file /home/amar/Code/summa/euler.m version 101 with command clangd fallback
[/home/amar/Code/summa]
/usr/bin/clang -resource-dir=/usr/lib/clang/22 -- /home/amar/Code/summa/euler.m
I[01:21:46.519] --> textDocument/clangd.fileStatus
I[01:21:46.519] --> textDocument/clangd.fileStatus
I[01:21:46.519] --> textDocument/clangd.fileStatus
I[01:21:46.519] --> textDocument/clangd.fileStatus
I[01:21:46.520] --> textDocument/clangd.fileStatus
I[01:21:46.520] --> textDocument/clangd.fileStatus
I[01:21:46.520] --> textDocument/clangd.fileStatus
I[01:21:46.520] --> textDocument/clangd.fileStatus
I[01:21:47.341] <-- textDocument/codeAction(397)
I[01:21:47.341] --> reply:textDocument/codeAction(397) 0 ms
I[01:21:47.341] --> textDocument/clangd.fileStatus
I[01:21:47.490] <-- textDocument/codeAction(398)
I[01:21:47.491] --> reply:textDocument/codeAction(398) 0 ms
I[01:21:47.491] --> textDocument/clangd.fileStatus
I[01:21:48.756] <-- textDocument/didChange
I[01:21:48.756] --> textDocument/clangd.fileStatus
I[01:21:48.786] <-- textDocument/inlayHint(399)
I[01:21:48.786] Failed to find compilation database for /home/amar/Code/summa/euler.m
I[01:21:48.787] ASTWorker building file /home/amar/Code/summa/euler.m version 102 with command clangd fallback
[/home/amar/Code/summa]
/usr/bin/clang -resource-dir=/usr/lib/clang/22 -- /home/amar/Code/summa/euler.m
I[01:21:48.788] --> textDocument/clangd.fileStatus
I[01:21:48.797] --> textDocument/publishDiagnostics
I[01:21:48.798] --> textDocument/inactiveRegions
I[01:21:48.798] --> reply:textDocument/inlayHint(399) 12 ms
I[01:21:48.798] --> textDocument/clangd.fileStatus
I[01:21:48.881] <-- textDocument/signatureHelp(400)
I[01:21:48.889] --> reply:textDocument/signatureHelp(400) 7 ms
I[01:21:49.055] <-- textDocument/codeAction(401)
I[01:21:49.055] --> reply:textDocument/codeAction(401) 0 ms
I[01:21:49.055] --> textDocument/clangd.fileStatus
I[01:21:49.110] <-- textDocument/documentSymbol(402)
I[01:21:49.110] --> reply:textDocument/documentSymbol(402) 0 ms
I[01:21:49.110] --> textDocument/clangd.fileStatus
I[01:21:49.263] <-- textDocument/didChange
I[01:21:49.263] --> textDocument/clangd.fileStatus
I[01:21:49.283] <-- textDocument/completion(403)
I[01:21:49.290] <-- textDocument/inlayHint(404)
I[01:21:49.290] Failed to find compilation database for /home/amar/Code/summa/euler.m
I[01:21:49.291] ASTWorker building file /home/amar/Code/summa/euler.m version 103 with command clangd fallback
[/home/amar/Code/summa]
/usr/bin/clang -resource-dir=/usr/lib/clang/22 -- /home/amar/Code/summa/euler.m
I[01:21:49.292] --> textDocument/clangd.fileStatus
I[01:21:49.293] Code complete: sema context TopLevel, query scopes [] (AnyScope=true), expected type <none>
I[01:21:49.294] Code complete: 0 results from Sema, 9 from Index, 0 matched, 0 from identifiers, 9 returned (incomplete).
I[01:21:49.294] --> reply:textDocument/completion(403) 10 ms
I[01:21:49.301] --> textDocument/publishDiagnostics
I[01:21:49.301] --> textDocument/inactiveRegions
I[01:21:49.301] --> reply:textDocument/inlayHint(404) 11 ms
I[01:21:49.301] --> textDocument/clangd.fileStatus
I[01:21:49.402] <-- textDocument/didChange
I[01:21:49.403] --> textDocument/clangd.fileStatus
I[01:21:49.430] <-- textDocument/inlayHint(405)
I[01:21:49.430] Failed to find compilation database for /home/amar/Code/summa/euler.m
I[01:21:49.431] ASTWorker building file /home/amar/Code/summa/euler.m version 104 with command clangd fallback
[/home/amar/Code/summa]
/usr/bin/clang -resource-dir=/usr/lib/clang/22 -- /home/amar/Code/summa/euler.m
I[01:21:49.433] --> textDocument/clangd.fileStatus
I[01:21:49.445] --> textDocument/publishDiagnostics
I[01:21:49.445] --> textDocument/inactiveRegions
I[01:21:49.445] --> reply:textDocument/inlayHint(405) 15 ms
I[01:21:49.445] --> textDocument/clangd.fileStatus
I[01:21:49.525] <-- textDocument/signatureHelp(406)
I[01:21:49.531] --> reply:textDocument/signatureHelp(406) 5 ms
I[01:21:49.704] <-- textDocument/codeAction(407)
I[01:21:49.704] --> reply:textDocument/codeAction(407) 0 ms
I[01:21:49.704] --> textDocument/clangd.fileStatus
I[01:21:49.754] <-- textDocument/documentSymbol(408)
I[01:21:49.755] --> reply:textDocument/documentSymbol(408) 0 ms
I[01:21:49.755] --> textDocument/clangd.fileStatus
I[01:21:50.128] <-- textDocument/didChange
I[01:21:50.128] --> textDocument/clangd.fileStatus
I[01:21:50.143] <-- textDocument/completion(409)
I[01:21:50.153] Code complete: sema context TopLevel, query scopes [] (AnyScope=true), expected type <none>
I[01:21:50.153] Code complete: 0 results from Sema, 11 from Index, 0 matched, 0 from identifiers, 11 returned (incomplete).
I[01:21:50.154] --> reply:textDocument/completion(409) 11 ms
I[01:21:50.155] <-- textDocument/inlayHint(410)
I[01:21:50.155] Failed to find compilation database for /home/amar/Code/summa/euler.m
I[01:21:50.156] ASTWorker building file /home/amar/Code/summa/euler.m version 105 with command clangd fallback
[/home/amar/Code/summa]
/usr/bin/clang -resource-dir=/usr/lib/clang/22 -- /home/amar/Code/summa/euler.m
I[01:21:50.157] --> textDocument/clangd.fileStatus
I[01:21:50.166] --> textDocument/publishDiagnostics
I[01:21:50.166] --> textDocument/inactiveRegions
I[01:21:50.166] --> reply:textDocument/inlayHint(410) 10 ms
I[01:21:50.166] --> textDocument/clangd.fileStatus
I[01:21:50.443] <-- textDocument/codeAction(411)
I[01:21:50.444] --> reply:textDocument/codeAction(411) 0 ms
I[01:21:50.444] --> textDocument/clangd.fileStatus
I[01:21:50.492] <-- textDocument/documentSymbol(412)
I[01:21:50.492] --> reply:textDocument/documentSymbol(412) 0 ms
I[01:21:50.492] --> textDocument/clangd.fileStatus
I[01:21:50.886] <-- textDocument/codeAction(413)
I[01:21:50.887] --> reply:textDocument/codeAction(413) 0 ms
I[01:21:50.887] --> textDocument/clangd.fileStatus
I[01:21:50.928] <-- textDocument/inlayHint(414)
I[01:21:50.928] --> reply:textDocument/inlayHint(414) 0 ms
I[01:21:50.929] --> textDocument/clangd.fileStatus
I[01:21:51.128] <-- textDocument/documentLink(415)
I[01:21:51.128] --> reply:textDocument/documentLink(415) 0 ms
I[01:21:51.129] --> textDocument/clangd.fileStatus
I[01:21:51.150] <-- textDocument/didSave
I[01:21:51.150] File version went from 1 to 1
I[01:21:51.150] File version went from 105 to 105
I[01:21:51.150] --> textDocument/clangd.fileStatus
I[01:21:51.150] --> textDocument/clangd.fileStatus
I[01:21:51.200] Failed to find compilation database for /home/amar/Code/CAN/main.c
I[01:21:51.200] Failed to find compilation database for /home/amar/Code/summa/euler.m
I[01:21:51.200] ASTWorker building file /home/amar/Code/CAN/main.c version 1 with command clangd fallback
[/home/amar/Code/CAN]
/usr/bin/clang -resource-dir=/usr/lib/clang/22 -- /home/amar/Code/CAN/main.c
I[01:21:51.201] ASTWorker building file /home/amar/Code/summa/euler.m version 105 with command clangd fallback
[/home/amar/Code/summa]
/usr/bin/clang -resource-dir=/usr/lib/clang/22 -- /home/amar/Code/summa/euler.m
I[01:21:51.202] --> textDocument/clangd.fileStatus
I[01:21:51.202] --> textDocument/clangd.fileStatus
I[01:21:51.202] --> textDocument/clangd.fileStatus
I[01:21:51.203] --> textDocument/clangd.fileStatus
I[01:21:51.203] --> textDocument/clangd.fileStatus
I[01:21:51.203] --> textDocument/clangd.fileStatus
I[01:21:51.203] --> textDocument/clangd.fileStatus
I[01:21:51.203] --> textDocument/clangd.fileStatus
I[01:21:51.410] <-- textDocument/didChange
I[01:21:51.410] --> textDocument/clangd.fileStatus
I[01:21:51.434] <-- textDocument/inlayHint(416)
I[01:21:51.434] Failed to find compilation database for /home/amar/Code/summa/euler.m
I[01:21:51.435] ASTWorker building file /home/amar/Code/summa/euler.m version 106 with command clangd fallback
[/home/amar/Code/summa]
/usr/bin/clang -resource-dir=/usr/lib/clang/22 -- /home/amar/Code/summa/euler.m
I[01:21:51.436] --> textDocument/clangd.fileStatus
I[01:21:51.444] --> textDocument/publishDiagnostics
I[01:21:51.444] --> textDocument/inactiveRegions
I[01:21:51.444] --> reply:textDocument/inlayHint(416) 10 ms
I[01:21:51.444] --> textDocument/clangd.fileStatus
I[01:21:51.719] <-- textDocument/codeAction(417)
I[01:21:51.719] --> reply:textDocument/codeAction(417) 0 ms
I[01:21:51.719] --> textDocument/clangd.fileStatus
I[01:21:51.770] <-- textDocument/documentSymbol(418)
I[01:21:51.771] --> reply:textDocument/documentSymbol(418) 0 ms
I[01:21:51.771] --> textDocument/clangd.fileStatus
I[01:21:52.210] <-- textDocument/inlayHint(419)
I[01:21:52.210] --> reply:textDocument/inlayHint(419) 0 ms
I[01:21:52.210] --> textDocument/clangd.fileStatus
I[01:21:52.410] <-- textDocument/documentLink(420)
I[01:21:52.410] --> reply:textDocument/documentLink(420) 0 ms
I[01:21:52.411] --> textDocument/clangd.fileStatus
I[01:21:52.430] <-- textDocument/didSave
I[01:21:52.430] File version went from 1 to 1
I[01:21:52.430] File version went from 106 to 106
I[01:21:52.430] --> textDocument/clangd.fileStatus
I[01:21:52.430] --> textDocument/clangd.fileStatus
I[01:21:52.480] Failed to find compilation database for /home/amar/Code/CAN/main.c
I[01:21:52.480] ASTWorker building file /home/amar/Code/CAN/main.c version 1 with command clangd fallback
[/home/amar/Code/CAN]
/usr/bin/clang -resource-dir=/usr/lib/clang/22 -- /home/amar/Code/CAN/main.c
I[01:21:52.481] Failed to find compilation database for /home/amar/Code/summa/euler.m
I[01:21:52.481] ASTWorker building file /home/amar/Code/summa/euler.m version 106 with command clangd fallback
[/home/amar/Code/summa]
/usr/bin/clang -resource-dir=/usr/lib/clang/22 -- /home/amar/Code/summa/euler.m
I[01:21:52.483] --> textDocument/clangd.fileStatus
I[01:21:52.483] --> textDocument/clangd.fileStatus
I[01:21:52.483] --> textDocument/clangd.fileStatus
I[01:21:52.483] --> textDocument/clangd.fileStatus
I[01:21:52.483] --> textDocument/clangd.fileStatus
I[01:21:52.483] --> textDocument/clangd.fileStatus
I[01:21:52.483] --> textDocument/clangd.fileStatus
I[01:21:52.483] --> textDocument/clangd.fileStatus
I[01:21:52.996] <-- textDocument/didChange
I[01:21:52.996] --> textDocument/clangd.fileStatus
I[01:21:53.022] <-- textDocument/inlayHint(421)
I[01:21:53.022] Failed to find compilation database for /home/amar/Code/summa/euler.m
I[01:21:53.023] ASTWorker building file /home/amar/Code/summa/euler.m version 107 with command clangd fallback
[/home/amar/Code/summa]
/usr/bin/clang -resource-dir=/usr/lib/clang/22 -- /home/amar/Code/summa/euler.m
I[01:21:53.025] --> textDocument/clangd.fileStatus
I[01:21:53.038] --> textDocument/publishDiagnostics
I[01:21:53.038] --> textDocument/inactiveRegions
I[01:21:53.038] --> reply:textDocument/inlayHint(421) 16 ms
I[01:21:53.038] --> textDocument/clangd.fileStatus
I[01:21:53.352] <-- textDocument/documentSymbol(422)
I[01:21:53.353] --> reply:textDocument/documentSymbol(422) 0 ms
I[01:21:53.353] --> textDocument/clangd.fileStatus
I[01:21:53.802] <-- textDocument/inlayHint(423)
I[01:21:53.802] --> reply:textDocument/inlayHint(423) 0 ms
I[01:21:53.803] --> textDocument/clangd.fileStatus
I[01:21:53.998] <-- textDocument/documentLink(424)
I[01:21:53.998] --> reply:textDocument/documentLink(424) 0 ms
I[01:21:53.998] --> textDocument/clangd.fileStatus
I[01:21:54.012] <-- textDocument/didSave
I[01:21:54.012] File version went from 1 to 1
I[01:21:54.012] File version went from 107 to 107
I[01:21:54.012] --> textDocument/clangd.fileStatus
I[01:21:54.012] --> textDocument/clangd.fileStatus
I[01:21:54.062] Failed to find compilation database for /home/amar/Code/CAN/main.c
I[01:21:54.062] Failed to find compilation database for /home/amar/Code/summa/euler.m
I[01:21:54.062] ASTWorker building file /home/amar/Code/CAN/main.c version 1 with command clangd fallback
[/home/amar/Code/CAN]
/usr/bin/clang -resource-dir=/usr/lib/clang/22 -- /home/amar/Code/CAN/main.c
I[01:21:54.063] ASTWorker building file /home/amar/Code/summa/euler.m version 107 with command clangd fallback
[/home/amar/Code/summa]
/usr/bin/clang -resource-dir=/usr/lib/clang/22 -- /home/amar/Code/summa/euler.m
I[01:21:54.064] --> textDocument/clangd.fileStatus
I[01:21:54.064] --> textDocument/clangd.fileStatus
I[01:21:54.065] --> textDocument/clangd.fileStatus
I[01:21:54.065] --> textDocument/clangd.fileStatus
I[01:21:54.065] --> textDocument/clangd.fileStatus
I[01:21:54.065] --> textDocument/clangd.fileStatus
I[01:21:54.065] --> textDocument/clangd.fileStatus
I[01:21:54.065] --> textDocument/clangd.fileStatus
I[01:22:56.663] <-- textDocument/hover(425)
I[01:22:56.696] --> reply:textDocument/hover(425) 33 ms
I[01:22:56.696] --> textDocument/clangd.fileStatus
I[01:22:56.814] <-- textDocument/codeAction(426)
I[01:22:56.815] --> reply:textDocument/codeAction(426) 0 ms
I[01:22:56.815] --> textDocument/clangd.fileStatus
I[01:23:00.815] <-- textDocument/didChange
I[01:23:00.815] --> textDocument/clangd.fileStatus
I[01:23:00.841] <-- textDocument/inlayHint(427)
I[01:23:00.841] Failed to find compilation database for /home/amar/Code/summa/euler.m
I[01:23:00.842] ASTWorker building file /home/amar/Code/summa/euler.m version 108 with command clangd fallback
[/home/amar/Code/summa]
/usr/bin/clang -resource-dir=/usr/lib/clang/22 -- /home/amar/Code/summa/euler.m
I[01:23:00.844] --> textDocument/clangd.fileStatus
I[01:23:00.853] --> textDocument/publishDiagnostics
I[01:23:00.853] --> textDocument/inactiveRegions
I[01:23:00.853] --> reply:textDocument/inlayHint(427) 12 ms
I[01:23:00.853] --> textDocument/clangd.fileStatus
I[01:23:01.167] <-- textDocument/documentSymbol(428)
I[01:23:01.167] --> reply:textDocument/documentSymbol(428) 0 ms
I[01:23:01.168] --> textDocument/clangd.fileStatus
I[01:23:01.617] <-- textDocument/inlayHint(429)
I[01:23:01.617] --> reply:textDocument/inlayHint(429) 0 ms
I[01:23:01.618] --> textDocument/clangd.fileStatus
I[01:23:01.687] <-- textDocument/didChange
I[01:23:01.688] --> textDocument/clangd.fileStatus
I[01:23:01.707] <-- textDocument/completion(430)
I[01:23:01.712] <-- textDocument/inlayHint(431)
I[01:23:01.713] Failed to find compilation database for /home/amar/Code/summa/euler.m
I[01:23:01.713] ASTWorker building file /home/amar/Code/summa/euler.m version 109 with command clangd fallback
[/home/amar/Code/summa]
/usr/bin/clang -resource-dir=/usr/lib/clang/22 -- /home/amar/Code/summa/euler.m
I[01:23:01.715] --> textDocument/clangd.fileStatus
I[01:23:01.720] Code complete: sema context TopLevel, query scopes [] (AnyScope=true), expected type <none>
I[01:23:01.720] Code complete: 2 results from Sema, 100 from Index, 0 matched, 0 from identifiers, 100 returned (incomplete).
I[01:23:01.723] --> reply:textDocument/completion(430) 16 ms
I[01:23:01.729] --> textDocument/publishDiagnostics
I[01:23:01.729] --> textDocument/inactiveRegions
I[01:23:01.730] --> reply:textDocument/inlayHint(431) 17 ms
I[01:23:01.730] --> textDocument/clangd.fileStatus
I[01:23:01.789] <-- textDocument/didChange
I[01:23:01.789] --> textDocument/clangd.fileStatus
I[01:23:01.792] <-- textDocument/completion(432)
I[01:23:01.804] Code complete: sema context TopLevel, query scopes [] (AnyScope=true), expected type <none>
I[01:23:01.804] Code complete: 1 results from Sema, 42 from Index, 0 matched, 0 from identifiers, 43 returned (incomplete).
I[01:23:01.806] --> reply:textDocument/completion(432) 13 ms
I[01:23:01.821] <-- textDocument/inlayHint(433)
I[01:23:01.821] Failed to find compilation database for /home/amar/Code/summa/euler.m
I[01:23:01.821] ASTWorker building file /home/amar/Code/summa/euler.m version 110 with command clangd fallback
[/home/amar/Code/summa]
/usr/bin/clang -resource-dir=/usr/lib/clang/22 -- /home/amar/Code/summa/euler.m
I[01:23:01.823] --> textDocument/clangd.fileStatus
I[01:23:01.831] --> textDocument/publishDiagnostics
I[01:23:01.831] --> textDocument/inactiveRegions
I[01:23:01.831] --> reply:textDocument/inlayHint(433) 10 ms
I[01:23:01.831] --> textDocument/clangd.fileStatus
I[01:23:01.928] <-- textDocument/didChange
I[01:23:01.928] --> textDocument/clangd.fileStatus
I[01:23:01.929] <-- textDocument/completion(434)
I[01:23:01.940] Code complete: sema context TopLevel, query scopes [] (AnyScope=true), expected type <none>
I[01:23:01.940] Code complete: 0 results from Sema, 2 from Index, 0 matched, 0 from identifiers, 2 returned.
I[01:23:01.940] --> reply:textDocument/completion(434) 10 ms
I[01:23:01.962] <-- textDocument/inlayHint(435)
I[01:23:01.963] Failed to find compilation database for /home/amar/Code/summa/euler.m
I[01:23:01.963] ASTWorker building file /home/amar/Code/summa/euler.m version 111 with command clangd fallback
[/home/amar/Code/summa]
/usr/bin/clang -resource-dir=/usr/lib/clang/22 -- /home/amar/Code/summa/euler.m
I[01:23:01.965] --> textDocument/clangd.fileStatus
I[01:23:01.978] --> textDocument/publishDiagnostics
I[01:23:01.979] --> textDocument/inactiveRegions
I[01:23:01.979] --> reply:textDocument/inlayHint(435) 16 ms
I[01:23:01.979] --> textDocument/clangd.fileStatus
I[01:23:02.242] <-- textDocument/codeAction(436)
I[01:23:02.242] --> reply:textDocument/codeAction(436) 0 ms
I[01:23:02.243] --> textDocument/clangd.fileStatus
I[01:23:02.281] <-- textDocument/documentSymbol(437)
I[01:23:02.281] --> reply:textDocument/documentSymbol(437) 0 ms
I[01:23:02.282] --> textDocument/clangd.fileStatus
I[01:23:02.731] <-- textDocument/inlayHint(438)
I[01:23:02.732] --> reply:textDocument/inlayHint(438) 0 ms
I[01:23:02.732] --> textDocument/clangd.fileStatus
I[01:23:02.931] <-- textDocument/documentLink(439)
I[01:23:02.931] --> reply:textDocument/documentLink(439) 0 ms
I[01:23:02.931] --> textDocument/clangd.fileStatus
I[01:23:02.952] <-- textDocument/didSave
I[01:23:02.953] File version went from 1 to 1
I[01:23:02.953] File version went from 111 to 111
I[01:23:02.953] --> textDocument/clangd.fileStatus
I[01:23:02.953] --> textDocument/clangd.fileStatus
I[01:23:03.003] Failed to find compilation database for /home/amar/Code/summa/euler.m
I[01:23:03.003] Failed to find compilation database for /home/amar/Code/CAN/main.c
I[01:23:03.003] ASTWorker building file /home/amar/Code/summa/euler.m version 111 with command clangd fallback
[/home/amar/Code/summa]
/usr/bin/clang -resource-dir=/usr/lib/clang/22 -- /home/amar/Code/summa/euler.m
I[01:23:03.003] ASTWorker building file /home/amar/Code/CAN/main.c version 1 with command clangd fallback
[/home/amar/Code/CAN]
/usr/bin/clang -resource-dir=/usr/lib/clang/22 -- /home/amar/Code/CAN/main.c
I[01:23:03.005] --> textDocument/clangd.fileStatus
I[01:23:03.005] --> textDocument/clangd.fileStatus
I[01:23:03.005] --> textDocument/clangd.fileStatus
I[01:23:03.005] --> textDocument/clangd.fileStatus
I[01:23:03.005] --> textDocument/clangd.fileStatus
I[01:23:03.006] --> textDocument/clangd.fileStatus
I[01:23:03.006] --> textDocument/clangd.fileStatus
I[01:23:03.006] --> textDocument/clangd.fileStatus
I[01:23:52.415] <-- textDocument/hover(440)
I[01:23:52.416] --> reply:textDocument/hover(440) 0 ms
I[01:23:52.416] --> textDocument/clangd.fileStatus
I[01:23:52.567] <-- textDocument/codeAction(441)
I[01:23:52.568] --> reply:textDocument/codeAction(441) 0 ms
I[01:23:52.568] --> textDocument/clangd.fileStatus
I[01:23:53.191] <-- textDocument/hover(442)
I[01:23:53.191] --> reply:textDocument/hover(442) 0 ms
I[01:23:53.192] --> textDocument/clangd.fileStatus
I[01:23:53.344] <-- textDocument/codeAction(443)
I[01:23:53.344] --> reply:textDocument/codeAction(443) 0 ms
I[01:23:53.344] --> textDocument/clangd.fileStatus
I[01:23:53.663] <-- textDocument/codeAction(444)
I[01:23:53.663] --> reply:textDocument/codeAction(444) 0 ms
I[01:23:53.663] --> textDocument/clangd.fileStatus
I[01:23:54.120] <-- textDocument/didChange
I[01:23:54.120] --> textDocument/clangd.fileStatus
I[01:23:54.146] <-- textDocument/inlayHint(445)
I[01:23:54.146] Failed to find compilation database for /home/amar/Code/summa/euler.m
I[01:23:54.147] ASTWorker building file /home/amar/Code/summa/euler.m version 112 with command clangd fallback
[/home/amar/Code/summa]
/usr/bin/clang -resource-dir=/usr/lib/clang/22 -- /home/amar/Code/summa/euler.m
I[01:23:54.149] --> textDocument/clangd.fileStatus
I[01:23:54.159] --> textDocument/publishDiagnostics
I[01:23:54.159] --> textDocument/inactiveRegions
I[01:23:54.159] --> reply:textDocument/inlayHint(445) 13 ms
I[01:23:54.159] --> textDocument/clangd.fileStatus
I[01:23:54.472] <-- textDocument/documentSymbol(446)
I[01:23:54.473] --> reply:textDocument/documentSymbol(446) 0 ms
I[01:23:54.473] --> textDocument/clangd.fileStatus
I[01:23:54.921] <-- textDocument/inlayHint(447)
I[01:23:54.921] --> reply:textDocument/inlayHint(447) 0 ms
I[01:23:54.921] --> textDocument/clangd.fileStatus
I[01:23:55.121] <-- textDocument/documentLink(448)
I[01:23:55.121] --> reply:textDocument/documentLink(448) 0 ms
I[01:23:55.121] --> textDocument/clangd.fileStatus
I[01:23:55.142] <-- textDocument/didSave
I[01:23:55.142] File version went from 1 to 1
I[01:23:55.142] File version went from 112 to 112
I[01:23:55.142] --> textDocument/clangd.fileStatus
I[01:23:55.142] --> textDocument/clangd.fileStatus
I[01:23:55.192] Failed to find compilation database for /home/amar/Code/summa/euler.m
I[01:23:55.192] Failed to find compilation database for /home/amar/Code/CAN/main.c
I[01:23:55.193] ASTWorker building file /home/amar/Code/summa/euler.m version 112 with command clangd fallback
[/home/amar/Code/summa]
/usr/bin/clang -resource-dir=/usr/lib/clang/22 -- /home/amar/Code/summa/euler.m
I[01:23:55.193] ASTWorker building file /home/amar/Code/CAN/main.c version 1 with command clangd fallback
[/home/amar/Code/CAN]
/usr/bin/clang -resource-dir=/usr/lib/clang/22 -- /home/amar/Code/CAN/main.c
I[01:23:55.195] --> textDocument/clangd.fileStatus
I[01:23:55.195] --> textDocument/clangd.fileStatus
I[01:23:55.195] --> textDocument/clangd.fileStatus
I[01:23:55.195] --> textDocument/clangd.fileStatus
I[01:23:55.195] --> textDocument/clangd.fileStatus
I[01:23:55.195] --> textDocument/clangd.fileStatus
I[01:23:55.195] --> textDocument/clangd.fileStatus
I[01:23:55.196] --> textDocument/clangd.fileStatus
I[01:23:55.490] <-- textDocument/hover(449)
I[01:23:55.490] --> reply:textDocument/hover(449) 0 ms
I[01:23:55.490] --> textDocument/clangd.fileStatus
I[01:23:55.642] <-- textDocument/codeAction(450)
I[01:23:55.642] --> reply:textDocument/codeAction(450) 0 ms
I[01:23:55.642] --> textDocument/clangd.fileStatus
I[01:23:57.680] <-- textDocument/codeAction(451)
I[01:23:57.681] --> reply:textDocument/codeAction(451) 0 ms
I[01:23:57.681] --> textDocument/clangd.fileStatus
I[01:24:35.236] <-- textDocument/didClose
I[01:24:35.236] --> textDocument/publishDiagnostics
I[01:24:35.341] <-- $/setTrace
I[01:24:35.341] unhandled notification $/setTrace
I[01:30:25.186] <-- $/setTrace
I[01:30:25.186] unhandled notification $/setTrace
I[01:30:29.935] <-- $/setTrace
I[01:30:29.935] unhandled notification $/setTrace
I[01:30:32.041] <-- $/setTrace
I[01:30:32.041] unhandled notification $/setTrace
I[01:30:35.720] <-- $/setTrace
I[01:30:35.720] unhandled notification $/setTrace
I[01:30:59.653] <-- $/setTrace
I[01:30:59.653] unhandled notification $/setTrace
